[
  {
    "id": 5503,
    "q": "عَمرُو بنُ لُحَيٍّ الخُزاعِيُّ",
    "level": 3,
    "link": "https://www.dorar.net/aqeeda/2979",
    "section": "shirk",
    "answers": [
      {
        "answer": "أوَّلُ مَن سَيَّب السَّوائبَ",
        "t": 1
      },
      {
        "answer": "أوَّلُ مَنِ استَقسَمَ بالأزلامِ",
        "t": 0
      },
      {
        "answer": "أوَّلُ مَن عَبَد الأصنامَ في الأرضِ",
        "t": 0
      }
    ]
  },
  {
    "id": 5510,
    "q": "مَن حَكمَ بغَيرِ حُكمِ اللهِ وهو يَعلَمُ ذلك، وحَمَلَه على ذلك الهَوى",
    "level": 3,
    "link": "https://www.dorar.net/aqeeda/2873",
    "section": "shirk",
    "answers": [
      {
        "answer": "مُشرِكٌ شِركًا أكبَرَ",
        "t": 0
      },
      {
        "answer": "عاصٍ من عُصاةِ المُسلِمينَ",
        "t": 1
      },
      {
        "answer": "كافِرٌ خارِجٌ عنِ المِلَّةِ",
        "t": 0
      }
    ]
  },
  {
    "id": 5519,
    "q": "كان استِسقاءُ عُمَرَ رَضيَ اللهُ عنه بالعَبَّاسِ استِسقاءً بـ",
    "level": 3,
    "link": "https://www.dorar.net/aqeeda/3058",
    "section": "shirk",
    "answers": [
      {
        "answer": "قَرابةِ العَبَّاسِ",
        "t": 0
      },
      {
        "answer": "جاهِ العبَّاسِ",
        "t": 0
      },
      {
        "answer": "دُعاءِ العَبَّاسِ",
        "t": 1
      }
    ]
  },
  {
    "id": 5518,
    "q": "أسماءُ اللهِ وصفاتُه",
    "level": 3,
    "link": "https://www.dorar.net/aqeeda/3054",
    "section": "shirk",
    "answers": [
      {
        "answer": "تَشتَرِكُ في جَوازِ الاستِعاذةِ والحَلِفِ بِهِما، ويَختَلِفانِ في عَدمِ جَوازِ الدُّعاءِ بالصِّفاتِ",
        "t": 1
      },
      {
        "answer": "تَشتَرِكُ في مَنعِ الاستِعاذةِ بِهِما",
        "t": 0
      },
      {
        "answer": "تَشتَرِكُ في جَوازِ الدُّعاءِ والاستِعاذةِ بِهِما",
        "t": 0
      }
    ]
  },
  {
    "id": 5511,
    "q": "اختارَ ابنُ القَيِّمِ أنَّ مُرتكِبَ الشِّركَ الأصغَرَ إنْ لم يَتُبْ",
    "level": 3,
    "link": "https://www.dorar.net/aqeeda/3019",
    "section": "shirk",
    "answers": [
      {
        "answer": "داخِلٌ تَحتَ المَشيئةِ",
        "t": 1
      },
      {
        "answer": "لا يُغفَرُ له",
        "t": 0
      },
      {
        "answer": "خارِجٌ منَ المِلَّةِ",
        "t": 0
      }
    ]
  },
  {
    "id": 5504,
    "q": "شِركُ العَرَبِ يُشبِهُ شِركَ",
    "level": 3,
    "link": "https://www.dorar.net/aqeeda/2979",
    "section": "shirk",
    "answers": [
      {
        "answer": "قَومِ إبراهيمَ",
        "t": 0
      },
      {
        "answer": "قَومِ نُوحٍ",
        "t": 1
      },
      {
        "answer": "قَومِ صالِحٍ",
        "t": 0
      }
    ]
  },
  {
    "id": 5501,
    "q": "كان بَينَ نُوحٍ وآدَمَ عَشَرةُ قُرونٍ كُلُّهم على:",
    "level": 3,
    "link": "https://www.dorar.net/aqeeda/2977",
    "section": "shirk",
    "answers": [
      {
        "answer": "الشِّركِ",
        "t": 0
      },
      {
        "answer": "الكُفرِ",
        "t": 0
      },
      {
        "answer": "التَّوحيدِ",
        "t": 1
      }
    ]
  },
  {
    "id": 5517,
    "q": "اعتِقادُ أنَّ اللهَ تَعالَى جَعَل هذا النَّجمَ سَبَبًا في نُزولِ المَطَرِ",
    "level": 3,
    "link": "https://www.dorar.net/aqeeda/3044",
    "section": "shirk",
    "answers": [
      {
        "answer": "مَكروهٌ سدًّا للذَّرائعِ",
        "t": 0
      },
      {
        "answer": "جائزٌ لأنَّه لم يَجعَلِ النَّجمَ مُؤثِّرًا",
        "t": 0
      },
      {
        "answer": "شِركٌ أصغَرُ؛ لأنَّهُ جَعَل ما ليس بسَبَبٍ سَببًا",
        "t": 1
      }
    ]
  },
  {
    "id": 5520,
    "q": "تَوسِعةُ المَساجِدِ وإدخالُ القُبورِ الَّتي كانت خارِجَها فيها",
    "level": 3,
    "link": "https://www.dorar.net/aqeeda/3104",
    "section": "shirk",
    "answers": [
      {
        "answer": "جائزٌ؛ لأنَّ إدخالَ القَبرِ في المَسجِدِ خِلافُ بِناءِ المَسجِدِ على القَبرِ",
        "t": 0
      },
      {
        "answer": "مَكروهٌ",
        "t": 0
      },
      {
        "answer": "لا يَجوزُ",
        "t": 1
      }
    ]
  },
  {
    "id": 5508,
    "q": "من أوائلِ الَّذين شَبَّهوا الخالقَ بخَلقِه",
    "level": 3,
    "link": "https://www.dorar.net/aqeeda/2983",
    "section": "shirk",
    "answers": [
      {
        "answer": "أبو مَنصورٍ الماتُريديُّ",
        "t": 0
      },
      {
        "answer": "هِشامُ بنُ الحَكَمِ الرَّافِضيُّ",
        "t": 1
      },
      {
        "answer": "واصِلُ بنُ عَطاءٍ",
        "t": 0
      }
    ]
  },
  {
    "id": 5505,
    "q": "الأشاعِرةَ والماتُريديَّةُ قد تأثَّروا ببِدْعةِ الجَهْميَّةِ في:",
    "level": 3,
    "link": "https://www.dorar.net/aqeeda/2983",
    "section": "shirk",
    "answers": [
      {
        "answer": "خَلْقِ القُرآنِ",
        "t": 0
      },
      {
        "answer": "إنكارِ الصِّفاتِ وتأويلِها وتعطيلِها",
        "t": 1
      },
      {
        "answer": "نَفْيِ القَدَرِ",
        "t": 0
      }
    ]
  },
  {
    "id": 5506,
    "q": "يُقالُ: إنَّ أصلَ مَقالاتِ التَّعطيلِ تَرجِعُ إلى",
    "level": 3,
    "link": "https://www.dorar.net/aqeeda/2983",
    "section": "shirk",
    "answers": [
      {
        "answer": "كَعبِ بنِ الأشرَفِ",
        "t": 0
      },
      {
        "answer": "عبدِ اللهِ بنِ أُبَيٍّ ابنِ سَلولَ",
        "t": 0
      },
      {
        "answer": "لَبيدِ بنِ الأعصَمِ اليَهوديِّ",
        "t": 1
      }
    ]
  },
  {
    "id": 5502,
    "q": "أخَذ اللهُ العَهدَ من ذُرِّيَّةِ آدَمَ وأشهَدَهُم على تَوحيدِه بأنْ",
    "level": 3,
    "link": "https://www.dorar.net/aqeeda/2977",
    "section": "shirk",
    "answers": [
      {
        "answer": "أخرَجَ ذُرِّيَّةَ آدَمَ من صُلبِه وهُم مِثلُ الذَّرِّ، وأخَذَ عَليهِمُ العَهدَ",
        "t": 1
      },
      {
        "answer": "أخَذَ عن آدَمَ نِيابةً عَنهُم",
        "t": 0
      },
      {
        "answer": "يُرسِلَ لَهُم مع المَلَكِ الَّذي يَكتُبُ الرِّزقَ والأجَلَ",
        "t": 0
      }
    ]
  },
  {
    "id": 5513,
    "q": "خَرَج للجِهادِ وللغَنيمةِ",
    "level": 3,
    "link": "https://www.dorar.net/aqeeda/3028",
    "section": "shirk",
    "answers": [
      {
        "answer": "إنْ كان الباعِثُ على الخُروجِ هو الجِهادَ؛ فإنَّه يُؤجَرُ، وإنْ كان الباعِثُ الغَنيمةَ أوِ الأمرَينِ معًا لم يُؤجَرْ",
        "t": 1
      },
      {
        "answer": "يُؤجَرُ طالَمَا نَوَى الجِهادَ",
        "t": 0
      },
      {
        "answer": "لا يُؤجَرُ لأنَّه لم يُخلِصِ النِّيَّةَ",
        "t": 0
      }
    ]
  },
  {
    "id": 5512,
    "q": "يُعَدُّ الإِلحادُ مِن:",
    "level": 3,
    "link": "https://www.dorar.net/aqeeda/3004",
    "section": "shirk",
    "answers": [
      {
        "answer": "شِركِ الأَسماءِ والصِّفاتِ",
        "t": 0
      },
      {
        "answer": "شِركِ الأَندادِ",
        "t": 0
      },
      {
        "answer": "شِركِ التَّعطيلِ",
        "t": 1
      }
    ]
  },
  {
    "id": 5516,
    "q": "يُشتَرَطُ في الرُّقيةِ:",
    "level": 3,
    "link": "https://www.dorar.net/aqeeda/3035",
    "section": "shirk",
    "answers": [
      {
        "answer": "سَبعَة شُروط",
        "t": 0
      },
      {
        "answer": "ثَلاثة شُروط",
        "t": 1
      },
      {
        "answer": "أَربعَة شُروط",
        "t": 0
      }
    ]
  },
  {
    "id": 5515,
    "q": "كان عَرَبُ الجاهِليَّةِ يَتشاءَمونَ من شَهرِ",
    "level": 3,
    "link": "https://www.dorar.net/aqeeda/3032",
    "section": "shirk",
    "answers": [
      {
        "answer": "صَفَرٍ",
        "t": 1
      },
      {
        "answer": "رَمَضانَ",
        "t": 0
      },
      {
        "answer": "رَجَبٍ",
        "t": 0
      }
    ]
  },
  {
    "id": 5509,
    "q": "ظَهَرتِ المَشاهِدُ والأضرِحةُ والمَقاماتُ في",
    "level": 3,
    "link": "https://www.dorar.net/aqeeda/2987",
    "section": "shirk",
    "answers": [
      {
        "answer": "الدَّولةِ الأُمَويَّةِ",
        "t": 0
      },
      {
        "answer": "أوَّلِ الدَّولةِ العَبَّاسيَّةِ",
        "t": 0
      },
      {
        "answer": "النِّصفِ الثَّاني منَ الدَّولةِ العَبَّاسيَّةِ",
        "t": 1
      }
    ]
  },
  {
    "id": 5514,
    "q": "الأخذُ بالأسبابِ واعتِقادُ حُصولِ المُسبَّبِ بذلك",
    "level": 3,
    "link": "https://www.dorar.net/aqeeda/3030",
    "section": "shirk",
    "answers": [
      {
        "answer": "مُقتَضى التَّوكُّلِ",
        "t": 0
      },
      {
        "answer": "شِركٌ أصغَرُ",
        "t": 0
      },
      {
        "answer": "شِركٌ أكبَرُ",
        "t": 1
      }
    ]
  },
  {
    "id": 5507,
    "q": "يَنتسِبُ الأشاعِرةُ في الحَقيقةِ ويَرجِعُ تأثُّرُهم إلى",
    "level": 3,
    "link": "https://www.dorar.net/aqeeda/2983",
    "section": "shirk",
    "answers": [
      {
        "answer": "الجَعدِ بنِ دِرهَمٍ",
        "t": 0
      },
      {
        "answer": "واصِلِ بنِ عَطاءٍ",
        "t": 0
      },
      {
        "answer": "ابنِ كُلَّابٍ",
        "t": 1
      }
    ]
  }
]