[
  {
    "id": 5465,
    "q": "دَخَل الشِّركُ في الأُلوهيَّةِ إلى المُسلِمينَ عن طَريقِ",
    "level": 1,
    "link": "https://www.dorar.net/aqeeda/2987",
    "section": "shirk",
    "answers": [
      {
        "answer": "بَعضِ طَوائفِ الشِّيعةِ كالإسْماعيليةِ والقَرامِطةِ والدُّروزِ وغَيرِهِم",
        "t": 1
      },
      {
        "answer": "المُرجِئةِ",
        "t": 0
      },
      {
        "answer": "الأشاعِرةِ",
        "t": 0
      }
    ]
  },
  {
    "id": 5464,
    "q": "من الذين تأثَّروا بمذهَبِ المعتَزِلةِ والجَهميَّةِ في زَمَنِ الأشعريِّ:",
    "level": 1,
    "link": "https://www.dorar.net/aqeeda/2983",
    "section": "shirk",
    "answers": [
      {
        "answer": "أبو منصورٍ الماتُريديُّ",
        "t": 1
      },
      {
        "answer": "ابنُ العَربيِّ",
        "t": 0
      },
      {
        "answer": "ابنُ كُلَّاب",
        "t": 0
      }
    ]
  },
  {
    "id": 5478,
    "q": "تَعلُّمُ العِلمِ الشَّرعيِّ لغَرَضِ الوَظيفةِ فَقَط",
    "level": 1,
    "link": "https://www.dorar.net/aqeeda/3028",
    "section": "shirk",
    "answers": [
      {
        "answer": "مُباحٌ",
        "t": 0
      },
      {
        "answer": "منَ الشِّركِ الأصغَرِ",
        "t": 1
      },
      {
        "answer": "مَكروهٌ",
        "t": 0
      }
    ]
  },
  {
    "id": 5470,
    "q": "مَن جَحَد شَيئًا ممَّا افترَضَ اللهُ عليه الإيمانَ به فقد",
    "level": 1,
    "link": "https://www.dorar.net/aqeeda/2996",
    "section": "shirk",
    "answers": [
      {
        "answer": "فَجَرَ",
        "t": 0
      },
      {
        "answer": "أَشركَ",
        "t": 0
      },
      {
        "answer": "كَفَرَ",
        "t": 1
      }
    ]
  },
  {
    "id": 5461,
    "q": "أكبَرُ الكَبائرِ",
    "level": 1,
    "link": "https://www.dorar.net/aqeeda/2975",
    "section": "shirk",
    "answers": [
      {
        "answer": "الشِّرُك بِاللهِ",
        "t": 1
      },
      {
        "answer": "الزِّنا بالمَحارِمِ",
        "t": 0
      },
      {
        "answer": "شَهادَةُ الزُّورِ",
        "t": 0
      }
    ]
  },
  {
    "id": 5474,
    "q": "اعتِقادُ جَوازِ الحُكمِ بغَيرِ ما أنزَلَ اللهُ",
    "level": 1,
    "link": "https://www.dorar.net/aqeeda/3009",
    "section": "shirk",
    "answers": [
      {
        "answer": "فِسقٌ",
        "t": 0
      },
      {
        "answer": "مَكروهٌ",
        "t": 0
      },
      {
        "answer": "كُفرٌ",
        "t": 1
      }
    ]
  },
  {
    "id": 5467,
    "q": "مَن مات عَلى الشِّركِ",
    "level": 1,
    "link": "https://www.dorar.net/aqeeda/2989",
    "section": "shirk",
    "answers": [
      {
        "answer": "يَدخُلُ النَّارَ بقَدرِ شِركِه ثمَّ يَخرُجُ",
        "t": 0
      },
      {
        "answer": "أمْرُه إلى اللهِ إنْ شاءَ عَذَّبَه وإنْ شاءَ غَفَر له",
        "t": 0
      },
      {
        "answer": "يَحبَطُ عَملُه، ويُخلَّدُ في النَّارِ",
        "t": 1
      }
    ]
  },
  {
    "id": 5475,
    "q": "ادِّعاءُ عِلمِ الغَيبِ من شِركِ",
    "level": 1,
    "link": "https://www.dorar.net/aqeeda/3014",
    "section": "shirk",
    "answers": [
      {
        "answer": "الأُلوهيَّةِ",
        "t": 0
      },
      {
        "answer": "الأسماءِ والصِّفاتِ",
        "t": 1
      },
      {
        "answer": "الرُّبوبيَّةِ",
        "t": 0
      }
    ]
  },
  {
    "id": 5476,
    "q": "مُرتكِبُ الشِّركِ الأصغَرِ",
    "level": 1,
    "link": "https://www.dorar.net/aqeeda/3019",
    "section": "shirk",
    "answers": [
      {
        "answer": "مُخلَّدٌ في النَّارِ",
        "t": 0
      },
      {
        "answer": "غَيرُ خارِجٍ منَ المِلَّةِ ولا مُخلَّدٍ في النَّارِ",
        "t": 1
      },
      {
        "answer": "خارِجٌ منَ المِلَّةِ",
        "t": 0
      }
    ]
  },
  {
    "id": 5471,
    "q": "نَهيُ النَّبيِّ ﷺ عنِ الصَّلاةِ وَقتَ طُلوعِ الشَّمسِ، ووَقتَ الزَّوالِ، ووَقتَ الغُروبِ",
    "level": 1,
    "link": "https://www.dorar.net/aqeeda/3092",
    "section": "shirk",
    "answers": [
      {
        "answer": "من بابِ التَّيسيرِ وخَوفِ الضَّررِ",
        "t": 0
      },
      {
        "answer": "قَطعًا لمُشابَهةِ الكُفَّارِ، ولسَدِّ ذَريعةِ الشِّركِ",
        "t": 1
      },
      {
        "answer": "نَهيٌ غَيرُ مَعقولِ المَعنَى",
        "t": 0
      }
    ]
  },
  {
    "id": 5472,
    "q": "صَرفُ شَيءٍ منَ العِباداتِ لغَيرِ اللهِ نَوعٌ من",
    "level": 1,
    "link": "https://www.dorar.net/aqeeda/3009",
    "section": "shirk",
    "answers": [
      {
        "answer": "شِركِ الرُّبوبيَّةِ",
        "t": 0
      },
      {
        "answer": "شِركِ التَّعطيلِ",
        "t": 0
      },
      {
        "answer": "شِركِ الأُلوهيَّةِ",
        "t": 1
      }
    ]
  },
  {
    "id": 5477,
    "q": "الرِّياءُ وقَولُ الرَّجُلِ: \"مَا شاءَ اللهُ وشِئتَ\" داخِلٌ في",
    "level": 1,
    "link": "https://www.dorar.net/aqeeda/3019",
    "section": "shirk",
    "answers": [
      {
        "answer": "الشِّركِ الأكبَرِ",
        "t": 0
      },
      {
        "answer": "شِركِ الصِّفاتِ",
        "t": 0
      },
      {
        "answer": "الشِّركِ الأصغَرِ",
        "t": 1
      }
    ]
  },
  {
    "id": 5469,
    "q": "هو: \"أنْ يَتَّخذَ شَريكًا للهِ في رُبوبيَّتِه أو أُلوهيَّتِه أو أسمائِه وصِفاتِه\"",
    "level": 1,
    "link": "https://www.dorar.net/aqeeda/2994",
    "section": "shirk",
    "answers": [
      {
        "answer": "تَعطيلُ الصِّفاتِ",
        "t": 0
      },
      {
        "answer": "الشِّركُ الأصغَرُ",
        "t": 0
      },
      {
        "answer": "الشِّركُ الأكبَرُ",
        "t": 1
      }
    ]
  },
  {
    "id": 5480,
    "q": "الحَالِفُ بغَيرِ اللهِ يَقصِدُ به تَعظيمَ المَحلوفِ به كتَعظيمِ اللهِ تَعالَى",
    "level": 1,
    "link": "https://www.dorar.net/aqeeda/3040",
    "section": "shirk",
    "answers": [
      {
        "answer": "شِركٌ أصغَرُ",
        "t": 0
      },
      {
        "answer": "شِركٌ أكبَرُ",
        "t": 1
      },
      {
        "answer": "بِدعةٌ",
        "t": 0
      }
    ]
  },
  {
    "id": 5466,
    "q": "نِكاحُ المُسلِمةِ للمُشرِكِ",
    "level": 1,
    "link": "https://www.dorar.net/aqeeda/2989",
    "section": "shirk",
    "answers": [
      {
        "answer": "يَجوزُ لأهلِ الكِتابِ فحَسبُ",
        "t": 0
      },
      {
        "answer": "لا يَجوزُ",
        "t": 1
      },
      {
        "answer": "يَجوزُ مُطلقًا",
        "t": 0
      }
    ]
  },
  {
    "id": 5479,
    "q": "التَّشاؤُمُ منَ الشِّركِ الأصغَرِ؛ لأنَّ صاحِبَه",
    "level": 1,
    "link": "https://www.dorar.net/aqeeda/3032",
    "section": "shirk",
    "answers": [
      {
        "answer": "استَغاثَ بغَيرِ الله",
        "t": 0
      },
      {
        "answer": "عَدَلَ باللهِ آلِهةً أُخرَى",
        "t": 0
      },
      {
        "answer": "قَطَع تَوَكُّلَه على اللهِ واعتَمَد على غَيرِه",
        "t": 1
      }
    ]
  },
  {
    "id": 5473,
    "q": "دُعاءُ غَيرِ اللهِ منَ الشِّركِ",
    "level": 1,
    "link": "https://www.dorar.net/aqeeda/3009",
    "section": "shirk",
    "answers": [
      {
        "answer": "الأصغَرِ",
        "t": 0
      },
      {
        "answer": "الأكبَرِ",
        "t": 1
      },
      {
        "answer": "الخَفيِّ",
        "t": 0
      }
    ]
  },
  {
    "id": 5468,
    "q": "من خُطورةِ الشِّركِ",
    "level": 1,
    "link": "https://www.dorar.net/aqeeda/2989",
    "section": "shirk",
    "answers": [
      {
        "answer": "استِعاذةُ النَّبيِّ ﷺ منه",
        "t": 0
      },
      {
        "answer": "خَفاءُ بَعضِ صُوَرِه",
        "t": 0
      },
      {
        "answer": "جَميعُ ما سَبَق",
        "t": 1
      }
    ]
  },
  {
    "id": 5463,
    "q": "نَشأَ مَذهَبُ الاعتِزالِ على يَدِ واصِلِ بنِ عَطاءِ، ويَقومُ عَلى",
    "level": 1,
    "link": "https://www.dorar.net/aqeeda/2983",
    "section": "shirk",
    "answers": [
      {
        "answer": "نَفيِ الصِّفاتِ",
        "t": 1
      },
      {
        "answer": "إثباتِ الصِّفاتِ دونَ تَكييفٍ أو تَشبيهٍ",
        "t": 0
      },
      {
        "answer": "تَشبيهِ اللهِ بخَلقِه",
        "t": 0
      }
    ]
  },
  {
    "id": 5462,
    "q": "أُناسٌ صالِحونَ من قَومِ نُوحٍ، لمَّا ماتوا زيَّن الشَّيطانُ للنَّاسِ أن يَصنَعوا لَهُم صُوَرًا ففَعَلوا، ثمَّ بعدَ ذلك عُبِدَت من دونِ اللهِ",
    "level": 1,
    "link": "https://www.dorar.net/aqeeda/2979",
    "section": "shirk",
    "answers": [
      {
        "answer": "اللَّاتُ والعُزَّى ومَناةُ",
        "t": 0
      },
      {
        "answer": "وَدٌّ وسُواعٌ ويَغوثُ ويَعوقُ ونَسرٌ",
        "t": 1
      },
      {
        "answer": "إسافٌ ونَائِلةُ",
        "t": 0
      }
    ]
  }
]