[
  {
    "id": 5485,
    "q": "مَذهَبُ المُعتزِلةِ أنَّ أفعالَ العِبادِ",
    "level": 2,
    "link": "https://www.dorar.net/aqeeda/2983",
    "section": "shirk",
    "answers": [
      {
        "answer": "من خَلقِ العَبدِ",
        "t": 1
      },
      {
        "answer": "مَخلوقةٌ للهِ من كَسبِ العَبدِ",
        "t": 0
      },
      {
        "answer": "مَخلوقةٌ للهِ",
        "t": 0
      }
    ]
  },
  {
    "id": 5482,
    "q": "الذَّبحُ لغَيرِ اللهِ",
    "level": 2,
    "link": "https://www.dorar.net/aqeeda/3009",
    "section": "shirk",
    "answers": [
      {
        "answer": "شِركٌ أكبَر",
        "t": 1
      },
      {
        "answer": "فُسُوق وفُجُور",
        "t": 0
      },
      {
        "answer": "مِن أَكبرِ الكَبائِر",
        "t": 0
      }
    ]
  },
  {
    "id": 5487,
    "q": "الشِّرْكُ الأكبَرُ يكونُ في الاعتِقاداتِ مثل:",
    "level": 2,
    "link": "https://www.dorar.net/aqeeda/2994",
    "section": "shirk",
    "answers": [
      {
        "answer": "قَول القائلِ: تَوكَّلتُ على الله وعليك",
        "t": 0
      },
      {
        "answer": "اعتِقاد أنَّ غيرَ اللهِ مُستَحِقٌّ للعبادةِ",
        "t": 1
      },
      {
        "answer": "الذَّبح لغيرِ الله",
        "t": 0
      }
    ]
  },
  {
    "id": 5486,
    "q": "أوَّلُ مَن أشرَكَ في الرُّبوبيَّةِ، وجَعَل عَليًّا إلهًا خالِقًا:",
    "level": 2,
    "link": "https://www.dorar.net/aqeeda/2985",
    "section": "shirk",
    "answers": [
      {
        "answer": "عبدُ اللهِ بنُ سَبَأٍ اليَهوديُّ",
        "t": 1
      },
      {
        "answer": "عبدُ الرَّحمنِ بنُ مُلجِمٍ المُرادِيُّ",
        "t": 0
      },
      {
        "answer": "الجَعدُ بنُ دِرهَم الحَروريُّ",
        "t": 0
      }
    ]
  },
  {
    "id": 5481,
    "q": "أصلُ الشِّركِ في اللُّغةِ",
    "level": 2,
    "link": "https://www.dorar.net/aqeeda/2973",
    "section": "shirk",
    "answers": [
      {
        "answer": "المُقارَنةُ وخِلافُ الانفِرادِ",
        "t": 1
      },
      {
        "answer": "فَسادُ الفِطرَةِ",
        "t": 0
      },
      {
        "answer": "الاضطِرابُ في العِباداتِ",
        "t": 0
      }
    ]
  },
  {
    "id": 5494,
    "q": "كَراهِيةُ شَرعِ اللهِ مع العَمَلِ به",
    "level": 2,
    "link": "https://www.dorar.net/aqeeda/3009",
    "section": "shirk",
    "answers": [
      {
        "answer": "شِركٌ",
        "t": 0
      },
      {
        "answer": "مَعصِيةٌ",
        "t": 0
      },
      {
        "answer": "كُفرٌ",
        "t": 1
      }
    ]
  },
  {
    "id": 5496,
    "q": "قَولُ الرَّجُلِ: \"مُطِرْنا بنَوءِ كذا، ما شاءَ اللهُ وشِئتَ، لولا فُلانٌ كان كذا\"",
    "level": 2,
    "link": "https://www.dorar.net/aqeeda/3044",
    "section": "shirk",
    "answers": [
      {
        "answer": "منَ الشِّركِ في الأقوالِ والألفاظِ",
        "t": 1
      },
      {
        "answer": "منَ الشِّركِ في النِّيَّاتِ والمَقاصِدِ",
        "t": 0
      },
      {
        "answer": "من شِركِ التَّعطيلِ",
        "t": 0
      }
    ]
  },
  {
    "id": 5497,
    "q": "أوَّلُ مَن يَدخُلُ النَّارَ يومَ القِيامةِ منَ المُوحِّدينَ",
    "level": 2,
    "link": "https://www.dorar.net/aqeeda/3026",
    "section": "shirk",
    "answers": [
      {
        "answer": "المُرائي",
        "t": 1
      },
      {
        "answer": "العاقُّ",
        "t": 0
      },
      {
        "answer": "السَّاحِرُ",
        "t": 0
      }
    ]
  },
  {
    "id": 5492,
    "q": "الشِّركُ في النِّيَّةِ والمَحبَّةِ داخِلٌ في",
    "level": 2,
    "link": "https://www.dorar.net/aqeeda/3009",
    "section": "shirk",
    "answers": [
      {
        "answer": "الشِّركِ في دُعاءِ المَسألةِ",
        "t": 0
      },
      {
        "answer": "الشِّركِ في دُعاءِ العِبادةِ",
        "t": 1
      },
      {
        "answer": "الشِّركِ في الحُكمِ والطَّاعةِ",
        "t": 0
      }
    ]
  },
  {
    "id": 5491,
    "q": "شِركُ القَدَريَّةِ صُورةٌ من صُوَرِ",
    "level": 2,
    "link": "https://www.dorar.net/aqeeda/3004",
    "section": "shirk",
    "answers": [
      {
        "answer": "شِركِ التَّعطيلِ",
        "t": 0
      },
      {
        "answer": "شِركِ الأندادِ",
        "t": 1
      },
      {
        "answer": "شِركِ الأُلوهيَّةِ",
        "t": 0
      }
    ]
  },
  {
    "id": 5483,
    "q": "أوَّلُ شِركٍ منظَّمٍ وقَع في هذه الأمَّةِ هو:",
    "level": 2,
    "link": "https://www.dorar.net/aqeeda/2983",
    "section": "shirk",
    "answers": [
      {
        "answer": "شِركُ الأَصنامِ",
        "t": 0
      },
      {
        "answer": "شِركُ الأَسماءِ والصِّفاتِ",
        "t": 0
      },
      {
        "answer": "شِرْكُ القَدَريَّةِ",
        "t": 1
      }
    ]
  },
  {
    "id": 5489,
    "q": "اعتِقادُ مُتصَرِّفٍ معَ اللهِ عزَّ وجلَّ في أيِّ أمرٍ من أُمورِ تَدبيرِ الكَونِ، مِن",
    "level": 2,
    "link": "https://www.dorar.net/aqeeda/3002",
    "section": "shirk",
    "answers": [
      {
        "answer": "الشِّركِ في الرُّبوبيَّةِ",
        "t": 1
      },
      {
        "answer": "شِركُ السَّرائرِ",
        "t": 0
      },
      {
        "answer": "الشِّركِ الأصغَرِ",
        "t": 0
      }
    ]
  },
  {
    "id": 5488,
    "q": "الشِّركُ والكُفرُ",
    "level": 2,
    "link": "https://www.dorar.net/aqeeda/2996",
    "section": "shirk",
    "answers": [
      {
        "answer": "مُختَلِفَا المَعنَى، لكِنْ قد يُطلَقُ أحَدُهُما ويُرادُ الآخَرُ",
        "t": 1
      },
      {
        "answer": "مَعناهُما واحِدٌ",
        "t": 0
      },
      {
        "answer": "الشِّركُ خاصٌّ بالأَقوالِ والكُفرُ خاصٌّ بالأَعمالِ",
        "t": 0
      }
    ]
  },
  {
    "id": 5493,
    "q": "قَولُه تَعالَى: {اتَّخَذُوا أَحْبَارَهُمْ وَرُهْبَانَهُمْ أَرْبَابًا مِنْ دُونِ اللهِ} أيْ:",
    "level": 2,
    "link": "https://www.dorar.net/aqeeda/3009",
    "section": "shirk",
    "answers": [
      {
        "answer": "أحَلُّوا لهم ما حَرَّمَ اللهُ وحَرَّموا ما أحلَّ اللهُ فوافَقوهُم",
        "t": 1
      },
      {
        "answer": "جَعَلوهُم شُرَكاءَ معَ اللهِ في الخَلقِ",
        "t": 0
      },
      {
        "answer": "عَبَدوهُم",
        "t": 0
      }
    ]
  },
  {
    "id": 5500,
    "q": "يُعَدُّ تَعليق التَّمائمِ الشِّركيَّة مِن:",
    "level": 2,
    "link": "https://www.dorar.net/aqeeda/3035",
    "section": "shirk",
    "answers": [
      {
        "answer": "الشِّركِ الأَكبَر",
        "t": 0
      },
      {
        "answer": "الشِّركِ الأَصغَر",
        "t": 1
      },
      {
        "answer": "شِركِ السَّرائرِ",
        "t": 0
      }
    ]
  },
  {
    "id": 5499,
    "q": "حُكمُ فَكِّ السِّحرِ بسِحرٍ مِثلِه",
    "level": 2,
    "link": "https://www.dorar.net/aqeeda/3035",
    "section": "shirk",
    "answers": [
      {
        "answer": "يَجوزُ مُطلقًا",
        "t": 0
      },
      {
        "answer": "لا يَجوزُ",
        "t": 1
      },
      {
        "answer": "يَجوزُ إنْ كان السَّاحِرُ مُسلِمًا",
        "t": 0
      }
    ]
  },
  {
    "id": 5490,
    "q": "الإلحادُ وتَعطيلُ المَصنوعِ وتَعطيلُ الصَّانعِ من صُوَرِ",
    "level": 2,
    "link": "https://www.dorar.net/aqeeda/3004",
    "section": "shirk",
    "answers": [
      {
        "answer": "شِركِ التَّعطيلِ",
        "t": 1
      },
      {
        "answer": "شِركِ الأندادِ",
        "t": 0
      },
      {
        "answer": "شِركِ الأُلوهيَّةِ",
        "t": 0
      }
    ]
  },
  {
    "id": 5495,
    "q": "تَسوِيةُ غَيرِ اللهِ تَعالَى به في هَيئةِ العَمَلِ أو أقوالِ اللِّسانِ",
    "level": 2,
    "link": "https://www.dorar.net/aqeeda/3017",
    "section": "shirk",
    "answers": [
      {
        "answer": "شِركُ الأُلوهيَّةِ",
        "t": 0
      },
      {
        "answer": "شِركُ الرَّجاءِ",
        "t": 0
      },
      {
        "answer": "الشِّركُ الأصغَرُ",
        "t": 1
      }
    ]
  },
  {
    "id": 5498,
    "q": "التَّوكُّلُ على اللهِ هو الأخذُ بالسَّبَبِ",
    "level": 2,
    "link": "https://www.dorar.net/aqeeda/3030",
    "section": "shirk",
    "answers": [
      {
        "answer": "والاعتِمادُ عَليهِ كُلِّيًّا، واعتِقادُ أنَّ اللهَ هو النَّافِعُ الضَّارُّ",
        "t": 0
      },
      {
        "answer": "واعتِقادُ أنَّهُ النَّافِعُ الضَّارُّ",
        "t": 0
      },
      {
        "answer": "واعتِقادُ أنَّه لا أثَرَ له إلا بمَشيئةِ اللهِ",
        "t": 1
      }
    ]
  },
  {
    "id": 5484,
    "q": "ظَهَرت مَقالاتُ التَّعطيلِ على يَدِ",
    "level": 2,
    "link": "https://www.dorar.net/aqeeda/2983",
    "section": "shirk",
    "answers": [
      {
        "answer": "واصِلِ بنِ عَطاءٍ",
        "t": 0
      },
      {
        "answer": "أبي الحَسَنِ الأشعريِّ",
        "t": 0
      },
      {
        "answer": "الجَعدِ بنِ دِرهَمٍ",
        "t": 1
      }
    ]
  }
]