[
  {
    "id": 1094,
    "q": "معنى (وفْدًا) في قولِه تعالى: {يَوْمَ نَحْشُرُ الْمُتَّقِينَ إِلَى الرَّحْمَنِ وَفْدًا}:",
    "level": 1,
    "link": "https://www.dorar.net/tafseer/19/15#tt7",
    "section": "maryam",
    "answers": [
      {
        "answer": "رُكبانًا",
        "t": 1
      },
      {
        "answer": "مُرَحَّبًا بِهِم",
        "t": 0
      },
      {
        "answer": "مَسْرورين",
        "t": 0
      }
    ]
  },
  {
    "id": 1096,
    "q": "معنى (وُدًّا) في قولِه تعالى: {سَيَجْعَلُ لَهُمُ الرَّحْمَنُ وُدًّا}:",
    "level": 1,
    "link": "https://www.dorar.net/tafseer/19/16#tt7",
    "section": "maryam",
    "answers": [
      {
        "answer": "أولادًا",
        "t": 0
      },
      {
        "answer": "مَحبةً",
        "t": 1
      },
      {
        "answer": "مَكانًا في الجنَّة يُدعَى \"وُدًا\"",
        "t": 0
      }
    ]
  },
  {
    "id": 1093,
    "q": "معنى (قرْن) في قولِه تعالى: {وَكَمْ أَهْلَكْنَا قَبْلَهُمْ مِنْ قَرْنٍ}:",
    "level": 1,
    "link": "https://www.dorar.net/tafseer/19/13#tt7",
    "section": "maryam",
    "answers": [
      {
        "answer": "قومٌ وأُمة من الناسِ مُقترِنين في زمنٍ واحدٍ",
        "t": 1
      },
      {
        "answer": "مائةُ عامٍ",
        "t": 0
      },
      {
        "answer": "مجلِس",
        "t": 0
      }
    ]
  },
  {
    "id": 1092,
    "q": "معنى (وارِدها) في قولِه تعالى: {وَإِنْ مِنْكُمْ إِلَّا وَارِدُهَا}:",
    "level": 1,
    "link": "https://www.dorar.net/tafseer/19/12#tt7",
    "section": "maryam",
    "answers": [
      {
        "answer": "مارٌّ عليها، أو: داخلُها",
        "t": 1
      },
      {
        "answer": "معذَّب فيها",
        "t": 0
      },
      {
        "answer": "خالدٌ فيها",
        "t": 0
      }
    ]
  },
  {
    "id": 1097,
    "q": "معنى (تُحِس) في قولِه تعالى: {هَلْ تُحِسُّ مِنْهُمْ مِنْ أَحَدٍ}:",
    "level": 1,
    "link": "https://www.dorar.net/tafseer/19/16#tt7",
    "section": "maryam",
    "answers": [
      {
        "answer": "تبلُغ",
        "t": 0
      },
      {
        "answer": "تعقِل",
        "t": 0
      },
      {
        "answer": "تَرى",
        "t": 1
      }
    ]
  },
  {
    "id": 1095,
    "q": "معنى (إدًّا) في قولِه تعالى: {لَقَدْ جِئْتُمْ شَيْئًا إِدًّا}:",
    "level": 1,
    "link": "https://www.dorar.net/tafseer/19/15#tt7",
    "section": "maryam",
    "answers": [
      {
        "answer": "عَجِيبًا غَرِيبًا",
        "t": 0
      },
      {
        "answer": "عظيمًا منكَرًا",
        "t": 1
      },
      {
        "answer": "حَقيرًا",
        "t": 0
      }
    ]
  },
  {
    "id": 1083,
    "q": "معنى (سَلام) في قوله تعالى: {وَسَلَامٌ عَلَيْهِ يَوْمَ وُلِدَ وَيَوْمَ يَمُوتُ وَيَوْمَ يُبْعَثُ حَيًّا}:",
    "level": 1,
    "link": "https://www.dorar.net/tafseer/19/3#tt7",
    "section": "maryam",
    "answers": [
      {
        "answer": "أي: سيكونُ مسلِمًا",
        "t": 0
      },
      {
        "answer": "أي: سَلامةٌ وأمانٌ",
        "t": 1
      },
      {
        "answer": "السلامُ عليه تَحِيَةً",
        "t": 0
      }
    ]
  },
  {
    "id": 1088,
    "q": "معنى (غيًّا) في قولِه تعالى: {فَسَوْفَ يَلْقَوْنَ غَيًّا}:",
    "level": 1,
    "link": "https://www.dorar.net/tafseer/19/10#tt7",
    "section": "maryam",
    "answers": [
      {
        "answer": "وادٍ في جهنَّم",
        "t": 1
      },
      {
        "answer": "الحِرمانُ",
        "t": 0
      },
      {
        "answer": "خازنُ جهنَّم",
        "t": 0
      }
    ]
  },
  {
    "id": 1091,
    "q": "معنى (صِليًّا) في قولِه تعالى: {لَنَحْنُ أَعْلَمُ بِالَّذِينَ هُمْ أَوْلَى بِهَا صِلِيًّا}:",
    "level": 1,
    "link": "https://www.dorar.net/tafseer/19/12#tt7",
    "section": "maryam",
    "answers": [
      {
        "answer": "دُخول",
        "t": 1
      },
      {
        "answer": "خروج",
        "t": 0
      },
      {
        "answer": "خُلود",
        "t": 0
      }
    ]
  },
  {
    "id": 1098,
    "q": "الرِّكزُ في قولِه تعالى: {أَوْ تَسْمَعُ لَهُمْ رِكْزًا}:",
    "level": 1,
    "link": "https://www.dorar.net/tafseer/19/16#tt7",
    "section": "maryam",
    "answers": [
      {
        "answer": "الصوتُ الخفيُّ الذي لا يُفهَم",
        "t": 1
      },
      {
        "answer": "المُنادِي بصَوتٍ عَالٍ",
        "t": 0
      },
      {
        "answer": "الدُّعاء",
        "t": 0
      }
    ]
  },
  {
    "id": 1087,
    "q": "المقصود بالرجْمِ في قولِه تعالى: {لَئِنْ لَمْ تَنْتَهِ لَأَرْجُمَنَّكَ}:",
    "level": 1,
    "link": "https://www.dorar.net/tafseer/19/8#tt7",
    "section": "maryam",
    "answers": [
      {
        "answer": "التَّعزير بالنَّفيِ خارجَ البِلادِ",
        "t": 0
      },
      {
        "answer": "السِّجن",
        "t": 0
      },
      {
        "answer": "القتلُ رمْيًا بالحجارةِ",
        "t": 1
      }
    ]
  },
  {
    "id": 1090,
    "q": "معنى (اصطبِرْ) في قولِه تعالى: {فَاعْبُدْهُ وَاصْطَبِرْ لِعِبَادَتِهِ}:",
    "level": 1,
    "link": "https://www.dorar.net/tafseer/19/11#tt7",
    "section": "maryam",
    "answers": [
      {
        "answer": "ادْعُ لعبادةِ ربِّك",
        "t": 0
      },
      {
        "answer": "اصبِرْ صبرًا عظيمًا",
        "t": 1
      },
      {
        "answer": "أقِمِ العبادةَ صحيحةً",
        "t": 0
      }
    ]
  },
  {
    "id": 1085,
    "q": "معنى (جنيًّا) في قوله تعالى: {تُسَاقِطْ عَلَيْكِ رُطَبًا جَنِيًّا}:",
    "level": 1,
    "link": "https://www.dorar.net/tafseer/19/5#tt7",
    "section": "maryam",
    "answers": [
      {
        "answer": "نَوعٌ مِن أَنواعِ التَّمرِ",
        "t": 0
      },
      {
        "answer": "مَجنيًّا غضًّا طَريًّا",
        "t": 1
      },
      {
        "answer": "كثيرًا",
        "t": 0
      }
    ]
  },
  {
    "id": 1082,
    "q": "معنى (جبَّار) في قوله تعالى: {وَلَمْ يَكُنْ جَبَّارًا عَصِيًّا}:",
    "level": 1,
    "link": "https://www.dorar.net/tafseer/19/3#tt7",
    "section": "maryam",
    "answers": [
      {
        "answer": "قَويًّا",
        "t": 0
      },
      {
        "answer": "مُتكبِّرًا",
        "t": 1
      },
      {
        "answer": "مُطيعًا",
        "t": 0
      }
    ]
  },
  {
    "id": 1084,
    "q": "معنى (بغيًّا) في قوله تعالى: {أَنَّى يَكُونُ لِي غُلَامٌ وَلَمْ يَمْسَسْنِي بَشَرٌ وَلَمْ أَكُ بَغِيًّا}:",
    "level": 1,
    "link": "https://www.dorar.net/tafseer/19/4#tt7",
    "section": "maryam",
    "answers": [
      {
        "answer": "زانِية",
        "t": 1
      },
      {
        "answer": "كاذِبَة",
        "t": 0
      },
      {
        "answer": "متزوِّجة",
        "t": 0
      }
    ]
  },
  {
    "id": 1099,
    "q": "كانت مِهنةُ زكريَّا عليه السلامُ:",
    "level": 1,
    "link": "https://www.dorar.net/tafseer/19/1#tt4",
    "section": "maryam",
    "answers": [
      {
        "answer": "نجَّارًا",
        "t": 1
      },
      {
        "answer": "حدادًا",
        "t": 0
      },
      {
        "answer": "نسَّاجًا",
        "t": 0
      }
    ]
  },
  {
    "id": 1086,
    "q": "معنى (فَريًّا) في قوله تعالى: {قَالُوا يَامَرْيَمُ لَقَدْ جِئْتِ شَيْئًا فَرِيًّا}:",
    "level": 1,
    "link": "https://www.dorar.net/tafseer/19/6#tt7",
    "section": "maryam",
    "answers": [
      {
        "answer": "كَذِبًا مَحضًا ليس فيه صِدقٌ",
        "t": 0
      },
      {
        "answer": "عظيمًا ومنكَرًا",
        "t": 1
      },
      {
        "answer": "زُورًا وبُهتانًا",
        "t": 0
      }
    ]
  },
  {
    "id": 1089,
    "q": "يومُ الحسرةِ في قولِه تعالى: {وَأَنْذِرْهُمْ يَوْمَ الْحَسْرَةِ}:",
    "level": 1,
    "link": "https://www.dorar.net/tafseer/19/7#tt4",
    "section": "maryam",
    "answers": [
      {
        "answer": "يومُ غَزوة بدْرٍ",
        "t": 0
      },
      {
        "answer": "يومُ الخَندَق",
        "t": 0
      },
      {
        "answer": "يومُ القيامةِ",
        "t": 1
      }
    ]
  },
  {
    "id": 1100,
    "q": "المقصودُ بقوله تعالى: {وَإِنِّي خِفْتُ الْمَوَالِيَ مِنْ وَرَائِي}:",
    "level": 1,
    "link": "https://www.dorar.net/tafseer/19/1#tt4",
    "section": "maryam",
    "answers": [
      {
        "answer": "أي: خاف أن يُضيِّعَ أقاربُه من بعْدِ موتِه الدِّينَ والعلمَ",
        "t": 1
      },
      {
        "answer": "أي: خاف على أقاربِه من بعْدِه مِن الفقر والحاجَةِ",
        "t": 0
      },
      {
        "answer": "أي: خاف مِن أقاربِه فلم يُبلِّغْ رسالةَ الله",
        "t": 0
      }
    ]
  },
  {
    "id": 1081,
    "q": "معنى (رَضِيًّا) في قولِه تعالى: {وَاجْعَلْهُ رَبِّ رَضِيًّا}:",
    "level": 1,
    "link": "https://www.dorar.net/tafseer/19/1#tt7",
    "section": "maryam",
    "answers": [
      {
        "answer": "كريمًا",
        "t": 0
      },
      {
        "answer": "مَرضيًّا في أخلاقِه وأفعالِه",
        "t": 1
      },
      {
        "answer": "نبيًّا مُرسَلًا",
        "t": 0
      }
    ]
  }
]