[
  {
    "id": 1129,
    "q": "في قوله تعالى: {فَتَكُونَ لِلشَّيْطَانِ وَلِيًّا}:",
    "level": 3,
    "link": "https://www.dorar.net/tafseer/19/8#tt18",
    "section": "maryam",
    "answers": [
      {
        "answer": "كنَّى بالولايةِ عن المقارَنةِ في المصيرِ",
        "t": 1
      },
      {
        "answer": "استعارةٌ تَصريحيةٌ",
        "t": 0
      },
      {
        "answer": "تَشبيهٌ بليغٌ",
        "t": 0
      }
    ]
  },
  {
    "id": 1128,
    "q": "(عصيًّا) في قولِه تعالى: {إِنَّ الشَّيْطَانَ كَانَ لِلرَّحْمَنِ عَصِيًّا}:",
    "level": 3,
    "link": "https://www.dorar.net/tafseer/19/8#tt18",
    "section": "maryam",
    "answers": [
      {
        "answer": "اسم إنَّ",
        "t": 0
      },
      {
        "answer": "اسمُ كان",
        "t": 0
      },
      {
        "answer": "مِن صِيَغ المبالَغةِ في العصيانِ",
        "t": 1
      }
    ]
  },
  {
    "id": 1138,
    "q": "(كم) في قولِه تعالى: {وَكَمْ أَهْلَكْنَا قَبْلَهُمْ مِنْ قَرْنٍ}:",
    "level": 3,
    "link": "https://www.dorar.net/tafseer/19/13#tt18",
    "section": "maryam",
    "answers": [
      {
        "answer": "مبتدأٌ",
        "t": 0
      },
      {
        "answer": "حرفٌ لا محلَّ له من الإعرابَ",
        "t": 0
      },
      {
        "answer": "مفعولٌ به",
        "t": 1
      }
    ]
  },
  {
    "id": 1137,
    "q": "في قولِه تعالى: {قُلْ مَنْ كَانَ فِي الضَّلَالَةِ فَلْيَمْدُدْ لَهُ الرَّحْمَنُ مَدًّا} حُجةٌ على:",
    "level": 3,
    "link": "https://www.dorar.net/tafseer/19/13#tt17",
    "section": "maryam",
    "answers": [
      {
        "answer": "المُرجئةِ الذين يقولون: إنَّ الإيمانَ هو التصديقُ والقولُ فقطْ",
        "t": 0
      },
      {
        "answer": "المعتزلةِ والقدَرِية فيما يَزعُمون من أنَّ أفعالَ العِباد لا صُنْعَ لله فيها بَتَّةَ",
        "t": 1
      },
      {
        "answer": "الجَبْريةِ الذين يقولون: إنَّ العبدَ مُجبَرٌ على أفعالِه",
        "t": 0
      }
    ]
  },
  {
    "id": 1124,
    "q": "في قوله تعالى: {إِذْ قَالَ لِأَبِيهِ يَا أَبَتِ لِمَ تَعْبُدُ مَا لَا يَسْمَعُ وَلَا يُبْصِرُ وَلَا يُغْنِي عَنْكَ شَيْئًا} حُجةٌ على:",
    "level": 3,
    "link": "https://www.dorar.net/tafseer/19/8#tt17",
    "section": "maryam",
    "answers": [
      {
        "answer": "المعتزلةِ والجَهميةِ؛ إذ لا  يُنْكِرُ إبراهيمُ على أبيه ما لا يَسمَعُ ولا يُبصِرُ، إلَّا ومعبودُه يُبصِرُ ويَسمعُ ويُغني عن كلِّ شَيءٍ",
        "t": 1
      },
      {
        "answer": "مَن قال: إن إبراهيمَ كان نصرانيًّا",
        "t": 0
      },
      {
        "answer": "مَن قال: إنَّ إبراهيمَ كان يهوديًّا",
        "t": 0
      }
    ]
  },
  {
    "id": 1134,
    "q": "المقصودُ بإسرائيلَ وذُرِّيته في قولِه تعالى: {وَمِنْ ذُرِّيَّةِ إِبْرَاهِيمَ وَإِسْرَائِيلَ}:",
    "level": 3,
    "link": "https://www.dorar.net/tafseer/19/9#tt4",
    "section": "maryam",
    "answers": [
      {
        "answer": "إبراهيمُ ومُوسى، وهارونُ، وزكريَّا عليهم السلامُ",
        "t": 0
      },
      {
        "answer": "يَعقوبُ، وذُريتُه هم مُوسى، وهارونُ، وزكريَّا، ويَحيى، وعِيسى ابنُ مريمَ عليهم السلامُ",
        "t": 1
      },
      {
        "answer": "إسماعيلُ ويوسفُ ومحمَّد صلَّى الله عليهمْ",
        "t": 0
      }
    ]
  },
  {
    "id": 1121,
    "q": "معنى (أعتَزِلُكم) في قولِه تعالى: {وَأَعْتَزِلُكُمْ وَمَا تَدْعُونَ مِنْ دُونِ اللَّهِ}:",
    "level": 3,
    "link": "https://www.dorar.net/tafseer/19/8#tt4",
    "section": "maryam",
    "answers": [
      {
        "answer": "أصبِرُ عليكم",
        "t": 0
      },
      {
        "answer": "أُخبِركم",
        "t": 0
      },
      {
        "answer": "أجْتنِبُكم",
        "t": 1
      }
    ]
  },
  {
    "id": 1125,
    "q": "في قوله تعالى: {فَلَمَّا اعْتَزَلَهُمْ وَمَا يَعْبُدُونَ مِنْ دُونِ اللَّهِ وَهَبْنَا لَهُ إِسْحَاقَ وَيَعْقُوبَ وَكُلًّا جَعَلْنَا نَبِيًّا...} دلالةٌ على:",
    "level": 3,
    "link": "https://www.dorar.net/tafseer/19/8#tt17",
    "section": "maryam",
    "answers": [
      {
        "answer": "أنَّ اعتزالَ إبراهيمَ لهم كان سببُه أن يَرزُقَه الله إسحاقَ ويعقوبَ",
        "t": 0
      },
      {
        "answer": "أنَّ إبراهيمَ اعتزَل الكلامَ مع قومهِ وأرسَلَ لهم إسحاقَ ويعقوبَ",
        "t": 0
      },
      {
        "answer": "أنَّ طاعة المؤمنِ تُثمِرُ له الثوابَ في الدُّنيا والآخرةِ",
        "t": 1
      }
    ]
  },
  {
    "id": 1139,
    "q": "في قوله تعالى: {يَوْمَ نَحْشُرُ الْمُتَّقِينَ إِلَى الرَّحْمَنِ وَفْدًا} ردٌّ على:",
    "level": 3,
    "link": "https://www.dorar.net/tafseer/19/15#tt17",
    "section": "maryam",
    "answers": [
      {
        "answer": "مَن يقول: إنَّ الله جلَّ جلالُه بنفْسِه في كلِّ مكانٍ",
        "t": 1
      },
      {
        "answer": "الشِّيعة الذين يقولون بأُلوهيةِ عليٍّ رَضِي الله عنه",
        "t": 0
      },
      {
        "answer": "المُعتزِلةِ الذين يقولون: إنَّ مُرتكبَ الكبيرةِ مُخلَّدٌ في النارِ",
        "t": 0
      }
    ]
  },
  {
    "id": 1135,
    "q": "قوله تعالى: {هَلْ تَعْلَمُ لَهُ سَمِيًّا}:",
    "level": 3,
    "link": "https://www.dorar.net/tafseer/19/11#tt4",
    "section": "maryam",
    "answers": [
      {
        "answer": "أي: هلْ تَعلم مَن يَتسمَّى بأسماءِ الله",
        "t": 0
      },
      {
        "answer": "أي: لا يَعلَمُ أسماءَ الله أحدٌ",
        "t": 0
      },
      {
        "answer": "أي: أنه لا مَثيلَ ولا شَبيهَ له في صِفاتِه وأسمائهِ",
        "t": 1
      }
    ]
  },
  {
    "id": 1133,
    "q": "المقصود بالذُّرِّية في قولِه تعالى: {وَمِنْ ذُرِّيَّةِ إِبْرَاهِيمَ وَإِسْرَائِيلَ}:",
    "level": 3,
    "link": "https://www.dorar.net/tafseer/19/9#tt4",
    "section": "maryam",
    "answers": [
      {
        "answer": "إسماعيلُ، وإسحاقُ، ويعقوبُ عليهم السلامُ",
        "t": 1
      },
      {
        "answer": "يُوسف ومحمَّد عليهما السلامُ",
        "t": 0
      },
      {
        "answer": "يُوسف ومُوسى وعِيسى عليهم السلامُ",
        "t": 0
      }
    ]
  },
  {
    "id": 1123,
    "q": "المقصودُ بقوله تعالى: {فَلَمَّا اعْتَزَلَهُمْ وَمَا يَعْبُدُونَ مِنْ دُونِ اللَّهِ وَهَبْنَا لَهُ إِسْحَاقَ وَيَعْقُوبَ}:",
    "level": 3,
    "link": "https://www.dorar.net/tafseer/19/8#tt4",
    "section": "maryam",
    "answers": [
      {
        "answer": "فلمَّا دعا قومَه إلى عِبادة الله كافأْناه بابنِه يعقوبَ وحفيدِه إسحاقَ",
        "t": 0
      },
      {
        "answer": "فلمَّا اجتنَب إبراهيمُ قومَه، واجتنَبَ عبادةَ أصنامِهم وهاجَرَ؛ رزقْناه ابنَه إسحاقَ وحفيدَه يعقوبَ",
        "t": 1
      },
      {
        "answer": "فلما آمَن أبوهُ آزرُ رزقْنا إسحاقَ وحفيدَه يعقوبَ النُّبوة",
        "t": 0
      }
    ]
  },
  {
    "id": 1122,
    "q": "المقصود بقولِه تعالى: {عَسَى أَلَّا أَكُونَ بِدُعَاءِ رَبِّي شَقِيًّا}:",
    "level": 3,
    "link": "https://www.dorar.net/tafseer/19/8#tt4",
    "section": "maryam",
    "answers": [
      {
        "answer": "يدْعو ربَّه أن يكونَ من السُّعداء؛ لأنه كان شقيًّا",
        "t": 0
      },
      {
        "answer": "أرْجو ألَّا أشْقى بدُعائي لربِّي",
        "t": 1
      },
      {
        "answer": "يَدْعو أن يَتقبَّل الله أعمالَه",
        "t": 0
      }
    ]
  },
  {
    "id": 1131,
    "q": "ضَمير جماعةِ المخاطَبين في: {وَأَعْتَزِلُكُمْ} من قولِه تعالى: {وَأَعْتَزِلُكُمْ وَمَا تَدْعُونَ مِنْ دُونِ اللَّهِ} عائدٌ إلى:",
    "level": 3,
    "link": "https://www.dorar.net/tafseer/19/8#tt18",
    "section": "maryam",
    "answers": [
      {
        "answer": "أبي إبراهيمَ وقومِه",
        "t": 1
      },
      {
        "answer": "قومِ هودٍ",
        "t": 0
      },
      {
        "answer": "ملِكِ مصرَ وحاشيتِه",
        "t": 0
      }
    ]
  },
  {
    "id": 1132,
    "q": "الكتاب في قولِه تعالى: {وَاذْكُرْ فِي الْكِتَابِ مُوسَى}:",
    "level": 3,
    "link": "https://www.dorar.net/tafseer/19/9#tt4",
    "section": "maryam",
    "answers": [
      {
        "answer": "القرآنُ",
        "t": 1
      },
      {
        "answer": "الإنجيلُ",
        "t": 0
      },
      {
        "answer": "التَّوراة",
        "t": 0
      }
    ]
  },
  {
    "id": 1126,
    "q": "مُناسبة قولِه: {وَاذْكُرْ فِي الْكِتَابِ إِبْرَاهِيمَ إِنَّهُ كَانَ صِدِّيقًا نَبِيًّا} لِما قبْله:",
    "level": 3,
    "link": "https://www.dorar.net/tafseer/19/8#tt18",
    "section": "maryam",
    "answers": [
      {
        "answer": "لَمَّا بيَّن تعالى ضَلالَ مَن أثبَتَ مَعبودًا غيرَ اللهِ جمادًا، تكلَّمَ في ضَلالِ مَن أثبَتَ مَعبودًا غيرَ اللهِ حَيًّا عاقِلًا فاهِمًا",
        "t": 0
      },
      {
        "answer": "لما قرَّر له أنَّ عبادتَه الأصنامَ اتِّباعٌ لأمرِ الشَّيطانِ، انْتَقَل إلى تَوَقُّعِ حرمانِه مِنْ رحمةِ اللَّهِ",
        "t": 0
      },
      {
        "answer": "لَمَّا بيَّن تعالى ضَلالَ مَن أثبَتَ مَعبودًا غيرَ اللهِ حَيًّا عاقِلًا فاهِمًا،  تكلَّمَ في ضَلالِ مَن أثبَتَ مَعبودًا غيرَ اللهِ جمادًا",
        "t": 1
      }
    ]
  },
  {
    "id": 1140,
    "q": "كلمةُ (يوْم) في قولِه تعالى: {يَوْمَ نَحْشُرُ الْمُتَّقِينَ إِلَى الرَّحْمَنِ وَفْدًا}",
    "level": 3,
    "link": "https://www.dorar.net/tafseer/19/15#tt18",
    "section": "maryam",
    "answers": [
      {
        "answer": "مفعولٌ به",
        "t": 0
      },
      {
        "answer": "مَنصوبٌ على الظَّرفيةِ بفعلٍ مُؤخَّر مَحذوف",
        "t": 1
      },
      {
        "answer": "مبتدأٌ",
        "t": 0
      }
    ]
  },
  {
    "id": 1136,
    "q": "الاستفهامُ في قولِه تعالى: {أَوَلَا يَذْكُرُ الْإِنْسَانُ أَنَّا خَلَقْنَاهُ مِنْ قَبْلُ وَلَمْ يَكُ شَيْئًا}:",
    "level": 3,
    "link": "https://www.dorar.net/tafseer/19/12#tt18",
    "section": "maryam",
    "answers": [
      {
        "answer": "إنكارٌ وتعجُّب",
        "t": 1
      },
      {
        "answer": "حقيقيٌّ",
        "t": 0
      },
      {
        "answer": "تقريريٌّ",
        "t": 0
      }
    ]
  },
  {
    "id": 1130,
    "q": "اللامُ في (لَئِن) من قوله تعالى: {لَئِنْ لَمْ تَنْتَهِ لَأَرْجُمَنَّكَ}:",
    "level": 3,
    "link": "https://www.dorar.net/tafseer/19/8#tt18",
    "section": "maryam",
    "answers": [
      {
        "answer": "زائدةٌ",
        "t": 0
      },
      {
        "answer": "موطِّئة للقسَم",
        "t": 1
      },
      {
        "answer": "لامُ الجرِّ",
        "t": 0
      }
    ]
  },
  {
    "id": 1127,
    "q": "في قوله تعالى: {لِمَ تَعْبُدُ مَا لَا يَسْمَعُ وَلَا يُبْصِرُ وَلَا يُغْنِي عَنْكَ شَيْئًا}:",
    "level": 3,
    "link": "https://www.dorar.net/tafseer/19/8#tt18",
    "section": "maryam",
    "answers": [
      {
        "answer": "تَشبيهٌ تامٌّ",
        "t": 0
      },
      {
        "answer": "تشبيهٌ تَمثيلي",
        "t": 0
      },
      {
        "answer": "كنايةٌ عن التَّعجيزِ عن إبداءِ المسؤولِ عنه",
        "t": 1
      }
    ]
  }
]