[
  {
    "id": 2081,
    "q": "إذا اجتَمَعتِ العَقيقةُ والأُضحِيةُ",
    "level": 2,
    "link": "https://www.dorar.net/feqhia/3914/المبحث-الأول:-حكم-اجتماع-العقيقة-مع-الأضحية-في-وقت-واحد",
    "section": "figh-said",
    "answers": [
      {
        "answer": "لا تُجزِئُ عَنهُما ذَبيحةٌ واحِدةٌ",
        "t": 1
      },
      {
        "answer": "أجزَأَت عَنهُما ذَبيحةٌ واحِدةٌ",
        "t": 0
      },
      {
        "answer": "يَجِبُ تَأخيرُ الأُضحِيَة",
        "t": 0
      }
    ]
  },
  {
    "id": 2074,
    "q": "سَلخُ الذَّبيحةِ وقَطعُ عُضوٍ منها قَبلَ أن تَبرُدَ",
    "level": 2,
    "link": "https://www.dorar.net/feqhia/3731/المطلب-الرابع:-سلخ-الذبيحة-أو-قطع-عضو-منها-قبل-أن-تبرد",
    "section": "figh-said",
    "answers": [
      {
        "answer": "يُشرَعُ",
        "t": 0
      },
      {
        "answer": "يُكرَهُ",
        "t": 1
      },
      {
        "answer": "يُستحَبُّ",
        "t": 0
      }
    ]
  },
  {
    "id": 2075,
    "q": "أكلُ الذَّبيحةُ المُغَلْصَمةُ:",
    "level": 2,
    "link": "https://www.dorar.net/feqhia/3614/المبحث-الثالث:-الذبيحة-المغلصمة",
    "section": "figh-said",
    "answers": [
      {
        "answer": "يَحِلُّ أكلُها",
        "t": 1
      },
      {
        "answer": "لا يَجوزُ أكلُها",
        "t": 0
      },
      {
        "answer": "يُكرَه أكلُها",
        "t": 0
      }
    ]
  },
  {
    "id": 2068,
    "q": "صَعقُ الحَيَوانِ بالكَهرَباءِ ثم ذَبْحُه",
    "level": 2,
    "link": "https://www.dorar.net/feqhia/3706/المبحث-الرابع:-صعق-الحيوان-بالكهرباء-قبل-ذبحه",
    "section": "figh-said",
    "answers": [
      {
        "answer": "يَجوزُ إذا كانت فيه حَياةٌ بَعدَ الصَّعقِ، ولم تَضُرَّ الكَهرَباءُ لَحْمَه بَعدَها",
        "t": 1
      },
      {
        "answer": "يَجوزُ مُطلَقًا",
        "t": 0
      },
      {
        "answer": "لا يَجوزُ مُطلَقًا",
        "t": 0
      }
    ]
  },
  {
    "id": 2073,
    "q": "الذَّبحُ بآلةٍ غَيرِ حادَّةٍ",
    "level": 2,
    "link": "https://www.dorar.net/feqhia/3729/المطلب-الثالث:-الذبح-بآلة-كالة-غير-حادة",
    "section": "figh-said",
    "answers": [
      {
        "answer": "يَجوزُ ولا تَحِلُّ الذَّبيحةُ",
        "t": 0
      },
      {
        "answer": "لا يَجوزُ، ولا تَحِلُّ الذَّبيحةُ",
        "t": 0
      },
      {
        "answer": "يُكرَهُ وتَحِلُّ الذَّبيحةُ",
        "t": 1
      }
    ]
  },
  {
    "id": 2080,
    "q": "العَقيقةُ عنِ اليَتيمِ",
    "level": 2,
    "link": "https://www.dorar.net/feqhia/3909/المبحث-الأول:-العقيقة-عن-اليتيم",
    "section": "figh-said",
    "answers": [
      {
        "answer": "يُعَقُّ عنه من مالِه",
        "t": 1
      },
      {
        "answer": "يُشرَعُ العَقيقةُ عنه من مالِ أقرِبائِه",
        "t": 0
      },
      {
        "answer": "لا يُشرَعُ العَقيقةُ عنه",
        "t": 0
      }
    ]
  },
  {
    "id": 2078,
    "q": "من شُروطِ العَقيقةِ والأُضحِيةِ",
    "level": 2,
    "link": "https://www.dorar.net/feqhia/3879/المطلب-الأول:-يشترط-في-العقيقة-ما-يشترط-في-الأضحية",
    "section": "figh-said",
    "answers": [
      {
        "answer": "لا عَلاقةَ لأحَدِهِما بالآخَرِ",
        "t": 0
      },
      {
        "answer": "يُشترَطُ في العَقيقةِ ما يُشتَرَطُ في الأُضحِيةِ",
        "t": 1
      },
      {
        "answer": "يُستحَبُّ في العَقيقةِ ما يُشتَرَطُ في الأُضحِيةِ",
        "t": 0
      }
    ]
  },
  {
    "id": 2063,
    "q": "الكِتابيُّ إذا انتَقَلَ إلى دِينٍ كتابيٍّ آخَرَ، والكافِرُ إذا دَخَل في دِينِ أهلِ الكِتابِ",
    "level": 2,
    "link": "https://www.dorar.net/feqhia/3675/الفرع-الرابع:-ذبيحة-الكتابي-أو-غير-الكتابي-إذا-انتقل-إلى-دين-كتابي",
    "section": "figh-said",
    "answers": [
      {
        "answer": "لا يَجوزُ أكلُ ذَبيحَتِهما",
        "t": 0
      },
      {
        "answer": "يَجوز أكلُ ذَبيحةِ الكافِر إذا دخَلَ في دِينِ أهلِ الكِتابِ فحَسبُ",
        "t": 0
      },
      {
        "answer": "يَجوزُ أكلُ ذَبيحَتِهما",
        "t": 1
      }
    ]
  },
  {
    "id": 2079,
    "q": "الذي يَعُقُّ عنِ المَولودِ",
    "level": 2,
    "link": "https://www.dorar.net/feqhia/3883/المبحث-الثاني:-من-يعق-عن-المولود؟",
    "section": "figh-said",
    "answers": [
      {
        "answer": "الجَدُّ",
        "t": 0
      },
      {
        "answer": "الأبُ أو مَن يَقومُ مَقامَه",
        "t": 1
      },
      {
        "answer": "الأمُّ",
        "t": 0
      }
    ]
  },
  {
    "id": 2076,
    "q": "العَقيقةُ عنِ التَّوأمِ",
    "level": 2,
    "link": "https://www.dorar.net/feqhia/3872/المطلب-الثالث:-هل-تكفي-عقيقة-واحدة-عن-توءمين؟",
    "section": "figh-said",
    "answers": [
      {
        "answer": "تُجزِئُ عَقيقةٌ واحِدةٌ إن كانا بِنتَينِ",
        "t": 0
      },
      {
        "answer": "لكُلِّ مَولوٍد عَقيقَتُه",
        "t": 1
      },
      {
        "answer": "تُجزِئُ عَقيقةٌ واحِدةٌ عَنهُما",
        "t": 0
      }
    ]
  },
  {
    "id": 2066,
    "q": "لو سَمَّى غَيرُ الذابِحِ عِندَ التَّذكِيةِ",
    "level": 2,
    "link": "https://www.dorar.net/feqhia/3698/المطلب-الرابع:-أن-تكون-التسمية-من-الذابح-لا-من-غيره",
    "section": "figh-said",
    "answers": [
      {
        "answer": "جازَ وكُرِهَ الأكلُ منها",
        "t": 0
      },
      {
        "answer": "جازَ وحَصَلَ المَقصودُ",
        "t": 0
      },
      {
        "answer": "المُعتَبَرُ تَسمِيةُ الذَّابِحِ",
        "t": 1
      }
    ]
  },
  {
    "id": 2071,
    "q": "إيضاحُ مَحَلِّ الذَّبحِ",
    "level": 2,
    "link": "https://www.dorar.net/feqhia/3722/المطلب-الخامس:-إيضاح-محل-الذبح",
    "section": "figh-said",
    "answers": [
      {
        "answer": "يُوضِّحُ المَحَلَّ ويَتبَيَّنُه ويَتفَقَّدُ المَوضِعَ",
        "t": 1
      },
      {
        "answer": "يَتحَرَّى ويَذبَحُ بلا إيضاحٍ",
        "t": 0
      },
      {
        "answer": "ليس بمَطلوبٍ",
        "t": 0
      }
    ]
  },
  {
    "id": 2064,
    "q": "ذَبيحةُ المُحرِمِ مِن صَيدِ البَرِّ",
    "level": 2,
    "link": "https://www.dorar.net/feqhia/3666/الفرع-التاسع:-حكم-ما-ذبحه-المحرم-من-صيد-البر",
    "section": "figh-said",
    "answers": [
      {
        "answer": "يَجوزُ أكلُها لغَيرِ المُحرِمِ",
        "t": 0
      },
      {
        "answer": "يَجوزُ أكلُها لغَيرِ أهلِ الحَرَمِ",
        "t": 0
      },
      {
        "answer": "يَحرُم أكلُها",
        "t": 1
      }
    ]
  },
  {
    "id": 2072,
    "q": "إحدادُ السِّكِّينِ أمامَ الحَيَوانِ",
    "level": 2,
    "link": "https://www.dorar.net/feqhia/3725/المطلب-الأول:-إحداد-السكين-بين-يدي-الحيوان-قبل-ذبحه",
    "section": "figh-said",
    "answers": [
      {
        "answer": "يَجوزُ بشَرطِ سُرعةِ الذَّبحِ",
        "t": 0
      },
      {
        "answer": "لا شَيءَ فيه",
        "t": 0
      },
      {
        "answer": "يُكرَهُ",
        "t": 1
      }
    ]
  },
  {
    "id": 2065,
    "q": "نيَّةُ الذَّكاةِ عِندَ الذَّبحِ",
    "level": 2,
    "link": "https://www.dorar.net/feqhia/3689/المبحث-الثاني:-نية-المذكي",
    "section": "figh-said",
    "answers": [
      {
        "answer": "تُستحَبُّ",
        "t": 0
      },
      {
        "answer": "شَرطٌ للحِلِّ",
        "t": 1
      },
      {
        "answer": "لا تُشتَرَطُ",
        "t": 0
      }
    ]
  },
  {
    "id": 2077,
    "q": "من حِكَمِ العَقيقةِ:",
    "level": 2,
    "link": "https://www.dorar.net/feqhia/3874/المبحث-الثاني:-الحكمة-من-العقيقة",
    "section": "figh-said",
    "answers": [
      {
        "answer": "إثباتُ النَّسَبِ",
        "t": 1
      },
      {
        "answer": "ذَبحُ الهَدْيِ",
        "t": 0
      },
      {
        "answer": "الاحتِفالُ",
        "t": 0
      }
    ]
  },
  {
    "id": 2067,
    "q": "لو سَمَّى الذَّابِحُ لا للذَّبحِ ولكن لقِراءةِ القُرآنِ في أثناءِ الذَّبحِ",
    "level": 2,
    "link": "https://www.dorar.net/feqhia/3700/المطلب-الخامس:-أن-يريد-بالتسمية-التسمية-على-الذبيحة",
    "section": "figh-said",
    "answers": [
      {
        "answer": "قِراءةُ القُرآنِ أفضَلُ مِنَ التَّسمِيةِ",
        "t": 0
      },
      {
        "answer": "حصَلَ المَقصودُ مِنَ التَّسمِيةِ",
        "t": 0
      },
      {
        "answer": "يَجِبُ أن تَكونَ التَّسمِيةُ لِقَصدِ الذَّبيحةِ",
        "t": 1
      }
    ]
  },
  {
    "id": 2069,
    "q": "إلقاءُ الحَيَوانِ بعد ذَبحِه في الماءِ الحارِّ لِنَزعِ الرِّيشِ:",
    "level": 2,
    "link": "https://www.dorar.net/feqhia/3710/مطلب:-نتف-الريش-بالماء-الحار",
    "section": "figh-said",
    "answers": [
      {
        "answer": "لا يَجوزُ؛ لِتَعذيبِ الحَيَوانِ",
        "t": 0
      },
      {
        "answer": "يَجوزُ",
        "t": 1
      },
      {
        "answer": "يُكرَهُ لِلمُثلَةٍ",
        "t": 0
      }
    ]
  },
  {
    "id": 2070,
    "q": "سَوْقُ الذَّبيحةِ إلى مَذبَحِها",
    "level": 2,
    "link": "https://www.dorar.net/feqhia/3720/المطلب-الرابع:-سوق-الذبيحة-إلى-المذبح-وإضجاعها-برفق",
    "section": "figh-said",
    "answers": [
      {
        "answer": "لا يُشرَعُ ذلك، بل يَذبَحُها أمامَ نَظيراتِها",
        "t": 0
      },
      {
        "answer": "يُستَحَبُّ سَوْقُها وإضْجاعُها برِفقٍ والإحْسانُ إليها",
        "t": 1
      },
      {
        "answer": "يُكرَهُ سَوْقُها إلى المَذبَحِ",
        "t": 0
      }
    ]
  },
  {
    "id": 2082,
    "q": "حُكمُ تَوزيعِ العَقيقةِ وجَعلِها وَليمةً",
    "level": 2,
    "link": "https://www.dorar.net/feqhia/3923/المبحث-الثالث:-توزيع-العقيقة-وجعلها-وليمة",
    "section": "figh-said",
    "answers": [
      {
        "answer": "يَجِبُ تَوزيعُها مَطبوخةً",
        "t": 0
      },
      {
        "answer": "يَجِبُ إحضارُ النَّاسِ وإطعامُهُم منها في بَيتِ الصَّبيِّ",
        "t": 0
      },
      {
        "answer": "يَجوزُ",
        "t": 1
      }
    ]
  }
]