[
  {
    "id": 2096,
    "q": "التَّسميةُ عِندَ إرسالِ الصَّائدِ أو الرَّميِ",
    "level": 3,
    "link": "https://www.dorar.net/feqhia/3774/المطلب-الأول:-حكم-التسمية-عند-الإرسال-أو-الرمي",
    "section": "figh-said",
    "answers": [
      {
        "answer": "مُستحَبٌّ",
        "t": 0
      },
      {
        "answer": "واجِبٌ لا يَسقُطُ بالسَّهوِ",
        "t": 0
      },
      {
        "answer": "واجِبٌ يَسقُطُ بالسَّهوِ",
        "t": 1
      }
    ]
  },
  {
    "id": 2090,
    "q": "حُكمُ الصَّيدِ للتَّلَهِّي",
    "level": 3,
    "link": "https://www.dorar.net/feqhia/3858/المبحث-الرابع:-الصَّيد-للتلهي",
    "section": "figh-said",
    "answers": [
      {
        "answer": "جائزٌ",
        "t": 0
      },
      {
        "answer": "مَكروهٌ",
        "t": 1
      },
      {
        "answer": "مُحرَّمٌ",
        "t": 0
      }
    ]
  },
  {
    "id": 2102,
    "q": "إذا وجَدَ مَجموعةَ ظِباءٍ ونَوَى صَيدَ أيِّها",
    "level": 3,
    "link": "https://www.dorar.net/feqhia/3796/المبحث-التاسع:-إذا-رمى-الصَّائد-على-مجموعة",
    "section": "figh-said",
    "answers": [
      {
        "answer": "يَجوزُ الأكلُ",
        "t": 1
      },
      {
        "answer": "لم يَأكُلْ لعَدَمِ التَّعيِينِ",
        "t": 0
      },
      {
        "answer": "يَأكُلُ ويُكرَهُ ذلك",
        "t": 0
      }
    ]
  },
  {
    "id": 2089,
    "q": "تَكرارُ التَّعلُّمِ منَ الحَيوانِ الصَّائدِ ثَلاثَ مرَّاتٍ",
    "level": 3,
    "link": "https://www.dorar.net/feqhia/3847/الفرع-السادس:-تكرار-حيوان-الصَّيد-المعلم-ذلك-ثلاث-مرات",
    "section": "figh-said",
    "answers": [
      {
        "answer": "شَرطٌ في التَّعلُّمِ",
        "t": 0
      },
      {
        "answer": "ليس بشَرطٍ",
        "t": 1
      },
      {
        "answer": "شَرطٌ للحَيوانِ دونَ الطَّيرِ",
        "t": 0
      }
    ]
  },
  {
    "id": 2101,
    "q": "إذا سَمِعَ حِسَّ صَيدٍ فأرسَلَ عَليهِ ولم يَرَه",
    "level": 3,
    "link": "https://www.dorar.net/feqhia/3794/المطلب-الثاني:-إذا-سمع-الصَّائد-للصيد-حسا",
    "section": "figh-said",
    "answers": [
      {
        "answer": "لا يَجوزُ أكلُه",
        "t": 0
      },
      {
        "answer": "يَجوزُ أكلُه إن رَماهُ بسَهمٍ لا إن صادَه بكَلبٍ",
        "t": 0
      },
      {
        "answer": "يَجوزُ أكلُه",
        "t": 1
      }
    ]
  },
  {
    "id": 2083,
    "q": "الأسماءُ التي فيها تَزكِيةٌ",
    "level": 3,
    "link": "https://www.dorar.net/feqhia/3946/الفرع-الثاني:-التسمية-بما-فيه-تزكية",
    "section": "figh-said",
    "answers": [
      {
        "answer": "جائزةٌ",
        "t": 0
      },
      {
        "answer": "مُستحَبَّةٌ",
        "t": 0
      },
      {
        "answer": "مَكروهةٌ",
        "t": 1
      }
    ]
  },
  {
    "id": 2098,
    "q": "إرسالُ الصَّائدِ أوِ الرَّميُ لغَيرِ غَرَضِ الصَّيدِ فأصابَت شَيئًا",
    "level": 3,
    "link": "https://www.dorar.net/feqhia/3778/المبحث-الخامس:-إرسال-الجارحة-أو-الآلة-قاصدا-الصَّيد",
    "section": "figh-said",
    "answers": [
      {
        "answer": "لا يَجوزُ أكلُه",
        "t": 1
      },
      {
        "answer": "يُكرَهُ أكلُه",
        "t": 0
      },
      {
        "answer": "يَحِلُّ أكلُه",
        "t": 0
      }
    ]
  },
  {
    "id": 2088,
    "q": "إذا شَرِب الحَيوانُ الصَّائدُ من دَمِ الصَّيدِ",
    "level": 3,
    "link": "https://www.dorar.net/feqhia/3845/الفرع-الخامس:-إذا-شرب-الجارح-من-دم-الصَّيد",
    "section": "figh-said",
    "answers": [
      {
        "answer": "يَجوزُ أكلُه ما لم يأكُلْ منه",
        "t": 1
      },
      {
        "answer": "لا يَجوزُ أكلُه",
        "t": 0
      },
      {
        "answer": "يَجوزُ أكلُه وإن أكَلَ منه",
        "t": 0
      }
    ]
  },
  {
    "id": 2094,
    "q": "غَيرُ المُحرِمِ إذا دلَّ مُحرِمًا على الصَّيدِ",
    "level": 3,
    "link": "https://www.dorar.net/feqhia/3754",
    "section": "figh-said",
    "answers": [
      {
        "answer": "يُكرَهُ",
        "t": 0
      },
      {
        "answer": "يَحرُمُ",
        "t": 1
      },
      {
        "answer": "يَجوزُ",
        "t": 0
      }
    ]
  },
  {
    "id": 2092,
    "q": "صَيدُ الحَرَمِ المَدَنيِّ",
    "level": 3,
    "link": "https://www.dorar.net/feqhia/3745/المطلب-الثالث:-صَيد-الحرم-المدني",
    "section": "figh-said",
    "answers": [
      {
        "answer": "يَحرُمُ أكلُه وصَيدُه",
        "t": 1
      },
      {
        "answer": "يَجوزُ أكلُه ولا يَجوزُ صَيدُه",
        "t": 0
      },
      {
        "answer": "يَجوزُ صَيدُه وأكلُه",
        "t": 0
      }
    ]
  },
  {
    "id": 2095,
    "q": "الأصلُ في الذَّبائِحِ",
    "level": 3,
    "link": "https://www.dorar.net/feqhia/3599/المبحث-الثاني:-الأصل-في-الذبائح",
    "section": "figh-said",
    "answers": [
      {
        "answer": "الحِلُّ، ما لم يَرِدْ دَليلُ الحُرمةِ",
        "t": 0
      },
      {
        "answer": "الحِلُّ أبدًا",
        "t": 0
      },
      {
        "answer": "الحُرمةُ إلَّا ما جاء الدَّليلُ على حِلِّه",
        "t": 1
      }
    ]
  },
  {
    "id": 2099,
    "q": "إذا صادَ صَيدًا ثم مَشَى إليه من غَيرِ عَدْوٍ، فوجَدَه مَيِّتًا",
    "level": 3,
    "link": "https://www.dorar.net/feqhia/3785/المطلب-الثالث:-إذا-مشى-إلى-الصَّيد-من-غير-عدو-فوجده-ميتا",
    "section": "figh-said",
    "answers": [
      {
        "answer": "يُكرَهُ أكلُه",
        "t": 0
      },
      {
        "answer": "لا يَحِلُّ أكلُه لتَباطُئِه",
        "t": 0
      },
      {
        "answer": "يَجوزُ أكلُه",
        "t": 1
      }
    ]
  },
  {
    "id": 2097,
    "q": "وَقتُ التَّسميةِ عندَ الصَّيدِ",
    "level": 3,
    "link": "https://www.dorar.net/feqhia/3776/المطلب-الثاني:-وقت-التسمية-عند-الإرسال-أو-الرمي",
    "section": "figh-said",
    "answers": [
      {
        "answer": "عِندَ الرَّميِ أو إطلاقِ الصَّائدِ",
        "t": 1
      },
      {
        "answer": "عِندَ إصابةِ الصَّيدِ",
        "t": 0
      },
      {
        "answer": "بعدَ إطلاقِ الصَّائدِ",
        "t": 0
      }
    ]
  },
  {
    "id": 2086,
    "q": "مَعنَى التَّعليمِ في الحَيوانِ",
    "level": 3,
    "link": "https://www.dorar.net/feqhia/3837/الفرع-الأول:-أن-يسترسل-إذا-أرسل",
    "section": "figh-said",
    "answers": [
      {
        "answer": "أن يَمكُثَ إذا أرسَلَه الصَّائدُ",
        "t": 0
      },
      {
        "answer": "أن يَستَرسِلَ إذا أُرسِلَ",
        "t": 1
      },
      {
        "answer": "أن يَنطَلِقَ إذا رَأى صَيدًا",
        "t": 0
      }
    ]
  },
  {
    "id": 2093,
    "q": "إذا دلَّ المُحرِمُ غَيرَه على مَكانِ صَيدٍ أو أشارَ عَليهِ",
    "level": 3,
    "link": "https://www.dorar.net/feqhia/3752/الفرع-الثالث:-الصَّيد-بدلالة-المحرم-وإشارته",
    "section": "figh-said",
    "answers": [
      {
        "answer": "يُكرَهُ",
        "t": 0
      },
      {
        "answer": "يَجوزُ",
        "t": 0
      },
      {
        "answer": "يَحرُمُ",
        "t": 1
      }
    ]
  },
  {
    "id": 2091,
    "q": "صَيدُ الحَرَمِ المَكِّيِّ",
    "level": 3,
    "link": "https://www.dorar.net/feqhia/3743/المطلب-الثاني:-صَيد-الحرم-المكي",
    "section": "figh-said",
    "answers": [
      {
        "answer": "حَرامٌ على الكُلِّ بالإجْماعِ",
        "t": 1
      },
      {
        "answer": "الرَّاجِحُ الحُرمةُ على غَيرِ المُحرِمِ",
        "t": 0
      },
      {
        "answer": "حَلالٌ لغَيرِ المُحرِمِ",
        "t": 0
      }
    ]
  },
  {
    "id": 2087,
    "q": "من لَوازِمِ التَّعليمِ في الحَيوانِ الصَّائدِ",
    "level": 3,
    "link": "https://www.dorar.net/feqhia/3839/الفرع-الثاني:-أن-ينزجر-إذا-زجر",
    "section": "figh-said",
    "answers": [
      {
        "answer": "ألَّا يَكُفَّ إلَّا بأنْ يَصيدَ",
        "t": 0
      },
      {
        "answer": "أن يَنزَجِرَ إذا زَجَره الصَّائدُ",
        "t": 1
      },
      {
        "answer": "أن يَكُفَّ بأمرِ الصَّائدِ وغَيرِه",
        "t": 0
      }
    ]
  },
  {
    "id": 2084,
    "q": "الصَّيدُ ببُندُقِ الطِّينِ",
    "level": 3,
    "link": "https://www.dorar.net/feqhia/3825/الفرع-الأول:-الاصطياد-ببندق-الطين",
    "section": "figh-said",
    "answers": [
      {
        "answer": "لا يَجوزُ",
        "t": 1
      },
      {
        "answer": "يَجوزُ",
        "t": 0
      },
      {
        "answer": "يَجوزُ صَيدُ الشَّاةِ دونَ البَهائمِ",
        "t": 0
      }
    ]
  },
  {
    "id": 2085,
    "q": "الصَّيدُ ببُندُقِ الرَّصاصِ",
    "level": 3,
    "link": "https://www.dorar.net/feqhia/3827/الفرع-الثاني:-الاصطياد-ببندق-الرصاص",
    "section": "figh-said",
    "answers": [
      {
        "answer": "يَجوزُ",
        "t": 1
      },
      {
        "answer": "لا يَجوزُ",
        "t": 0
      },
      {
        "answer": "يَجوزُ صَيدُ الشَّاةِ دونَ البَهائمِ",
        "t": 0
      }
    ]
  },
  {
    "id": 2100,
    "q": "رَمَى صَيدًا فأثخَنَه ثمَّ رَماهُ آخَرُ فقَتَله",
    "level": 3,
    "link": "https://www.dorar.net/feqhia/3789/مطلب:-من-رمى-صيدا-فأثخنه،-ثم-رماه-آخر-فقتله",
    "section": "figh-said",
    "answers": [
      {
        "answer": "لا يُؤكَلُ",
        "t": 1
      },
      {
        "answer": "يَأكُلُه الثَّاني دونَ الأوَّلِ",
        "t": 0
      },
      {
        "answer": "يَأكُلانِه معًا",
        "t": 0
      }
    ]
  }
]