[
  {
    "id": 133,
    "q": "المُخاطَبُ في قولِه تعالى: {فَإِنْ حَاجُّوكَ فَقُلْ أَسْلَمْتُ وَجْهِيَ لِلَّهِ وَمَنِ اتَّبَعَنِ}:",
    "level": 1,
    "link": "https://dorar.net/tafseer/3/7",
    "section": "aali-imraan",
    "answers": [
      {
        "answer": "مُوسى عليه السلامُ",
        "t": 0
      },
      {
        "answer": "عِيسى عليه السلامُ",
        "t": 0
      },
      {
        "answer": "مُحمدٌ صلَّى اللهُ عليه وسلَّمَ",
        "t": 1
      }
    ]
  },
  {
    "id": 134,
    "q": "في قولِه تعالى: {ذلِكَ بِأَنَّهُمْ قَالُوا لَنْ تَمَسَّنَا النَّارُ إِلَّا أَيَّامًا مَعْدُودَاتٍ}: القائلُ هُم:",
    "level": 1,
    "link": "https://dorar.net/tafseer/3/9#tt4",
    "section": "aali-imraan",
    "answers": [
      {
        "answer": "اليَهودُ",
        "t": 1
      },
      {
        "answer": "مُشرِكُو قُريَشٍ",
        "t": 0
      },
      {
        "answer": "النَّصارَى",
        "t": 0
      }
    ]
  },
  {
    "id": 136,
    "q": "المقصودُ بقولِه تعالى: {الَّذِينَ أُوتُوا نَصِيبًا مِنَ الْكِتَابِ} هُم:",
    "level": 1,
    "link": "https://dorar.net/tafseer/3/9#tt18",
    "section": "aali-imraan",
    "answers": [
      {
        "answer": "المَجُوسُ",
        "t": 0
      },
      {
        "answer": "المُشرِكونَ",
        "t": 0
      },
      {
        "answer": "اليَهودُ",
        "t": 1
      }
    ]
  },
  {
    "id": 124,
    "q": "قال تعالى: {وَأَنْزَلَ التَّوْرَاةَ وَالْإِنْجِيلَ}، أُنزِلَتِ التَّوراةُ والإنجِيلُ على:",
    "level": 1,
    "link": "https://dorar.net/tafseer/3/1#tt9",
    "section": "aali-imraan",
    "answers": [
      {
        "answer": "موسى وعيسى عليها السلامُ",
        "t": 1
      },
      {
        "answer": "داودَ وسُليمانَ عليهما السلامُ",
        "t": 0
      },
      {
        "answer": "إبراهيمَ وإسماعيلَ عليهما السلامُ",
        "t": 0
      }
    ]
  },
  {
    "id": 128,
    "q": "المقصودُ بقولِه تعالى: {وَأُخَرُ مُتَشَابِهَاتٌ}:",
    "level": 1,
    "link": "https://dorar.net/tafseer/3/2",
    "section": "aali-imraan",
    "answers": [
      {
        "answer": "الآياتُ المُتشابِهةُ في المعنى",
        "t": 0
      },
      {
        "answer": "الآياتُ المُتشابِهةُ في اللفظِ",
        "t": 0
      },
      {
        "answer": "ما احتَملَ منَ التَّأويلِ أَوْجُهًا بحيث يُحتاجُ إلى غيرِها في فَهمِ المرادِ منها",
        "t": 1
      }
    ]
  },
  {
    "id": 127,
    "q": "نَزلَت التَّوْراةُ:",
    "level": 1,
    "link": "https://dorar.net/tafseer/3/1#tt9",
    "section": "aali-imraan",
    "answers": [
      {
        "answer": "دفعةً واحِدَةً",
        "t": 1
      },
      {
        "answer": "ثلاثَ دُفعاتٍ",
        "t": 0
      },
      {
        "answer": "دفعتَينِ مُتتالِيَتينِ",
        "t": 0
      }
    ]
  },
  {
    "id": 130,
    "q": "ما معنى قولِه تعالى: {هُوَ الَّذِي يُصَوِّرُكُمْ فِي الْأَرْحَامِ كَيْفَ يَشَاءُ}:",
    "level": 1,
    "link": "https://dorar.net/tafseer/3/2#tt9",
    "section": "aali-imraan",
    "answers": [
      {
        "answer": "أي: يُحدِّدُ آجالَكم وأرزاقَكم",
        "t": 0
      },
      {
        "answer": "أي: هو الذي يَرزُقُكم في بُطونِ أُمَّهاتِكم",
        "t": 0
      },
      {
        "answer": "أي: يَجعلُكم صُوَرًا في أَرحامِ أمَّهاتِكم على أيِّ كيفيَّةٍ شاءَ",
        "t": 1
      }
    ]
  },
  {
    "id": 126,
    "q": "نزَل القرآنُ:",
    "level": 1,
    "link": "https://dorar.net/tafseer/3/1#tt9",
    "section": "aali-imraan",
    "answers": [
      {
        "answer": "نزلَ مُفرَّقًا شيئًا بعدَ شيءٍ",
        "t": 1
      },
      {
        "answer": "دُفعتَينِ مُتَتاليِتَينِ",
        "t": 0
      },
      {
        "answer": "دُفعَةً واحِدَةً",
        "t": 0
      }
    ]
  },
  {
    "id": 140,
    "q": "في قولِه سُبحانَه: {وَإِنَّمَا تُوَفَّوْنَ أُجُورَكُمْ يَوْمَ الْقِيَامَةِ} بَيَّنَ تعالى أنَّ تمامَ الأجْرِ والثوابِ لا يصِلُ إلى المكلَّفِ إلَّا:",
    "level": 1,
    "link": "https://dorar.net/tafseer/3/53#tt17",
    "section": "aali-imraan",
    "answers": [
      {
        "answer": "يومَ القيامةِ",
        "t": 1
      },
      {
        "answer": "في حياةِ البَرزخِ",
        "t": 0
      },
      {
        "answer": "في الحياةِ الدُّنيا",
        "t": 0
      }
    ]
  },
  {
    "id": 138,
    "q": "قال تعالى: {قَالَ رَبِّ أَنَّى يَكُونُ لِي غُلَامٌ وَقَدْ بَلَغَنِيَ الْكِبَرُ وَامْرَأَتِي عَاقِرٌ}، المقصودُ (بـ: عاقِرٌ):",
    "level": 1,
    "link": "https://dorar.net/tafseer/3/15#tt7",
    "section": "aali-imraan",
    "answers": [
      {
        "answer": "كَبيرةٌ في السِّنِّ",
        "t": 0
      },
      {
        "answer": "عَقيِمٌ لا تَلِدُ",
        "t": 1
      },
      {
        "answer": "ناشِزٌ لا تُطيعُني",
        "t": 0
      }
    ]
  },
  {
    "id": 121,
    "q": "سُمِّيَت سُورتا البقرةِ وآلِ عِمرانَ بـ:",
    "level": 1,
    "link": "https://dorar.net/tafseer/3",
    "section": "aali-imraan",
    "answers": [
      {
        "answer": "الشَّفيعَتَيْنِ",
        "t": 0
      },
      {
        "answer": "الفاتِحتَيْنِ",
        "t": 0
      },
      {
        "answer": "الزَّهْراوَيْنِ",
        "t": 1
      }
    ]
  },
  {
    "id": 131,
    "q": "قال اللهُ تعالى: {قَدْ كَانَ لَكُمْ آيَةٌ فِي فِئَتَيْنِ الْتَقَتَا} المَقصُودُ بالفِئَتينِ:",
    "level": 1,
    "link": "https://dorar.net/tafseer/3/4",
    "section": "aali-imraan",
    "answers": [
      {
        "answer": "المُسلِمونَ والرُّوم",
        "t": 0
      },
      {
        "answer": "المُسلِمونَ ومُشرِكو قُريشٍ",
        "t": 1
      },
      {
        "answer": "اليَهودُ والنَّصارَى",
        "t": 0
      }
    ]
  },
  {
    "id": 132,
    "q": "في قولِه تعالى: {يَرَوْنَهُمْ مِثْلَيْهِمْ رَأْيَ العَيْنِ}: المقصودُ بالرُّؤيَةِ:",
    "level": 1,
    "link": "https://dorar.net/tafseer/3/4",
    "section": "aali-imraan",
    "answers": [
      {
        "answer": "الرُّؤيَةُ البَصَريَّةُ",
        "t": 1
      },
      {
        "answer": "رُؤْيا المَنامِ",
        "t": 0
      },
      {
        "answer": "رُؤيةُ القَلْبِ",
        "t": 0
      }
    ]
  },
  {
    "id": 125,
    "q": "في قولِه تعالى: {اللَّهُ لَا إِلَهَ إِلَّا  هُوَ الْحَيُّ الْقَيُّومُ}:",
    "level": 1,
    "link": "https://dorar.net/tafseer/3/1#tt7",
    "section": "aali-imraan",
    "answers": [
      {
        "answer": "رَدٌّ على المجوس",
        "t": 0
      },
      {
        "answer": "ردٌّ على المشركين وعلى النَّصارى خاصَّة",
        "t": 1
      },
      {
        "answer": "رَدٌّ على المُشرِكينَ الذين قالو: إنَّ محمدًا ساحِرٌ",
        "t": 0
      }
    ]
  },
  {
    "id": 122,
    "q": "سورةُ آلِ عِمرانَ",
    "level": 1,
    "link": "https://dorar.net/tafseer/3",
    "section": "aali-imraan",
    "answers": [
      {
        "answer": "مدنيَّةٌ",
        "t": 1
      },
      {
        "answer": "مكيَّةٌ",
        "t": 0
      },
      {
        "answer": "مُختَلَفٌ فيها",
        "t": 0
      }
    ]
  },
  {
    "id": 129,
    "q": "مَنِ المقصودُ بقولِه تعالى: {الرَّاسِخُونَ في العِلمِ}",
    "level": 1,
    "link": "https://dorar.net/tafseer/3/2",
    "section": "aali-imraan",
    "answers": [
      {
        "answer": "الذين أَتْقَنوا عِلْمَهم ووَعَوْه فحَفِظوه حِفظًا",
        "t": 1
      },
      {
        "answer": "الثَّابِتُونَ في زَمنِ الفِتَنِ",
        "t": 0
      },
      {
        "answer": "المُتعَلِّمونَ إخْلاصًا للهِ بلا رِياءٍ ولا سُمعَةٍ",
        "t": 0
      }
    ]
  },
  {
    "id": 135,
    "q": "قال تعالى: {يُدْعَوْنَ إِلَى كِتَابِ اللَّهِ لِيَحْكُمَ بَيْنَهُمْ} الحُكمُ في كِتابِ اللهِ يَشمَلُ:",
    "level": 1,
    "link": "https://dorar.net/tafseer/3/9#tt17",
    "section": "aali-imraan",
    "answers": [
      {
        "answer": "الأحكامَ العَقديَّةَ",
        "t": 0
      },
      {
        "answer": "العِباداتِ والمُعاملاتِ والأَخلاقَ",
        "t": 1
      },
      {
        "answer": "الأحكامَ الفِقهيَّةَ",
        "t": 0
      }
    ]
  },
  {
    "id": 139,
    "q": "في قولِه تعالى: {إِنَّ أَوَّلَ بَيْتٍ وُضِعَ لِلنَّاسِ لَلَّذِي بِبَكَّةَ} المقصودُ بـ(بَكَّةَ):",
    "level": 1,
    "link": "https://dorar.net/tafseer/3/31#tt7",
    "section": "aali-imraan",
    "answers": [
      {
        "answer": "مَكَّةُ",
        "t": 1
      },
      {
        "answer": "المَدينَةُ",
        "t": 0
      },
      {
        "answer": "بَيتُ المَقدِسِ",
        "t": 0
      }
    ]
  },
  {
    "id": 123,
    "q": "قولُه تعالى: {وَأَنْزَلَ الْفُرْقَانَ}؛ الفُرقانُ هو:",
    "level": 1,
    "link": "https://dorar.net/tafseer/3/1#tt9",
    "section": "aali-imraan",
    "answers": [
      {
        "answer": "الذي يَفرُقُ بَينَ الحقِّ والباطِلِ",
        "t": 1
      },
      {
        "answer": "الذي يَفرُقُ بينَ الجنَّةِ والنارِ",
        "t": 0
      },
      {
        "answer": "الذي يَفرُقُ بينَ السَّماءِ والأرضِ",
        "t": 0
      }
    ]
  },
  {
    "id": 137,
    "q": "المُخاطَبُ في قولِه تعالى: {قُلِ اللَّهُمَّ مالِكَ الْمُلْكِ}:",
    "level": 1,
    "link": "https://dorar.net/tafseer/3/10",
    "section": "aali-imraan",
    "answers": [
      {
        "answer": "مُوسى عليه السلامُ",
        "t": 0
      },
      {
        "answer": "عِيسى عليه السلامُ",
        "t": 0
      },
      {
        "answer": "مُحمدٌ صلَّى اللهُ عليه وسلَّمَ",
        "t": 1
      }
    ]
  }
]