[
  {
    "id": 166,
    "q": "قال تعالى: {الَّذِينَ يُنْفِقُونَ فِي السَّرَّاءِ وَالضَّرَّاءِ}، لماذا أثْنَى اللهُ على مَن أَنفَقَ في الضَّرَّاءِ؟",
    "level": 3,
    "link": "https://dorar.net/tafseer/3/41#tt16",
    "section": "aali-imraan",
    "answers": [
      {
        "answer": "لأنَّ الإنفاقَ في الضَّرَّاءِ هو الذي يَدُلُّ على أنَّ الإنسانَ يُنفِقُ طلبًا للأجرِ، لا زُهْدًا في المالِ",
        "t": 1
      },
      {
        "answer": "لأنَّ الإنفاقَ في الضَّراءِ يحتاجُ إلى عَزيمةٍ لا يَحتاجُ إليها الإنفاقُ في السَّرَّاءِ",
        "t": 0
      },
      {
        "answer": "لأنَّ الإنفاقَ في السَّراءِ لا يُنافِي البُخلَ",
        "t": 0
      }
    ]
  },
  {
    "id": 175,
    "q": "في قولِه تعالى: {إِذْ قَالَ اللَّهُ يَا عِيسَى إِنِّي مُتَوَفِّيكَ وَرَافِعُكَ إِلَيَّ} المقصودُ بـ (مُتَوَفِّيكَ) في هذه الآيةِ:",
    "level": 3,
    "link": "https://dorar.net/tafseer/3/18#tt4",
    "section": "aali-imraan",
    "answers": [
      {
        "answer": "وَفاةَ موتٍ",
        "t": 0
      },
      {
        "answer": "وفاةَ نومٍ",
        "t": 1
      },
      {
        "answer": "ناصِرُكَ",
        "t": 0
      }
    ]
  },
  {
    "id": 165,
    "q": "في قولِه تعالى: {وَإِذْ غَدَوْتَ مِنْ أَهْلِكَ تُبَوِّئُ الْمُؤْمِنِينَ مَقَاعِدَ لِلْقِتَالِ}، الواقِعةُ المَذكُورةُ في الآيةِ هي:",
    "level": 3,
    "link": "https://dorar.net/tafseer/3/39#tt9",
    "section": "aali-imraan",
    "answers": [
      {
        "answer": "يَومُ أُحُدٍ",
        "t": 1
      },
      {
        "answer": "يومُ الخَندَقِ",
        "t": 0
      },
      {
        "answer": "يومُ بَدْرٍ",
        "t": 0
      }
    ]
  },
  {
    "id": 167,
    "q": "قال تعالى: {إِنْ يَمْسَسْكُمْ قَرْحٌ}، المَقصُودُ بـ(القَرْحِ):",
    "level": 3,
    "link": "https://dorar.net/tafseer/3/42#tt7",
    "section": "aali-imraan",
    "answers": [
      {
        "answer": "الجِراحُ",
        "t": 1
      },
      {
        "answer": "الفَقْرُ",
        "t": 0
      },
      {
        "answer": "المَرَضُ",
        "t": 0
      }
    ]
  },
  {
    "id": 180,
    "q": "في قولِه تعالى: {ما كَانَ اللَّهُ لِيَذَرَ المؤْمِنِينَ عَلَى مَا أَنْتُمْ عَلَيْهِ حَتَّى يَمِيزَ الْخَبِيثَ مِنَ الطَّيِّبِ}، وقعَت (حتى) بعدَ (ما كانَ):",
    "level": 3,
    "link": "https://dorar.net/tafseer/3/51#tt18",
    "section": "aali-imraan",
    "answers": [
      {
        "answer": "لإنكارِ اختِلاطِ الطَّيِّبِ بالخَبيثِ",
        "t": 0
      },
      {
        "answer": "للتَّأكيدِ على التَّمييزِ",
        "t": 0
      },
      {
        "answer": "للمُبالَغةِ في النفيِ",
        "t": 1
      }
    ]
  },
  {
    "id": 176,
    "q": "في قولِه تعالى: {كُلَّمَا دَخَلَ عَلَيْهَا زَكَرِيَّا الْمِحْرَابَ وَجَدَ عِنْدَهَا رِزْقًا} المحرابُ هو:",
    "level": 3,
    "link": "https://dorar.net/tafseer/3/14#tt4",
    "section": "aali-imraan",
    "answers": [
      {
        "answer": "مكانُ الخَلْوةِ",
        "t": 0
      },
      {
        "answer": "مَكانُ العِبادةِ",
        "t": 1
      },
      {
        "answer": "مكانُ الجُلوسِ",
        "t": 0
      }
    ]
  },
  {
    "id": 161,
    "q": "معنى قولِه تعالى: {فَلَنْ يُكْفَرُوهُ}:",
    "level": 3,
    "link": "https://dorar.net/tafseer/3/36#tt7",
    "section": "aali-imraan",
    "answers": [
      {
        "answer": "لن يُترَكُوا",
        "t": 0
      },
      {
        "answer": "لن يُحرَمُوه",
        "t": 1
      },
      {
        "answer": "لن يُعاقَبُوا",
        "t": 0
      }
    ]
  },
  {
    "id": 172,
    "q": "في قولِه تعالى: {وَطَائِفَةٌ قَدْ أَهَمَّتْهُمْ أَنْفُسُهُمْ} المقصودُ بطائِفةٍ:",
    "level": 3,
    "link": "https://dorar.net/tafseer/3/45#tt4",
    "section": "aali-imraan",
    "answers": [
      {
        "answer": "اليَهودُ",
        "t": 0
      },
      {
        "answer": "المُنافِقونَ",
        "t": 1
      },
      {
        "answer": "المُشرِكونَ",
        "t": 0
      }
    ]
  },
  {
    "id": 177,
    "q": "سببُ نُزولِ قولِ اللهِ تعالى: {لَقَدْ سَمِعَ اللَّهُ قَوْلَ الَّذِينَ قَالُوا إِنَّ اللَّهَ فَقِيرٌ وَنَحْنُ أَغْنِيَاءُ}، حادِثةٌ حصلَت بينَ أبي بكرٍ الصِّدِّيقِ رَضيَ اللهُ عنه ورجُلٍ كان مِن عُلماءِ اليَهودِ وأَحْبارِهم؛ اسمُه:",
    "level": 3,
    "link": "https://dorar.net/tafseer/3/52#tt4",
    "section": "aali-imraan",
    "answers": [
      {
        "answer": "فِنْحاص",
        "t": 1
      },
      {
        "answer": "يَهُوذا",
        "t": 0
      },
      {
        "answer": "إِسرائيل",
        "t": 0
      }
    ]
  },
  {
    "id": 174,
    "q": "قال اللهُ تعالى: {وَمَا كَانَ لِنَبِيٍّ أَنْ يَغُلَّ}، معنى (يَغُلَّ):",
    "level": 3,
    "link": "https://dorar.net/tafseer/3/47#tt7",
    "section": "aali-imraan",
    "answers": [
      {
        "answer": "يَأخُذَ أُسَراءَ",
        "t": 0
      },
      {
        "answer": "يَفعلُ غيرَ ما أَمرهُ اللهُ بهِ",
        "t": 0
      },
      {
        "answer": "يَخونَ في الغَنائِمِ",
        "t": 1
      }
    ]
  },
  {
    "id": 168,
    "q": "قال اللهُ تعالى: {وَمَا مُحَمَّدٌ إِلَّا رَسُولٌ قَدْ خَلَتْ مِنْ قَبْلِهِ الرُّسُلُ أَفَإِنْ مَاتَ أَوْ قُتِلَ انْقَلَبْتُمْ عَلَى أَعْقَابِكُمْ}، في الآيةِ رَدٌّ على:",
    "level": 3,
    "link": "https://dorar.net/tafseer/3/43#tt17",
    "section": "aali-imraan",
    "answers": [
      {
        "answer": "مَن أنكَر كرامةَ الأنْبياءِ",
        "t": 0
      },
      {
        "answer": "مَنِ ارتَدَّ بعدَ الإيمانِ",
        "t": 0
      },
      {
        "answer": "مَن زعَمَ أنَّ الرَّسولَ ﷺ حَيٌّ في قَبرِه",
        "t": 1
      }
    ]
  },
  {
    "id": 163,
    "q": "المقصودُ بقولِه تعالى: {لَا يَأْلُونَكُمْ خَبَالًا}:",
    "level": 3,
    "link": "https://dorar.net/tafseer/3/38#tt7",
    "section": "aali-imraan",
    "answers": [
      {
        "answer": "لا يَترُكونَكُم وشَأْنَكم",
        "t": 0
      },
      {
        "answer": "لا يُقصِّرونَ في فَسادِ دِينكُم",
        "t": 1
      },
      {
        "answer": "لا يُحِبُّونَ لكمُ الخَيرَ",
        "t": 0
      }
    ]
  },
  {
    "id": 162,
    "q": "قال اللهُ تعالى: {مَثَلُ مَا يُنْفِقُونَ فِي هَذِهِ الْحَيَاةِ الدُّنْيَا كَمَثَلِ رِيحٍ فِيهَا صِرٌّ} المقصودُ بـ(صِرٌّ):",
    "level": 3,
    "link": "https://dorar.net/tafseer/3/37#tt7",
    "section": "aali-imraan",
    "answers": [
      {
        "answer": "رِياحٌ عاصِفةٌ",
        "t": 0
      },
      {
        "answer": "بَرْدٌ شديدٌ",
        "t": 1
      },
      {
        "answer": "حَرارَةٌ شَديدةٌ",
        "t": 0
      }
    ]
  },
  {
    "id": 171,
    "q": "قولُه تعالى: {فَأَثَابَكُمْ غَمًّا بِغَمٍّ}، المقصودُ بالغَمِّ:",
    "level": 3,
    "link": "https://dorar.net/tafseer/3/45#tt4",
    "section": "aali-imraan",
    "answers": [
      {
        "answer": "فَواتُ النَّصرِ والغنائمِ",
        "t": 0
      },
      {
        "answer": "نبأُ مَقتَلِ النَّبيِّ صلَّى اللهُ عليه وسلَّمَ",
        "t": 1
      },
      {
        "answer": "إصابتُكم بالقَتْلِ والجِراحِ",
        "t": 0
      }
    ]
  },
  {
    "id": 173,
    "q": "قال اللهُ تعالى: {يَاأَيُّهَا الَّذِينَ آمَنُوا لَا تَكُونُوا كَالَّذِينَ كَفَرُوا وَقَالُوا لِإِخْوَانِهِمْ} مَنِ المقصودُ بـ(إخوانِهم) في الآيةِ",
    "level": 3,
    "link": "https://dorar.net/tafseer/3/46#tt4",
    "section": "aali-imraan",
    "answers": [
      {
        "answer": "إخوانُهم في النَّسَبِ",
        "t": 0
      },
      {
        "answer": "إخوانُهم في العُروبةِ",
        "t": 0
      },
      {
        "answer": "إخوانُهم من أهلِ الكُفرِ",
        "t": 1
      }
    ]
  },
  {
    "id": 170,
    "q": "في قولِه تعالى: {وَلَقَدْ صَدَقَكُمُ اللَّهُ وَعْدَهُ إِذْ تَحُسُّونَهُمْ بِإِذْنِهِ}، المقصودُ بـ(تَحُسُّونَهُمْ):\n ",
    "level": 3,
    "link": "https://dorar.net/tafseer/3/45#tt7",
    "section": "aali-imraan",
    "answers": [
      {
        "answer": "تَترَبَّصُونَ بِهم",
        "t": 0
      },
      {
        "answer": "تَتجَسَّسُونَ عليهم",
        "t": 0
      },
      {
        "answer": "تَستَأْصِلونَهم قَتلًا",
        "t": 1
      }
    ]
  },
  {
    "id": 164,
    "q": "قال تعالى: {وَإِذْ غَدَوْتَ مِنْ أَهْلِكَ تُبَوِّئُ الْمُؤْمِنِينَ مَقَاعِدَ لِلْقِتَالِ} المقصودُ بـ(غَدَوْتَ):",
    "level": 3,
    "link": "https://dorar.net/tafseer/3/39#tt7",
    "section": "aali-imraan",
    "answers": [
      {
        "answer": "ذَهبتَ وَسطَ النَّهارِ",
        "t": 0
      },
      {
        "answer": "ذَهبتَ أوَّلَ النَّهارِ",
        "t": 1
      },
      {
        "answer": "ذَهبتَ آخِرَ النَّهارِ",
        "t": 0
      }
    ]
  },
  {
    "id": 178,
    "q": "في قولِه تعالى: {فَأَخَذَهُمُ اللَّهُ بِذُنُوبِهِمْ}، ردٌّ على:",
    "level": 3,
    "link": "https://dorar.net/tafseer/3/3",
    "section": "aali-imraan",
    "answers": [
      {
        "answer": "الشِّيعةِ الذين يَعبُدونَ عَلِيًّا",
        "t": 0
      },
      {
        "answer": "القَدَرِيَّةِ الذين لا يُؤمِنونَ بالقَدَرِ",
        "t": 0
      },
      {
        "answer": "الجَبْريَّةِ الَّذين لا يَنسُبونَ فِعلَ العبدِ إليه",
        "t": 1
      }
    ]
  },
  {
    "id": 179,
    "q": "قولُه تعالى: {لَنْ تُغْنِيَ عَنْهُمْ أَمْوَالُهُمْ وَلَا أَوْلَادُهُمْ مِنَ اللهِ شَيْئًا}، لماذا تمَّ تَقدِيمُ الأموالِ على الأوْلادِ:",
    "level": 3,
    "link": "https://dorar.net/tafseer/3/3",
    "section": "aali-imraan",
    "answers": [
      {
        "answer": "لأنَّ العَربَ كانوا يُقدِّمُونَ المالَ على كلِّ شَيءٍ",
        "t": 0
      },
      {
        "answer": "لأنَّ الأموالَ أحَبُّ إلى النَّفسِ مِنَ الأوْلادِ",
        "t": 0
      },
      {
        "answer": "مِن بابِ تَقدِيمِ الأنسَب؛ لأنَّ بالأموالِ قِوامَ ما بعدَها وتَمامَ لَذَّاتِه",
        "t": 1
      }
    ]
  },
  {
    "id": 169,
    "q": "قال اللهُ تعالى: {وَكَأَيِّنْ مِنْ نَبِيٍّ قَاتَلَ مَعَهُ رِبِّيُّونَ كَثِيرٌ}، معنى (رِبِّيُّونَ):",
    "level": 3,
    "link": "https://dorar.net/tafseer/3/44#tt7",
    "section": "aali-imraan",
    "answers": [
      {
        "answer": "جَماعاتٌ كَثيرةٌ",
        "t": 1
      },
      {
        "answer": "مُجاهِدُونَ في سَبيلِ اللهِ",
        "t": 0
      },
      {
        "answer": "علماءُ رَبَّانيُّونَ",
        "t": 0
      }
    ]
  }
]