[
  {
    "id": 153,
    "q": "قولُه تعالى: {ثُمَّ ازْدَادُوا كُفْرًا}، (ثُمَّ) هنا أداةٌ:",
    "level": 2,
    "link": "https://dorar.net/tafseer/3/28#tt18",
    "section": "aali-imraan",
    "answers": [
      {
        "answer": "للعمومِ",
        "t": 0
      },
      {
        "answer": "للحصرِ",
        "t": 0
      },
      {
        "answer": "للتَّراخي",
        "t": 1
      }
    ]
  },
  {
    "id": 154,
    "q": "قال تعالى: {وَلِلَّهِ عَلَى النَّاسِ حِجُّ الْبَيْتِ} اللامُ في قوله تعالَى: {وَلِلهِ}:",
    "level": 2,
    "link": "https://dorar.net/tafseer/3/31#tt17",
    "section": "aali-imraan",
    "answers": [
      {
        "answer": "لامُ التَّعليلِ",
        "t": 0
      },
      {
        "answer": "لامُ المِلْكِ",
        "t": 1
      },
      {
        "answer": "لامُ السَّببِ",
        "t": 0
      }
    ]
  },
  {
    "id": 149,
    "q": "يُقيمُ اللهُ تعالى الحُجَّةَ على النَّصارى الَّذي عبَدوا عيسى عليه السَّلامُ بدَعْوى أنَّه لا أبَ له، بتَشبِيهٍ في خَلْقِهِ بـ:",
    "level": 2,
    "link": "https://dorar.net/tafseer/3/19#tt9",
    "section": "aali-imraan",
    "answers": [
      {
        "answer": "نوحٍ عليه السلامُ",
        "t": 0
      },
      {
        "answer": "موسى عليه السلامُ",
        "t": 0
      },
      {
        "answer": "آدَمَ عليه السلامُ",
        "t": 1
      }
    ]
  },
  {
    "id": 143,
    "q": "قال تعالى: {وَاللَّهُ رَءُوفٌ بِالْعِبَادِ}، معنى (رَءوفٌ):",
    "level": 2,
    "link": "https://dorar.net/tafseer/3/12#tt7",
    "section": "aali-imraan",
    "answers": [
      {
        "answer": "ذُو إِنعامٍ وفَضلٍ",
        "t": 0
      },
      {
        "answer": "واسِع اللُّطف",
        "t": 0
      },
      {
        "answer": "شَديدُ الرَّحمةِ",
        "t": 1
      }
    ]
  },
  {
    "id": 147,
    "q": "الحَوارِيُّونَ هُم:",
    "level": 2,
    "link": "https://dorar.net/tafseer/3/18#tt7",
    "section": "aali-imraan",
    "answers": [
      {
        "answer": "بَنو إسْرائِيلَ",
        "t": 0
      },
      {
        "answer": "أَصفِياءُ عِيسى عليه السَّلامُ",
        "t": 1
      },
      {
        "answer": "أَتْباعُ مُحمدٍ صلَّى اللهُ عليه وسلَّمَ",
        "t": 0
      }
    ]
  },
  {
    "id": 156,
    "q": "قولُه تعالى: {يَا أَيُّهَا الَّذِينَ آمَنُوا إِنْ تُطِيعُوا فَرِيقًا مِنَ الَّذِينَ أُوتُوا الْكِتَابَ يَرُدُّوكُمْ بَعْدَ إِيمَانِكُمْ كَافِرِينَ}، تَصديرُ الحُكْمِ بالنِّداءِ في هذه الآيةِ يَتضمَّنُ:",
    "level": 2,
    "link": "https://dorar.net/tafseer/3/33#tt18",
    "section": "aali-imraan",
    "answers": [
      {
        "answer": "تَنبيهَ المُخاطَبِ",
        "t": 1
      },
      {
        "answer": "التعظيمَ",
        "t": 0
      },
      {
        "answer": "التعجبَ",
        "t": 0
      }
    ]
  },
  {
    "id": 141,
    "q": "في قولِه تعالى: {بِيَدِكَ الخَيْرُ} فيه تقديمٌ وتأخيرٌ؛ يُفيدُ:",
    "level": 2,
    "link": "https://dorar.net/tafseer/3/10#tt18",
    "section": "aali-imraan",
    "answers": [
      {
        "answer": "التغليبَ",
        "t": 0
      },
      {
        "answer": "التَّمامَ",
        "t": 0
      },
      {
        "answer": "الحَصْرَ",
        "t": 1
      }
    ]
  },
  {
    "id": 148,
    "q": "قال تعالى: {وَمَكَرُوا وَمَكَرَ اللَّهُ وَاللَّهُ خَيْرُ الْمَاكِرِينَ}، المَقصُودُ بمَكْرِ اللهِ في الآيةِ:",
    "level": 2,
    "link": "https://dorar.net/tafseer/3/18#tt4",
    "section": "aali-imraan",
    "answers": [
      {
        "answer": "ألْقى اللهُ  شَبَهَ عيسى عليه السَّلامُ على رَجُلٍ آخرَ، فأَخَذوه وقتَلوه، ظنًّا منهم أنَّه عيسى عليه السَّلامُ",
        "t": 1
      },
      {
        "answer": "استِدراجُ اللهِ لهم حيثُ فتحَ عليهِم مِن النِّعَمِ ما كان سببًا في إهلاكهِم بالكُلِّيَّة",
        "t": 0
      },
      {
        "answer": "المكر هو التدبير بإحكام؛ والمقصود به هنا: الأَخذُ على غِرَّة",
        "t": 0
      }
    ]
  },
  {
    "id": 159,
    "q": "في قولِه تعالى: {أَفَمَنِ اتَّبَعَ} الاستفهامُ إنْكاريٌّ، مَعناهُ:",
    "level": 2,
    "link": "https://dorar.net/tafseer/3/48#tt18",
    "section": "aali-imraan",
    "answers": [
      {
        "answer": "التَّعجُّبُ",
        "t": 0
      },
      {
        "answer": "التَّوبِيخُ",
        "t": 0
      },
      {
        "answer": "النَّفْيُ",
        "t": 1
      }
    ]
  },
  {
    "id": 151,
    "q": "في قولِه تعالى: {وَقَالَتْ طَائِفَةٌ مِنْ أَهْلِ الْكِتَابِ آمِنُوا بِالَّذِي أُنْزِلَ عَلَى الَّذِينَ آمَنُوا وَجْهَ النَّهَارِ} المقصودُ بـ(وَجْهَ النَّهارِ):",
    "level": 2,
    "link": "https://dorar.net/tafseer/3/22#tt7",
    "section": "aali-imraan",
    "answers": [
      {
        "answer": "أولَ النهارِ",
        "t": 1
      },
      {
        "answer": "آخِرَ النهارِ",
        "t": 0
      },
      {
        "answer": "وَسطَ النهارِ",
        "t": 0
      }
    ]
  },
  {
    "id": 160,
    "q": "في قولِه تعالى: {وَلاَ تَحْسَبَنَّ الَّذِينَ قُتِلُوا فِي سَبِيلِ اللَّهِ أَمْوَاتًا.. الآيةَ} فيه:",
    "level": 2,
    "link": "https://dorar.net/tafseer/3/49",
    "section": "aali-imraan",
    "answers": [
      {
        "answer": "إثباتُ نَعيمِ البرزَخِ",
        "t": 1
      },
      {
        "answer": "إثباتُ الحشرِ",
        "t": 0
      },
      {
        "answer": "إثباتُ عَذابِ القَبرِ",
        "t": 0
      }
    ]
  },
  {
    "id": 146,
    "q": "في قولِه تعالى: {وَأُبْرِئُ الْأَكْمَهَ} المقصودُ بـ: (الأَكْمَهَ)",
    "level": 2,
    "link": "https://dorar.net/tafseer/3/17#tt7",
    "section": "aali-imraan",
    "answers": [
      {
        "answer": "الأَعْرَجُ",
        "t": 0
      },
      {
        "answer": "الذي يُولَد أَعْمَى",
        "t": 1
      },
      {
        "answer": "الأَعْوَرُ",
        "t": 0
      }
    ]
  },
  {
    "id": 144,
    "q": "قال تعالى: {أَنَّ اللَّهَ يُبَشِّرُكَ بِيَحْيَى مُصَدِّقًا بِكَلِمَةٍ مِنَ اللَّهِ وَسَيِّدًا وَحَصُورًا} معنى (حَصورًا):",
    "level": 2,
    "link": "https://dorar.net/tafseer/3/15#tt7",
    "section": "aali-imraan",
    "answers": [
      {
        "answer": "أي: يَسُودُ قَومَه ويَحمِيهم",
        "t": 0
      },
      {
        "answer": "أي: لا يَأْتِي النساءَ لعفَّتِه واجتهادِه في إزالةِ الشَّهوةِ",
        "t": 1
      },
      {
        "answer": "أي: ذا عِزَّةٍ وحَصانَةٍ",
        "t": 0
      }
    ]
  },
  {
    "id": 155,
    "q": "كلمةُ (عِوَجًا) في قولِه تعالى: {يَا أَهْلَ الْكِتَابِ لِمَ تَصُدُّونَ عَنْ سَبِيلِ اللَّهِ مَنْ آمَنَ تَبْغُونَهَا عِوَجًا} تعني:",
    "level": 2,
    "link": "https://dorar.net/tafseer/3/32",
    "section": "aali-imraan",
    "answers": [
      {
        "answer": "جُحودًا",
        "t": 0
      },
      {
        "answer": "حَربًا",
        "t": 0
      },
      {
        "answer": "زَيْغًا وتَحرِيفًا",
        "t": 1
      }
    ]
  },
  {
    "id": 152,
    "q": "في قولِه تعالى: {أَفَغَيْرَ دِينِ اللهِ يَبْغُونَ} الاستِفهامُ غَرَضُه:",
    "level": 2,
    "link": "https://dorar.net/tafseer/3/26#tt18",
    "section": "aali-imraan",
    "answers": [
      {
        "answer": "التَّعَجُّبُ",
        "t": 0
      },
      {
        "answer": "السُّخريةُ",
        "t": 0
      },
      {
        "answer": "التوبيخُ والتَّحذيرُ",
        "t": 1
      }
    ]
  },
  {
    "id": 145,
    "q": "قال تعالى: {يَا مَرْيَمُ اقْنُتِي لِرَبِّكِ}، المَقصُودُ بالقُنوتِ:",
    "level": 2,
    "link": "https://dorar.net/tafseer/3/16",
    "section": "aali-imraan",
    "answers": [
      {
        "answer": "المُداوَمةُ على الطَّاعةِ",
        "t": 1
      },
      {
        "answer": "صَلاةُ القُنوتِ",
        "t": 0
      },
      {
        "answer": "الدُّعاءُ",
        "t": 0
      }
    ]
  },
  {
    "id": 142,
    "q": "قال تعالى: {لَا يَتَّخِذِ الْمُؤْمِنُونَ الْكَافِرِينَ أَوْلِيَاءَ مِنْ دُونِ الْمُؤْمِنِينَ وَمَنْ يَفْعَلْ ذَلِكَ فَلَيْسَ مِنَ اللَّهِ فِي شَيْءٍ} المقصودُ بقولِه: (فَلَيْسَ مِنَ اللَّهِ فِي شَيْءٍ)",
    "level": 2,
    "link": "https://dorar.net/tafseer/3/11#tt9",
    "section": "aali-imraan",
    "answers": [
      {
        "answer": "أنَّ ذلك ليس مِن عندِ الله",
        "t": 0
      },
      {
        "answer": "أنَّه بَرِيءٌ منهم",
        "t": 1
      },
      {
        "answer": "أنَّه ليس له عندَ اللهِ حُجَّةٌ مَقبُولة",
        "t": 0
      }
    ]
  },
  {
    "id": 150,
    "q": "في قولِه تعالى: {وَدَّتْ طَائِفَةٌ مِنْ أَهْلِ الكِتَابِ...)  (مِن) ها هُنا:",
    "level": 2,
    "link": "https://dorar.net/tafseer/3/21#tt18",
    "section": "aali-imraan",
    "answers": [
      {
        "answer": "للتبْعِيضِ",
        "t": 1
      },
      {
        "answer": "للعُمومِ",
        "t": 0
      },
      {
        "answer": "للقَصْرِ",
        "t": 0
      }
    ]
  },
  {
    "id": 157,
    "q": "قال اللهُ تعالى: {فَأَمَّا الَّذِينَ اسْوَدَّتْ وُجُوهُهُمْ أَكَفَرْتُمْ بَعْدَ إِيمَانِكُمْ فَذُوقُوا الْعَذَابَ بِمَا كُنْتُمْ تَكْفُرُونَ}؛ الوعيدُ هنا:",
    "level": 2,
    "link": "https://dorar.net/tafseer/3/34#tt17",
    "section": "aali-imraan",
    "answers": [
      {
        "answer": "للنَّصارَى الذين آمنُوا بعِيسى وكفرُوا بمحمدٍ ﷺ",
        "t": 0
      },
      {
        "answer": "لِمَن كفَر بعدَ إيمانِه، ولِمَن كان كافرًا أصليًّا",
        "t": 1
      },
      {
        "answer": "لليهودِ الذين أَنكَرُوا صِفةَ النبيِّ مُحمدٍ ﷺ في التَّوراةِ",
        "t": 0
      }
    ]
  },
  {
    "id": 158,
    "q": "حُكمُ المُداراةِ فيما لا يَهدِمُ حقًّا ولا يَبني باطلًا",
    "level": 2,
    "link": "https://dorar.net/tafseer/3/11#tt16",
    "section": "aali-imraan",
    "answers": [
      {
        "answer": "باطِلةٌ لأنَّها شُعبَة مِن النِّفاقِ",
        "t": 0
      },
      {
        "answer": "مُستَحبَّةٌ ما لم تَصِلْ إلى حَدِّ النِّفاقِ",
        "t": 1
      },
      {
        "answer": "مَكرُوهةٌ لِما فيها مِن التَّشبُّه بالمُنافِقين",
        "t": 0
      }
    ]
  }
]