[
  {
    "id": 2677,
    "q": "هو مَعونةٌ على العِبادةِ؛ فإنَّه يُعينُ الإنسانَ على الصِّيامِ:",
    "level": 1,
    "link": "https://www.dorar.net/feqhia/2649",
    "section": "siam",
    "answers": [
      {
        "answer": "النَّومُ",
        "t": 0
      },
      {
        "answer": "الوُضوءُ",
        "t": 0
      },
      {
        "answer": "السُّحورُ",
        "t": 1
      }
    ]
  },
  {
    "id": 2680,
    "q": "استِعمالُ بخَّاخِ الرَّبْوِ في نَهارِ رَمَضانَ:",
    "level": 1,
    "link": "https://www.dorar.net/feqhia/2746",
    "section": "siam",
    "answers": [
      {
        "answer": "لا يُفسِدُ الصَّومَ",
        "t": 1
      },
      {
        "answer": "يُكرَهُ استِعمالُه",
        "t": 0
      },
      {
        "answer": "يُفسِدُ الصَّومَ",
        "t": 0
      }
    ]
  },
  {
    "id": 2691,
    "q": "الاعتِكافُ لغَيرِ العاقِلِ",
    "level": 1,
    "link": "https://www.dorar.net/feqhia/2823",
    "section": "siam",
    "answers": [
      {
        "answer": "مَكروهٌ",
        "t": 0
      },
      {
        "answer": "لا يَصِحُّ",
        "t": 1
      },
      {
        "answer": "مُستحَبٌّ",
        "t": 0
      }
    ]
  },
  {
    "id": 2686,
    "q": "صَومُ يومِ عَرَفةَ لغَيرِ الحاجِّ:",
    "level": 1,
    "link": "https://www.dorar.net/feqhia/2773",
    "section": "siam",
    "answers": [
      {
        "answer": "مُستحَبٌّ",
        "t": 1
      },
      {
        "answer": "مَكروهٌ",
        "t": 0
      },
      {
        "answer": "واجِبٌ",
        "t": 0
      }
    ]
  },
  {
    "id": 2681,
    "q": "ذَوقُ الطَّعامِ بِغَيرِ حاجةٍ",
    "level": 1,
    "link": "https://www.dorar.net/feqhia/2761",
    "section": "siam",
    "answers": [
      {
        "answer": "مُباحٌ",
        "t": 0
      },
      {
        "answer": "حَرامٌ",
        "t": 0
      },
      {
        "answer": "مَكروهٌ",
        "t": 1
      }
    ]
  },
  {
    "id": 2690,
    "q": "إذا أفسَدَ الإنسانُ صَومَه النَّفلَ، فإنَّه:",
    "level": 1,
    "link": "https://www.dorar.net/feqhia/2811",
    "section": "siam",
    "answers": [
      {
        "answer": "يَجِبُ عَليهِ القَضاءُ فَقَط",
        "t": 0
      },
      {
        "answer": "يَجِبُ عَليهِ القَضاءُ والكَفَّارةُ",
        "t": 0
      },
      {
        "answer": "لا يَجِبُ عَليهِ القضاءُ",
        "t": 1
      }
    ]
  },
  {
    "id": 2692,
    "q": "مَن نذَرَ اعتِكافَ يَومٍ، فإنَّه:",
    "level": 1,
    "link": "https://www.dorar.net/feqhia/2861",
    "section": "siam",
    "answers": [
      {
        "answer": "لا يَدخُلُ فيه اللَّيلُ",
        "t": 1
      },
      {
        "answer": "يَدخُلُ فيه نِصفُ اللَّيلُ",
        "t": 0
      },
      {
        "answer": "يَدخُلُ فيه اللَّيلُ",
        "t": 0
      }
    ]
  },
  {
    "id": 2675,
    "q": "وقتُ النِّيَّةِ مِنَ النَّهارِ في صِيامِ التطَوُّعِ:",
    "level": 1,
    "link": "https://www.dorar.net/feqhia/2644",
    "section": "siam",
    "answers": [
      {
        "answer": "تَجِبُ قبلَ طُلوعِ الشَّمسِ",
        "t": 0
      },
      {
        "answer": "يَجوزُ، سواءٌ قبلَ الزَّوالِ أو بَعدَه",
        "t": 1
      },
      {
        "answer": "إلى بعدِ طُلوعِ الشَّمسِ قِيدَ رُمحٍ",
        "t": 0
      }
    ]
  },
  {
    "id": 2684,
    "q": "الاكتِحالُ للصَّائمِ:",
    "level": 1,
    "link": "https://www.dorar.net/feqhia/2763",
    "section": "siam",
    "answers": [
      {
        "answer": "مُباحٌ",
        "t": 1
      },
      {
        "answer": "مُستحَبٌّ",
        "t": 0
      },
      {
        "answer": "مَكروهٌ",
        "t": 0
      }
    ]
  },
  {
    "id": 2671,
    "q": "هو التعبُّدُ للهِ سبحانَه وتَعالَى، بالإمساكِ عنِ الأكلِ والشُّربِ وسائِرِ المُفَطِّراتِ، مِن طُلوعِ الفَجرِ إلى غُروبِ الشَّمسِ:",
    "level": 1,
    "link": "https://www.dorar.net/feqhia/2624",
    "section": "siam",
    "answers": [
      {
        "answer": "الصَّومُ",
        "t": 1
      },
      {
        "answer": "السُّحُور",
        "t": 0
      },
      {
        "answer": "النَّوافِل",
        "t": 0
      }
    ]
  },
  {
    "id": 2672,
    "q": "يَنتَهي زَمنُ الإمساكِ عنِ الطَّعامِ في الصَّومِ:",
    "level": 1,
    "link": "https://www.dorar.net/feqhia/2629",
    "section": "siam",
    "answers": [
      {
        "answer": "بغُروبِ الشَّمسِ",
        "t": 1
      },
      {
        "answer": "بالِانتِهاءِ من أذانِ المَغرِبِ كاملًا",
        "t": 0
      },
      {
        "answer": "باللَّيلِ الدَّامِسِ",
        "t": 0
      }
    ]
  },
  {
    "id": 2689,
    "q": "أيَّامُ التَّشريقِ هي:",
    "level": 1,
    "link": "https://www.dorar.net/feqhia/2789",
    "section": "siam",
    "answers": [
      {
        "answer": "الأيَّامُ القَمريَّة: الثَّالِث عَشَر، والرابِع عَشَر، والخامِس عَشَر مِن كُلِّ شَهرِ",
        "t": 0
      },
      {
        "answer": "الحاديَ عَشَرَ، والثَّانيَ عَشَرَ، والثَّالِثَ عَشَرَ، مِن شَهرِ شوَّالٍ",
        "t": 0
      },
      {
        "answer": "الحاديَ عَشَرَ، والثَّانيَ عَشَرَ، والثَّالِثَ عَشَرَ، مِن شَهرِ ذي الحِجَّةِ",
        "t": 1
      }
    ]
  },
  {
    "id": 2683,
    "q": "التَّطيُّبُ وشَمُّ الرَّوائحِ للصَّائمِ:",
    "level": 1,
    "link": "https://www.dorar.net/feqhia/2763",
    "section": "siam",
    "answers": [
      {
        "answer": "مُباحٌ",
        "t": 1
      },
      {
        "answer": "حَرامٌ ولكن لا يُبطِلُ الصَّومَ",
        "t": 0
      },
      {
        "answer": "يُبطِلُ الصَّومَ",
        "t": 0
      }
    ]
  },
  {
    "id": 2685,
    "q": "صومُ سِتَّةِ أيامٍ مِن شوَّالٍ:",
    "level": 1,
    "link": "https://www.dorar.net/feqhia/2773",
    "section": "siam",
    "answers": [
      {
        "answer": "مَسنونٌ",
        "t": 1
      },
      {
        "answer": "لا يُشرَعُ",
        "t": 0
      },
      {
        "answer": "واجِبٌ",
        "t": 0
      }
    ]
  },
  {
    "id": 2678,
    "q": "إذا أفطَرَتِ الحامِلُ أوِ المرضِعُ خَوفًا على وَلَدَيهِما:",
    "level": 1,
    "link": "https://www.dorar.net/feqhia/2704",
    "section": "siam",
    "answers": [
      {
        "answer": "فعَليهِما القضاءُ، ولا فِديةَ عَليهِما",
        "t": 1
      },
      {
        "answer": "فعَليهِما القضاءُ والفِديةُ",
        "t": 0
      },
      {
        "answer": "فليس عَليهِما شَيءٌ",
        "t": 0
      }
    ]
  },
  {
    "id": 2679,
    "q": "مَن غلَبَه القَيءُ وهو صائمٌ:",
    "level": 1,
    "link": "https://www.dorar.net/feqhia/2723",
    "section": "siam",
    "answers": [
      {
        "answer": "أفطَرَ، ويلزَمُه القَضاءُ، ولا كفَّارةَ عَليهِ",
        "t": 0
      },
      {
        "answer": "لا يُفطِرُ، ولا شَيءَ عَليهِ",
        "t": 1
      },
      {
        "answer": "أفطَرَ، ويُستحَبُّ له أن يُعيدَ",
        "t": 0
      }
    ]
  },
  {
    "id": 2674,
    "q": "مَن أُصيبَ بفِقدانِ الذَّاكرةِ؛ فإنَّه:",
    "level": 1,
    "link": "https://www.dorar.net/feqhia/2636",
    "section": "siam",
    "answers": [
      {
        "answer": "يُستحَبُّ له الصَّومُ",
        "t": 0
      },
      {
        "answer": "لا يَجِبُ عَليهِ الصَّومُ",
        "t": 1
      },
      {
        "answer": "يَجِبُ عَليهِ الصَّومُ",
        "t": 0
      }
    ]
  },
  {
    "id": 2687,
    "q": "هو: سَرْدُ الصَّومِ في جَميعِ الأيَّامِ، إلَّا الأيَّامَ التي لا يصِحُّ صَومُها",
    "level": 1,
    "link": "https://www.dorar.net/feqhia/2776",
    "section": "siam",
    "answers": [
      {
        "answer": "صَومُ الدَّهرِ",
        "t": 1
      },
      {
        "answer": "صَومُ البِدعةِ",
        "t": 0
      },
      {
        "answer": "صَومُ داوُدَ",
        "t": 0
      }
    ]
  },
  {
    "id": 2673,
    "q": "يُشتَرَطُ لوُجوبِ الصَّومِ:",
    "level": 1,
    "link": "https://www.dorar.net/feqhia/2636",
    "section": "siam",
    "answers": [
      {
        "answer": "الإحرامُ",
        "t": 0
      },
      {
        "answer": "الطَّهارَة",
        "t": 0
      },
      {
        "answer": "العَقلُ",
        "t": 1
      }
    ]
  },
  {
    "id": 2682,
    "q": "اغتِسالُ الصَّائمِ وتبَرُّدُه بالماءِ:",
    "level": 1,
    "link": "https://www.dorar.net/feqhia/2763",
    "section": "siam",
    "answers": [
      {
        "answer": "لا بأسَ به",
        "t": 1
      },
      {
        "answer": "حَرامٌ",
        "t": 0
      },
      {
        "answer": "مَكروهٌ",
        "t": 0
      }
    ]
  }
]