[
  {
    "id": 2704,
    "q": "كفَّارةُ مَن جامَعَ في نهارِ رَمَضانَ تكونُ:",
    "level": 2,
    "link": "https://www.dorar.net/feqhia/2719",
    "section": "siam",
    "answers": [
      {
        "answer": "على التَّرتيبِ؛ فيُعتِقُ رَقبةً، فإنْ لم يجِدْ فيَصومُ شَهرَينِ مُتَتابِعَينِ، فإن لم يَستَطِعْ فيُطعِمُ سِتِّينَ مِسكينًا",
        "t": 1
      },
      {
        "answer": "على التَّخيِير؛ عِتقُ رَقبةً، أو صَومُ شَهرَينِ مُتَتابِعَينِ، أو إِطعامُ سِتِّينَ مِسكينًا",
        "t": 0
      },
      {
        "answer": "إِطعامُ عَشرةِ مَساكِينَ أو كِسوَتُهم",
        "t": 0
      }
    ]
  },
  {
    "id": 2713,
    "q": "يُشتَرط لاعتِكافِ الزَّوجةِ:",
    "level": 2,
    "link": "https://www.dorar.net/feqhia/2829",
    "section": "siam",
    "answers": [
      {
        "answer": "أن يأذَنَ لها زوجُها",
        "t": 1
      },
      {
        "answer": "ألا تكون حامِلًا أو مُرضِع",
        "t": 0
      },
      {
        "answer": "أن يكونَ معها مَحرَمٌ لها",
        "t": 0
      }
    ]
  },
  {
    "id": 2694,
    "q": "مَن سافَرَ بالطَّائرةِ وهو صائمٌ، ثم اطَّلعَ بواسطةِ السَّاعةِ أو التِّلفازِ أو غيرِهما على أنَّ وَقتَ إفطارِ البَلَدِ الذي سافَرَ منه أو البَلَدِ القَريبِ منه في سَفَرِه قد دَخَل، لكنَّه يرى الشَّمسَ بسَبَبِ ارتِفاعِ الطَّائرةِ فإنَّه:",
    "level": 2,
    "link": "https://www.dorar.net/feqhia/2629",
    "section": "siam",
    "answers": [
      {
        "answer": "ليس له أن يُفطِرَ إلَّا بعدَ غُروبِها",
        "t": 1
      },
      {
        "answer": "له أن يُفطِرَ ويَقضِي ما أَفطَره",
        "t": 0
      },
      {
        "answer": "يُكرَهُ له أن يُفطِرَ",
        "t": 0
      }
    ]
  },
  {
    "id": 2693,
    "q": "تَجتمِعُ في الصَّومِ:",
    "level": 2,
    "link": "https://www.dorar.net/feqhia/2624",
    "section": "siam",
    "answers": [
      {
        "answer": "أُصولُ النَّوافلِ",
        "t": 0
      },
      {
        "answer": "أنواعُ الصَّبرِ الثَّلاثةُ",
        "t": 1
      },
      {
        "answer": "جَميعُ العِباداتِ",
        "t": 0
      }
    ]
  },
  {
    "id": 2696,
    "q": "حُكمُ صَومِ الحائِضِ والنُّفَساءِ:",
    "level": 2,
    "link": "https://www.dorar.net/feqhia/2642",
    "section": "siam",
    "answers": [
      {
        "answer": "مُباحٌ",
        "t": 0
      },
      {
        "answer": "حرامٌ",
        "t": 1
      },
      {
        "answer": "مَكروهٌ",
        "t": 0
      }
    ]
  },
  {
    "id": 2708,
    "q": "المُبالغةُ في المَضمَضةِ والاستِنشاقِ للصَّائِمِ:\n ",
    "level": 2,
    "link": "https://www.dorar.net/feqhia/2761",
    "section": "siam",
    "answers": [
      {
        "answer": "مَكروهةٌ",
        "t": 1
      },
      {
        "answer": "مُباحةٌ",
        "t": 0
      },
      {
        "answer": "حَرامٌ",
        "t": 0
      }
    ]
  },
  {
    "id": 2699,
    "q": "من فَضائلِ شَهرِ رَمَضانَ",
    "level": 2,
    "link": "https://www.dorar.net/feqhia/2658",
    "section": "siam",
    "answers": [
      {
        "answer": "أنَّ مَن صامَهُ يُكتَبُ له أجرُ عُمرةٍ معَ النَّبيِّ ﷺ",
        "t": 0
      },
      {
        "answer": "تُكفَّرُ به الخَطايا",
        "t": 1
      },
      {
        "answer": "فَريضَتُه تَعدِلُ أَربَعِينَ فَريضَة فيما سِواه",
        "t": 0
      }
    ]
  },
  {
    "id": 2707,
    "q": "استِعمالُ الحُقنةِ غيرِ المُغذِّيةِ:",
    "level": 2,
    "link": "https://www.dorar.net/feqhia/2752",
    "section": "siam",
    "answers": [
      {
        "answer": "يُفسِدُ الصَّومَ الحُقنةُ في العَضَلِ فَقَط",
        "t": 0
      },
      {
        "answer": "لا يُفسِدُ الصَّومَ، سواءٌ كانتِ الحُقنةُ في العَضَلِ أو الوَريدِ أو تحتَ الجِلدِ",
        "t": 1
      },
      {
        "answer": "يُفسِدُ الصَّومَ الحُقنةُ في الوَريدِ فَقَط",
        "t": 0
      }
    ]
  },
  {
    "id": 2702,
    "q": "ما يَدخُلُ جوفَ الصَّائمِ بلا اختيارٍ منه، كغُبارِ الطَّريقِ:",
    "level": 2,
    "link": "https://www.dorar.net/feqhia/2717",
    "section": "siam",
    "answers": [
      {
        "answer": "عَليهِ كَفَّارةٌ فَقَط",
        "t": 0
      },
      {
        "answer": "لا يُفَطِّرُه",
        "t": 1
      },
      {
        "answer": "يُستَحبُّ المَضمَضةُ مِنه",
        "t": 0
      }
    ]
  },
  {
    "id": 2703,
    "q": "ابتِلاعُ الصَّائمِ الرِّيقَ:",
    "level": 2,
    "link": "https://www.dorar.net/feqhia/2717",
    "section": "siam",
    "answers": [
      {
        "answer": "لا يُفطِّرُ، ما دامَ لم يُفارِقِ الفَمَ، ولم يَجمَعْه",
        "t": 1
      },
      {
        "answer": "يُفطِّرُه، ويَجِبُ عَليهِ كَفَّارةٌ",
        "t": 0
      },
      {
        "answer": "إذا ابتَلَعَهُ ونَوَى الإفطارَ أَفطَر",
        "t": 0
      }
    ]
  },
  {
    "id": 2712,
    "q": "الاعتِكافُ لغَيرِ المُمَيِّزِ",
    "level": 2,
    "link": "https://www.dorar.net/feqhia/2825",
    "section": "siam",
    "answers": [
      {
        "answer": "يَصِحُّ",
        "t": 0
      },
      {
        "answer": "يُكرَه",
        "t": 0
      },
      {
        "answer": "لا يَصِحُّ",
        "t": 1
      }
    ]
  },
  {
    "id": 2711,
    "q": "إفرادُ يومِ الجُمُعةِ بالصَّومِ\n ",
    "level": 2,
    "link": "https://www.dorar.net/feqhia/2780",
    "section": "siam",
    "answers": [
      {
        "answer": "مُباحٌ",
        "t": 0
      },
      {
        "answer": "مَكروهٌ",
        "t": 1
      },
      {
        "answer": "بِدعةٌ",
        "t": 0
      }
    ]
  },
  {
    "id": 2697,
    "q": "مَن أنشأَ نِيَّةَ الصَّومِ أثناءَ النَّهارِ؛ فإنَّه:",
    "level": 2,
    "link": "https://www.dorar.net/feqhia/2644",
    "section": "siam",
    "answers": [
      {
        "answer": "يُكتَبُ له نِصفُ أجرِ الصائِم",
        "t": 0
      },
      {
        "answer": "يُكتَبُ له ثَوابُ ما صامَه، من حينِ نَوى الصِّيامَ فحَسبُ",
        "t": 1
      },
      {
        "answer": "يُكتَبُ له صِيامُ اليَومِ كامِلًا",
        "t": 0
      }
    ]
  },
  {
    "id": 2714,
    "q": "الاعتِكافُ مِن غَيرِ صَومٍ",
    "level": 2,
    "link": "https://www.dorar.net/feqhia/2839",
    "section": "siam",
    "answers": [
      {
        "answer": "لا يَصِحُّ",
        "t": 0
      },
      {
        "answer": "مَكروهٌ",
        "t": 0
      },
      {
        "answer": "يَصِحُّ",
        "t": 1
      }
    ]
  },
  {
    "id": 2701,
    "q": "إذا أفطَرَ المسافِرُ؛ فإنَّه:",
    "level": 2,
    "link": "https://www.dorar.net/feqhia/2694",
    "section": "siam",
    "answers": [
      {
        "answer": "لا شَيءَ عَليهِ؛ لأنَّ الله وَضعَ عن المُسافِر الصَّومَ  ونِصفَ الصَّلاةِ",
        "t": 0
      },
      {
        "answer": "يَجِبُ عَليهِ قَضاءُ ما أفطَرَه مِن أيَّامٍ",
        "t": 1
      },
      {
        "answer": "يُستحَبُّ عَليهِ قضاءُ ما أفطَرَه مِن أيَّامٍ",
        "t": 0
      }
    ]
  },
  {
    "id": 2709,
    "q": "حُكمُ استِعمالِ الصَّائِمِ للسِّواكِ",
    "level": 2,
    "link": "https://www.dorar.net/feqhia/2763",
    "section": "siam",
    "answers": [
      {
        "answer": "مُباحٌ",
        "t": 1
      },
      {
        "answer": "حَرامٌ",
        "t": 0
      },
      {
        "answer": "مَكروهٌ",
        "t": 0
      }
    ]
  },
  {
    "id": 2695,
    "q": "هو فَسادُ العَقلِ مِنَ الكِبَرِ:",
    "level": 2,
    "link": "https://www.dorar.net/feqhia/2636",
    "section": "siam",
    "answers": [
      {
        "answer": "الخَرَفُ",
        "t": 1
      },
      {
        "answer": "العَتَهُ",
        "t": 0
      },
      {
        "answer": "الجُنونُ",
        "t": 0
      }
    ]
  },
  {
    "id": 2710,
    "q": "صومُ يومٍ قَبلَ عاشوراءَ (تاسوعاءَ)",
    "level": 2,
    "link": "https://www.dorar.net/feqhia/2773",
    "section": "siam",
    "answers": [
      {
        "answer": "واجِبٌ",
        "t": 0
      },
      {
        "answer": "لا يُشرَعُ",
        "t": 0
      },
      {
        "answer": "مُستحَبٌّ",
        "t": 1
      }
    ]
  },
  {
    "id": 2705,
    "q": "خُروجُ المَذْيِ منَ الصَّائِمِ:",
    "level": 2,
    "link": "https://www.dorar.net/feqhia/2721",
    "section": "siam",
    "answers": [
      {
        "answer": "يَنقُضُ صَومَه بشَهوةٍ فَقَط",
        "t": 0
      },
      {
        "answer": "يَنقُضُ صَومَه سواءٌ بشَهوةٍ أو بغَيرِ شَهوةٍ",
        "t": 0
      },
      {
        "answer": "لا ينقُضُ صَومَه",
        "t": 1
      }
    ]
  },
  {
    "id": 2700,
    "q": "العَمَلُ بالحِسابِ الفَلَكيِّ، والاعتمادُ عَليهِ، في إثباتِ دخولِ رَمَضانَ",
    "level": 2,
    "link": "https://www.dorar.net/feqhia/2671",
    "section": "siam",
    "answers": [
      {
        "answer": "يَجوزُ",
        "t": 0
      },
      {
        "answer": "واجِبٌ",
        "t": 0
      },
      {
        "answer": "لا يَجوزُ",
        "t": 1
      }
    ]
  }
]