[
  {
    "id": 2727,
    "q": "استِعمالُ التَّحاميلِ (اللَّبوسِ) في نَهارِ رَمَضانَ:",
    "level": 3,
    "link": "https://www.dorar.net/feqhia/2754",
    "section": "siam",
    "answers": [
      {
        "answer": "يُكرَهُ في الصَّومِ، وعَليهِ كفَّارةٌ",
        "t": 0
      },
      {
        "answer": "لا يُفسِدُ الصَّومَ",
        "t": 1
      },
      {
        "answer": "يُفسِدُ الصَّومَ",
        "t": 0
      }
    ]
  },
  {
    "id": 2724,
    "q": "القَلَسُ والدَّمُ الخارِجُ من أسنانِ الصَّائِم:",
    "level": 3,
    "link": "https://www.dorar.net/feqhia/2723",
    "section": "siam",
    "answers": [
      {
        "answer": "يُفطِّرُه، سَواء رَجَع إلى حَلْقِه أو لم يَرجِعْ",
        "t": 0
      },
      {
        "answer": "لا يُفطِّرُه، طالَمَا لم يَرجِعْ إلى حَلْقِه بالإجماعِ",
        "t": 1
      },
      {
        "answer": "يُفطِّره إنْ نَوَى الإِمساكَ",
        "t": 0
      }
    ]
  },
  {
    "id": 2738,
    "q": "وَقتُ نِهايةِ الاعتِكافِ في أيَّامِ العَشرِ الأواخِرِ من رَمَضانَ",
    "level": 3,
    "link": "https://www.dorar.net/feqhia/2837",
    "section": "siam",
    "answers": [
      {
        "answer": "من بعدِ غُروبِ شَمسِ آخرِ يومٍ من رَمَضانَ",
        "t": 1
      },
      {
        "answer": "من بعدِ غُروبِ شَمسِ لَيلةِ التَّاسِعِ والعِشرينَ",
        "t": 0
      },
      {
        "answer": "من بَعدِ غُروبِ شَمسِ لَيلةِ السَّابِعِ والعِشرينَ",
        "t": 0
      }
    ]
  },
  {
    "id": 2715,
    "q": "قضاءُ البالِغِ لِمَا فاتَه قَبلَ البُلوغِ",
    "level": 3,
    "link": "https://www.dorar.net/feqhia/2634",
    "section": "siam",
    "answers": [
      {
        "answer": "مُستَحبٌّ",
        "t": 0
      },
      {
        "answer": "لا يَجِبُ",
        "t": 1
      },
      {
        "answer": "واجِبٌ",
        "t": 0
      }
    ]
  },
  {
    "id": 2729,
    "q": "حُكمُ استِعمالِ الصَّائِمِ مَعجونَ الأسنانِ",
    "level": 3,
    "link": "https://www.dorar.net/feqhia/2763",
    "section": "siam",
    "answers": [
      {
        "answer": "يُكرَهُ",
        "t": 0
      },
      {
        "answer": "يَجوزُ",
        "t": 1
      },
      {
        "answer": "يَحرُم",
        "t": 0
      }
    ]
  },
  {
    "id": 2732,
    "q": "تَخصيصُ شَهرِ رَجبٍ بالصَّومِ",
    "level": 3,
    "link": "https://www.dorar.net/feqhia/2784",
    "section": "siam",
    "answers": [
      {
        "answer": "مَكروهٌ",
        "t": 1
      },
      {
        "answer": "مُستحَبٌّ",
        "t": 0
      },
      {
        "answer": "مُباحٌ",
        "t": 0
      }
    ]
  },
  {
    "id": 2717,
    "q": "ممَّا يُسَنُّ التسحُّرُ به:",
    "level": 3,
    "link": "https://www.dorar.net/feqhia/2649",
    "section": "siam",
    "answers": [
      {
        "answer": "الزَّبيبُ",
        "t": 0
      },
      {
        "answer": "التَّمرُ",
        "t": 1
      },
      {
        "answer": "اللَّبَنُ",
        "t": 0
      }
    ]
  },
  {
    "id": 2728,
    "q": "الوِصالُ في الصَّومِ",
    "level": 3,
    "link": "https://www.dorar.net/feqhia/2761",
    "section": "siam",
    "answers": [
      {
        "answer": "مُستحَبٌّ",
        "t": 0
      },
      {
        "answer": "مَكروهٌ",
        "t": 1
      },
      {
        "answer": "مُباحٌ",
        "t": 0
      }
    ]
  },
  {
    "id": 2718,
    "q": "ممَّا تَختَصُّ به لَيلةُ القَدرِ",
    "level": 3,
    "link": "https://www.dorar.net/feqhia/2663",
    "section": "siam",
    "answers": [
      {
        "answer": "قِيامُ لَيلِها بالصَّلاةِ",
        "t": 1
      },
      {
        "answer": "زِيارةُ المَريضِ",
        "t": 0
      },
      {
        "answer": "السَّفَرُ إلى مكَّةَ",
        "t": 0
      }
    ]
  },
  {
    "id": 2733,
    "q": "حُكمُ صَومِ المرأةِ نَفلًا بدونِ إذنِ زَوجِها",
    "level": 3,
    "link": "https://www.dorar.net/feqhia/2793",
    "section": "siam",
    "answers": [
      {
        "answer": "يَجوزُ وليس له أن يَمنَعَها",
        "t": 0
      },
      {
        "answer": "مَكروهٌ",
        "t": 0
      },
      {
        "answer": "لا يَجوزُ",
        "t": 1
      }
    ]
  },
  {
    "id": 2719,
    "q": "إذا أفطَرَ مَن كان به مرضٌ يُرجى بُرْؤهُ ثُمَّ شُفيَ؛ فإنَّه:",
    "level": 3,
    "link": "https://www.dorar.net/feqhia/2681",
    "section": "siam",
    "answers": [
      {
        "answer": "يُستحَبُّ له قضاءُ ما أفطَرَه من أيَّامٍ",
        "t": 0
      },
      {
        "answer": "ليس عَليهِ قضاءُ ما أفطَرَه من أيَّامٍ",
        "t": 0
      },
      {
        "answer": "يَجِبُ عَليهِ قضاءُ ما أفطَرَه من أيَّامٍ",
        "t": 1
      }
    ]
  },
  {
    "id": 2725,
    "q": "حُكمُ الأقراصِ التي توضَعُ تَحتَ اللِّسانِ لعِلاجِ الأَزَماتِ القَلبِيَّة",
    "level": 3,
    "link": "https://www.dorar.net/feqhia/2748",
    "section": "siam",
    "answers": [
      {
        "answer": "تُفسِدُ الصَّومَ إجماعًا",
        "t": 0
      },
      {
        "answer": "لا تُفسِدُ الصَّومَ، بشَرطِ ألَّا يَبتلِعَ شيئًا ممَّا يتحَلَّلُ منها",
        "t": 1
      },
      {
        "answer": "لا تُفسِدُ الصَّومَ، سَواءٌ ابتَلَع شَيئًا أو لا",
        "t": 0
      }
    ]
  },
  {
    "id": 2722,
    "q": "إذا أفطَرَ الصَّائمُ في صومٍ واجبٍ؛ ظانًّا أنَّ الشَّمسَ قد غرَبَتْ، ثم تبيَّنَ له أنَّها لم تغرُبْ؛ فإنَّه:",
    "level": 3,
    "link": "https://www.dorar.net/feqhia/2717",
    "section": "siam",
    "answers": [
      {
        "answer": "لا يَلزَمُه الإمساكُ",
        "t": 0
      },
      {
        "answer": "لا شَيءَ عَليهِ",
        "t": 0
      },
      {
        "answer": "يَلزَمُه الإمساكُ",
        "t": 1
      }
    ]
  },
  {
    "id": 2736,
    "q": "ضابِطُ المَسجِدِ الذي يَصِحُّ فيه الاعتِكافُ",
    "level": 3,
    "link": "https://www.dorar.net/feqhia/2831",
    "section": "siam",
    "answers": [
      {
        "answer": "أن يَكونَ في مسجِدٍ تُقامُ فيه الجَماعةُ",
        "t": 1
      },
      {
        "answer": "أن يكونَ في مسجِدِ الحَيِّ",
        "t": 0
      },
      {
        "answer": "أن يكونَ في جامِعٍ تُقامُ فيه الجُمعَة",
        "t": 0
      }
    ]
  },
  {
    "id": 2716,
    "q": "إذا عقَدَ الإنسانُ النِّيةَ على أنَّه إن كان غدًا رَمَضانُ فسأصومُ الفَرضَ، فتَبيَّنَ أنَّه رَمَضانُ؛ فإنَّ صَومَه:",
    "level": 3,
    "link": "https://www.dorar.net/feqhia/2644",
    "section": "siam",
    "answers": [
      {
        "answer": "صَحيحٌ",
        "t": 1
      },
      {
        "answer": "مُعَلَّق",
        "t": 0
      },
      {
        "answer": "غيرُ صَحيحٍ",
        "t": 0
      }
    ]
  },
  {
    "id": 2723,
    "q": "إذا جُومِعَتِ المَرأةُ في نَهارِ رَمَضانَ طائعةً، يَلزَمُها:",
    "level": 3,
    "link": "https://www.dorar.net/feqhia/2719",
    "section": "siam",
    "answers": [
      {
        "answer": "القَضاءُ فَقَط",
        "t": 0
      },
      {
        "answer": "الكَفَّارةُ فَقَط",
        "t": 0
      },
      {
        "answer": "القَضاءُ والكفَّارةُ",
        "t": 1
      }
    ]
  },
  {
    "id": 2735,
    "q": "حُكمُ الاعتِكافِ في غيرِ المساجِدِ الثَّلاثةِ",
    "level": 3,
    "link": "https://www.dorar.net/feqhia/2831",
    "section": "siam",
    "answers": [
      {
        "answer": "لا يُشترَطُ",
        "t": 1
      },
      {
        "answer": "مَكروهٌ",
        "t": 0
      },
      {
        "answer": "واجِبٌ",
        "t": 0
      }
    ]
  },
  {
    "id": 2734,
    "q": "التَّتابُعُ في قَضاءِ رَمَضانَ\n ",
    "level": 3,
    "link": "https://www.dorar.net/feqhia/2797",
    "section": "siam",
    "answers": [
      {
        "answer": "لا يَجِبُ باتِّفاقِ المَذاهِبِ الفِقهيَّةِ الأربَعةِ",
        "t": 1
      },
      {
        "answer": "لا يُشرَعُ",
        "t": 0
      },
      {
        "answer": "يَجِبُ",
        "t": 0
      }
    ]
  },
  {
    "id": 2730,
    "q": "استِعمالُ قَطرةِ الأذُنِ للصَّائمِ",
    "level": 3,
    "link": "https://www.dorar.net/feqhia/2763",
    "section": "siam",
    "answers": [
      {
        "answer": "يُبطِلُ الصَّومَ",
        "t": 0
      },
      {
        "answer": "مُباحٌ",
        "t": 1
      },
      {
        "answer": "مَكروهٌ",
        "t": 0
      }
    ]
  },
  {
    "id": 2721,
    "q": "إذا أصبَحَ المريضُ صائمًا ثُمَّ بَرَأَ في النَّهارِ؛ فإنَّه:",
    "level": 3,
    "link": "https://www.dorar.net/feqhia/2685",
    "section": "siam",
    "answers": [
      {
        "answer": "يُفطِرُ ولا يَلزَمُه الإتمامُ",
        "t": 0
      },
      {
        "answer": "لا يُفطِرُ ويلزَمُه الإتمامُ",
        "t": 1
      },
      {
        "answer": "يُكرَهُ له أن يُفطِرَ",
        "t": 0
      }
    ]
  }
]