[
  {
    "id": 6392,
    "q": "في قَولِه تعالى {وَمَا لَهُ مِنْهُمْ مِنْ ظَهِيرٍ} (ظَهِير): أي: ",
    "level": 2,
    "link": "https://dorar.net/tafseer/34/7",
    "section": "saba",
    "answers": [
      {
        "answer": "مُؤمِن",
        "t": 0
      },
      {
        "answer": "مُعِين",
        "t": 1
      },
      {
        "answer": "شَفِيع",
        "t": 0
      }
    ]
  },
  {
    "id": 6394,
    "q": "قوله تعالى: {يَعْمَلُونَ لَهُ مَا يَشَاءُ مِنْ مَحَارِيبَ} المَحَارِيب: جمعُ مِحرابٍ، والمحرابُ هو: ",
    "level": 2,
    "link": "https://dorar.net/tafseer/34/5",
    "section": "saba",
    "answers": [
      {
        "answer": "الفِراشُ الذي يُصنَعُ مِن الحَريرِ الخالِصِ",
        "t": 0
      },
      {
        "answer": "الغرفةُ، والمسجدُ، وكُلُّ موضعٍ مُرتفِعٍ",
        "t": 1
      },
      {
        "answer": "المآذِنُ التي تكونُ فوقَ المَساجِد",
        "t": 0
      }
    ]
  },
  {
    "id": 6390,
    "q": "في قَولِه تعالى: {وَقَالُوا مَا هَذَا إِلَّا إِفْكٌ مُفْتَرًى} مَعنَى (إِفْكٌ مُفْتَرًى) أي:",
    "level": 2,
    "link": "https://dorar.net/tafseer/34/12",
    "section": "saba",
    "answers": [
      {
        "answer": "كَذِبٌ مُختَلَقٌ",
        "t": 1
      },
      {
        "answer": "سِحْرٌ عَظِيمٌ",
        "t": 0
      },
      {
        "answer": "أَساطِير الأَوَّلِينَ",
        "t": 0
      }
    ]
  },
  {
    "id": 6387,
    "q": "في قَولِ الله تعالى: {وَهُوَ الْحَكِيمُ الْخَبِيرُ}:",
    "level": 2,
    "link": "https://dorar.net/tafseer/34/1",
    "section": "saba",
    "answers": [
      {
        "answer": "بَيانُ أنَّ ما ذُكِرَ مِن أَفعالٍ إنَّما هو ناتِجٌ عن قُدرَةِ الله تعالى المُطلَقَة",
        "t": 0
      },
      {
        "answer": "إِثباتُ صِفَةِ الرَّحمَةِ لله عزَّ وجلَّ",
        "t": 0
      },
      {
        "answer": "إثباتُ حُكمِ اللهِ سُبحانَه وتعالى الكَوْنيِّ والشَّرعيِّ",
        "t": 1
      }
    ]
  },
  {
    "id": 6398,
    "q": "في قوله تعالى: {يَا جِبَالُ أَوِّبِي مَعَهُ} (أَوِّبِي) أي: ",
    "level": 2,
    "link": "https://dorar.net/tafseer/34/4",
    "section": "saba",
    "answers": [
      {
        "answer": "امِّنِي على دُعائِه",
        "t": 0
      },
      {
        "answer": "رَجِّعي معه التَّسبيحَ",
        "t": 1
      },
      {
        "answer": "اعبُدِي اللهَ مَعهُ",
        "t": 0
      }
    ]
  },
  {
    "id": 6386,
    "q": "في قولِه تعالى: {نُسْقِطْ عَلَيْهِمْ كِسَفًا مِنَ السَّمَاءِ} (كِسَفًا) أي: ",
    "level": 2,
    "link": "https://dorar.net/tafseer/34/3",
    "section": "saba",
    "answers": [
      {
        "answer": "نارًا",
        "t": 0
      },
      {
        "answer": "حِجارَةً",
        "t": 0
      },
      {
        "answer": "قِطَعًا",
        "t": 1
      }
    ]
  },
  {
    "id": 6397,
    "q": "قولُه تعالى: {نَخْسِفْ بِهِمُ الْأَرْضَ} أي: ",
    "level": 2,
    "link": "https://dorar.net/tafseer/34/3",
    "section": "saba",
    "answers": [
      {
        "answer": "يَتِيهُونَ في الأَرضِ",
        "t": 0
      },
      {
        "answer": "نَرجُمُهُم بحِجارَةِ الأَرضِ",
        "t": 0
      },
      {
        "answer": "نُغَيِّبْهم في الأَرضِ",
        "t": 1
      }
    ]
  },
  {
    "id": 6396,
    "q": "في قَولِه تعالى: {عَالِمِ الْغَيْبِ لَا يَعْزُبُ عَنْهُ مِثْقَالُ ذَرَّةٍ} مَعنَى (يَعْزُبُ):",
    "level": 2,
    "link": "https://dorar.net/tafseer/34/2",
    "section": "saba",
    "answers": [
      {
        "answer": "يَستَقِلُّ",
        "t": 0
      },
      {
        "answer": "يَستَغنِي",
        "t": 0
      },
      {
        "answer": "يَغِيبُ",
        "t": 1
      }
    ]
  },
  {
    "id": 6399,
    "q": "سُورَةُ سَبأٍ",
    "level": 2,
    "link": "https://dorar.net/tafseer/34",
    "section": "saba",
    "answers": [
      {
        "answer": "مَكِّيَّة",
        "t": 1
      },
      {
        "answer": "مُختَلفٌ فيها",
        "t": 0
      },
      {
        "answer": "مَدنِيَّة",
        "t": 0
      }
    ]
  },
  {
    "id": 6400,
    "q": "المقصود بقول الله تعالى: {يَعْلَمُ مَا يَلِجُ فِي الْأَرْضِ وَمَا يَخْرُجُ مِنْهَا}",
    "level": 2,
    "link": "https://dorar.net/tafseer/34/1",
    "section": "saba",
    "answers": [
      {
        "answer": "أي: يَعلَمُ اللهُ ما يَنزِلُ مِن مَلائِكةِ السَّماءِ إلى الأَرضِ، ومَن يَمكُثُ مِنهم في الأَرضِ، ومَن يَصعَدُ مِنهم مرَّةً أُخرَى إلى السَّماءِ",
        "t": 0
      },
      {
        "answer": "أي: يَعلَمُ اللهُ كُلَّ ما يَتَنَزَّلُ مِن الوَحْيِ مِن السَّماءِ إلى الأَرضِ، وعلى مَن يَنزِلُ، وفي أَيِّ بُقعَةٍ يَنزِلُ",
        "t": 0
      },
      {
        "answer": "أي: يَعلَمُ اللهُ كُلَّ ما يَدخُلُ في الأرضِ ويَغيبُ فيها؛ كالمطَرِ، والبُذورِ، والأمواتِ،  وكُلَّ ما يَخرُجُ مِنها كأنواعِ النَّباتاتِ، والمعادِنِ، والكنوزِ، وغيرِ ذلك",
        "t": 1
      }
    ]
  },
  {
    "id": 6382,
    "q": "قَولُ الله تعالى: {إِنَّ فِي ذَلِكَ لَآَيَاتٍ لِكُلِّ صَبَّارٍ شَكُورٍ} أشار بصيغةِ المُبالَغةِ إلى:",
    "level": 2,
    "link": "https://dorar.net/tafseer/34/6",
    "section": "saba",
    "answers": [
      {
        "answer": "أنَّ قَليلَ الصَّبرِ وقَليلَ الشُّكرِ لا أَجرَ فِيهِما",
        "t": 0
      },
      {
        "answer": "أنَّ الصَّبرَ والشُّكرَ شَرطانِ لصِحَّةِ الإيمانِ",
        "t": 0
      },
      {
        "answer": "أنَّ مَن ليس في طَبعِه الصَّبرُ فاتَه الشُّكرُ",
        "t": 1
      }
    ]
  },
  {
    "id": 6381,
    "q": "قَولُه تعالى: {وَقَلِيلٌ مِنْ عِبَادِيَ الشَّكُورُ} المرادُ بهذه الجملةِ هو:",
    "level": 2,
    "link": "https://dorar.net/tafseer/34/5",
    "section": "saba",
    "answers": [
      {
        "answer": "الحثُّ على الشُّكرِ",
        "t": 1
      },
      {
        "answer": "التَّحذيرُ مِن الانغِماسِ في النِّعَمِ",
        "t": 0
      },
      {
        "answer": "إِثباتُ اسمِ الله: الشَّكُور",
        "t": 0
      }
    ]
  },
  {
    "id": 6395,
    "q": "قَولُه تعالى: {لَقَدْ كَانَ لِسَبَإٍ فِي مَسْكَنِهِمْ آَيَةٌ...} فيه:",
    "level": 2,
    "link": "https://dorar.net/tafseer/34/6",
    "section": "saba",
    "answers": [
      {
        "answer": "بَيانُ مَنزِلَةِ أَهلِ سَبأٍ وإِتقانِهِم المَساكِن والعِمارَة",
        "t": 0
      },
      {
        "answer": "تَرغِيبٌ لأَهلِ الأَموالِ بإِخراجِ زَكاةِ أَموالِهم",
        "t": 0
      },
      {
        "answer": "تحذيرٌ لأهلِ المعاصي مِن أنْ تَزولَ نعمةُ الله تعالى عليهم بسَبَبِ معاصيهم",
        "t": 1
      }
    ]
  },
  {
    "id": 6393,
    "q": "المقصود يقوله تعالى: {بَلْ مَكْرُ اللَّيْلِ وَالنَّهَارِ} أي: مَكْرُكم في اللَّيلِ والنَّهارِ، والمكرُ هو: ",
    "level": 2,
    "link": "https://dorar.net/tafseer/34/9",
    "section": "saba",
    "answers": [
      {
        "answer": "الاحتِيالُ والخِداعُ",
        "t": 1
      },
      {
        "answer": "أَفحَشُ الكَذِبِ",
        "t": 0
      },
      {
        "answer": "القَتلُ على حِينِ غِرَّة",
        "t": 0
      }
    ]
  },
  {
    "id": 6388,
    "q": "استُدِلَّ بقَولِ الله تعالى: {قُلْ جَاءَ الْحَقُّ وَمَا يُبْدِئُ الْبَاطِلُ وَمَا يُعِيدُ} على استحبابِ هذا القولِ عندَ: ",
    "level": 2,
    "link": "https://dorar.net/tafseer/34/13",
    "section": "saba",
    "answers": [
      {
        "answer": "إِقامَة الحُدُودِ",
        "t": 0
      },
      {
        "answer": "إزالةِ المنكرِ",
        "t": 1
      },
      {
        "answer": "وَسوَسةِ الشَّيطانِ",
        "t": 0
      }
    ]
  },
  {
    "id": 6389,
    "q": "في قَولِه تعالى: {وَلَوْ تَرَى إِذْ فَزِعُوا فَلَا فَوْتَ} (فَلَا فَوْتَ) أي: ",
    "level": 2,
    "link": "https://dorar.net/tafseer/34/14",
    "section": "saba",
    "answers": [
      {
        "answer": "فلا كُفرَ ولا تَكذِيبَ",
        "t": 0
      },
      {
        "answer": "فلا نجاةَ ولا هربَ",
        "t": 1
      },
      {
        "answer": "فلا احتِيالَ أو مُخادَعَة",
        "t": 0
      }
    ]
  },
  {
    "id": 6385,
    "q": "مَعنَى قَولِه تعالى:  {مِثْقَالُ ذَرَّةٍ} أي:",
    "level": 2,
    "link": "https://dorar.net/tafseer/34/2",
    "section": "saba",
    "answers": [
      {
        "answer": "زِنةُ نملةٍ صغيرةٍ",
        "t": 1
      },
      {
        "answer": "مِكيالٌ تُوزَنُ بِه الحُبوبُ",
        "t": 0
      },
      {
        "answer": "حَبَّاتُ الرَّمْلِ الصِّغار",
        "t": 0
      }
    ]
  },
  {
    "id": 6391,
    "q": "قَولُ الله تعالى: {قُلْ إِنَّ رَبِّي يَبْسُطُ الرِّزْقَ لِمَنْ يَشَاءُ وَيَقْدِرُ} فيه:",
    "level": 2,
    "link": "https://dorar.net/tafseer/34/10",
    "section": "saba",
    "answers": [
      {
        "answer": "أنَّ قِلَّة الرِّزقِ أو كَثرةُ المالِ مُتعلِّقٌ بمَشيئةِ الله عزَّ وجلَّ، مِن غيرِ اختِصاصٍ بالفاسِقِ والصَّالحِ",
        "t": 1
      },
      {
        "answer": "أنَّ قِلَّة الرِّزقِ لا تكونُ إلَّا عُقوبَةً مُعجَّلةً في الدُّنيا",
        "t": 0
      },
      {
        "answer": "أنَّ سِعةَ الرِّزقِ مِن رِضا الله عزَّ وجلَّ عن العَبدِ",
        "t": 0
      }
    ]
  },
  {
    "id": 6384,
    "q": "مَعنَى (يُخْلِفُهُ) في قَولِ الله تعالى: {وَمَا أَنْفَقْتُمْ مِنْ شَيْءٍ فَهُوَ يُخْلِفُهُ}: ",
    "level": 2,
    "link": "https://dorar.net/tafseer/34/10",
    "section": "saba",
    "answers": [
      {
        "answer": "يُعطِيكُم خلَفَه وبدَلَه",
        "t": 1
      },
      {
        "answer": "يَدَّخِرُه لكُم في الآخِرَة",
        "t": 0
      },
      {
        "answer": "يَقبَلُه مِنكُم",
        "t": 0
      }
    ]
  },
  {
    "id": 6383,
    "q": "المَقصُودُ بقَولِه تعالى: {يَرْجِعُ بَعْضُهُمْ إِلَى بَعْضٍ الْقَوْلَ}: أي:",
    "level": 2,
    "link": "https://dorar.net/tafseer/34/9",
    "section": "saba",
    "answers": [
      {
        "answer": "يَتلاوَمون ويُحاوِرُ بعضُهم بعضًا",
        "t": 1
      },
      {
        "answer": "يَقتُل بَعضُهم بَعضًا",
        "t": 0
      },
      {
        "answer": "يَتَحاكَمُون فيما بينهُم",
        "t": 0
      }
    ]
  }
]