[
  {
    "id": 6418,
    "q": "في قَولِه تعالى: {وَالَّذِينَ سَعَوْا فِي آَيَاتِنَا مُعَاجِزِينَ أُولَئِكَ لَهُمْ عَذَابٌ مِنْ رِجْزٍ أَلِيمٌ}:",
    "level": 1,
    "link": "https://dorar.net/tafseer/34/2",
    "section": "saba",
    "answers": [
      {
        "answer": "تَحذِيرٌ مِن الشِّرْكِ في الأَسماءِ والصِّفاتِ",
        "t": 0
      },
      {
        "answer": "حثٌّ على السَّعيِ في آياتِ الله؛ لِتَقريرِها وتَثبيتِها",
        "t": 1
      },
      {
        "answer": "بَيانُ أنَّ الآياتِ مِن عندِ الله؛ وهي تَتضَمَّنُ كَلامَ الله، ومُعجِزاتِ أَنبِيائِه",
        "t": 0
      }
    ]
  },
  {
    "id": 6409,
    "q": "قَولُه تعالى: {إِلَّا قَالَ مُتْرَفُوهَا إِنَّا بِمَا أُرْسِلْتُمْ بِهِ كَافِرُونَ} يُستَفادُ مِنه: ",
    "level": 1,
    "link": "https://dorar.net/tafseer/34/10",
    "section": "saba",
    "answers": [
      {
        "answer": "كَراهَة وُرُودِ الشُّبُهاتِ",
        "t": 0
      },
      {
        "answer": "بَيانُ شِدَّةِ صَبرِ الرُّسُلِ",
        "t": 0
      },
      {
        "answer": "التَّحذيرُ مِن التَّرَفِ",
        "t": 1
      }
    ]
  },
  {
    "id": 6408,
    "q": "في قوله تعالى: {مَا هَذَا إِلَّا رَجُلٌ يُرِيدُ أَنْ يَصُدَّكُمْ} (يَصُدَّكُمْ) أي: ",
    "level": 1,
    "link": "https://dorar.net/tafseer/34/12",
    "section": "saba",
    "answers": [
      {
        "answer": "يَصرِفَكم ويَمنعَكم",
        "t": 1
      },
      {
        "answer": "يَغِشَّكُم ويَخدَعَكُم",
        "t": 0
      },
      {
        "answer": "يَجعَلَكُم تَبَعًا لهُ",
        "t": 0
      }
    ]
  },
  {
    "id": 6419,
    "q": "سُمِّيَت سُورةُ سَبأٍ بهذا الاسمِ:",
    "level": 1,
    "link": "https://dorar.net/tafseer/34",
    "section": "saba",
    "answers": [
      {
        "answer": "لأنَّها نَزلَت على النبيِّ صلَّى الله عليه وسلَّم وهو راجِعٌ مِن فَتح سَبأٍ",
        "t": 0
      },
      {
        "answer": "بِسَببِ وُرُودِ اسمِ سَبأٍ فيها خمسَ مرَّاتٍ",
        "t": 0
      },
      {
        "answer": "لاشتمالِها على قِصَّةِ سَبأٍ",
        "t": 1
      }
    ]
  },
  {
    "id": 6407,
    "q": "ما مَعنَى قَولِه تعالى: {وَمَا يُبْدِئُ الْبَاطِلُ وَمَا يُعِيدُ}: ",
    "level": 1,
    "link": "https://dorar.net/tafseer/34/13",
    "section": "saba",
    "answers": [
      {
        "answer": "زال الباطِلُ وهلَك؛ فلم تَبْقَ منه بقيَّةٌ يُقبِلُ بها أو يُدبِرُ",
        "t": 1
      },
      {
        "answer": "إنَّ الباطِلَ ضَعِيفٌ سَرِيعٌ انقِضاؤُه",
        "t": 0
      },
      {
        "answer": "ولا يَنتَصِرُ الباطِلُ ولا يَنصُرُ غَيرَه",
        "t": 0
      }
    ]
  },
  {
    "id": 6405,
    "q": "ما المَقصُودُ بقَولِه تعالى: {وَجِفَانٍ كَالْجَوَابِ}:",
    "level": 1,
    "link": "https://dorar.net/tafseer/34/5",
    "section": "saba",
    "answers": [
      {
        "answer": "قِصاعٌ كِبارٌ مثل الحَوضِ الضَّخمِ الَّذي يُجبَى فيه الماءُ",
        "t": 1
      },
      {
        "answer": "أَرضٌ مِن الزُّجاجِ الشَّفَّافِ يَجرِي تَحتَها الماءُ",
        "t": 0
      },
      {
        "answer": "قُصورٌ عالِيَةٌ ضَخمَةٌ مِثل الجِبالِ",
        "t": 0
      }
    ]
  },
  {
    "id": 6411,
    "q": "قَولُ الله تعالى: {وَإِنَّا أَوْ إِيَّاكُمْ لَعَلَى هُدًى أَوْ فِي ضَلَالٍ مُبِينٍ} يُستَفادُ مِنه: ",
    "level": 1,
    "link": "https://dorar.net/tafseer/34/8",
    "section": "saba",
    "answers": [
      {
        "answer": "كَراهَةُ الجِدالِ والمِراءِ ولو كان في سَبيلِ الدَّعوَةِ إلى الله",
        "t": 0
      },
      {
        "answer": "التَّلطُّف في الدَّعوةِ إلى الله",
        "t": 1
      },
      {
        "answer": "أنَّ نَصِيبَ كلِّ امرِئٍ مِن الهُدى أو الضَّلالِ بحَسبِ عَملِه",
        "t": 0
      }
    ]
  },
  {
    "id": 6403,
    "q": "في قَولِ الله تعالى: {وَالَّذِينَ سَعَوْا فِي آَيَاتِنَا مُعَاجِزِينَ} (مُعَاجِزِينَ) أي: ",
    "level": 1,
    "link": "https://dorar.net/tafseer/34/2",
    "section": "saba",
    "answers": [
      {
        "answer": "مُشاقِّينَ مُعانِدينَ",
        "t": 1
      },
      {
        "answer": "مُجتَهِدِينَ في مَعرِفَةِ آياتِ الله إِيمانًا وتَصدِيقًا",
        "t": 0
      },
      {
        "answer": "آمِنِينَ مُطمَئِنِّينَ",
        "t": 0
      }
    ]
  },
  {
    "id": 6410,
    "q": "في قَولِه تعالى: {وَلَوْ تَرَى إِذِ الظَّالِمُونَ مَوْقُوفُونَ} (مَوْقُوفُونَ) أي:",
    "level": 1,
    "link": "https://dorar.net/tafseer/34/9",
    "section": "saba",
    "answers": [
      {
        "answer": "ناكِسُو رُؤُوسِهِم في ذِلَّةٍ وانكِسارٍ",
        "t": 0
      },
      {
        "answer": "مَمنُوعُونَ مِن الكَلامِ",
        "t": 0
      },
      {
        "answer": "محبوسونَ للحسابِ يومَ القيامةِ",
        "t": 1
      }
    ]
  },
  {
    "id": 6416,
    "q": "في قول الله تعالى: {رَجُلٍ يُنَبِّئُكُمْ إِذَا مُزِّقْتُمْ كُلَّ مُمَزَّقٍ} معنى (مُزِّقْتُمْ):",
    "level": 1,
    "link": "https://dorar.net/tafseer/34/3",
    "section": "saba",
    "answers": [
      {
        "answer": "بَلِيتُم وتفرَّقت أجسادُكم",
        "t": 1
      },
      {
        "answer": "تَقَطَّعت أَرحامُكم",
        "t": 0
      },
      {
        "answer": "تَشَرَّدتُم في بِقاعِ الأَرضِ",
        "t": 0
      }
    ]
  },
  {
    "id": 6401,
    "q": "في قوله تعالى: {إِنَّهُمْ كَانُوا فِي شَكٍّ مُرِيبٍ}معنى (مُرِيب):",
    "level": 1,
    "link": "https://dorar.net/tafseer/34/14",
    "section": "saba",
    "answers": [
      {
        "answer": "شَدِيد",
        "t": 0
      },
      {
        "answer": "مانِعٌ لهم مِن الإِدراكِ والفَهْمِ",
        "t": 0
      },
      {
        "answer": "مُوقِعٌ للتُّهمةِ",
        "t": 1
      }
    ]
  },
  {
    "id": 6417,
    "q": "في قول الله تعالى: {يَعْلَمُ مَا يَلِجُ فِي الْأَرْضِ وَمَا يَخْرُجُ مِنْهَا} معنى: (يَلِجُ):",
    "level": 1,
    "link": "https://dorar.net/tafseer/34/1",
    "section": "saba",
    "answers": [
      {
        "answer": "يَدخُلُ",
        "t": 1
      },
      {
        "answer": "يَصعَدُ",
        "t": 0
      },
      {
        "answer": "يَتَنَزَّلُ",
        "t": 0
      }
    ]
  },
  {
    "id": 6414,
    "q": "قوله تعالى: {وَرَوَاحُهَا شَهْرٌ} أي: تسيرُ بالرَّواحِ مَسيرةَ شهرٍ، والرَّواحُ: ",
    "level": 1,
    "link": "https://dorar.net/tafseer/34/5",
    "section": "saba",
    "answers": [
      {
        "answer": "مِن شُروقِ الشَّمسِ إلى غُروبِها",
        "t": 0
      },
      {
        "answer": "مِن الزَّوالِ إلى اللَّيلِ",
        "t": 1
      },
      {
        "answer": "مِن مُنتَصَفِ اللَّيلِ  إلى آخِرِ اللَّيلِ",
        "t": 0
      }
    ]
  },
  {
    "id": 6420,
    "q": "مِن أهمِّ الموضوعاتِ الَّتي تناولَتها سُورةُ سَبَأٍ:",
    "level": 1,
    "link": "https://dorar.net/tafseer/34",
    "section": "saba",
    "answers": [
      {
        "answer": "ذكرُ قِصَّةِ نبيِّ الله هودٍ عليه الصَّلاةُ والسَّلامُ، ودعوتِه لقومِه",
        "t": 0
      },
      {
        "answer": "دعوةُ الكافِرينَ إلى التَّفكيرِ والتَّدبُّرِ في شأنِ دَعوةِ الرَّسولِ صلَّى الله عليه وسلَّم",
        "t": 1
      },
      {
        "answer": "بيانُ ما أعدَّه اللهُ تعالى للمُؤمِنينَ في الجنَّةِ، وما أعدَّه للكافِرينَ، وشَهادةِ جَوارحِهم عليهم",
        "t": 0
      }
    ]
  },
  {
    "id": 6406,
    "q": "سُورةُ سبأٍ إحدى السُّوَرِ المُفتَتَحةِ بـ (الْحَمْدُ لله)، والسُّورُ المُفتَتحَةُ بالحمدلله في القُرآنِ:",
    "level": 1,
    "link": "https://dorar.net/tafseer/34/1",
    "section": "saba",
    "answers": [
      {
        "answer": "ثَلاثُ سُورٍ",
        "t": 0
      },
      {
        "answer": "أَربعُ سُورٍ",
        "t": 0
      },
      {
        "answer": "خَمسُ سُورٍ",
        "t": 1
      }
    ]
  },
  {
    "id": 6412,
    "q": "قولُ الله تعالى: {لَقَدْ كَانَ لِسَبَإٍ فِي مَسْكَنِهِمْ آَيَةٌ} المقصود بـ (آَيَة):",
    "level": 1,
    "link": "https://dorar.net/tafseer/34/6",
    "section": "saba",
    "answers": [
      {
        "answer": "مُعجِزَةٌ ظاهِرَةٌ",
        "t": 0
      },
      {
        "answer": "جَنَّةٌ ونَعِيمٌ وخَيرٌ كَثيرٌ ",
        "t": 0
      },
      {
        "answer": "عَلامةٌ وحجَّةٌ ودلالةٌ",
        "t": 1
      }
    ]
  },
  {
    "id": 6415,
    "q": "قَولُ الله تعالى: {إِنِّي بِمَا تَعْمَلُونَ بَصِيرٌ} فيه:",
    "level": 1,
    "link": "https://dorar.net/tafseer/34/4",
    "section": "saba",
    "answers": [
      {
        "answer": "تَحذيرٌ مِن المُخالَفةِ",
        "t": 1
      },
      {
        "answer": "تَأكِيدٌ على أنَّ الأَعمالَ الصَّالِحَة لا تكونُ إلَّا عن بَصِيرَةٍ",
        "t": 0
      },
      {
        "answer": "إِثباتٌ لاسمِ الله: العَلِيم",
        "t": 0
      }
    ]
  },
  {
    "id": 6413,
    "q": "في قوله تعالى: {حَتَّى إِذَا فُزِّعَ عَنْ قُلُوبِهِمْ} (فُزِّعَ) أي:",
    "level": 1,
    "link": "https://dorar.net/tafseer/34/7",
    "section": "saba",
    "answers": [
      {
        "answer": "أَصابَهُم الفَزعُ",
        "t": 0
      },
      {
        "answer": "أُزِيلَ الفَزَعُ",
        "t": 1
      },
      {
        "answer": "قُبِضَت أَرواحُهُم",
        "t": 0
      }
    ]
  },
  {
    "id": 6404,
    "q": "قَولُه تعالى: {كَمَا فُعِلَ بِأَشْيَاعِهِمْ مِنْ قَبْلُ} فيه إشارةٌ إلى:",
    "level": 1,
    "link": "https://dorar.net/tafseer/34/14",
    "section": "saba",
    "answers": [
      {
        "answer": "الاعتبارِ بمَن مضى، سواءٌ كانوا مِن أهلِ الخَيرِ أو مِن أهلِ الشَّرِّ",
        "t": 1
      },
      {
        "answer": "تَحذيرٌ مِن أَخِلَّاء السُّوءِ الذين يَدعونَ إلى النارِ",
        "t": 0
      },
      {
        "answer": "حُرمَة التَّشَيُّع",
        "t": 0
      }
    ]
  },
  {
    "id": 6402,
    "q": "قَولُ الله تعالى: {وَمَا كَانَ لَهُ عَلَيْهِمْ مِنْ سُلْطَانٍ إِلَّا لِنَعْلَمَ مَنْ يُؤْمِنُ بِالْآَخِرَةِ مِمَّنْ هُوَ مِنْهَا فِي شَكٍّ} فيه:",
    "level": 1,
    "link": "https://dorar.net/tafseer/34/7",
    "section": "saba",
    "answers": [
      {
        "answer": "بَيانُ فَضلِ العِلمِ وقُوَّةِ سُلطانِه في التَّأثِيرِ في القُلوبِ",
        "t": 0
      },
      {
        "answer": "أنَّ الشَّكَّ مُنافٍ لأَصلِ الإيمانِ، وناقِضٌ مِن نَواقِضِه",
        "t": 0
      },
      {
        "answer": "تَنبيهُ المؤمِنينَ إلى مَكايِدِ الشَّيطانِ وسُوءِ عاقبةِ أتْباعِه",
        "t": 1
      }
    ]
  }
]