[
  {
    "id": 6377,
    "q": "مَعنى قولِه تعالى: {وَقَدِّرْ فِي السَّرْدِ} :",
    "level": 3,
    "link": "https://dorar.net/tafseer/34/4",
    "section": "saba",
    "answers": [
      {
        "answer": "زِدْ في عَددِ الدُّرُوعِ ",
        "t": 0
      },
      {
        "answer": "تَمَهَّلْ في صَهْرِ الحَديدِ حتَّى يَسِيلَ ثم اصنَعهُ دُروعًا ",
        "t": 0
      },
      {
        "answer": "اجعَلْ نَسْجَ الدُّروعِ على مِقدارٍ مَحدودٍ ونَسَقٍ مُتناسِبٍ مُحكَمٍ",
        "t": 1
      }
    ]
  },
  {
    "id": 6364,
    "q": "مَعنى قَولِه تعالى: {سَيْلَ الْعَرِمِ}:  ",
    "level": 3,
    "link": "https://dorar.net/tafseer/34/6",
    "section": "saba",
    "answers": [
      {
        "answer": "مَلائِكةُ العَذابِ",
        "t": 0
      },
      {
        "answer": "السَّيلُ الغالِبُ الشَّدِيدُ",
        "t": 1
      },
      {
        "answer": "القَحْطُ الشَّدِيدُ",
        "t": 0
      }
    ]
  },
  {
    "id": 6380,
    "q": "مِن أهَمِّ مَقاصِدِ سُورةِ سَبَأٍ:",
    "level": 3,
    "link": "https://dorar.net/tafseer/34",
    "section": "saba",
    "answers": [
      {
        "answer": "بَيانُ طَريقِ العُبوديَّةِ، وبَيانُ أَحوالِ النَّاسِ مع هذا الطَّريقِ",
        "t": 0
      },
      {
        "answer": "ذِكْرُ خَلْقِ بني آدمَ، وانقِسامِهم، ومآلِهم يومَ القيامةِ",
        "t": 0
      },
      {
        "answer": "إبطالُ قَواعدِ الشِّركِ، والرُّدُّ على شُبَهِ المشركينَ",
        "t": 1
      }
    ]
  },
  {
    "id": 6371,
    "q": "في قَولِه تعالى: {وَمَا أَرْسَلْنَا فِي قَرْيَةٍ مِنْ نَذِيرٍ إِلَّا قَالَ مُتْرَفُوهَا إِنَّا بِمَا أُرْسِلْتُمْ بِهِ كَافِرُونَ} (مُتْرَفُوهَا) أي: ",
    "level": 3,
    "link": "https://dorar.net/tafseer/34/10",
    "section": "saba",
    "answers": [
      {
        "answer": "المُنَعَّمونَ فيها",
        "t": 1
      },
      {
        "answer": "أَهلُها الذين يَعِيشُونَ فيها",
        "t": 0
      },
      {
        "answer": "سَادَتُها وكُبَراؤُها",
        "t": 0
      }
    ]
  },
  {
    "id": 6374,
    "q": "معنى قوله تعالى: {وَمَزَّقْنَاهُمْ كُلَّ مُمَزَّقٍ} أي: ",
    "level": 3,
    "link": "https://dorar.net/tafseer/34/6",
    "section": "saba",
    "answers": [
      {
        "answer": "قَطَّعْناهم في الأرضِ، فتفَرَّقوا في نواحٍ كثيرةٍ",
        "t": 1
      },
      {
        "answer": "سَلَّطْنَا عَليهِم أَعداءَهُم فاستَعبَدُوهُم",
        "t": 0
      },
      {
        "answer": "استَأْصَلْنَاهُم عن بَكرَةِ أَبِيهِم",
        "t": 0
      }
    ]
  },
  {
    "id": 6370,
    "q": "المَقصُودُ بقَولِه تعالى: {قُلْ إِنَّ رَبِّي يَقْذِفُ بِالْحَقِّ} أي:",
    "level": 3,
    "link": "https://dorar.net/tafseer/34/13",
    "section": "saba",
    "answers": [
      {
        "answer": "قُلْ لهم -يا مُحمَّدُ-: إنَّ الله هو مَن يَنصُرُ الحَقَّ على الباطِلِ",
        "t": 0
      },
      {
        "answer": "قُلْ لهم -يا مُحمَّدُ-: إنَّ رَبِّي يُلقي الوَحيَ على رَسولِه",
        "t": 1
      },
      {
        "answer": "قُلْ لهم -يا مُحمَّدُ-: إنَّ الله قادِرٌ على أن يَقذِفَ عليكُم شُهُبًا مِن السَّماءِ بالحَقِّ فيُهلِكَكُم",
        "t": 0
      }
    ]
  },
  {
    "id": 6378,
    "q": "في قوله تعالى: {أُولَئِكَ لَهُمْ عَذَابٌ مِنْ رِجْزٍ أَلِيمٌ} الرِّجزُ هو : ",
    "level": 3,
    "link": "https://dorar.net/tafseer/34/2",
    "section": "saba",
    "answers": [
      {
        "answer": "النُّحاسُ المُنصَهِرُ حتَّى يَسِيلَ",
        "t": 0
      },
      {
        "answer": "النَّجاسَةُ التي يُستَقذَرُ مِنها",
        "t": 0
      },
      {
        "answer": "سُوءُ العَذابِ وأَليمُه",
        "t": 1
      }
    ]
  },
  {
    "id": 6375,
    "q": "قال اللهُ تعالى عقِبَ ما ذكَرَهُ مِن تَسخِيرِ الجِنِّ لنبيِّ الله سُليمانَ: {اعْمَلُوا آَلَ دَاوُودَ شُكْرًا} وفي ذلك إشارةٌ إلى: ",
    "level": 3,
    "link": "https://dorar.net/tafseer/34/5",
    "section": "saba",
    "answers": [
      {
        "answer": "جَوازِ استِعمالِ السِّحْرِ في طاعَةِ الله",
        "t": 0
      },
      {
        "answer": "أنَّ الإنسانَ لا يَستغرِقُ في الدُّنيا، وأنَّه يجِبُ أنْ يَعمَلَ صالحًا",
        "t": 1
      },
      {
        "answer": "أنَّ الشُّكرَ يكونُ بالقَلبِ",
        "t": 0
      }
    ]
  },
  {
    "id": 6376,
    "q": "قولُه تعالى: {أَفْتَرَى عَلَى اللَّهِ كَذِبًا أَمْ بِهِ جِنَّةٌ} (جِنَّةٌ) أي:",
    "level": 3,
    "link": "https://dorar.net/tafseer/34/3",
    "section": "saba",
    "answers": [
      {
        "answer": "عُجْبٌ",
        "t": 0
      },
      {
        "answer": "جُنُونٌ",
        "t": 1
      },
      {
        "answer": "سِحْرٌ",
        "t": 0
      }
    ]
  },
  {
    "id": 6369,
    "q": "قوله تعالى: {وَمَا بَلَغُوا مِعْشَارَ مَا آَتَيْنَاهُمْ فَكَذَّبُوا رُسُلِي فَكَيْفَ كَانَ نَكِيرِ} فيه:",
    "level": 3,
    "link": "https://dorar.net/tafseer/34/12",
    "section": "saba",
    "answers": [
      {
        "answer": "بِشارَةٌ للمُؤمِنينَ بالتَّمكِينِ في الأَرضِ",
        "t": 0
      },
      {
        "answer": "تَرغِيبٌ في لُزُومِ الجَماعَةِ وذَمٌّ للتَّفرُّق",
        "t": 0
      },
      {
        "answer": "تَهديدٌ لِلَّذين كذَّبوا النبيَّ صلَّى الله عليه وسلَّم",
        "t": 1
      }
    ]
  },
  {
    "id": 6367,
    "q": "قولُه تعالى: {الْحَمْدُ لِلَّهِ الَّذِي لَهُ مَا فِي السَّمَاوَاتِ وَمَا فِي الْأَرْضِ} فيه:",
    "level": 3,
    "link": "https://dorar.net/tafseer/34/1",
    "section": "saba",
    "answers": [
      {
        "answer": "بَيانُ أنَّ المَقصُودَ بالحَمدِ هو الإِقرارُ بتَوحِيدِ الرُّبوبِيَّة",
        "t": 0
      },
      {
        "answer": "إِثباتٌ لاسمِ الله: الحَمِيد",
        "t": 0
      },
      {
        "answer": "تَعريضٌ بكُفرانِ المشركينَ الَّذين حَمِدوا أشياءَ ليس لها أدْنى تَأثيرٍ",
        "t": 1
      }
    ]
  },
  {
    "id": 6366,
    "q": "قولُه تعالى: {إِنَّ فِي ذَلِكَ لَآَيَةً لِكُلِّ عَبْدٍ مُنِيبٍ} فيه:",
    "level": 3,
    "link": "https://dorar.net/tafseer/34/3",
    "section": "saba",
    "answers": [
      {
        "answer": "حَثٌّ بليغٌ على التَّوبةِ والإنابةِ  ",
        "t": 1
      },
      {
        "answer": "تَقريرُ تَوحيدِ الألُوهِيَّة وتَوحيدِ الرُّبوبِيَّة",
        "t": 0
      },
      {
        "answer": "أنَّ العُبودِيَّةَ كلَّها تَتلخَّصُ في إِخلاصِ الدُّعاءِ",
        "t": 0
      }
    ]
  },
  {
    "id": 6361,
    "q": "قولُه تعالى: {أَنِ اعْمَلْ سَابِغَاتٍ} (سَابِغَاتٍ): أي: ",
    "level": 3,
    "link": "https://dorar.net/tafseer/34/4",
    "section": "saba",
    "answers": [
      {
        "answer": "حِرابًا طِوالًا",
        "t": 0
      },
      {
        "answer": "دُروعًا واسِعةً طويلةً",
        "t": 1
      },
      {
        "answer": "سُيُوفًا حادَّةً قاطِعَةً",
        "t": 0
      }
    ]
  },
  {
    "id": 6373,
    "q": "في قَولِه تعالى: {وَنَجْعَلَ لَهُ أَنْدَادًا} (أَنْدَادًا): أي: ",
    "level": 3,
    "link": "https://dorar.net/tafseer/34/9",
    "section": "saba",
    "answers": [
      {
        "answer": "أمثالًا ونُظَراءَ وشُرَكاءَ",
        "t": 1
      },
      {
        "answer": "أَقوالًا وأَفعالًا وأَحوالًا",
        "t": 0
      },
      {
        "answer": "أسماءً وصِفاتٍ",
        "t": 0
      }
    ]
  },
  {
    "id": 6372,
    "q": "قول الله تعالى: {وَلَقَدْ صَدَّقَ عَلَيْهِمْ إِبْلِيسُ ظَنَّهُ فَاتَّبَعُوهُ إِلَّا فَرِيقًا مِنَ الْمُؤْمِنِينَ} يُستَفادُ مِنه:",
    "level": 3,
    "link": "https://dorar.net/tafseer/34/7",
    "section": "saba",
    "answers": [
      {
        "answer": "أنَّ الإيمانَ حاجزٌ عن اتِّباعِ الشَّيطانِ",
        "t": 1
      },
      {
        "answer": "أنَّ صِدقَ النِّيَّةِ لا يُصلِح العَملَ الفاسِدَ",
        "t": 0
      },
      {
        "answer": "أنَّ سُوءَ الظَّنِّ مِن أَعمالِ إِبليسَ عليه لَعنَةُ الله",
        "t": 0
      }
    ]
  },
  {
    "id": 6379,
    "q": "في قول الله تعالى: {وَمَا يَنْزِلُ مِنَ السَّمَاءِ وَمَا يَعْرُجُ فِيهَا} (يَعْرُجُ) أي: ",
    "level": 3,
    "link": "https://dorar.net/tafseer/34/1",
    "section": "saba",
    "answers": [
      {
        "answer": "يَصعَدُ ويَرقَى",
        "t": 1
      },
      {
        "answer": "يتَكوَّنُ فيها",
        "t": 0
      },
      {
        "answer": "يَتَنَزَّلُ في طَبَقاتِها",
        "t": 0
      }
    ]
  },
  {
    "id": 6368,
    "q": "في قَولِه تعالى: {وَقَالُوا آَمَنَّا بِهِ وَأَنَّى لَهُمُ التَّنَاوُشُ} (التَّنَاوُشُ) أي: ",
    "level": 3,
    "link": "https://dorar.net/tafseer/34/14",
    "section": "saba",
    "answers": [
      {
        "answer": "التَّناوُل، وإِدراكُ ما يُريدونَ",
        "t": 1
      },
      {
        "answer": "الصِّدقُ في القَولِ",
        "t": 0
      },
      {
        "answer": "الرُّجوعُ إلى الدُّنيا",
        "t": 0
      }
    ]
  },
  {
    "id": 6363,
    "q": "في قولِه تعالى: {مَا دَلَّهُمْ عَلَى مَوْتِهِ إِلَّا دَابَّةُ الْأَرْضِ}  (دَابَّةُ الْأَرْضِ) هي:",
    "level": 3,
    "link": "https://dorar.net/tafseer/34/5",
    "section": "saba",
    "answers": [
      {
        "answer": "الدُّودُ الذي يَتكوَّنُ في جَسَدِ المَيِّتِ",
        "t": 0
      },
      {
        "answer": "الجَرادُ الذي يكونُ في القَمحِ",
        "t": 0
      },
      {
        "answer": "السُّوسٌ الذي يَنخِرُ الخَشَبَ",
        "t": 1
      }
    ]
  },
  {
    "id": 6362,
    "q": "ما مَعنَى قَولِه تعالى: {وَأَسَلْنَا لَهُ عَيْنَ الْقِطْرِ}: ",
    "level": 3,
    "link": "https://dorar.net/tafseer/34/5",
    "section": "saba",
    "answers": [
      {
        "answer": "جَعَلنا لسُليمانَ عُيونَ الماءِ جارِيَةً مُسالَةً ",
        "t": 0
      },
      {
        "answer": "فَتَحنا على سُليمانَ أَبوابَ الرِّزقِ والخَيرِ الكَثيرِ",
        "t": 0
      },
      {
        "answer": "أجرَينا لسُلَيمانَ عَينَ النُّحاسِ",
        "t": 1
      }
    ]
  },
  {
    "id": 6365,
    "q": "مَعنَى قَولِ الله تعالى: {وَالَّذِينَ سَعَوْا فِي آَيَاتِنَا مُعَاجِزِينَ} أي: ",
    "level": 3,
    "link": "https://dorar.net/tafseer/34/2",
    "section": "saba",
    "answers": [
      {
        "answer": "والَّذين يُؤمِنُونَ بمُعجِزاتِ أَنبِياءِ الله",
        "t": 0
      },
      {
        "answer": "والَّذين يَسعَونَ في أَرضِ الله غيرَ عاجِزِينَ",
        "t": 0
      },
      {
        "answer": "والَّذين اجتَهَدوا في إبطالِ آياتِ الله تعالى، وصَدِّ النَّاسِ عنها",
        "t": 1
      }
    ]
  }
]