[
  {
    "id": 5916,
    "q": "عن أبي سَعيدٍ الخُدْريِّ رَضِيَ اللهُ عنه قال: قال رَسولُ اللهِ صلَّى اللهُ عليه وسلَّم: والذي نفسي بيَدِه، لا يُبغِضُنا أهْلَ البَيتِ رجلٌ إلَّا:",
    "level": 2,
    "link": "https://dorar.net/aqeeda/3350",
    "section": "sonah",
    "answers": [
      {
        "answer": "أدخَلَه اللهُ النَّارَ",
        "t": 1
      },
      {
        "answer": "أَبغَضَهُ اللهُ",
        "t": 0
      },
      {
        "answer": "مَحرُومٌ",
        "t": 0
      }
    ]
  },
  {
    "id": 5910,
    "q": "قال زيد بن أرقم رضي الله عنه : إن آل بيت النبي صلى الله عليه وسلم هم:",
    "level": 2,
    "link": "https://dorar.net/aqeeda/3343",
    "section": "sonah",
    "answers": [
      {
        "answer": "بَنُو هاشِمٍ، وبَنُو المُطَّلِبِ، وبَنُو حَمزَةَ",
        "t": 0
      },
      {
        "answer": "أَخوالُ رَسولِ الله صلَّى الله عليه وسلَّم وأَعمامُه",
        "t": 0
      },
      {
        "answer": "آلُ عليٍّ، وآلُ عَقيلٍ، وآلُ جَعفرٍ، وآلُ عبَّاسٍ",
        "t": 1
      }
    ]
  },
  {
    "id": 5920,
    "q": "شَهِدَ النبيُّ صلَّى الله عليه وسلَّم لأَصحابِ الشَّجرَةِ الذين بايَعُوا تحتَ الشَّجرَةِ بـ:",
    "level": 2,
    "link": "https://dorar.net/aqeeda/3264",
    "section": "sonah",
    "answers": [
      {
        "answer": "أنَّ الله قد غَفَرَ لهُم ما تَقدَّم مِن ذُنوبِهِم",
        "t": 0
      },
      {
        "answer": "أن لا أَحَدَ مِنهُم يَدخُلُ النَّارَ إن شاءَ اللهُ",
        "t": 1
      },
      {
        "answer": "أنَّ مَنزِلَتَهُم في الجنَّةِ في السَّماءِ السَّادِسَةِ مع نَبِيِّ الله مُوسى عليه السلامُ",
        "t": 0
      }
    ]
  },
  {
    "id": 5912,
    "q": "في قَولِ الله تعالى: {وَاذْكُرْنَ مَا يُتْلَى فِي بُيُوتِكُنَّ مِنْ آيَاتِ اللَّهِ وَالْحِكْمَةِ} فَضِيلَةٌ لزَوجاتِ النبيِّ صلَّى الله عليه وسلَّم؛ وهي:",
    "level": 2,
    "link": "https://dorar.net/aqeeda/3353",
    "section": "sonah",
    "answers": [
      {
        "answer": "تَكلِيفهُنَّ بتَبليغِ الوَحيِ",
        "t": 0
      },
      {
        "answer": "تِلاوَتهُنَّ كِتابَ الله عزَّ وجلَّ وسُنَّةَ رَسولِه صلَّى الله عليه وسلَّم",
        "t": 0
      },
      {
        "answer": "الاصطِفاءُ الإلهي لهُنَّ",
        "t": 1
      }
    ]
  },
  {
    "id": 5906,
    "q": "قوله تعالى: {وَالَّذِينَ جَاؤُوا مِنْ بَعْدِهِمْ يَقُولُونَ رَبَّنَا اغْفِرْ لَنَا وَلِإِخْوَانِنَا الَّذِينَ سَبَقُونَا بِالْإِيمَانِ} قال القُرطُبيُّ: هَذِه الآيةُ دَليلٌ عَلى:",
    "level": 2,
    "link": "https://dorar.net/aqeeda/3310",
    "section": "sonah",
    "answers": [
      {
        "answer": "استِحبابِ الاستِغفارِ للمُؤمِنينَ والمُؤمِناتِ",
        "t": 0
      },
      {
        "answer": "وُجوبِ مَحَبَّةِ الصَّحابةِ",
        "t": 1
      },
      {
        "answer": "أنَّ الوَلاءَ والبَراءَ يكونُ لأُخُوَّةِ الدِّينِ فقط دونَ النَّسبِ",
        "t": 0
      }
    ]
  },
  {
    "id": 5909,
    "q": "مِن الأَحادِيثِ التي كانت فيها إِشارَةٌ إلى صِحَّةِ إمامةِ عَلِيٍّ رضي الله عنه؛ قولُه صلَّى اللهُ عليه وسلَّم:",
    "level": 2,
    "link": "https://dorar.net/aqeeda/3335",
    "section": "sonah",
    "answers": [
      {
        "answer": "خيرُ النَّاسِ قَرنِي، ثُم الذين يَلُونَهُم، ثُم الذين يَلُونَهُم، ثُم الذين يَلُونَهُم",
        "t": 0
      },
      {
        "answer": "لَأُعْطِيَنَّ هذِه الرَّايَةَ غَدًا رَجُلًا يَفْتَحُ اللهُ علَى يَدَيْهِ، يُحِبُّ اللَّهَ ورَسولَه، ويُحِبُّهُ اللهُ ورَسولُهُ",
        "t": 0
      },
      {
        "answer": "وَيْحَ عَمَّارٍ! تقتُلُه الفِئةُ الباغيةُ",
        "t": 1
      }
    ]
  },
  {
    "id": 5913,
    "q": "مِن فَضائلِ خَديجةَ رضي اللهُ عنها:",
    "level": 2,
    "link": "https://dorar.net/aqeeda/3356",
    "section": "sonah",
    "answers": [
      {
        "answer": "أنَّها دُفِنَت مع النبيِّ صلَّى الله عليه وسلَّم في قَبرٍ واحِدٍ",
        "t": 0
      },
      {
        "answer": "أنَّ النَّبِيَّ صلَّى اللهُ عليه وسلَّم لم يتزوَّجِ  عليها حتَّى ماتَت",
        "t": 1
      },
      {
        "answer": "أنَّ الوَحيَ لم يَنزِل على رَسولِ الله صلَّى الله عليه وسلَّم في لِحافِ امرأَةٍ غيرها",
        "t": 0
      }
    ]
  },
  {
    "id": 5905,
    "q": "مِن فَضائِله: أنَّه وَقَى النبيَّ صلَّى الله عليه وسلَّم يومَ أُحُدٍ مِن ضَربَةِ سَيفٍ فشُلَّت يَدُه رضي اللهُ عنه:",
    "level": 2,
    "link": "https://dorar.net/aqeeda/3297",
    "section": "sonah",
    "answers": [
      {
        "answer": "الزُّبيرُ بنُ العوَّامِ رضي الله عنه",
        "t": 0
      },
      {
        "answer": "طَلحةُ بنُ عُبَيدِ الله رضي اللهُ عنه",
        "t": 1
      },
      {
        "answer": "عبدُالرَّحمنِ بنُ عَوفٍ رضي الله عنه",
        "t": 0
      }
    ]
  },
  {
    "id": 5904,
    "q": "في قَولِه تعالى: {وَلَا يَأْتَلِ أُولُو الْفَضْلِ مِنْكُمْ وَالسَّعَةِ أَنْ يُؤْتُوا أُولِي الْقُرْبَى} أجمَعَ المُفَسِّرونَ عَلى أنَّ المُرادَ مِن قَولِه: \"أُولُو الفَضْلِ\" هو:",
    "level": 2,
    "link": "https://dorar.net/aqeeda/3287",
    "section": "sonah",
    "answers": [
      {
        "answer": "أبو بكرٍ رضي اللهُ عنه",
        "t": 1
      },
      {
        "answer": "عَبدُالرحمنِ بنُ عَوفٍ رضي الله عنه",
        "t": 0
      },
      {
        "answer": "زَيدُ بنُ حارِثَة رضي الله عنه",
        "t": 0
      }
    ]
  },
  {
    "id": 5917,
    "q": "هل تَدخُلُ زَوجاتُ النَّبِيِّ صلَّى اللهُ عليه وسلَّم في آلِ البَيتِ؟",
    "level": 2,
    "link": "https://dorar.net/aqeeda/3345",
    "section": "sonah",
    "answers": [
      {
        "answer": "يَدخُلُ مِنهُنَّ فقط مَن كانت مِن بَنِي هاشِمٍ أو بَنِي المُطَّلِبِ",
        "t": 0
      },
      {
        "answer": "لا يَدخُلنَ",
        "t": 0
      },
      {
        "answer": "نعم؛ يَدخُلنَ كُلُّهُنَّ",
        "t": 1
      }
    ]
  },
  {
    "id": 5918,
    "q": "قالت أُمُّ المُؤمِنينَ عائِشةَ رضي الله عنها: ما رَأَيْتُ امْرَأَةً أَحَبَّ إلَيَّ أَنْ أَكُونَ في مِسْلَاخِهَا مِن:",
    "level": 2,
    "link": "https://dorar.net/aqeeda/3358",
    "section": "sonah",
    "answers": [
      {
        "answer": "سَودةَ بِنتِ زَمعَةَ",
        "t": 1
      },
      {
        "answer": "أُمِّ سَلمَة",
        "t": 0
      },
      {
        "answer": "مَيمُونَة بِنتِ الحارِثِ",
        "t": 0
      }
    ]
  },
  {
    "id": 5919,
    "q": "من الذي دعا له النَّبِيُ صلَّى اللهُ عليه وسلَّم بالعِلمِ والحِكمةِ والفِقهِ في الدِّينِ؟",
    "level": 2,
    "link": "https://dorar.net/aqeeda/3394",
    "section": "sonah",
    "answers": [
      {
        "answer": "عبدُ الله بنُ عُمرَ رضي اللهُ عنه",
        "t": 0
      },
      {
        "answer": "عبدُ الله بنُ عبَّاسٍ رضي اللهُ عنه",
        "t": 1
      },
      {
        "answer": "عبدُ الله بنُ عَمرٍو رضي اللهُ عنه",
        "t": 0
      }
    ]
  },
  {
    "id": 5902,
    "q": "نَزلَ قَولُ الله تعالى {رَضِيَ اللَّهُ عَنْهُمْ وَرَضُوا عَنْهُ وَأَعَدَّ لَهُمْ جَنَّاتٍ تَجْرِي تَحْتَهَا الْأَنْهَارُ خَالِدِينَ فِيهَا أَبَدًا ذَلِكَ الْفَوْزُ الْعَظِيمُ} في:",
    "level": 2,
    "link": "https://dorar.net/aqeeda/3264",
    "section": "sonah",
    "answers": [
      {
        "answer": "السَّابِقينَ الأوَّلينَ مِن المُهاجِرينَ والأنصارِ",
        "t": 1
      },
      {
        "answer": "مَن آمَنَ بالنبيِّ صلَّى الله عليه وسلَّم مِن أَهلِ الكِتابِ",
        "t": 0
      },
      {
        "answer": "أَهلِ الصُّفَّة",
        "t": 0
      }
    ]
  },
  {
    "id": 5914,
    "q": "مِن فَضائِلِهم أنَّهم أوَّلُ بَيتٍ هاجَرَ إلى رَسولِ الله صلَّى الله عليه وسلَّم:",
    "level": 2,
    "link": "https://dorar.net/aqeeda/3364",
    "section": "sonah",
    "answers": [
      {
        "answer": "آلُ ياسِرٍ رضي اللهُ عنهُم",
        "t": 0
      },
      {
        "answer": "أبو سَلمَة وأُمُّ سَلمَة رضي اللهُ عنهم",
        "t": 1
      },
      {
        "answer": "بَنُو عَقيلٍ رضي اللهُ عنهُم",
        "t": 0
      }
    ]
  },
  {
    "id": 5907,
    "q": "مِن أَعْظَمِ اللَّوازِمِ التي تترتَّبُ على السَّبِّ والطَّعنِ في صحابةِ رَسولِ الله صلَّى اللهُ عليه وسلَّم:",
    "level": 2,
    "link": "https://dorar.net/aqeeda/3317",
    "section": "sonah",
    "answers": [
      {
        "answer": "الطَّعنُ في آلِ بَيتِ رَسولِ الله صلَّى الله عليه وسلَّم",
        "t": 0
      },
      {
        "answer": "تَركُ الدُّعاءِ والاستِغفارِ لهُم كما جاء في القُرآنِ",
        "t": 0
      },
      {
        "answer": "الشَّكُّ في القُرآنِ الكَريمِ والأحاديثِ النَّبَويَّةِ",
        "t": 1
      }
    ]
  },
  {
    "id": 5903,
    "q": "مِن أَدِلَّةِ السُّنَّةِ النَّبوِيَّةِ على فَضلِ الصَّحابَةِ رَضِيَ الله عنهُم؛ قَولُه صلَّى الله عليه وسلَّم:",
    "level": 2,
    "link": "https://dorar.net/aqeeda/3266",
    "section": "sonah",
    "answers": [
      {
        "answer": "إنَّ للهِ عِبادًا يُجلِسُهم يَومَ القِيامةِ على مَنابِرَ من نورٍ ، يَغشَى وُجوهَهُمُ النُّورُ",
        "t": 0
      },
      {
        "answer": "يُدْعَوْنَ يَومَ القِيامَةِ غُرًّا مُحَجَّلِينَ مِن آثارِ الوُضُوءِ",
        "t": 0
      },
      {
        "answer": "إنَّ خَيرَكم قَرني، ثُمَّ الَّذينَ يَلُونَهم، ثُمَّ الَّذينَ يَلُونَهم، ثُمَّ الَّذينَ يَلُونَهم",
        "t": 1
      }
    ]
  },
  {
    "id": 5908,
    "q": "لمَّا تُوفِّيَ رَسولُ الله صلَّى الله عليه وسلَّم وخافَ أبو بكرٍ مِن اختِلافِ المُهاجِرينَ والأَنصارِ في أَمرِ الخِلافَةِ رَشَّحَ لهم أبو بكرٍ رضي الله عنه رَجُلَينِ للخِلافَةِ؛ وهُما:",
    "level": 2,
    "link": "https://dorar.net/aqeeda/3329",
    "section": "sonah",
    "answers": [
      {
        "answer": "عُثمانُ بنُ عفَّانَ والزُّبَيرُ بنُ العَوَّامِ رضي الله عنهُما",
        "t": 0
      },
      {
        "answer": "عبدُالرحمنِ بنُ عَوفٍ وسَعدُ بنُ عُبادَة رضي الله عنهُما",
        "t": 0
      },
      {
        "answer": "عُمرُ بنُ الخطَّابِ وأبو عُبيدَةَ بنُ الجَرَّاحِ رضي اللهُ عنهُما",
        "t": 1
      }
    ]
  },
  {
    "id": 5911,
    "q": "من الذي صلَّى خَلفَهُ النبيُّ صلَّى اللهُ عليه وسلَّم مَأمُومًا؟",
    "level": 2,
    "link": "https://dorar.net/aqeeda/3301",
    "section": "sonah",
    "answers": [
      {
        "answer": "أُبَيُّ بنُ كَعبٍ رضي اللهُ عنه",
        "t": 0
      },
      {
        "answer": "عبدُالرحمنِ بنُ عَوفٍ رضي اللهُ عنه",
        "t": 1
      },
      {
        "answer": "عبدُالله بنُ مَسعُودٍ رضي اللهُ عنه",
        "t": 0
      }
    ]
  },
  {
    "id": 5915,
    "q": "مِن فَضائلِ عائِشةَ رضي اللهُ عنها:",
    "level": 2,
    "link": "https://dorar.net/aqeeda/3360",
    "section": "sonah",
    "answers": [
      {
        "answer": "أنَّها أوَّلُ مَن آمَنَت بالنبيِّ صلَّى الله عليه وسلَّم مِن النِّساءِ",
        "t": 0
      },
      {
        "answer": "أنَّها رَأَت جِبريلَ عليه السَّلامُ في صُورَتِه الحَقيقِيَّة مَرَّتينِ",
        "t": 0
      },
      {
        "answer": "أنَّ الوَحيَ لم يَنزِل على رَسولِ الله صلَّى الله عليه وسلَّم في لِحافِ امرأَةٍ غيرها",
        "t": 1
      }
    ]
  },
  {
    "id": 5901,
    "q": "من القائل: (كُلُّ مَن صَحِبَه سَنةً أو شَهرًا أو يَومًا أو ساعةً ورَآهُ فهوَ مِن أصحابِه)؟",
    "level": 2,
    "link": "https://dorar.net/aqeeda/3259",
    "section": "sonah",
    "answers": [
      {
        "answer": "أبو حَنِيفَةَ النُّعمان",
        "t": 0
      },
      {
        "answer": "مَالِكُ بنُ أَنَسٍ",
        "t": 0
      },
      {
        "answer": "أحمَدُ بنُ حَنبَلٍ",
        "t": 1
      }
    ]
  }
]