[
  {
    "id": 5930,
    "q": "مِن أَدِلَّةِ القُرآنِ الكَريمِ على عَدالَةِ الصَّحابَةِ رضي الله عنهم؛ قولُ الله تعالى:",
    "level": 3,
    "link": "https://dorar.net/aqeeda/3315",
    "section": "sonah",
    "answers": [
      {
        "answer": "إِنَّ الَّذِينَ قَالُوا رَبُّنَا اللَّهُ ثُمَّ اسْتَقَامُوا فَلَا خَوْفٌ عَلَيْهِمْ وَلَا هُمْ يَحْزَنُونَ * أُولَئِكَ أَصْحَابُ الْجَنَّةِ خَالِدِينَ فِيهَا جَزَاءً بِمَا كَانُوا يَعْمَلُونَ",
        "t": 0
      },
      {
        "answer": "وَإِذَا سَمِعُوا مَا أُنْزِلَ إِلَى الرَّسُولِ تَرَى أَعْيُنَهُمْ تَفِيضُ مِنَ الدَّمْعِ مِمَّا عَرَفُوا مِنَ الْحَقِّ يَقُولُونَ رَبَّنَا آمَنَّا فَاكْتُبْنَا مَعَ الشَّاهِدِينَ",
        "t": 0
      },
      {
        "answer": "إِنَّ الَّذِينَ آمَنُوا وَالَّذِينَ هَاجَرُوا وَجَاهَدُوا فِي سَبِيلِ اللَّهِ أُوْلَئِكَ يَرْجُونَ رَحْمَتَ اللَّهِ",
        "t": 1
      }
    ]
  },
  {
    "id": 5921,
    "q": "الصَّحابةُ عَدَدٌ كثيرٌ، ولا يُمكِنُ الجَزمُ بحَصْرِهِم عَلى وَجهِ التَّحديدِ، لكِنْ قيلَ عَلى وَجهِ التَّقريبِ: أنَّهم يَبلُغونَ:",
    "level": 3,
    "link": "https://dorar.net/aqeeda/3259",
    "section": "sonah",
    "answers": [
      {
        "answer": "مِئَةً وخَمسِينَ ألفًا",
        "t": 0
      },
      {
        "answer": "مِئةً وأربَعةَ عَشَرَ ألفًا",
        "t": 1
      },
      {
        "answer": "مِئةَ أَلفٍ",
        "t": 0
      }
    ]
  },
  {
    "id": 5922,
    "q": "وزيرَا رَسولِ الله صلَّى اللهُ عليه وسلَّم هُما:",
    "level": 3,
    "link": "https://dorar.net/aqeeda/3268",
    "section": "sonah",
    "answers": [
      {
        "answer": "مُعاذُ بنُ جَبلٍ وأبو مُوسى الأَشعريُّ رَضِيَ اللهُ عنهُما",
        "t": 0
      },
      {
        "answer": "أبو بكرٍ وعُمرُ رَضِيَ اللهُ عنهُما",
        "t": 1
      },
      {
        "answer": "عليُّ بنُ أبي طالِبٍ وعبدُالله بنُ عبَّاسٍ رَضِيَ اللهُ عنهُما",
        "t": 0
      }
    ]
  },
  {
    "id": 5936,
    "q": "من التي قال فيها رَسولُ الله صلَّى الله عليه وسلَّم: (هي أفضَلُ بَناتي؛ أُصِيبَت فِيَّ)؟",
    "level": 3,
    "link": "https://dorar.net/aqeeda/3372",
    "section": "sonah",
    "answers": [
      {
        "answer": "أُمُّ كُلثُوم رضي اللهُ عنها",
        "t": 0
      },
      {
        "answer": "رُقَيَّةُ رضي اللهُ عنها",
        "t": 0
      },
      {
        "answer": "زَينبُ رضي اللهُ عنها",
        "t": 1
      }
    ]
  },
  {
    "id": 5934,
    "q": "من التي قال لها النبيُّ صلَّى الله عليه وسلَّم: (هذا جِبريلُ يُقرِئُكِ السَّلامَ)؟",
    "level": 3,
    "link": "https://dorar.net/aqeeda/3360",
    "section": "sonah",
    "answers": [
      {
        "answer": "عائِشةُ بِنتُ أبي بَكرٍ رضي اللهُ عنهما",
        "t": 1
      },
      {
        "answer": "جُويرِيةُ بِنتُ الحارِثِ رضي اللهُ عنها",
        "t": 0
      },
      {
        "answer": "صَفِيَّةُ بِنتُ حُيَيٍّ رضي اللهُ عنها",
        "t": 0
      }
    ]
  },
  {
    "id": 5924,
    "q": "أَسلَمَ سَعدُ بنُ أبي وقَّاصٍ رضي الله عنه ومَكَثَ أُسبُوعًا وإنَّه:",
    "level": 3,
    "link": "https://dorar.net/aqeeda/3303",
    "section": "sonah",
    "answers": [
      {
        "answer": "خُمسُ الإِسلامِ",
        "t": 0
      },
      {
        "answer": "ثُلثُ الإِسلامِ",
        "t": 1
      },
      {
        "answer": "رُبعُ الإِسلامِ",
        "t": 0
      }
    ]
  },
  {
    "id": 5925,
    "q": "كانَ من أشهَرِ كُتَّابِ النَّبيِّ صلَّى اللهُ عليه وسلَّم، وهوَ الَّذي كَتَبَ صُلْحَ الحُدَيبيَةِ:",
    "level": 3,
    "link": "https://dorar.net/aqeeda/3293",
    "section": "sonah",
    "answers": [
      {
        "answer": "عليُّ بنُ أبي طالِبٍ رضي اللهُ عنه",
        "t": 1
      },
      {
        "answer": "جَعفرُ بنُ أبي طالِبِ رضي اللهُ عنه",
        "t": 0
      },
      {
        "answer": "زَيدُ بنُ ثابتٍ رضي اللهُ عنه",
        "t": 0
      }
    ]
  },
  {
    "id": 5931,
    "q": "كانت خِلافَةُ عُمرَ رضي الله عنه بـ:",
    "level": 3,
    "link": "https://dorar.net/aqeeda/3331",
    "section": "sonah",
    "answers": [
      {
        "answer": "اجتِماعِ أَهلِ بَدرٍ عليه وتَولِيَتهِم له رضي اللهُ عنهم أَجمَعِينَ",
        "t": 0
      },
      {
        "answer": "باستِخلافِ أبي بكرٍ له رضي اللهُ عنهُما",
        "t": 1
      },
      {
        "answer": "تَرشِيحِ عبدِالرحمنِ بنِ عَوفٍ له للخِلافَةِ ومُبايعتُه له على المَلأِ بعدَ صَلاةِ الجُمعَةِ",
        "t": 0
      }
    ]
  },
  {
    "id": 5933,
    "q": "لَمَّا استُشهِدَ عَلِيٌّ رَضِيَ اللهُ عنه، بُويِعَ بالخِلافةِ من بَعْدِه:",
    "level": 3,
    "link": "https://dorar.net/aqeeda/3337",
    "section": "sonah",
    "answers": [
      {
        "answer": "الزُّبَيرُ بنُ العَوَّامِ رضي اللهُ عنه",
        "t": 0
      },
      {
        "answer": "ابنُه الحَسَنُ رضي اللهُ عنه",
        "t": 1
      },
      {
        "answer": "طَلحَةُ بنُ عُبيدِ الله رضي اللهُ عنه",
        "t": 0
      }
    ]
  },
  {
    "id": 5935,
    "q": "كانت أَكثرَ زَوجاتِ النبيِّ صلَّى الله عليه وسلَّم صَدَقَةً:",
    "level": 3,
    "link": "https://dorar.net/aqeeda/3366",
    "section": "sonah",
    "answers": [
      {
        "answer": "عائِشةُ بِنتُ أبي بَكرٍ رضي اللهُ عنها",
        "t": 0
      },
      {
        "answer": "مَيمُونَة بِنتِ الحارِثِ رضي اللهُ عنها",
        "t": 0
      },
      {
        "answer": "زَينبُ بِنتُ جَحشٍ رضي اللهُ عنها",
        "t": 1
      }
    ]
  },
  {
    "id": 5937,
    "q": "من الذي قال له النبيُّ صلَّى اللهُ عليه وسلم: (أشبَهْتَ خَلْقِي وخُلُقِي)؟",
    "level": 3,
    "link": "https://dorar.net/aqeeda/3392",
    "section": "sonah",
    "answers": [
      {
        "answer": "المِسْوَرُ بنُ مَخرمَةَ رضي اللهُ عنه",
        "t": 0
      },
      {
        "answer": "دَحْيَةُ الكَلبيُّ رضي اللهُ عنه",
        "t": 0
      },
      {
        "answer": "جَعفَرُ بنُ أبي طالِبٍ رضي اللهُ عنه",
        "t": 1
      }
    ]
  },
  {
    "id": 5939,
    "q": "من المقصودُ بقَولِ النبيِّ صلَّى اللهُ عليه وسلَّم: (إنَّ ابني هذا سَيِّدٌ، ولعَلَّ اللهَ أن يُصلِحَ به بين فئتينِ عَظيمتينِ مِنَ المُسلِمين)؟",
    "level": 3,
    "link": "https://dorar.net/aqeeda/3337",
    "section": "sonah",
    "answers": [
      {
        "answer": "الحَسَنُ بن عليٍّ رضي اللهُ عنهما",
        "t": 1
      },
      {
        "answer": "إبراهيمُ بنُ النبيِّ صلَّى اللهُ عليه وسلَّم",
        "t": 0
      },
      {
        "answer": "الحُسَينُ بنُ عليٍّ رضي اللهُ عنهما",
        "t": 0
      }
    ]
  },
  {
    "id": 5938,
    "q": "كانت مِن أَعظَمِ النِّساءِ بَرَكةً على قَومِها؛ حيث أُعتِقَ بسَبَبِها مائةُ أهلِ بَيتٍ من الأَسْرِ:",
    "level": 3,
    "link": "https://dorar.net/aqeeda/3368",
    "section": "sonah",
    "answers": [
      {
        "answer": "زَينبُ بِنتُ جَحشٍ رضي اللهُ عنها",
        "t": 0
      },
      {
        "answer": "أُمُّ حَبِيبَة بِنتُ أبي سُفيانَ رضي اللهُ عنها",
        "t": 0
      },
      {
        "answer": "جُوَيريَةُ بِنتُ الحارِثِ رضي اللهُ عنها",
        "t": 1
      }
    ]
  },
  {
    "id": 5926,
    "q": "قال رَسولُ الله صلَّى الله عليه وسلَّم فيهِم: (لا يُحِبُّهم إلَّا مُؤْمِنٌ، ولا يُبغِضُهم إلَّا مُنافِقٌ):",
    "level": 3,
    "link": "https://dorar.net/aqeeda/3310",
    "section": "sonah",
    "answers": [
      {
        "answer": "ألُ بَيتِ النبيِّ صلَّى الله عليه وسلَّم",
        "t": 0
      },
      {
        "answer": "المُهاجِرُونَ",
        "t": 0
      },
      {
        "answer": "الأنصارُ",
        "t": 1
      }
    ]
  },
  {
    "id": 5929,
    "q": "قال رَسولُ اللهِ صلَّى اللهُ عليه وسلَّم: (إنَّكم تَلْقَونَ بَعْدِي فِتنةً واختِلافًا) فقال قائِلٌ مِنَ النَّاسِ: فمَن لنا يا رَسولَ اللَّهِ؟ قال: (عليكم بالأمينِ وأصحابِه) وهوَ يُشيرُ إلى:",
    "level": 3,
    "link": "https://dorar.net/aqeeda/3291",
    "section": "sonah",
    "answers": [
      {
        "answer": "عُثمانَ بنِ عفَّانَ رضي اللهُ عنه",
        "t": 1
      },
      {
        "answer": "أبي عُبيدَةَ بنِ الجَرَّاحِ رضي اللهُ عنه",
        "t": 0
      },
      {
        "answer": "عبدِالله بنِ مَسعُودٍ رضي اللهُ عنه",
        "t": 0
      }
    ]
  },
  {
    "id": 5927,
    "q": "عَرَّفَ الغَزالِيُّ العَدالةَ بأنَّها:",
    "level": 3,
    "link": "https://dorar.net/aqeeda/3313",
    "section": "sonah",
    "answers": [
      {
        "answer": "استِقامةُ السِّيرةِ والدِّينِ",
        "t": 1
      },
      {
        "answer": "أَداءُ الفَرائضِ والتَّجافِي عن المُحرَّماتِ",
        "t": 0
      },
      {
        "answer": "فِعلُ الأَوامِرِ وتَركُ النَّواهِي",
        "t": 0
      }
    ]
  },
  {
    "id": 5928,
    "q": "مِن الذين بَشَّرَهُم النبيُّ صلَّى الله عليه وسلَّم بالجنَّةِ غير العَشرَةِ المُبشَّرِين:",
    "level": 3,
    "link": "https://dorar.net/aqeeda/3323",
    "section": "sonah",
    "answers": [
      {
        "answer": "سُراقَةُ بنُ مالِكٍ رَضِيَ اللهُ عنه",
        "t": 0
      },
      {
        "answer": "تَمِيمٌ الدَّارِيُّ رَضِيَ اللهُ عنه",
        "t": 0
      },
      {
        "answer": "عُكَّاشةُ بنُ مِحصَنٍ الأسْديُّ رَضِيَ اللهُ عنه",
        "t": 1
      }
    ]
  },
  {
    "id": 5923,
    "q": "يقولُ صلَّى اللهُ عليه وسلَّم: (بَينا أنا نائِمٌ إذ رَأيتُ قَدَحًا أُتِيتُ به فيه لبَنٌ، فشَرِبتُ مِنهُ حَتَّى إنِّي لأرى الرِّيَّ يَجري في أظفاري، ثُمَّ أعطيتُ فَضْلي عُمَرَ بنَ الخَطَّابِ) قالوا: فما أوَّلتَ ذلك يا رَسولَ اللَّهِ؟ فقال:",
    "level": 3,
    "link": "https://dorar.net/aqeeda/3289",
    "section": "sonah",
    "answers": [
      {
        "answer": "الوّحيُ",
        "t": 0
      },
      {
        "answer": "العِلمُ",
        "t": 1
      },
      {
        "answer": "الدِّينُ",
        "t": 0
      }
    ]
  },
  {
    "id": 5932,
    "q": "من أَوَّل مَن أَعْلَنَ مبايَعَةَ عُثمانَ بنِ عفَّانَ رضي اللهُ عنه على الخِلافَةِ؟",
    "level": 3,
    "link": "https://dorar.net/aqeeda/3333",
    "section": "sonah",
    "answers": [
      {
        "answer": "عليُّ بنُ أبي طالِبٍ رضي اللهُ عنه",
        "t": 0
      },
      {
        "answer": "عبدُالرحمنِ بنُ عَوفٍ رضي اللهُ عنه",
        "t": 1
      },
      {
        "answer": "سَعيدُ بنُ زَيدٍ رضي اللهُ عنه",
        "t": 0
      }
    ]
  },
  {
    "id": 5940,
    "q": "يُستَدلُّ بقَولِ الله تعالى: {وَالَّذِينَ جَاؤُوا من بَعْدِهِمْ يَقُولُونَ رَبَّنَا اغْفِرْ لَنَا وَلِإِخْوَانِنَا الَّذِينَ سَبَقُونَا بِالْإِيمَانِ} على:",
    "level": 3,
    "link": "https://dorar.net/aqeeda/3321",
    "section": "sonah",
    "answers": [
      {
        "answer": "الأمرِ بالدُّعاءِ والِاستِغفارِ لِأصحابِ رَسولِ اللهِ صلَّى اللهُ عليه وسلَّم",
        "t": 1
      },
      {
        "answer": "عِصمَةِ الصَّحابَةِ رضي اللهُ عنهم",
        "t": 0
      },
      {
        "answer": "فَضلِ أَهلِ بَدرٍ رِضوانِ الله عليهِم جَميعًا وسَبقِهِم في نصرة رَسولِ الله صلَّى اللهُ عليه وسلَّم",
        "t": 0
      }
    ]
  }
]