[
  {
    "id": 5891,
    "q": "مِن عَقيدةِ أَهلِ السُّنَّةِ والجَماعَةِ في الصَّحابَةِ رضي اللهُ عنهم:",
    "level": 1,
    "link": "https://dorar.net/aqeeda/3310",
    "section": "sonah",
    "answers": [
      {
        "answer": "اعتِقادُ أنَّهم أَفضلُ البَشرِ بعدَ النبيِّ صلَّى الله عليه وسلَّم",
        "t": 0
      },
      {
        "answer": "جَوازُ التَّوسُّلِ بهِم إلى الله عزَّ وجلَّ",
        "t": 0
      },
      {
        "answer": "وُجوبُ مَحبَّتهِم رضي اللهُ عنهم",
        "t": 1
      }
    ]
  },
  {
    "id": 5892,
    "q": "لَمَّا خَشِيَ اختِلافَ النَّاسِ في القُرآنِ جَمَعَ القُرآنَ عَلى رَسمٍ واحِدٍ للمُصحَفِ:",
    "level": 1,
    "link": "https://dorar.net/aqeeda/3291",
    "section": "sonah",
    "answers": [
      {
        "answer": "مُعاوِيَةُ بنُ أبي سُفيانَ رضي الله عنه",
        "t": 0
      },
      {
        "answer": "عُثمانُ بنُ عفَّانَ رضي الله عنه",
        "t": 1
      },
      {
        "answer": "أُبَيُّ بنُ كَعبٍ رضي الله عنه",
        "t": 0
      }
    ]
  },
  {
    "id": 5894,
    "q": "قال أبو زُرعةَ الرَّازي: إذا رَأيتَ الرَّجُلَ يَنتَقِصُ أحَدًا مِن أصحابِ رَسولِ اللهِ صلَّى اللهُ عليه وسلَّم فاعلَمْ أنَّه:",
    "level": 1,
    "link": "https://dorar.net/aqeeda/3317",
    "section": "sonah",
    "answers": [
      {
        "answer": "كافِرٌ",
        "t": 0
      },
      {
        "answer": "زِنْديقٌ",
        "t": 1
      },
      {
        "answer": "مُنافِقٌ",
        "t": 0
      }
    ]
  },
  {
    "id": 5883,
    "q": "أثنى اللهُ تبارك وتعالى عَلى أصحابِ رَسولِ اللهِ صلَّى اللهُ عليه وسلَّم في:",
    "level": 1,
    "link": "https://dorar.net/aqeeda/3268",
    "section": "sonah",
    "answers": [
      {
        "answer": "القرآنِ فقط",
        "t": 0
      },
      {
        "answer": "القُرآنِ والتوراةِ فقط",
        "t": 0
      },
      {
        "answer": "القُرآنِ والتَّوراةِ والإنجيلِ",
        "t": 1
      }
    ]
  },
  {
    "id": 5893,
    "q": "من الذي قال عن أَصحابِ النبيِّ صلَّى اللهُ عليه وسلَّم: \"حُبُّهم دينٌ وإيمانٌ وإحسانٌ، وبُغْضُهم كُفرٌ ونِفاقٌ وطُغيانٌ\"؟",
    "level": 1,
    "link": "https://dorar.net/aqeeda/3310",
    "section": "sonah",
    "answers": [
      {
        "answer": "ابنُ عبدِ البَرِّ",
        "t": 0
      },
      {
        "answer": "سُفيانُ الثَّورِيُّ",
        "t": 0
      },
      {
        "answer": "الطَّحاوِيُّ",
        "t": 1
      }
    ]
  },
  {
    "id": 5897,
    "q": "بُويِعَ أبو بكرٍ رضي الله عنه بالخِلافَةِ مِن قِبَلِ المُهاجِرينَ والأَنصارِ في:",
    "level": 1,
    "link": "https://dorar.net/aqeeda/3329",
    "section": "sonah",
    "answers": [
      {
        "answer": "دارِ الأَرقَمِ بنِ أبي الأَرقَمِ",
        "t": 0
      },
      {
        "answer": "سَقيفةِ بني ساعِدةَ",
        "t": 1
      },
      {
        "answer": "مَسجِدِ النبيِّ صلَّى الله عليه وسلَّم",
        "t": 0
      }
    ]
  },
  {
    "id": 5884,
    "q": "الرَّاجِحُ مِن أَقوالِ أَهلِ العِلمِ أنَّ أفضلَ زوجاتِ النبيِّ صلَّى اللهُ عليه وسلَّم هي:",
    "level": 1,
    "link": "https://dorar.net/aqeeda/3282",
    "section": "sonah",
    "answers": [
      {
        "answer": "أمُّ المُؤمِنينَ سَودَةُ بِنتُ زَمعَةَ رَضِيَ الله عنها",
        "t": 0
      },
      {
        "answer": "أمُّ المُؤمِنينَ خَديجَةَ رَضِيَ الله عنها",
        "t": 1
      },
      {
        "answer": "أمُّ المُؤمِنينَ عائشةُ رَضِيَ الله عنها",
        "t": 0
      }
    ]
  },
  {
    "id": 5899,
    "q": "مِن فَضائِلِ أهلِ البَيتِ التي ذُكِرَت في القُرآنِ الكريمِ:",
    "level": 1,
    "link": "https://dorar.net/aqeeda/3348",
    "section": "sonah",
    "answers": [
      {
        "answer": "اصطِفاءُ الله لهُم بالوَحْيِ والرِّسالَةِ دُونَ غَيرِهِم",
        "t": 0
      },
      {
        "answer": "تَطهِيرُهُم مِن الرِّجْسِ",
        "t": 1
      },
      {
        "answer": "تَفضِيلُهم بنِصفِ الفَيْءِ مِن الغَنائمِ خصيصةً لهُم",
        "t": 0
      }
    ]
  },
  {
    "id": 5900,
    "q": "مِن فَضائِلِ أزواجِ النَّبِيِّ صلَّى اللهُ عليه وسلَّم:",
    "level": 1,
    "link": "https://dorar.net/aqeeda/3353",
    "section": "sonah",
    "answers": [
      {
        "answer": "حَملُهُنَّ شَرفَ النُّبُوَّةِ بعدَ مَوتِ النبيِّ صلَّى الله عليه وسلَّم",
        "t": 0
      },
      {
        "answer": "أنَّهُنَّ خيرُ نِساءِ العالِمينَ",
        "t": 0
      },
      {
        "answer": "مُضاعَفةُ الأجرِ لهُنَّ",
        "t": 1
      }
    ]
  },
  {
    "id": 5889,
    "q": "من الذي استَخلَفهُ رَسولُ الله صلَّى الله عليه وسلَّم على المَدينَةِ حين خَرجَ لغَزوَةِ تَبُوكَ؟",
    "level": 1,
    "link": "https://dorar.net/aqeeda/3293",
    "section": "sonah",
    "answers": [
      {
        "answer": "عليُّ بنُ أبي طالِبٍ رضي اللهُ عنه",
        "t": 1
      },
      {
        "answer": "أبو هُريرةَ رضي اللهُ عنه",
        "t": 0
      },
      {
        "answer": "ابنُ أُمِّ مَكتُومٍ رضي اللهُ عنه",
        "t": 0
      }
    ]
  },
  {
    "id": 5896,
    "q": "من هي المْرأَةُ التي بَشرَّها النبيُّ صلَّى الله عليه وسلَّم بالجنَّة؟",
    "level": 1,
    "link": "https://dorar.net/aqeeda/3323",
    "section": "sonah",
    "answers": [
      {
        "answer": "أُمُّ شَريكٍ العامِريَّة رَضِيَ اللهُ عنها",
        "t": 0
      },
      {
        "answer": "أُمِّ عَطِيَّةَ نُسَيْبَةُ بنتُ كَعبٍ الأنصارِيَّةُ رَضِيَ اللهُ عنها",
        "t": 0
      },
      {
        "answer": "أُمُّ سُلَيم بِنتُ مِلحانَ رَضِيَ اللهُ عنها",
        "t": 1
      }
    ]
  },
  {
    "id": 5882,
    "q": "مِنَ الآياتِ القُرآنيَّةِ في بَيانِ فَضلِ الصَّحابةِ رَضِيَ اللهُ عنهم؛ قَولُ الله تعالى:",
    "level": 1,
    "link": "https://dorar.net/aqeeda/3264",
    "section": "sonah",
    "answers": [
      {
        "answer": "{النَّبِيُّ أَوْلَى بِالْمُؤْمِنِينَ مِنْ أَنْفُسِهِمْ وَأَزْوَاجُهُ أُمَّهَاتُهُمْ وَأُولُو الْأَرْحَامِ بَعْضُهُمْ أَوْلَى بِبَعْضٍ فِي كِتَابِ اللَّهِ}",
        "t": 0
      },
      {
        "answer": "{مُحَمَّدٌ رَسُولُ اللَّهِ وَالَّذِينَ مَعَهُ أَشِدَّاءُ عَلَى الْكُفَّارِ رُحَمَاءُ بَيْنَهُمْ}",
        "t": 1
      },
      {
        "answer": "{وَكَأَيِّنْ مِنْ نَبِيٍّ قَاتَلَ مَعَهُ رِبِّيُّونَ كَثِيرٌ فَمَا وَهَنُوا لِمَا أَصَابَهُمْ فِي سَبِيلِ اللَّهِ وَمَا ضَعُفُوا وَمَا اسْتَكَانُوا وَاللَّهُ يُحِبُّ الصَّابِرِينَ}",
        "t": 0
      }
    ]
  },
  {
    "id": 5881,
    "q": "عرَّفَ ابنُ حَجَرَ الصَّحابِيَّ بأنَّه:",
    "level": 1,
    "link": "https://dorar.net/aqeeda/3259",
    "section": "sonah",
    "answers": [
      {
        "answer": "مَنِ اجتَمَعَ بالنَّبيِّ صلَّى اللهُ عليه وسلَّم مُؤْمِنًا ولَو لحظةً، حتَّى لو ارتدَّ بعدَ ذلك",
        "t": 0
      },
      {
        "answer": "مَن لَقِيَ النَّبيَّ صلَّى اللهُ عليه وسلَّم مُؤْمِنًا به، ومات عَلى الإسلامِ",
        "t": 1
      },
      {
        "answer": "كُلُّ مَن رَأى رَسولَ اللهِ صلَّى اللهُ عليه وسلَّم وقَد أدرَكَ الحُلُمَ، فأسلَمَ وعَقَلَ أمرَ الدِّينِ ورَضِيَه",
        "t": 0
      }
    ]
  },
  {
    "id": 5887,
    "q": "لَمَّا نَزَلَ قولُه تعالى: {فَقُلْ تَعَالَوا نَدْعُ أَبْنَاءَنَا وَأَبْنَاءَكُمْ} دَعاهم رَسولُ اللهِ صلَّى اللهُ عليه وسلَّم وقال: (اللَّهُمَّ هَؤُلاءِ أهلي):",
    "level": 1,
    "link": "https://dorar.net/aqeeda/3293",
    "section": "sonah",
    "answers": [
      {
        "answer": "عَلِيٌّ وفاطِمةُ وحَسَنٌ وحُسَينٌ",
        "t": 1
      },
      {
        "answer": "أبو بكرٍ وعُمرُ",
        "t": 0
      },
      {
        "answer": "حَمزَةُ والعبَّاسُ وجَعفرٌ وطَلحَةُ والزُّبيرُ",
        "t": 0
      }
    ]
  },
  {
    "id": 5890,
    "q": "سُئِلَتْ عائِشةُ رضي الله عنها: مَن كانَ رَسولُ الله صلَّى اللهُ عليه وسلَّم مُستَخلِفًا لوِ استَخلَفَ؟ قالت: أبو بَكْرٍ، فقيلَ لها: ثُمَّ مَن؟ قالت: عُمَرُ، فقيلَ لها: من بَعْدَ عُمَرَ؟ فقالت:",
    "level": 1,
    "link": "https://dorar.net/aqeeda/3305",
    "section": "sonah",
    "answers": [
      {
        "answer": "عبدُالرحمنِ بنُ عَوفٍ رضي اللهُ عنه",
        "t": 0
      },
      {
        "answer": "أبو عُبَيدةَ بنُ الجَرَّاحِ رضي اللهُ عنه",
        "t": 1
      },
      {
        "answer": "سَعدُ بنُ مُعاذٍ رضي اللهُ عنه",
        "t": 0
      }
    ]
  },
  {
    "id": 5886,
    "q": "كانَ رَضِيَ اللهُ عنه مِمَّن استِجابَ لله والرَّسولِ من بَعدِ ما أصابَهمُ القَرحُ يَومَ أُحُدٍ:",
    "level": 1,
    "link": "https://dorar.net/aqeeda/3299",
    "section": "sonah",
    "answers": [
      {
        "answer": "الزُّبيرُ بنُ العَوَّامِ رضي الله عنه",
        "t": 1
      },
      {
        "answer": "أَنسُ بنُ مَالكٍ رضي الله عنه",
        "t": 0
      },
      {
        "answer": "حَسَّانُ بنُ ثابِتٍ رضي الله عنه",
        "t": 0
      }
    ]
  },
  {
    "id": 5898,
    "q": "لم يَستَخلِف عُمرُ بنُ الخطَّابِ رضي الله عنه أَحدًا بَعدَه صَراحَةً؛ لكنَّه جَعلَ الأَمرَ شُورَى بينَ سِتَّة نَفرٍ؛ وهُم:",
    "level": 1,
    "link": "https://dorar.net/aqeeda/3333",
    "section": "sonah",
    "answers": [
      {
        "answer": "خالدٌ، والزُّبَيرُ، وطَلحَةُ، وأبو عُبيدَةَ، وعُثمانُ، وسَعيدُ بنُ زَيدٍ، رضي الله عنهم أجمعين",
        "t": 0
      },
      {
        "answer": "عليٌّ، وعُثمانُ، والزُّبَيرُ، وطَلحةُ، وسَعدُ بنُ أبي وقَّاصٍ، وعبدُ الرحمنِ بنُ عَوفٍ، رضي اللهُ عنهم أجمعين",
        "t": 1
      },
      {
        "answer": "عليٌّ، ومُعاوِيَةُ، والزُّبَيرُ، وطَلحَةُ، وجَعفرٌ، وسَعدُ بنُ عُبادَة، رضي الله عنهم أجمعين",
        "t": 0
      }
    ]
  },
  {
    "id": 5895,
    "q": "مِن عَقيدةِ أهلِ السُّنَّةِ فيما  شَجَرَ بينَ الصَّحابةِ رَضِيَ اللهُ عنهمُ:",
    "level": 1,
    "link": "https://dorar.net/aqeeda/3319",
    "section": "sonah",
    "answers": [
      {
        "answer": "التَّأوِيلُ بأنَّ كلَّ فِرقَةٍ كانت على الحَقِّ",
        "t": 0
      },
      {
        "answer": "القَولُ بعِصمَتِهِم رَضِيَ اللهُ عنهمُ، وأنَّهم مَغفُورٌ لهُم بصَريحِ آياتِ كِتابِ الله عزَّ وجلَّ",
        "t": 0
      },
      {
        "answer": "الإمساكُ عَمَّا شَجرَ بَينهُم رَضِيَ اللهُ عنهمُ",
        "t": 1
      }
    ]
  },
  {
    "id": 5888,
    "q": "نزل فيه قولُه تعالى: {وَإِنْ جَاهَدَاكَ عَلَى أَنْ تُشْرِكَ بِي مَا لَيْسَ لَكَ بِهِ عِلْمٌ فَلَا تُطِعْهُمَا وَصَاحِبْهُمَا فِي الدُّنْيَا مَعْرُوفًا}:",
    "level": 1,
    "link": "https://dorar.net/aqeeda/3303",
    "section": "sonah",
    "answers": [
      {
        "answer": "سَعدُ بنُ أبي وقَّاصٍ رضي اللهُ عنه",
        "t": 1
      },
      {
        "answer": "أبو هُريرةَ رضي اللهُ عنه",
        "t": 0
      },
      {
        "answer": "طَلحةُ بنُ عُبيدِالله رضي اللهُ عنه",
        "t": 0
      }
    ]
  },
  {
    "id": 5885,
    "q": "مَن هو الذي رآهُ النبيُّ صلَّى الله عليه وسلَّم في المنامِ وعليه قَميصٌ يَجُرُّهُ؟",
    "level": 1,
    "link": "https://dorar.net/aqeeda/3289",
    "section": "sonah",
    "answers": [
      {
        "answer": "عبدُالله بن عَمرٍو رضي الله عنه",
        "t": 0
      },
      {
        "answer": "الزُّبيرُ بن العَوَّامِ رضي الله عنه",
        "t": 0
      },
      {
        "answer": "عُمرُ بنُ الخطَّابِ رضي الله عنه",
        "t": 1
      }
    ]
  }
]