[
  {
    "id": 6212,
    "q": "المَقصُودُ بـ\"سَوَاء الْجَحِيمِ\": ",
    "level": 2,
    "link": "https://dorar.net/tafseer/37/5",
    "section": "as-Saffat",
    "answers": [
      {
        "answer": "أَهلُ النَّارِ",
        "t": 0
      },
      {
        "answer": "وَسَطُ النَّارِ",
        "t": 1
      },
      {
        "answer": "لَهَبُ النَّارِ",
        "t": 0
      }
    ]
  },
  {
    "id": 6201,
    "q": "قَولُه تعالى: {إِنَّهُمْ أَلْفَوْا آَبَاءَهُمْ ضَالِّينَ * فَهُمْ عَلَى آَثَارِهِمْ يُهْرَعُونَ} فيه إشارةٌ إلى:",
    "level": 2,
    "link": "https://dorar.net/tafseer/37/6",
    "section": "as-Saffat",
    "answers": [
      {
        "answer": "التَّحذِيرِ مِن طُغيانِ النِّعَمِ",
        "t": 0
      },
      {
        "answer": "أنَّ ضَلالَ الأَبناءِ سَببٌ في ضَلالِ الآَباءِ ",
        "t": 0
      },
      {
        "answer": "ذَمِّ التَّقليدِ المخالِفِ للحَقِّ",
        "t": 1
      }
    ]
  },
  {
    "id": 6217,
    "q": "المقصود بـ\"يَسْتَسْخِرُونَ\" في قَولِه تعالى: {وَإِذَا رَأَوْا آَيَةً يَسْتَسْخِرُونَ} ",
    "level": 2,
    "link": "https://dorar.net/tafseer/37/2",
    "section": "as-Saffat",
    "answers": [
      {
        "answer": "يَستَكبِرُونَ",
        "t": 0
      },
      {
        "answer": "يَتَمادونَ في كُفرِهِم",
        "t": 0
      },
      {
        "answer": "يُبالِغونَ في السُّخْرِيةِ",
        "t": 1
      }
    ]
  },
  {
    "id": 6215,
    "q": "قَولُه تعالى: {فَلَمَّا أَسْلَمَا} \"أَسْلَمَا\" أي:",
    "level": 2,
    "link": "https://dorar.net/tafseer/37/9",
    "section": "as-Saffat",
    "answers": [
      {
        "answer": "استَسْلَما وفَوَّضا الأمرَ لله",
        "t": 1
      },
      {
        "answer": "قاما بما يجِب عليهِما مِن تَوحِيدِ الله عزَّ وجلَّ",
        "t": 0
      },
      {
        "answer": "اتَّجَها نحوَ مَقصِدِهما",
        "t": 0
      }
    ]
  },
  {
    "id": 6207,
    "q": "المَقصُودُ بالغَوْلِ في قَولِه تعالى: {لَا فِيهَا غَوْلٌ وَلَا هُمْ عَنْهَا يُنْزَفُونَ}: ",
    "level": 2,
    "link": "https://dorar.net/tafseer/37/4",
    "section": "as-Saffat",
    "answers": [
      {
        "answer": "اسمٌ عامٌّ في الأذَى والضَّيرِ",
        "t": 1
      },
      {
        "answer": "ما يَعتِري العَقلَ مِن خَبَلٍ أو عَتَهٍ",
        "t": 0
      },
      {
        "answer": "التَّعَبُ والمَشَقَّةُ",
        "t": 0
      }
    ]
  },
  {
    "id": 6219,
    "q": "مَعنَى قَولِه تعالى: {فَالزَّاجِرَاتِ زَجْرًا}: ",
    "level": 2,
    "link": "https://dorar.net/tafseer/37/1",
    "section": "as-Saffat",
    "answers": [
      {
        "answer": "الآياتُ الكَونِيَّةُ التي تَزجُرُ الناسَ عن غَيِّهِم",
        "t": 0
      },
      {
        "answer": "الملائِكَة التي تَسوقُ السَّحابَ",
        "t": 1
      },
      {
        "answer": "مَلائِكةُ العَذابِ التي تَسوقُ الكافِرينَ في النَّارِ",
        "t": 0
      }
    ]
  },
  {
    "id": 6209,
    "q": "قَولُه تعالى: {وَأَبْصِرْهُمْ فَسَوْفَ يُبْصِرُونَ} أعادَه في قَولِه: {وَأَبْصِرْ فَسَوْفَ يُبْصِرُونَ}؟",
    "level": 2,
    "link": "https://dorar.net/tafseer/37/16",
    "section": "as-Saffat",
    "answers": [
      {
        "answer": "للتَّنبِيهِ",
        "t": 0
      },
      {
        "answer": "للتَّوكيدِ",
        "t": 1
      },
      {
        "answer": "للتَّفخِيمِ",
        "t": 0
      }
    ]
  },
  {
    "id": 6171,
    "q": "قَولُه تعالى: {وَلَقَدْ سَبَقَتْ كَلِمَتُنَا لِعِبَادِنَا الْمُرْسَلِينَ * إِنَّهُمْ لَهُمُ الْمَنْصُورُونَ *وَإِنَّ جُنْدَنَا لَهُمُ الْغَالِبُونَ} فيه:",
    "level": 2,
    "link": "https://dorar.net/tafseer/37/16",
    "section": "as-Saffat",
    "answers": [
      {
        "answer": "تَثبيتُ مَن دعا إلى اللهِ عزَّ وجلَّ مِن أتْباعِ الرُّسُلِ",
        "t": 1
      },
      {
        "answer": "بَيانُ أنَّ النَّصرَ مع الصَّبرِ، وأنَّ مع العُسرِ يُسرًا",
        "t": 0
      },
      {
        "answer": "إِشارَةٌ إلى فَتحِ مكَّة",
        "t": 0
      }
    ]
  },
  {
    "id": 6213,
    "q": "قَولُه تعالى: {إِنَّا جَعَلْنَاهَا فِتْنَةً لِلظَّالِمِينَ} الفِتنةُ تُطلَقُ على العَذابِ، وعلى الاختِبارِ والامتِحانِ، وتُطلَقُ أيضًا على:",
    "level": 2,
    "link": "https://dorar.net/tafseer/37/6",
    "section": "as-Saffat",
    "answers": [
      {
        "answer": "الضَّلالِ والشِّرْكِ والكُفرِ",
        "t": 1
      },
      {
        "answer": "النِّعَمِ مِن مَأْكلٍ ومَشرَبٍ ومَلبَسٍ وغيرِ ذلك",
        "t": 0
      },
      {
        "answer": "الخَيرِ والشَّرِّ",
        "t": 0
      }
    ]
  },
  {
    "id": 6216,
    "q": "في قَولِ الله تعالى: {وَهَدَيْنَاهُمَا الصِّرَاطَ الْمُسْتَقِيمَ} المَقصُودُ بالصِّراطِ المُستَقيمِ:",
    "level": 2,
    "link": "https://dorar.net/tafseer/37/10",
    "section": "as-Saffat",
    "answers": [
      {
        "answer": "التَّوراةُ",
        "t": 0
      },
      {
        "answer": "دِينُ الإِسلامِ",
        "t": 1
      },
      {
        "answer": "الآياتُ والمُعجِزاتُ",
        "t": 0
      }
    ]
  },
  {
    "id": 6170,
    "q": "قولُه تعالى: { لَوْ أَنَّ عِنْدَنَا ذِكْرًا مِنَ الْأَوَّلِينَ * لَكُنَّا عِبَادَ اللَّهِ الْمُخْلَصِينَ} هذا الكَلامُ حِكايَةً عن:",
    "level": 2,
    "link": "https://dorar.net/tafseer/37/15",
    "section": "as-Saffat",
    "answers": [
      {
        "answer": "المَلائِكَةِ",
        "t": 0
      },
      {
        "answer": "الشَّياطِين",
        "t": 0
      },
      {
        "answer": "مُشرِكي قُرَيشٍ",
        "t": 1
      }
    ]
  },
  {
    "id": 6205,
    "q": " قَال الله تعالى: {بَلْ عَجِبْتَ} العَجَبُ ثلاثةُ أقسامٍ: عجَبُ استِحسانٍ، وعجَبُ إنكارٍ، وعَجَبُ:",
    "level": 2,
    "link": "https://dorar.net/tafseer/37/2",
    "section": "as-Saffat",
    "answers": [
      {
        "answer": "تَقرِيرٍ",
        "t": 0
      },
      {
        "answer": "استِفهامٍ",
        "t": 1
      },
      {
        "answer": "بَيانٍ",
        "t": 0
      }
    ]
  },
  {
    "id": 6208,
    "q": "المَقصُودُ بالْيَمِينِ: في قَولِه تعالى: {قَالُوا إِنَّكُمْ كُنْتُمْ تَأْتُونَنَا عَنِ الْيَمِينِ}:",
    "level": 2,
    "link": "https://dorar.net/tafseer/37/3",
    "section": "as-Saffat",
    "answers": [
      {
        "answer": "أي: عن الأَبناءِ والذُّرِّيَّةِ",
        "t": 0
      },
      {
        "answer": "أي: مِن ناحِيَةِ اليَمينِ تَفاؤُلًا واستِبشارًا",
        "t": 0
      },
      {
        "answer": "أي: مِن قِبَلِ الدِّينِ والحَقِّ",
        "t": 1
      }
    ]
  },
  {
    "id": 6169,
    "q": "قَولُه تعالى: {فَلَوْلَا أَنَّهُ كَانَ مِنَ الْمُسَبِّحِينَ * لَلَبِثَ فِي بَطْنِهِ إِلَى يَوْمِ يُبْعَثُونَ} يُستَفادُ مِنه:",
    "level": 2,
    "link": "https://dorar.net/tafseer/37/13",
    "section": "as-Saffat",
    "answers": [
      {
        "answer": "اقتِرابُ يَومِ البَعثِ",
        "t": 0
      },
      {
        "answer": "تَقريرُ فَضلِ الأَنبِياء والرُّسُلِ عليهِم السَّلامُ",
        "t": 0
      },
      {
        "answer": "بَيانُ فَضلِ التَّسبيحِ",
        "t": 1
      }
    ]
  },
  {
    "id": 6206,
    "q": "في قَولِه تعالى: {لَا يَسَّمَّعُونَ إِلَى الْمَلَإِ الْأَعْلَى} \"الْمَلَإِ الْأَعْلَى\" أي: مَلائكةِ الله، وأصلُ (ملأ): يدُلُّ على: ",
    "level": 2,
    "link": "https://dorar.net/tafseer/37/1",
    "section": "as-Saffat",
    "answers": [
      {
        "answer": "الامتِلاءِ والكَثرَةِ",
        "t": 0
      },
      {
        "answer": "المُساواةِ والكمالِ",
        "t": 1
      },
      {
        "answer": "العُلُوِّ والارتِفاعِ",
        "t": 0
      }
    ]
  },
  {
    "id": 6214,
    "q": "في قَولِه تعالى: {فَرَاغَ إِلَى آَلِهَتِهِمْ} مَعنَى \"فَرَاغَ\": ",
    "level": 2,
    "link": "https://dorar.net/tafseer/37/8",
    "section": "as-Saffat",
    "answers": [
      {
        "answer": "تَشاءَمَ بِهِم",
        "t": 0
      },
      {
        "answer": "صَعَدَ",
        "t": 0
      },
      {
        "answer": "مال في خُفيةٍ",
        "t": 1
      }
    ]
  },
  {
    "id": 6220,
    "q": "سُورَةُ الصَّافَّات:",
    "level": 2,
    "link": "https://dorar.net/tafseer/37",
    "section": "as-Saffat",
    "answers": [
      {
        "answer": "مُختَلفٌ فيها",
        "t": 0
      },
      {
        "answer": "مَكِّيَّة",
        "t": 1
      },
      {
        "answer": "مَدنِيَّة",
        "t": 0
      }
    ]
  },
  {
    "id": 6210,
    "q": "قوله تعالى: {إِلَّا عَجُوزًا فِي الْغَابِرِينَ} \"الْغَابِرِينَ\" أي: ",
    "level": 2,
    "link": "https://dorar.net/tafseer/37/12",
    "section": "as-Saffat",
    "answers": [
      {
        "answer": "الباقِينَ في العَذابِ",
        "t": 1
      },
      {
        "answer": "كل مَن طالَ عُمرُه فهو غابِرٌ",
        "t": 0
      },
      {
        "answer": "السَّابِقينَ قَبلكُم",
        "t": 0
      }
    ]
  },
  {
    "id": 6218,
    "q": "في قوله تعالى: {احْشُرُوا الَّذِينَ ظَلَمُوا وَأَزْوَاجَهُمْ} المراد بـ\"أَزْوَاجَهم\": أي: ",
    "level": 2,
    "link": "https://dorar.net/tafseer/37/3",
    "section": "as-Saffat",
    "answers": [
      {
        "answer": "أشباههُم وأمثالُهم ونُظَراؤُهم",
        "t": 1
      },
      {
        "answer": "زَوجاتُهم اللَّائِي كُنَّ يُعينونَهُم على الكُفرِ في الدُّنيا",
        "t": 0
      },
      {
        "answer": "جُنُودُهُم ووُزَراؤُهُم وحاشِيَتُهم",
        "t": 0
      }
    ]
  },
  {
    "id": 6211,
    "q": "قَولُه تعالى: {إِنَّهُمْ كَانُوا إِذَا قِيلَ لَهُمْ لَا إِلَهَ إِلَّا اللَّهُ يَسْتَكْبِرُونَ} يُستَفادُ مِنه أنَّ تَحَقُّقَ التَّوحيدِ لا يكونُ إلَّا: ",
    "level": 2,
    "link": "https://dorar.net/tafseer/37/4",
    "section": "as-Saffat",
    "answers": [
      {
        "answer": "بالتَّخلِيَةِ قبلَ التَّحلِيَةِ",
        "t": 0
      },
      {
        "answer": "بالانقيادِ",
        "t": 1
      },
      {
        "answer": "بالتَّواضُعِ",
        "t": 0
      }
    ]
  }
]