[
  {
    "id": 6192,
    "q": "في قَولِه تعالى {وَأَرْسَلْنَاهُ إِلَى مِئَةِ أَلْفٍ أَوْ يَزِيدُونَ} \"أو\" هُنا بمَعنَى: ",
    "level": 3,
    "link": "https://dorar.net/tafseer/37/13",
    "section": "as-Saffat",
    "answers": [
      {
        "answer": "قَد",
        "t": 0
      },
      {
        "answer": "لَا",
        "t": 0
      },
      {
        "answer": "بَل",
        "t": 1
      }
    ]
  },
  {
    "id": 6193,
    "q": "قَولُه تعالى: {فَالْتَقَمَهُ الْحُوتُ وَهُوَ مُلِيمٌ} مَعنَى \"مُلِيم\": ",
    "level": 3,
    "link": "https://dorar.net/tafseer/37/13",
    "section": "as-Saffat",
    "answers": [
      {
        "answer": "ضَعِيفٌ لا حِيلةَ له",
        "t": 0
      },
      {
        "answer": "غارِقٌ لم يَنجُ",
        "t": 0
      },
      {
        "answer": "آتٍ بما يُلامُ عليه",
        "t": 1
      }
    ]
  },
  {
    "id": 6196,
    "q": "معنى \"الْمُسْتَبِين\" في قَولِه تعالى: {وَآَتَيْنَاهُمَا الْكِتَابَ الْمُسْتَبِينَ}: ",
    "level": 3,
    "link": "https://dorar.net/tafseer/37/10",
    "section": "as-Saffat",
    "answers": [
      {
        "answer": "البَيِّنُ الواضِحُ",
        "t": 1
      },
      {
        "answer": "المُشتَمِلُ على العَدلِ والحِكمَةِ",
        "t": 0
      },
      {
        "answer": "المُبارَك مِن كُلِّ الوُجوهِ",
        "t": 0
      }
    ]
  },
  {
    "id": 6186,
    "q": "الهدايةُ المُستَلزِمةُ للاهتداءِ؛ هي:",
    "level": 3,
    "link": "https://dorar.net/tafseer/37/3",
    "section": "as-Saffat",
    "answers": [
      {
        "answer": "هِدايَةُ الإِرشادِ",
        "t": 0
      },
      {
        "answer": "هِدايَةُ التَّوفيقِ",
        "t": 1
      },
      {
        "answer": "هِدايَةُ الدَّلالَةِ",
        "t": 0
      }
    ]
  },
  {
    "id": 6194,
    "q": "في قوله تعالى: {وَإِنَّكُمْ لَتَمُرُّونَ عَلَيْهِمْ مُصْبِحِينَ} \"مُصْبِحِينَ\" أي: ",
    "level": 3,
    "link": "https://dorar.net/tafseer/37/12",
    "section": "as-Saffat",
    "answers": [
      {
        "answer": "غافِلِينَ لاهِينَ",
        "t": 0
      },
      {
        "answer": "مُتَشائِمينَ مِنهُم",
        "t": 0
      },
      {
        "answer": "داخِلينَ في وَقتِ الصَّباحِ",
        "t": 1
      }
    ]
  },
  {
    "id": 6203,
    "q": "المقصود بقوله تعالى: {فَالتَّالِيَاتِ ذِكْرًا}:",
    "level": 3,
    "link": "https://dorar.net/tafseer/37/1",
    "section": "as-Saffat",
    "answers": [
      {
        "answer": "المَلائِكةُ التي تَتجوَّلُ في الطُّرُقاتِ تَبحَثُ عن حِلَقِ الذِّكْرِ",
        "t": 0
      },
      {
        "answer": "المَلائِكةُ التي تَتَوالى في الصُّفوفِ واحِدًا تلوَ الآخَرِ",
        "t": 0
      },
      {
        "answer": "الملائكةُ تَتْلو كلامَ اللهِ عزَّ وجلَّ وتَقرؤُه",
        "t": 1
      }
    ]
  },
  {
    "id": 6182,
    "q": "قَولُ الله تعالى: {احْشُرُوا الَّذِينَ ظَلَمُوا وَأَزْوَاجَهُمْ وَمَا كَانُوا يَعْبُدُونَ} ذكَرَ مِن صِفاتِ الَّذين ظَلَموا كَوْنَهم عابِدِينَ لِغَيرِ اللهِ تعالى، وذلك يدُلُّ على أنَّ كُلَّ وَعيدٍ وَرَد في حَقِّ الظَّالمِ فهو:",
    "level": 3,
    "link": "https://dorar.net/tafseer/37/3",
    "section": "as-Saffat",
    "answers": [
      {
        "answer": "عامٌّ لجَميعِ أَنواعِ الظُّلمِ",
        "t": 0
      },
      {
        "answer": "للإِنسِ والجِنِّ على السَّواءِ",
        "t": 0
      },
      {
        "answer": "مَصروفٌ إلى الكُفَّارِ",
        "t": 1
      }
    ]
  },
  {
    "id": 6204,
    "q": "مِن أهَمِّ مَوضُوعاتِ سُورَةِ الصَّافَّات:",
    "level": 3,
    "link": "https://dorar.net/tafseer/37",
    "section": "as-Saffat",
    "answers": [
      {
        "answer": "تَسفيهُ المشركينَ وتَوبيخُهم، وإقامةُ الحُجَجِ عليهم",
        "t": 0
      },
      {
        "answer": "بيانُ دَرَجاتِ الملائِكةِ في مَقامِ العِبادةِ",
        "t": 1
      },
      {
        "answer": "ذِكرُ ما كان يَفعَلُه المُشرِكونَ مع المؤمِنينَ مِن استِهزاءٍ وإيذاءٍ",
        "t": 0
      }
    ]
  },
  {
    "id": 6197,
    "q": "قَولُه تعالى: {فَهُمْ عَلَى آَثَارِهِمْ يُهْرَعُونَ} \"يُهْرَعُونَ\" أي:",
    "level": 3,
    "link": "https://dorar.net/tafseer/37/6",
    "section": "as-Saffat",
    "answers": [
      {
        "answer": "يَتَنافَسُونَ",
        "t": 0
      },
      {
        "answer": "يَتَقرَّبُونَ",
        "t": 0
      },
      {
        "answer": "يُسرِعونَ",
        "t": 1
      }
    ]
  },
  {
    "id": 6198,
    "q": "قَولُه تعالى: {فَأَغْوَيْنَاكُمْ إِنَّا كُنَّا غَاوِينَ} فيه: ",
    "level": 3,
    "link": "https://dorar.net/tafseer/37/3",
    "section": "as-Saffat",
    "answers": [
      {
        "answer": "أنَّ اختِيارَ الهِدايَة أو الغِوايَةَ بمَحضِ إِرادَةِ العَبدِ",
        "t": 0
      },
      {
        "answer": "إِشارَةٌ إلى شِدَّةِ عَداوَةِ إِبليسَ لبَنِي آدمَ",
        "t": 0
      },
      {
        "answer": "التَّحذيرُ مِن مُصاحَبةِ أهلِ الغَوايةِ",
        "t": 1
      }
    ]
  },
  {
    "id": 6200,
    "q": "القَرِينُ في قَولِه تعالى: {قَالَ قَائِلٌ مِنْهُمْ إِنِّي كَانَ لِي قَرِينٌ}: ",
    "level": 3,
    "link": "https://dorar.net/tafseer/37/5",
    "section": "as-Saffat",
    "answers": [
      {
        "answer": "الشَّيطانُ",
        "t": 0
      },
      {
        "answer": "الصاحِبُ والصَّديقُ المُلازِمُ",
        "t": 1
      },
      {
        "answer": "الزَّوجُ والزَّوجَةُ",
        "t": 0
      }
    ]
  },
  {
    "id": 6195,
    "q": "مَعنَى \"وَتَلَّهُ\" في قَولِه تعالى: {وَتَلَّهُ لِلْجَبِينِ}:",
    "level": 3,
    "link": "https://dorar.net/tafseer/37/9",
    "section": "as-Saffat",
    "answers": [
      {
        "answer": "أضجَعَه",
        "t": 1
      },
      {
        "answer": "ذَبَحَهُ",
        "t": 0
      },
      {
        "answer": "صَرَعَهُ",
        "t": 0
      }
    ]
  },
  {
    "id": 6185,
    "q": "قَولُه تعالى: {وَلَوْلَا نِعْمَةُ رَبِّي لَكُنْتُ مِنَ الْمُحْضَرِينَ} مَعنَى \"الْمُحْضَرِينَ\":",
    "level": 3,
    "link": "https://dorar.net/tafseer/37/5",
    "section": "as-Saffat",
    "answers": [
      {
        "answer": "الكافِرينَ بالله",
        "t": 0
      },
      {
        "answer": "المُعَذَّبينَ في النَّارِ",
        "t": 1
      },
      {
        "answer": "المُكذِّبِينَ بالبَعْثِ",
        "t": 0
      }
    ]
  },
  {
    "id": 6191,
    "q": "في قَولِه تعالى: {وَإِنَّا لَنَحْنُ الصَّافُّونَ} مَعنَى \"الصَّافُّون\":",
    "level": 3,
    "link": "https://dorar.net/tafseer/37/15",
    "section": "as-Saffat",
    "answers": [
      {
        "answer": "المُختارُونَ الذين اصطَفاهُم اللهُ",
        "t": 0
      },
      {
        "answer": "الواقِفُونَ صُفوفًا متراصِّينَ ",
        "t": 1
      },
      {
        "answer": "المُؤمِنُونَ المُوَحِّدُونَ",
        "t": 0
      }
    ]
  },
  {
    "id": 6202,
    "q": "في قَولِ الله تعالى: {فَإِنَّمَا هِيَ زَجْرَةٌ وَاحِدَةٌ} الزَّجرةُ هي: ",
    "level": 3,
    "link": "https://dorar.net/tafseer/37/2",
    "section": "as-Saffat",
    "answers": [
      {
        "answer": "الصَّعقَةُ التي يُفزَعُ مِنها",
        "t": 0
      },
      {
        "answer": "الصَّيحةُ بشِدَّةٍ وانتهارٍ",
        "t": 1
      },
      {
        "answer": "النفخ بصوت عال",
        "t": 0
      }
    ]
  },
  {
    "id": 6188,
    "q": "في قَولِ الله تعالى: {دُحُورًا وَلَهُمْ عَذَابٌ وَاصِبٌ} \"دُحُورًا\" أي: ",
    "level": 3,
    "link": "https://dorar.net/tafseer/37/1",
    "section": "as-Saffat",
    "answers": [
      {
        "answer": "جَزاءً وِفاقًا",
        "t": 0
      },
      {
        "answer": "مَوْتًا وهَلاكًا",
        "t": 0
      },
      {
        "answer": "إبعادًا وطَردًا",
        "t": 1
      }
    ]
  },
  {
    "id": 6189,
    "q": "في قَولِ الله تعالى: {وَلَقَدْ سَبَقَتْ كَلِمَتُنَا لِعِبَادِنَا الْمُرْسَلِينَ} وَصَفَهم اللهُ بالعُبوديَّةِ قَبْلَ الرِّسالةِ؛ مع أنَّ الرِّسالةَ شَرَفٌ عَظيمٌ؟ ",
    "level": 3,
    "link": "https://dorar.net/tafseer/37/16",
    "section": "as-Saffat",
    "answers": [
      {
        "answer": "تَنبِيهًا على اكتِمالِ رِسالتِهِم ووُصولِهم إلى الغايَةِ",
        "t": 0
      },
      {
        "answer": "مُراعاةً للتَّرتِيبِ؛ فإنَّ العُبودِيَّة تُسبِقُ الرِّسالَةَ",
        "t": 0
      },
      {
        "answer": "لأنَّ كَونَهم عِبادًا للهِ عزَّ وجلَّ أشرَفُ وأعظَمُ",
        "t": 1
      }
    ]
  },
  {
    "id": 6190,
    "q": "يُستَفادُ مِن قَولِه تعالى: {فَلَوْلَا أَنَّهُ كَانَ مِنَ الْمُسَبِّحِينَ * لَلَبِثَ فِي بَطْنِهِ إِلَى يَوْمِ يُبْعَثُونَ}:",
    "level": 3,
    "link": "https://dorar.net/tafseer/37/13",
    "section": "as-Saffat",
    "answers": [
      {
        "answer": "أنَّ الطَّاعات تكونُ سَبَبًا للنَّجاةِ مِن المُهْلِكاتِ",
        "t": 1
      },
      {
        "answer": "أنَّ مَرتَبةَ الإيمانِ أعلَى مِن مَرتَبةِ النُّبُوَّةِ والرِّسالَةِ",
        "t": 0
      },
      {
        "answer": "أنَّ النَّعِيمَ في الدُّنيا لا يَدلُّ على رِضا الله سُبحانه وتعالى كما أنَّ الابتِلاءَ لا يَدلُّ على غَضبِ الله سُبحانَه",
        "t": 0
      }
    ]
  },
  {
    "id": 6199,
    "q": "في قَولِ الله تعالى: {قَاصِرَاتُ الطَّرْفِ عِينٌ} المَقصُودُ بـ\"عِين\" أي: ",
    "level": 3,
    "link": "https://dorar.net/tafseer/37/4",
    "section": "as-Saffat",
    "answers": [
      {
        "answer": "واسِعاتُ العُيونِ",
        "t": 1
      },
      {
        "answer": "أَبْكارٌ",
        "t": 0
      },
      {
        "answer": "مُتلَطِّفاتٌ لأَزواجِهِنَّ",
        "t": 0
      }
    ]
  },
  {
    "id": 6187,
    "q": "قَولُه تعالى: {سُبْحَانَ رَبِّكَ رَبِّ الْعِزَّةِ عَمَّا يَصِفُونَ * وَسَلَامٌ عَلَى الْمُرْسَلِينَ * وَالْحَمْدُ لِلَّهِ رَبِّ الْعَالَمِينَ} يُستَفادُ مِنه:",
    "level": 3,
    "link": "https://dorar.net/tafseer/37/16",
    "section": "as-Saffat",
    "answers": [
      {
        "answer": "استِحبابُ السَّلامِ على جَميعِ المُرسَلِينَ عندَ السَّلامِ على النبيِّ صلَّى الله عليه وسلَّم",
        "t": 0
      },
      {
        "answer": "استِحبابُ أن يكونَ آخِرَ الدُّعاءِ: والحَمد لله ربِّ العالمِين",
        "t": 1
      },
      {
        "answer": "استِحبابُ التَّسبِيحِ عَقِبَ الصَّلواتِ المَفرُوضَة",
        "t": 0
      }
    ]
  }
]