[
  {
    "id": 4269,
    "q": "في قَولِه تَعالَى: {الْعَزِيزُ الرَّحِيمُ} الجَمْعُ بين العِزَّةِ والرَّحمةِ فيه:",
    "level": 1,
    "link": "https://dorar.net/tafseer/32/2",
    "section": "as-sajdah",
    "answers": [
      {
        "answer": "جَلالٌ",
        "t": 0
      },
      {
        "answer": "جَمالٌ",
        "t": 0
      },
      {
        "answer": "كَمالٌ",
        "t": 1
      }
    ]
  },
  {
    "id": 4278,
    "q": "يَنبَغي للدَّاعِي وللعامِلِ العابِدِ أن يكونَ دعاؤُه وعبادتُه بيْنَ:",
    "level": 1,
    "link": "https://dorar.net/tafseer/32/4",
    "section": "as-sajdah",
    "answers": [
      {
        "answer": "الإِيمانِ والإِحسانِ",
        "t": 0
      },
      {
        "answer": "العِلمِ والعَمَلِ",
        "t": 0
      },
      {
        "answer": "الخَوفِ والرَّجاءِ",
        "t": 1
      }
    ]
  },
  {
    "id": 4264,
    "q": "مَعنَى قَولِه تَعالَى: {يُدَبِّرُ الْأَمْرَ}:",
    "level": 1,
    "link": "https://dorar.net/tafseer/32/1",
    "section": "as-sajdah",
    "answers": [
      {
        "answer": "يَقضِي ويُمضي",
        "t": 1
      },
      {
        "answer": "يَخلُقُه مِن العَدمِ",
        "t": 0
      },
      {
        "answer": "يُؤَخِّرُ الشَّيءَ",
        "t": 0
      }
    ]
  },
  {
    "id": 4268,
    "q": "قَولُه تَعالَى: {وَبَدَأَ خَلْقَ الْإِنْسَانِ مِنْ طِينٍ} يُستَفادُ منه:",
    "level": 1,
    "link": "https://dorar.net/tafseer/32/2",
    "section": "as-sajdah",
    "answers": [
      {
        "answer": "أنَّ الطِّينَ هو أَصلُ مادَّةِ جَميعِ الخَلْقِ ",
        "t": 0
      },
      {
        "answer": "أنَّ اللهَ خَلَق آدَمَ أبا البَشَرِ مِن طينٍ",
        "t": 1
      },
      {
        "answer": "أنَّ المَلائِكةَ والجنَّ لم يَشمَلهُم وَصفُ الخَلْقِ؛ وإنما جاءُوا بـ \"كُن فيكُون\"",
        "t": 0
      }
    ]
  },
  {
    "id": 4279,
    "q": "في قَولِه تَعالَى: {إِنَّمَا يُؤْمِنُ بِآَيَاتِنَا الَّذِينَ إِذَا ذُكِّرُوا بِهَا خَرُّوا سُجَّدًا وَسَبَّحُوا بِحَمْدِ رَبِّهِمْ وَهُمْ لَا يَسْتَكْبِرُونَ} دَلالةٌ على أنَّ الإيمانَ المُطلَقَ:",
    "level": 1,
    "link": "https://dorar.net/tafseer/32/4",
    "section": "as-sajdah",
    "answers": [
      {
        "answer": "لا يَزيدُ ولا يَنقُص",
        "t": 0
      },
      {
        "answer": "مُستَلزِمٌ للأعمالِ",
        "t": 1
      },
      {
        "answer": "يَكفِي فيه مُجرَّد الإِقرارِ",
        "t": 0
      }
    ]
  },
  {
    "id": 4276,
    "q": "مَعْنَى {الْمَضَاجِعِ}:",
    "level": 1,
    "link": "https://dorar.net/tafseer/32/4",
    "section": "as-sajdah",
    "answers": [
      {
        "answer": "نادِي القَومِ ومَكانِ سَمَرِهِم",
        "t": 0
      },
      {
        "answer": "مَواضِعُ النَّومِ",
        "t": 1
      },
      {
        "answer": "ما يَسُرُّ النَّظَرَ مِن البَساتِينِ وتَجمُّعاتِ النَّخلِ",
        "t": 0
      }
    ]
  },
  {
    "id": 4267,
    "q": "{وَالْأَفْئِدَةَ}: جمْعُ فؤادٍ، وهو القلبُ؛ سمِّيَ بذلك:",
    "level": 1,
    "link": "https://dorar.net/tafseer/32/2",
    "section": "as-sajdah",
    "answers": [
      {
        "answer": "لحرارَتِه وتَوقُّدِه ",
        "t": 1
      },
      {
        "answer": "لأنَّه يَتَفَأَّدُ؛ أي: يَتَقَلَّبُ",
        "t": 0
      },
      {
        "answer": "لاحتِوائِه على الشَّيءِ وضِدِّهِ",
        "t": 0
      }
    ]
  },
  {
    "id": 4263,
    "q": "قَولُه تَعالَى: {ثُمَّ اسْتَوَى على الْعَرْشِ} مَعنَى {اسْتَوَى}:",
    "level": 1,
    "link": "https://dorar.net/tafseer/32/1",
    "section": "as-sajdah",
    "answers": [
      {
        "answer": "عَلا وارتَفَع",
        "t": 1
      },
      {
        "answer": "قَهَرَ وغَلَبَ",
        "t": 0
      },
      {
        "answer": "مَلَكَ",
        "t": 0
      }
    ]
  },
  {
    "id": 4272,
    "q": "مَعنَى قَولِه تَعالَى: {عَذَابَ الْخُلْدِ}:",
    "level": 1,
    "link": "https://dorar.net/tafseer/32/3",
    "section": "as-sajdah",
    "answers": [
      {
        "answer": "عَذابُ النَّارِ",
        "t": 0
      },
      {
        "answer": "أي: عَذابٌ مُهِينٌ مُؤلِمٌ",
        "t": 0
      },
      {
        "answer": "العَذابُ الدَّائمُ الَّذي لا يَنقطِعُ أبدًا",
        "t": 1
      }
    ]
  },
  {
    "id": 4280,
    "q": "قولُه: {فَلَا تَعْلَمُ نَفْسٌ} كلمة (نفْسٌ) نَكِرةٌ في سِياقِ النَّفيِ، فَتُفِيدُ:",
    "level": 1,
    "link": "https://dorar.net/tafseer/32/4",
    "section": "as-sajdah",
    "answers": [
      {
        "answer": "التَّأكيدَ",
        "t": 0
      },
      {
        "answer": "العُمومَ",
        "t": 1
      },
      {
        "answer": "الخُصوصَ",
        "t": 0
      }
    ]
  },
  {
    "id": 4274,
    "q": "في قَولِه تَعالَى: {وَلَكِنْ حَقَّ الْقَوْلُ مِنِّي} معنى \"حَقَّ\":",
    "level": 1,
    "link": "https://dorar.net/tafseer/32/3",
    "section": "as-sajdah",
    "answers": [
      {
        "answer": "سَبَقَ وكانَ",
        "t": 0
      },
      {
        "answer": "قُدِّرَ تَقدِيرًا",
        "t": 0
      },
      {
        "answer": "وجَب ولَزِمَ",
        "t": 1
      }
    ]
  },
  {
    "id": 4273,
    "q": "في قَولِه تَعالَى: {مِنَ الْجِنَّةِ وَالنَّاسِ أَجْمَعِينَ} مَعنَى {الجِنَّةِ}:",
    "level": 1,
    "link": "https://dorar.net/tafseer/32/3",
    "section": "as-sajdah",
    "answers": [
      {
        "answer": "المُشرِكُون",
        "t": 0
      },
      {
        "answer": "الدَّارُ التي أعَدَّها اللهُ لعِبادِه المُتَّقين",
        "t": 0
      },
      {
        "answer": "كُفَّار الجِنِّ",
        "t": 1
      }
    ]
  },
  {
    "id": 4261,
    "q": "مِن فَضائلِ سورةِ السَّجدةِ: استِحبابُ القِراءةِ بها في صلاةِ الصُّبحِ يومَ:",
    "level": 1,
    "link": "https://dorar.net/tafseer/32",
    "section": "as-sajdah",
    "answers": [
      {
        "answer": "الخَميسِ",
        "t": 0
      },
      {
        "answer": "الاثنَينِ",
        "t": 0
      },
      {
        "answer": "الجُمُعةِ",
        "t": 1
      }
    ]
  },
  {
    "id": 4277,
    "q": "في قَولِه تَعالَى: {إِنَّمَا يُؤْمِنُ بِآَيَاتِنَا الَّذِينَ إِذَا ذُكِّرُوا بِهَا} يُستفادُ منه:",
    "level": 1,
    "link": "https://dorar.net/tafseer/32/4",
    "section": "as-sajdah",
    "answers": [
      {
        "answer": "الاستِدلالُ بالقَرائنِ والأحوالِ على حَقيقةِ الشَّيءِ",
        "t": 1
      },
      {
        "answer": "أنَّ ذِكرَ الله رُكنٌ مِن أَركانِ الإيمانِ",
        "t": 0
      },
      {
        "answer": "أنَّ الحُكمَ على الشَّيءِ فَرعٌ عن تَصَوُّرِهِ",
        "t": 0
      }
    ]
  },
  {
    "id": 4265,
    "q": "في قَولِه تَعالَى: {ثُمَّ يَعْرُجُ إِلَيْهِ} مَعنَى {يَعْرُجُ}:",
    "level": 1,
    "link": "https://dorar.net/tafseer/32/1",
    "section": "as-sajdah",
    "answers": [
      {
        "answer": "يَصعَدُ",
        "t": 1
      },
      {
        "answer": "يَسيرُ بِبُطءٍ",
        "t": 0
      },
      {
        "answer": "يَنزِلُ إليه",
        "t": 0
      }
    ]
  },
  {
    "id": 4271,
    "q": "مَعنَى قَولِه تَعالَى: {نَاكِسُو رُءُوسِهِمْ}:",
    "level": 1,
    "link": "https://dorar.net/tafseer/32/3",
    "section": "as-sajdah",
    "answers": [
      {
        "answer": "مُطَأْطِئوها",
        "t": 1
      },
      {
        "answer": "عاصِبوهَا",
        "t": 0
      },
      {
        "answer": "دامِغُوها",
        "t": 0
      }
    ]
  },
  {
    "id": 4262,
    "q": "في قَولِه تَعالَى: {أَمْ يَقُولُونَ افْتَرَاهُ} مَعنَى {افْتَرَاهُ}:",
    "level": 1,
    "link": "https://dorar.net/tafseer/32/1",
    "section": "as-sajdah",
    "answers": [
      {
        "answer": "اختلَقه وكَذَبه",
        "t": 1
      },
      {
        "answer": "استَحسَنَهُ وأُعجِبَ بِه",
        "t": 0
      },
      {
        "answer": "سَمِعَهُ مِن غَيرِه",
        "t": 0
      }
    ]
  },
  {
    "id": 4275,
    "q": "قَولُه تَعالَى: {تَتَجَافَى جُنُوبُهُمْ عَنِ الْمَضَاجِعِ} مَعْنَى {تَتَجَافَى}:",
    "level": 1,
    "link": "https://dorar.net/tafseer/32/4",
    "section": "as-sajdah",
    "answers": [
      {
        "answer": "تَتَثاقَلُ ",
        "t": 0
      },
      {
        "answer": "ترتَفِعُ وتَتنَحَّى ",
        "t": 1
      },
      {
        "answer": "تَدومُ",
        "t": 0
      }
    ]
  },
  {
    "id": 4270,
    "q": "تُعَدُّ نَظَرِيَّةُ دَارْوِين للتَّطَوُّر في نَظَرِ العَقيدةِ الإسلاميَّة:",
    "level": 1,
    "link": "https://dorar.net/tafseer/32/2",
    "section": "as-sajdah",
    "answers": [
      {
        "answer": "كُفرًا وتَكذيبًا صَريحًا للقُرآنِ",
        "t": 1
      },
      {
        "answer": "مِن الاكتِشافاتِ العِلميَّة التي أَيَّدَها الشَّرعُ",
        "t": 0
      },
      {
        "answer": "مُوافِقةً للإعجازِ العِلميِّ في القُرآنِ",
        "t": 0
      }
    ]
  },
  {
    "id": 4266,
    "q": "قال تَعالَى: {خَلَقَ السَّمَاوَاتِ وَالْأَرْضَ وَمَا بَيْنَهُمَا فِي سِتَّةِ أَيَّامٍ} إنْ قِيل: ما الحِكمةُ في خَلْقِها في ستَّةِ أيَّامٍ، وكان قادرًا على خلْقِها في طَرْفةِ عَينٍ؟",
    "level": 1,
    "link": "https://dorar.net/tafseer/32/1",
    "section": "as-sajdah",
    "answers": [
      {
        "answer": "التَّنبِيهُ على فَضلِ يَومِ الجُمعَةِ وأنَّه أَفضلُ الأيَّامِ وأَشرفُها",
        "t": 0
      },
      {
        "answer": "التَّحذيرُ مِن العَجلَةِ فهي مَذمُومةٌ على الإطلاقِ",
        "t": 0
      },
      {
        "answer": "تَعليمُ النَّاس وتَنبيهُ العِبادِ على التَّأنِّي في الأُمورِ، وأنَّ لكلِّ شَيءٍ عندَه أجَلًا",
        "t": 1
      }
    ]
  }
]