[
  {
    "id": 4312,
    "q": "المُضافُ إلى الله سُبحانَه نَوعانِ: صفاتٌ لا تقومُ بأنفُسِها، كالعِلمِ والقُدرةِ، فهذه:",
    "level": 3,
    "link": "https://dorar.net/tafseer/32/2",
    "section": "as-sajdah",
    "answers": [
      {
        "answer": "إضافةُ أعيانٍ منفصلةٍ عنه",
        "t": 0
      },
      {
        "answer": "إضافةُ مخلوقٍ إلى خالقِه",
        "t": 0
      },
      {
        "answer": "إضافةُ صفةٍ إلى الموصوفِ بها",
        "t": 1
      }
    ]
  },
  {
    "id": 4316,
    "q": "في قَولِه تَعالَى: {وَلَوْ شِئْنَا لَآَتَيْنَا كُلَّ نَفْسٍ هُدَاهَا} رَدٌّ على الَّذين يقولون: إنَّ الإنسانَ مُستقِلٌّ بعَمَلِه، ليس لله سُبحانَه وتَعالَى فيه تقديرٌ، وهم:",
    "level": 3,
    "link": "https://dorar.net/tafseer/32/3",
    "section": "as-sajdah",
    "answers": [
      {
        "answer": "الجَبْرِيَّة",
        "t": 0
      },
      {
        "answer": "الخوارِج",
        "t": 0
      },
      {
        "answer": "القدَرية",
        "t": 1
      }
    ]
  },
  {
    "id": 4301,
    "q": "في قَولِ اللهِ تَعالَى: {أَفَلَا تَتَذَكَّرُونَ}:",
    "level": 3,
    "link": "https://dorar.net/tafseer/32/1",
    "section": "as-sajdah",
    "answers": [
      {
        "answer": "تَقْرِير",
        "t": 0
      },
      {
        "answer": "تَوبيخ",
        "t": 1
      },
      {
        "answer": "نَفْي",
        "t": 0
      }
    ]
  },
  {
    "id": 4304,
    "q": "في قَولِه تَعالَى: {ثُمَّ اسْتَوَى على الْعَرْشِ} إثباتُ استواءِ اللهِ على عَرشِه،  وإبطالٌ لقولِ:",
    "level": 3,
    "link": "https://dorar.net/tafseer/32/1",
    "section": "as-sajdah",
    "answers": [
      {
        "answer": "الشِّيعةِ والقَدَريَّةِ",
        "t": 0
      },
      {
        "answer": "الخَوارِجِ والمُعتزِلةِ",
        "t": 0
      },
      {
        "answer": "المُعطِّلةِ والجَهميَّةِ",
        "t": 1
      }
    ]
  },
  {
    "id": 4305,
    "q": "وَصَفَ اللهُ تَعالَى نَفسَه بالاستواءِ على العرشِ في:",
    "level": 3,
    "link": "https://dorar.net/tafseer/32/1",
    "section": "as-sajdah",
    "answers": [
      {
        "answer": "ستِّ آياتٍ مِن كتابِه",
        "t": 0
      },
      {
        "answer": "خَمسِ آياتٍ مِن كتابِه",
        "t": 0
      },
      {
        "answer": "سبعِ آياتٍ مِن كتابِه",
        "t": 1
      }
    ]
  },
  {
    "id": 4318,
    "q": "قَولُه {مِنَ الْجِنَّةِ}، أي: الجِنِّ؛ طائِفةِ إبليسَ، وكأنَّه أنَّثَهم:",
    "level": 3,
    "link": "https://dorar.net/tafseer/32/3",
    "section": "as-sajdah",
    "answers": [
      {
        "answer": "لأنَّ نِساءَهُم هي التي تَقودُهم للطُّغيانِ",
        "t": 0
      },
      {
        "answer": "لأنَّ أَكثرَ أَهلِ النَّارِ مِن النِّساءِ",
        "t": 0
      },
      {
        "answer": "تَحقيرًا لهم عندَ مَن يَستَعظِمُ أمْرَهم",
        "t": 1
      }
    ]
  },
  {
    "id": 4315,
    "q": "الاستِفهامُ في قولِهم: {أَئِذَا ضَلَلْنَا}:",
    "level": 3,
    "link": "https://dorar.net/tafseer/32/2",
    "section": "as-sajdah",
    "answers": [
      {
        "answer": "للتَّقرير",
        "t": 0
      },
      {
        "answer": "للتَّعَجُّب",
        "t": 1
      },
      {
        "answer": "للنَّفْي",
        "t": 0
      }
    ]
  },
  {
    "id": 4308,
    "q": "قوله تعالى: {رَبِّ الْعَالَمِينَ} فيه استِحضارُ الجَلالةِ بطَريقِ:",
    "level": 3,
    "link": "https://dorar.net/tafseer/32/1",
    "section": "as-sajdah",
    "answers": [
      {
        "answer": "الخِطابِ البُرهانيِّ",
        "t": 0
      },
      {
        "answer": "الإِضافَةِ ",
        "t": 1
      },
      {
        "answer": "الحَصْرِ",
        "t": 0
      }
    ]
  },
  {
    "id": 4317,
    "q": "في قَولِ الله تعالى: {لَأَمْلَأَنَّ جَهَنَّمَ مِنَ الْجِنَّةِ وَالنَّاسِ أَجْمَعِينَ} الألِفُ واللَّامُ في {الجِنَّة والنَّاس}:",
    "level": 3,
    "link": "https://dorar.net/tafseer/32/3",
    "section": "as-sajdah",
    "answers": [
      {
        "answer": "للاستِغراقِ",
        "t": 0
      },
      {
        "answer": "لبَيانِ الجِنسِ",
        "t": 1
      },
      {
        "answer": "للتَّعليلِ",
        "t": 0
      }
    ]
  },
  {
    "id": 4320,
    "q": "في قَولِه تَعالَى: {إِنَّمَا يُؤْمِنُ بِآَيَاتِنَا الَّذِينَ إِذَا ذُكِّرُوا بِهَا خَرُّوا سُجَّدًا} دَلالةٌ على أنَّ السُّجودَ مِن الإيمانِ، وهو رَدٌّ على:",
    "level": 3,
    "link": "https://dorar.net/tafseer/32/4",
    "section": "as-sajdah",
    "answers": [
      {
        "answer": "الشِّيعةِ",
        "t": 0
      },
      {
        "answer": "المُرجِئةِ",
        "t": 1
      },
      {
        "answer": "الخَوارجِ",
        "t": 0
      }
    ]
  },
  {
    "id": 4307,
    "q": "افتِتاحُ الكلامِ بالجُملةِ الاسميَّةِ {تَنْزِيلُ الْكِتَابِ لَا رَيْبَ فِيهِ}؛ لِدَلالتِها على:",
    "level": 3,
    "link": "https://dorar.net/tafseer/32/1",
    "section": "as-sajdah",
    "answers": [
      {
        "answer": "الحَدَثِ والزَّمَنِ",
        "t": 0
      },
      {
        "answer": "الدَّوامِ والثَّباتِ",
        "t": 1
      },
      {
        "answer": "التَّجَدُّدِ والاستِمرارِ",
        "t": 0
      }
    ]
  },
  {
    "id": 4309,
    "q": "قَولُه تَعالَى: {أَمْ يَقُولُونَ افْتَرَاهُ} (أم) للإضرابِ عن الكلامِ السَّابقِ إضرابَ انتقالٍ، وهي (أَم) المُنقطِعةُ الَّتي بمعنى:",
    "level": 3,
    "link": "https://dorar.net/tafseer/32/1",
    "section": "as-sajdah",
    "answers": [
      {
        "answer": "هل",
        "t": 0
      },
      {
        "answer": "لعلَّ",
        "t": 0
      },
      {
        "answer": "بَل",
        "t": 1
      }
    ]
  },
  {
    "id": 4319,
    "q": "قَولُه تَعالَى: {بِمَا نَسِيتُمْ لِقَاءَ يَوْمِكُمْ هَذَا} في إضافةِ (يومٍ) إلى ضَميرِ المُخاطَبين:",
    "level": 3,
    "link": "https://dorar.net/tafseer/32/3",
    "section": "as-sajdah",
    "answers": [
      {
        "answer": "تَهويلٌ لهم",
        "t": 0
      },
      {
        "answer": "للتَّخوِيفِ",
        "t": 0
      },
      {
        "answer": "تَهكُّمٌ بهم",
        "t": 1
      }
    ]
  },
  {
    "id": 4306,
    "q": "في قَولِه تَعالَى: {يُدَبِّرُ الْأَمْرَ} رَدٌّ على الَّذين يَدَّعون أنَّ أمْرَ الإنسانِ مُستقِلٌّ به، وهُم:",
    "level": 3,
    "link": "https://dorar.net/tafseer/32/1",
    "section": "as-sajdah",
    "answers": [
      {
        "answer": "الجهميَّة",
        "t": 0
      },
      {
        "answer": "المعتزلة",
        "t": 0
      },
      {
        "answer": "القدَرية",
        "t": 1
      }
    ]
  },
  {
    "id": 4310,
    "q": "قَولُه تَعالَى: {مِنْ وَلِيٍّ وَلَا شَفِيعٍ} (مِن) هنا:",
    "level": 3,
    "link": "https://dorar.net/tafseer/32/1",
    "section": "as-sajdah",
    "answers": [
      {
        "answer": "أَصلِيَّة",
        "t": 0
      },
      {
        "answer": "للتَّبعِيضِ",
        "t": 0
      },
      {
        "answer": "زائِدَة",
        "t": 1
      }
    ]
  },
  {
    "id": 4302,
    "q": "في قَولِه تَعالَى: {تَنْزِيلُ الْكِتَابِ لَا رَيْبَ فِيهِ مِنْ رَبِّ الْعَالَمِينَ}:",
    "level": 3,
    "link": "https://dorar.net/tafseer/32/1",
    "section": "as-sajdah",
    "answers": [
      {
        "answer": "بيان أنَّ اللهَ فِي كلِّ مكانٍ",
        "t": 0
      },
      {
        "answer": "إثباتُ عُلُوِّ اللهِ تعالى",
        "t": 1
      },
      {
        "answer": "نفيُ الجِهةِ عن اللهِ تعالَى",
        "t": 0
      }
    ]
  },
  {
    "id": 4303,
    "q": "قَولُه تَعالَى: {لِتُنْذِرَ قَوْمًا مَا أَتَاهُمْ مِنْ نَذِيرٍ مِنْ قَبْلِكَ} يُستَفادُ منه:",
    "level": 3,
    "link": "https://dorar.net/tafseer/32/1",
    "section": "as-sajdah",
    "answers": [
      {
        "answer": "أنَّ النبيَّ ﷺ غيرُ مُرسَلٍ لأَهلِ الكِتابِ لأنَّهم قد جاءَهُم مُوسَى وعِيسَى عليهِما السَّلامُ",
        "t": 0
      },
      {
        "answer": "أن النَّبِيَّ مُرسَلٌ لأهلِ الكتابِ أيضًا لِأَنَّهُم قد ضَلُّوا، وَلَمْ يأتِهم نذيرٌ مِن قَبْلِ محمَّدٍ بعدَ ضَلالِهم",
        "t": 1
      },
      {
        "answer": "أنَّ رِسالَةَ الرُّسُلِ تكونُ بالإِنذارِ قبلَ التَّبشِيرِ؛ لقَولِه: \"لِتُنْذِرَ\"",
        "t": 0
      }
    ]
  },
  {
    "id": 4313,
    "q": "في قَولِه تَعالَى: {وَجَعَلَ لَكُمُ السَّمْعَ وَالْأَبْصَارَ وَالْأَفْئِدَةَ} تَقديمُ الجارِّ والمَجرورِ {لَكُمُ} على المَفعولِ الصَّريحِ:",
    "level": 3,
    "link": "https://dorar.net/tafseer/32/2",
    "section": "as-sajdah",
    "answers": [
      {
        "answer": "للعُمومِ والشُّمولِ",
        "t": 0
      },
      {
        "answer": "لإِفادَةِ التَّوكيدِ بالخِطابِ البُرهانيِّ ",
        "t": 0
      },
      {
        "answer": "للاهتِمامِ بالمُقدَّمِ والتَّشويقِ إلى المُؤخَّرِ",
        "t": 1
      }
    ]
  },
  {
    "id": 4311,
    "q": "قَولُ اللهِ تَعالَى: {الَّذِي أَحْسَنَ كُلَّ شَيْءٍ خَلَقَهُ} كَلِمة {أَحْسَنَ} تَأتي بمَعنَى:",
    "level": 3,
    "link": "https://dorar.net/tafseer/32/2",
    "section": "as-sajdah",
    "answers": [
      {
        "answer": "عَلِمَ وأتقَنَ وأحكَمَ",
        "t": 1
      },
      {
        "answer": "أَفضَل وأَجمَل ",
        "t": 0
      },
      {
        "answer": "أَتَمّ وأَوْفَى",
        "t": 0
      }
    ]
  },
  {
    "id": 4314,
    "q": "قولُه: {قَلِيلًا مَا تَشْكُرُونَ} بَيانٌ لِكُفرِهم بتلك النِّعَمِ بطَريقِ الاعتِراضِ: ",
    "level": 3,
    "link": "https://dorar.net/tafseer/32/2",
    "section": "as-sajdah",
    "answers": [
      {
        "answer": "التَّكميلي",
        "t": 0
      },
      {
        "answer": "التَّذييليِّ",
        "t": 1
      },
      {
        "answer": "التَّوصيفي",
        "t": 0
      }
    ]
  }
]