[
  {
    "id": 4297,
    "q": "قَولُه تَعالَى: {قُرَّةِ أَعْيُنٍ}: أي: ما تَلَذُّه وتَشتَهيه، وهي مأخوذةٌ مِن:",
    "level": 2,
    "link": "https://dorar.net/tafseer/32/4",
    "section": "as-sajdah",
    "answers": [
      {
        "answer": "القُرِّ، أي: البَردِ",
        "t": 1
      },
      {
        "answer": "القَرارِ، أي: الاطمِئنانِ",
        "t": 0
      },
      {
        "answer": "الاسْتِقْرَارِ، أي: السُّكونِ",
        "t": 0
      }
    ]
  },
  {
    "id": 4296,
    "q": "في قَولِه تَعالَى: {لَأَمْلَأَنَّ جَهَنَّمَ مِنَ الْجِنَّةِ وَالنَّاسِ أَجْمَعِينَ} بَدَأَ بالجنِّ قبل الإنسِ:",
    "level": 2,
    "link": "https://dorar.net/tafseer/32/3",
    "section": "as-sajdah",
    "answers": [
      {
        "answer": "لاستِعظامِ الكافِرين لهم",
        "t": 1
      },
      {
        "answer": "لاتِّخاذِهِم آلهَةً مِن دُونِ اللهِ تعالى",
        "t": 0
      },
      {
        "answer": "لأنَّهم السَّببُ في غِوايَةِ الإِنسِ",
        "t": 0
      }
    ]
  },
  {
    "id": 4294,
    "q": "في قَولِه تَعالَى: {إِنَّا نَسِينَاكُمْ} إطلاقُ النِّسيانِ على: ",
    "level": 2,
    "link": "https://dorar.net/tafseer/32/3",
    "section": "as-sajdah",
    "answers": [
      {
        "answer": "الإِماتَة",
        "t": 0
      },
      {
        "answer": "التَّركِ",
        "t": 1
      },
      {
        "answer": "السَّهْوِ",
        "t": 0
      }
    ]
  },
  {
    "id": 4291,
    "q": "قَولُه تَعالَى: {ثُمَّ سَوَّاهُ وَنَفَخَ فِيهِ مِنْ رُوحِهِ} إضافةُ الرُّوحِ إلى اللهِ:",
    "level": 2,
    "link": "https://dorar.net/tafseer/32/2",
    "section": "as-sajdah",
    "answers": [
      {
        "answer": "إضافةٌ حَقيقيَّة",
        "t": 0
      },
      {
        "answer": "إضافةٌ بُرهانٍ",
        "t": 0
      },
      {
        "answer": "إضافةُ تَشريفٍ",
        "t": 1
      }
    ]
  },
  {
    "id": 4290,
    "q": "قوله تَعالَى: {قُلْ يَتَوَفَّاكُمْ مَلَكُ الْمَوْتِ الَّذِي وُكِّلَ بِكُمْ} أُدمِجَ فيه ذِكرُ ملَكِ الموتِ:",
    "level": 2,
    "link": "https://dorar.net/tafseer/32/2",
    "section": "as-sajdah",
    "answers": [
      {
        "answer": "لِزِيادةِ التَّخويفِ",
        "t": 1
      },
      {
        "answer": "للتَّحذِيرِ مِن الغَفلَة",
        "t": 0
      },
      {
        "answer": "لتَكذِيبِ دَعوَى الخُلودِ في الأَرضِ",
        "t": 0
      }
    ]
  },
  {
    "id": 4300,
    "q": "قَولُه تَعالَى: {جَنَّاتُ الْمَأْوَى} معنى {المأوى}:",
    "level": 2,
    "link": "https://dorar.net/tafseer/32/5",
    "section": "as-sajdah",
    "answers": [
      {
        "answer": "الخُلُودِ",
        "t": 0
      },
      {
        "answer": "النَّعيمُ المُقيمُ",
        "t": 0
      },
      {
        "answer": "المَثوى والمَسكَنُ ",
        "t": 1
      }
    ]
  },
  {
    "id": 4298,
    "q": "مَن القَائلِ: (أخفى قَومٌ عَمَلَهم، فأخفَى اللهُ لهم ما لم تَرَ عَينٌ، ولم يَخطُرْ على قَلبِ بَشَرٍ):",
    "level": 2,
    "link": "https://dorar.net/tafseer/32/4",
    "section": "as-sajdah",
    "answers": [
      {
        "answer": "الحَسَنُ البصْرِي",
        "t": 1
      },
      {
        "answer": "ابنُ القيِّم",
        "t": 0
      },
      {
        "answer": "ابن تَيمِيَّةَ",
        "t": 0
      }
    ]
  },
  {
    "id": 4282,
    "q": "مِن أَسْمَاءِ سُورَةِ السَّجْدَةِ:",
    "level": 2,
    "link": "https://dorar.net/tafseer/32",
    "section": "as-sajdah",
    "answers": [
      {
        "answer": "داحِضَةُ الشُّبُهاتِ",
        "t": 0
      },
      {
        "answer": "سُورَةُ العَظَمَة",
        "t": 0
      },
      {
        "answer": "الم * تَنْزِيلُ",
        "t": 1
      }
    ]
  },
  {
    "id": 4284,
    "q": "قَولُه تَعالَى: {أَفَلَا تَتَذَكَّرُونَ}؛ هو استِفهامٌ:",
    "level": 2,
    "link": "https://dorar.net/tafseer/32/1",
    "section": "as-sajdah",
    "answers": [
      {
        "answer": "إنكاريٌّ ",
        "t": 1
      },
      {
        "answer": "تَقريريٌّ",
        "t": 0
      },
      {
        "answer": "حَقيقيٌّ",
        "t": 0
      }
    ]
  },
  {
    "id": 4295,
    "q": "قَولُه تَعالَى: {لَا يَضِلُّ رَبِّي وَلَا يَنْسَى} النِّسْيَان هُنَا بمعنى:",
    "level": 2,
    "link": "https://dorar.net/tafseer/32/3",
    "section": "as-sajdah",
    "answers": [
      {
        "answer": "النَّومِ",
        "t": 0
      },
      {
        "answer": "السَّهْوِ",
        "t": 1
      },
      {
        "answer": "التَّركِ",
        "t": 0
      }
    ]
  },
  {
    "id": 4293,
    "q": "في قَولِه تَعالَى: {وَلَكِنْ حَقَّ الْقَوْلُ مِنِّي لَأَمْلَأَنَّ جَهَنَّمَ} كَلِمةُ {لَأَمْلَأَنَّ} تُفيدُ:",
    "level": 2,
    "link": "https://dorar.net/tafseer/32/3",
    "section": "as-sajdah",
    "answers": [
      {
        "answer": "أنَّ كلامَ اللهِ هو المعنيُّ القائمُ بالنَّفْسِ",
        "t": 0
      },
      {
        "answer": "إثباتَ الكلامِ للهِ، وأنَّ كلامَه تعالى بحرفٍ",
        "t": 1
      },
      {
        "answer": "أنَّ جَهنَّمَ واسِعَةٌ بَعيدٌ قَعرُها ",
        "t": 0
      }
    ]
  },
  {
    "id": 4287,
    "q": "في قَولِه تَعالَى: {قَلِيلًا مَا تَشْكُرُونَ}: ",
    "level": 2,
    "link": "https://dorar.net/tafseer/32/2",
    "section": "as-sajdah",
    "answers": [
      {
        "answer": "ذَمُّ مَن لا يَشْكُرُ",
        "t": 1
      },
      {
        "answer": "أنَّ قِلَّة الشُّكرِ مِن الكَبائرِ",
        "t": 0
      },
      {
        "answer": "حَثٌّ على الصَّبرِ عندَ عدمِ الكِفايَة",
        "t": 0
      }
    ]
  },
  {
    "id": 4289,
    "q": "قال تَعالَى: {وَجَعَلَ لَكُمُ السَّمْعَ وَالْأَبْصَارَ وَالْأَفْئِدَةَ} لم يَذكُرِ \"الشَّمَّ والذَّوقَ واللَّمسَ\":",
    "level": 2,
    "link": "https://dorar.net/tafseer/32/2",
    "section": "as-sajdah",
    "answers": [
      {
        "answer": "لأنَّ الاتِّعاظَ بالآياتِ يكونُ بالسَّمعِ والبَصَرِ",
        "t": 1
      },
      {
        "answer": "لأنَّهم داخِلُون في عُمومِ ما ذُكِرَ",
        "t": 0
      },
      {
        "answer": "لأنَّ الانتفِاعَ بها خاصٌّ؛ بعكسِ السَّمعِ والبَصرِ فالانتِفاعُ بهما عامٌّ",
        "t": 0
      }
    ]
  },
  {
    "id": 4288,
    "q": "في قَولِه تَعالَى: {وَبَدَأَ خَلْقَ الْإِنْسَانِ مِنْ طِينٍ} تَكذيبُ نظريةُ التَّطوُّر لصاحِبِها:",
    "level": 2,
    "link": "https://dorar.net/tafseer/32/2",
    "section": "as-sajdah",
    "answers": [
      {
        "answer": "ماكْسِوِيل",
        "t": 0
      },
      {
        "answer": "دَارْوِن",
        "t": 1
      },
      {
        "answer": "نِيتْشَه",
        "t": 0
      }
    ]
  },
  {
    "id": 4286,
    "q": "قَولُه تَعالَى: {وَقَالُوا أَئِذَا ضَلَلْنَا فِي الْأَرْضِ}، مَعنَى {ضَلَلْنَا فِي الأَرْضِ}:",
    "level": 2,
    "link": "https://dorar.net/tafseer/32/2",
    "section": "as-sajdah",
    "answers": [
      {
        "answer": "سَلَكْنَا الطَّرِيقَ الخطأَ البعيدَ عَن مَنهَجِ اللهِ",
        "t": 0
      },
      {
        "answer": "ذَهَبَتْ في الأرضِ أجسادُنا، وتفَرَّقَت فيها لُحومُنا وعِظامُنا، وغابَت في التُّرابِ",
        "t": 1
      },
      {
        "answer": "صِرْنَا تَائهين في الأرضِ",
        "t": 0
      }
    ]
  },
  {
    "id": 4281,
    "q": "سورةُ السَّجدةِ:",
    "level": 2,
    "link": "https://dorar.net/tafseer/32",
    "section": "as-sajdah",
    "answers": [
      {
        "answer": "مُختَلفٌ فيها",
        "t": 0
      },
      {
        "answer": "مدَنيَّة",
        "t": 0
      },
      {
        "answer": "مَكِّيَّة",
        "t": 1
      }
    ]
  },
  {
    "id": 4283,
    "q": "مِن أبرزِ المَوضوعاتِ الَّتي تناوَلَتْها سورةُ السَّجدةِ:",
    "level": 2,
    "link": "https://dorar.net/tafseer/32",
    "section": "as-sajdah",
    "answers": [
      {
        "answer": "الرَّدُّ على المُترَفينَ الَّذين زَعَموا أنَّ أموالَهم وأولادَهم ستنفَعُهم يومَ القيامةِ",
        "t": 0
      },
      {
        "answer": "الإشارةُ إلى مُوسَى عَليهِ السَّلامُ، وما امتَنَّ اللهُ بِهِ عَليهِ مِن إعطائه التَّوراةَ",
        "t": 1
      },
      {
        "answer": "الإنذارُ بالبَعثِ، وتحقيقُ وُقوعِه",
        "t": 0
      }
    ]
  },
  {
    "id": 4285,
    "q": "في قَولِه تَعالَى: {وَإِنَّ يَوْمًا عِنْدَ رَبِّكَ كَأَلْفِ سَنَةٍ مِمَّا تَعُدُّونَ}. كلمة (ألْف):",
    "level": 2,
    "link": "https://dorar.net/tafseer/32/1",
    "section": "as-sajdah",
    "answers": [
      {
        "answer": "يجوز أن يكونَ (ألْفٌ) مُستعمَلًا في صَريحِ مَعناهُ، أو كِنايةً عن الكَثرةِ الشَّديدةِ",
        "t": 1
      },
      {
        "answer": "\"أَلْف\" هُنا بمعنى الائتِلافِ؛ أي: قَريبٍ مِن سَنَةٍ",
        "t": 0
      },
      {
        "answer": "المَقصُودُ بالأَلفِ هو المَعدُود لا العَدَد",
        "t": 0
      }
    ]
  },
  {
    "id": 4299,
    "q": "في قَولِه تَعالَى: {مَا أُخْفِيَ لَهُمْ} الإبهامُ في الجزاءِ يَدُلُّ على:",
    "level": 2,
    "link": "https://dorar.net/tafseer/32/4",
    "section": "as-sajdah",
    "answers": [
      {
        "answer": "التَّنويعِ",
        "t": 0
      },
      {
        "answer": "التَّحسينِ",
        "t": 0
      },
      {
        "answer": "التَّفخيمِ",
        "t": 1
      }
    ]
  },
  {
    "id": 4292,
    "q": "في تَقديمِ السَّمعِ على البَصرِ في مَواقعِه مِن القُرآنِ دليلٌ على:",
    "level": 2,
    "link": "https://dorar.net/tafseer/32/2",
    "section": "as-sajdah",
    "answers": [
      {
        "answer": "أنَّه أفضَلُ فائدةً لِصاحبِه مِن البَصرِ",
        "t": 1
      },
      {
        "answer": "أنَّ الإيمانَ لا يَتِمُّ إلَّا عن طَريقِهِما",
        "t": 0
      },
      {
        "answer": "أنَّه مَناطُ التَّكليفِ للعَبدِ",
        "t": 0
      }
    ]
  }
]