[
  {
    "id": 5359,
    "q": "الكُتُبُ المُنزَّلةُ منَ اللهِ تَعالى قدِ اتَّفَقت على مَسائلِ",
    "level": 1,
    "link": "https://www.dorar.net/aqeeda/1343",
    "section": "e-book",
    "answers": [
      {
        "answer": "التَّشريعِ",
        "t": 0
      },
      {
        "answer": "الأحْكامِ",
        "t": 0
      },
      {
        "answer": "العَقيدةِ",
        "t": 1
      }
    ]
  },
  {
    "id": 5356,
    "q": "أفضَلُ الكُتُبِ الثَّلاثةِ: التَّوراة والإنجيل والقُرآن، هو:",
    "level": 1,
    "link": "https://www.dorar.net/aqeeda/1332",
    "section": "e-book",
    "answers": [
      {
        "answer": "القُرآنُ",
        "t": 1
      },
      {
        "answer": "الإنجيلُ",
        "t": 0
      },
      {
        "answer": "التَّوراةُ",
        "t": 0
      }
    ]
  },
  {
    "id": 5354,
    "q": "الإنجيلُ هو الكِتابُ المُنزَّلُ على",
    "level": 1,
    "link": "https://www.dorar.net/aqeeda/1332",
    "section": "e-book",
    "answers": [
      {
        "answer": "مُوسى عليه السَّلامُ",
        "t": 0
      },
      {
        "answer": "نُوحٍ عليه السَّلامُ",
        "t": 0
      },
      {
        "answer": "عِيسى عليه السَّلامُ",
        "t": 1
      }
    ]
  },
  {
    "id": 5341,
    "q": "مَن آمَنَ بجَميعِ الكُتُبِ الإِلهيَّة وكَفَر بكِتابٍ واحدٍ كان:",
    "level": 1,
    "link": "https://www.dorar.net/aqeeda/1320",
    "section": "e-book",
    "answers": [
      {
        "answer": "فاسِقًا",
        "t": 0
      },
      {
        "answer": "كافِرًا",
        "t": 1
      },
      {
        "answer": "عاصيًا",
        "t": 0
      }
    ]
  },
  {
    "id": 5348,
    "q": "الدِّينُ الَّذي نَزَل به مُوسَى وعِيسى عَليهما السَّلامُ",
    "level": 1,
    "link": "https://www.dorar.net/aqeeda/1341",
    "section": "e-book",
    "answers": [
      {
        "answer": "الإسْلامُ",
        "t": 1
      },
      {
        "answer": "النَّصرانيةُ",
        "t": 0
      },
      {
        "answer": "اليَهوديَّةُ",
        "t": 0
      }
    ]
  },
  {
    "id": 5344,
    "q": "قال تَعالى: {وَإِنْ أَحَدٌ مِنَ الْمُشْرِكِينَ اسْتَجَارَكَ فَأَجِرْهُ حَتَّى يَسْمَعَ كَلَامَ اللَّهِ} المُرادُ بكَلامِ اللهِ هنا",
    "level": 1,
    "link": "https://www.dorar.net/aqeeda/1324",
    "section": "e-book",
    "answers": [
      {
        "answer": "التَّوراةُ",
        "t": 0
      },
      {
        "answer": "الإنجيلُ",
        "t": 0
      },
      {
        "answer": "القُرآنُ الكَريمُ",
        "t": 1
      }
    ]
  },
  {
    "id": 5346,
    "q": "قال رَسولُ اللهِ صلَّى اللهُ عليه وسلَّم: خَيرُكُم مَن تَعلَّم:",
    "level": 1,
    "link": "https://www.dorar.net/aqeeda/1386",
    "section": "e-book",
    "answers": [
      {
        "answer": "القُرآنَ وعَلَّمَه",
        "t": 1
      },
      {
        "answer": "التَّوحيدَ",
        "t": 0
      },
      {
        "answer": "السُّنةَ",
        "t": 0
      }
    ]
  },
  {
    "id": 5358,
    "q": "المَلَكُ المُوكَّلُ بنُزولِ القُرآنِ على النَّبيِّ ﷺ هو",
    "level": 1,
    "link": "https://www.dorar.net/aqeeda/1373",
    "section": "e-book",
    "answers": [
      {
        "answer": "جِبْريلُ عليه السَّلامُ",
        "t": 1
      },
      {
        "answer": "إسْرافيلُ عليه السَّلامُ",
        "t": 0
      },
      {
        "answer": "مِيكائيلُ عليه السَّلامُ",
        "t": 0
      }
    ]
  },
  {
    "id": 5357,
    "q": "الإيمانُ بالقُرآنِ الكَريمِ فَرضٌ على",
    "level": 1,
    "link": "https://www.dorar.net/aqeeda/1332",
    "section": "e-book",
    "answers": [
      {
        "answer": "جَميعِ البَشَرِ من أُمَّةِ النَّبيِّ ﷺ",
        "t": 0
      },
      {
        "answer": "الجِنِّ والإنسِ مِمَّن بلَغَهمُ القُرآنُ",
        "t": 1
      },
      {
        "answer": "العَرَبِ وَحدَهم مِمَّن يَفهَمُ لُغةَ القُرآنِ",
        "t": 0
      }
    ]
  },
  {
    "id": 5353,
    "q": "قال تَعالى: {وَإِنْ أَحَدٌ مِنَ الْمُشْرِكِينَ اسْتَجَارَكَ فَأَجِرْهُ حَتَّى يَسْمَعَ كَلَامَ اللَّهِ ثُمَّ أَبْلِغْهُ مَأْمَنَهُ ذَلِكَ بِأَنَّهُمْ قَوْمٌ لَا يَعْلَمُونَ} المُخاطَبُ هنا هو",
    "level": 1,
    "link": "https://www.dorar.net/aqeeda/1324",
    "section": "e-book",
    "answers": [
      {
        "answer": "أَهلُ مكَّة",
        "t": 0
      },
      {
        "answer": "المُؤمِنُون",
        "t": 0
      },
      {
        "answer": "مُحمَّدٌ ﷺ",
        "t": 1
      }
    ]
  },
  {
    "id": 5355,
    "q": "أنزَلَ اللهُ الإنجيلَ ناسِخًا لبَعضِ أحكامِ",
    "level": 1,
    "link": "https://www.dorar.net/aqeeda/1332",
    "section": "e-book",
    "answers": [
      {
        "answer": "التَّوراةِ",
        "t": 1
      },
      {
        "answer": "الزَّبورِ",
        "t": 0
      },
      {
        "answer": "صُحُفِ إبراهيمَ",
        "t": 0
      }
    ]
  },
  {
    "id": 5347,
    "q": "أيُّهُم نَزَل أوَّلًا التَّوراةُ أمِ الإنجيلُ أم صُحُفُ إبراهيمَ؟",
    "level": 1,
    "link": "https://www.dorar.net/aqeeda/1332",
    "section": "e-book",
    "answers": [
      {
        "answer": "الإنجيلُ",
        "t": 0
      },
      {
        "answer": "صُحُفُ إبراهيمَ",
        "t": 1
      },
      {
        "answer": "التَّوراةُ",
        "t": 0
      }
    ]
  },
  {
    "id": 5345,
    "q": "التَّوراةُ هي الكِتابُ المُنزَّلُ على",
    "level": 1,
    "link": "https://www.dorar.net/aqeeda/1324",
    "section": "e-book",
    "answers": [
      {
        "answer": "إبراهيمَ عليه السَّلامُ",
        "t": 0
      },
      {
        "answer": "عِيسى عليه السَّلامُ",
        "t": 0
      },
      {
        "answer": "مُوسَى عليه السَّلامُ",
        "t": 1
      }
    ]
  },
  {
    "id": 5343,
    "q": "قال الله تعالى: {أَفَتَطْمَعُونَ أَنْ يُؤْمِنُوا لَكُمْ وَقَدْ كَانَ فَرِيقٌ مِنْهُمْ يَسْمَعُونَ كَلَامَ اللَّهِ ثُمَّ يُحَرِّفُونَهُ} المَقصُودُ بكَلامِ الله هنا:",
    "level": 1,
    "link": "https://www.dorar.net/aqeeda/1324",
    "section": "e-book",
    "answers": [
      {
        "answer": "التَّوراةُ",
        "t": 1
      },
      {
        "answer": "القُرآنُ",
        "t": 0
      },
      {
        "answer": "الإنجِيلُ",
        "t": 0
      }
    ]
  },
  {
    "id": 5351,
    "q": "حُكمُ الإيمانِ بالكُتُبِ",
    "level": 1,
    "link": "https://www.dorar.net/aqeeda/1320",
    "section": "e-book",
    "answers": [
      {
        "answer": "رُكنٌ من أركانِ الإيمانِ",
        "t": 1
      },
      {
        "answer": "واجِبٌ",
        "t": 0
      },
      {
        "answer": "شَرطٌ من شُروطِ الإيمانِ",
        "t": 0
      }
    ]
  },
  {
    "id": 5342,
    "q": "قال تَعالى: {‌يَاأَيُّهَا ‌الَّذِينَ ‌آمَنُوا ‌آمِنُوا بِاللَّهِ وَرَسُولِهِ وَالْكِتَابِ الَّذِي نَزَّلَ عَلَى رَسُولِهِ وَالْكِتَابِ الَّذِي أَنْزَلَ مِنْ قَبْلُ..} مَن كَفَر بشَيءٍ مِمَّا ذُكِر كان:",
    "level": 1,
    "link": "https://www.dorar.net/aqeeda/1320",
    "section": "e-book",
    "answers": [
      {
        "answer": "إيمانُه ناقِصًا",
        "t": 0
      },
      {
        "answer": "كافِرًا",
        "t": 1
      },
      {
        "answer": "فاجِرًا",
        "t": 0
      }
    ]
  },
  {
    "id": 5350,
    "q": "قال صلَّى اللهُ عليه وسلَّم: (ما بُعِث نَبيٌّ إلَّا أنذَرَ أُمَّتَه الأعوَرَ الكَذَّابَ) المَقصودُ بالأعوَرِ الكَذَّابِ هو",
    "level": 1,
    "link": "https://www.dorar.net/aqeeda/1355",
    "section": "e-book",
    "answers": [
      {
        "answer": "مُسيلِمةُ الكَذَّابُ",
        "t": 0
      },
      {
        "answer": "الدَّجَّالُ",
        "t": 1
      },
      {
        "answer": "إِبليسُ اللَّعِينُ",
        "t": 0
      }
    ]
  },
  {
    "id": 5360,
    "q": "قال تَعالى: {صُحُفِ إِبْرَاهِيمَ وَمُوسَى} المَقصودُ بصُحُفِ موسى",
    "level": 1,
    "link": "https://www.dorar.net/aqeeda/1332",
    "section": "e-book",
    "answers": [
      {
        "answer": "الإنجيلُ",
        "t": 0
      },
      {
        "answer": "التَّوراةُ",
        "t": 1
      },
      {
        "answer": "الزَّبورُ",
        "t": 0
      }
    ]
  },
  {
    "id": 5352,
    "q": "مَن آمَنَ بجَميعِ ما جاءَت به الرُّسلُ إلَّا شَيئًا واحِدًا كان",
    "level": 1,
    "link": "https://www.dorar.net/aqeeda/1320",
    "section": "e-book",
    "answers": [
      {
        "answer": "فاجِرًا",
        "t": 0
      },
      {
        "answer": "فاسِقًا",
        "t": 0
      },
      {
        "answer": "كافِرًا",
        "t": 1
      }
    ]
  },
  {
    "id": 5349,
    "q": "قال صلَّى اللهُ عليه وسلَّم: إنَّما بُعِثتُ لأُتَمِّمَ صالِحَ:",
    "level": 1,
    "link": "https://www.dorar.net/aqeeda/1351",
    "section": "e-book",
    "answers": [
      {
        "answer": "الأعمالِ",
        "t": 0
      },
      {
        "answer": "الأُمَمِ",
        "t": 0
      },
      {
        "answer": "الأخلاقِ",
        "t": 1
      }
    ]
  }
]