[
  {
    "id": 5389,
    "q": "قال تَعالى: {‌وَمَنْ ‌يَبْتَغِ غَيْرَ الْإِسْلَامِ دِينًا فَلَنْ يُقْبَلَ مِنْهُ وَهُوَ فِي الْآخِرَةِ مِنَ الْخَاسِرِينَ} هذا الحُكمُ",
    "level": 3,
    "link": "https://www.dorar.net/aqeeda/1341",
    "section": "e-book",
    "answers": [
      {
        "answer": "حُكمٌ عامٌّ في الأوَّلينَ والآخِرينَ",
        "t": 1
      },
      {
        "answer": "خاصٌّ بالمُسلِمينَ",
        "t": 0
      },
      {
        "answer": "خاصٌّ ببَني إسْرائيلَ",
        "t": 0
      }
    ]
  },
  {
    "id": 5382,
    "q": "المُسلِمونَ مُطالَبونَ بالإيمانِ بجَميعِ الكُتُبِ",
    "level": 3,
    "link": "https://www.dorar.net/aqeeda/1324",
    "section": "e-book",
    "answers": [
      {
        "answer": "جُملةً فقطْ",
        "t": 0
      },
      {
        "answer": "جُملةً وتَفصيلًا",
        "t": 0
      },
      {
        "answer": "جُملةً وبالقُرآنِ جُملةً وتَفصيلًا",
        "t": 1
      }
    ]
  },
  {
    "id": 5400,
    "q": "قال رَسولُ اللهِ ﷺ: (بَشِّرَا ولا تُنَفِّرَا ويَسِّرَا ولا تُعسِّرَا) المَعنِيَّانِ بالكَلامِ هنا هُما",
    "level": 3,
    "link": "https://www.dorar.net/aqeeda/1357",
    "section": "e-book",
    "answers": [
      {
        "answer": "أبو بَكرٍ وعُمَرُ رَضيَ اللهُ عنهما",
        "t": 0
      },
      {
        "answer": "طَلحةُ والزُّبَيرُ رَضيَ اللهُ عنهما",
        "t": 0
      },
      {
        "answer": "مُعاذُ بنُ جَبَلٍ وأبو مُوسى الأشْعَريُّ رَضيَ اللهُ عنهما",
        "t": 1
      }
    ]
  },
  {
    "id": 5388,
    "q": "قوله تَعالى: {وَأُوتِينَا الْعِلْمَ مِنْ قَبْلِهَا وَكُنَّا مُسْلِمِينَ} هذا الكَلامُ على لِسانِ",
    "level": 3,
    "link": "https://www.dorar.net/aqeeda/1341",
    "section": "e-book",
    "answers": [
      {
        "answer": "سُلَيمانَ عليه السَّلامُ",
        "t": 1
      },
      {
        "answer": "عِيسى عليه السَّلامُ",
        "t": 0
      },
      {
        "answer": "مُحمَّدٍ صلَّى اللهُ عليه وسلَّم",
        "t": 0
      }
    ]
  },
  {
    "id": 5383,
    "q": "ذَكَر النَّبيُّ ﷺ في حَديثِ الشَّفاعةِ- في مُوسى عليه السَّلامُ صِفَتَينِ على لِسانِ إبراهيمَ عليه السَّلامُ هما",
    "level": 3,
    "link": "https://www.dorar.net/aqeeda/1332",
    "section": "e-book",
    "answers": [
      {
        "answer": "آتاهُ التَّوراةَ وكَلَّمه تَكليمًا",
        "t": 1
      },
      {
        "answer": "آتاهُ التَّوراةَ والعَصا",
        "t": 0
      },
      {
        "answer": "آتاهُ التَّوراةَ وجَعَله منَ المُرسَلينَ",
        "t": 0
      }
    ]
  },
  {
    "id": 5386,
    "q": "قال تَعالى: {وَأَنْزَلْنَا إِلَيْكَ الْكِتَابَ بِالْحَقِّ مُصَدِّقًا لِمَا بَيْنَ يَدَيْهِ مِنَ الْكِتَابِ وَمُهَيْمِنًا عَلَيْهِ} ما الفَرقُ بينَ الكِتابِ الأُولَى والكِتابِ الثَّانيةِ",
    "level": 3,
    "link": "https://www.dorar.net/aqeeda/1328",
    "section": "e-book",
    "answers": [
      {
        "answer": "الكِتابُ الأول القُرآنُ والثَّاني التَّوراةُ",
        "t": 0
      },
      {
        "answer": "الكِتابُ الأول القُرآنُ والثَّانِي الإنجيلُ",
        "t": 0
      },
      {
        "answer": "الكِتابُ الأول القُرآنُ\nوالثَّاني كلُّ الكُتُبِ المُنزَّلةِ قبلَ القُرآنِ",
        "t": 1
      }
    ]
  },
  {
    "id": 5393,
    "q": "قال تَعالى: {وَلَقَدْ كَتَبْنَا فِي الزَّبُورِ مِنْ بَعْدِ الذِّكْرِ أَنَّ الْأَرْضَ يَرِثُهَا عِبَادِيَ الصَّالِحُونَ} المَعنيُّ بالذِّكرِ في هذا المَوضِعِ",
    "level": 3,
    "link": "https://www.dorar.net/aqeeda/1345",
    "section": "e-book",
    "answers": [
      {
        "answer": "ذِكرُ اللهِ عزَّ وجلَّ",
        "t": 0
      },
      {
        "answer": "اللَّوحُ المَحفوظُ",
        "t": 1
      },
      {
        "answer": "القُرآنُ الكَريمُ",
        "t": 0
      }
    ]
  },
  {
    "id": 5395,
    "q": "قال تَعالى: {‌لَقَدْ ‌أَرْسَلْنَا ‌رُسُلَنَا بِالْبَيِّنَاتِ وَأَنْزَلْنَا مَعَهُمُ الْكِتَابَ وَالْمِيزَانَ لِيَقُومَ النَّاسُ بِالْقِسْطِ} المَعنيُّ بالميزانِ في هذا المَوضِعِ",
    "level": 3,
    "link": "https://www.dorar.net/aqeeda/1347",
    "section": "e-book",
    "answers": [
      {
        "answer": "العَدلُ والإنصافُ",
        "t": 1
      },
      {
        "answer": "الأوامِرُ والنَّواهي",
        "t": 0
      },
      {
        "answer": "مِيزانُ الفِطرَةِ",
        "t": 0
      }
    ]
  },
  {
    "id": 5391,
    "q": "قال تَعالى: {وَأَنَّ سَعْيَهُ سَوْفَ يُرَى} تَفسيرُها",
    "level": 3,
    "link": "https://www.dorar.net/aqeeda/1345",
    "section": "e-book",
    "answers": [
      {
        "answer": "يَراهُ الخَلقُ جَميعًا يَومَ القِيامةِ",
        "t": 0
      },
      {
        "answer": "تَراهُ المَلائكةُ",
        "t": 0
      },
      {
        "answer": "أيْ: يَرَى هو سَعْيَه يَومَ القِيامةِ",
        "t": 1
      }
    ]
  },
  {
    "id": 5381,
    "q": "الإيمانُ بجَميعِ الأنْبياءِ والمُرسَلينَ وبجَميعِ ما أنزَلَه اللهُ منَ الكُتُبِ معلومٌ منَ الدِّينِ",
    "level": 3,
    "link": "https://www.dorar.net/aqeeda/1320",
    "section": "e-book",
    "answers": [
      {
        "answer": "بالضَّرورةِ",
        "t": 1
      },
      {
        "answer": "بالعَقلِ",
        "t": 0
      },
      {
        "answer": "بالنَّقلِ",
        "t": 0
      }
    ]
  },
  {
    "id": 5396,
    "q": "قال تَعالى: {‌إِنِّي ‌تَرَكْتُ ‌مِلَّةَ قَوْمٍ لَا يُؤْمِنُونَ بِاللَّهِ وَهُمْ بِالْآخِرَةِ هُمْ كَافِرُونَ} حاكِيًا عن",
    "level": 3,
    "link": "https://www.dorar.net/aqeeda/1349",
    "section": "e-book",
    "answers": [
      {
        "answer": "يُوسُفَ عليه السَّلامُ",
        "t": 1
      },
      {
        "answer": "مُوسى عليه السَّلامُ",
        "t": 0
      },
      {
        "answer": "إبراهيمَ عليه السَّلامُ",
        "t": 0
      }
    ]
  },
  {
    "id": 5392,
    "q": "قال تَعالى: {وَلَقَدْ كَتَبْنَا فِي الزَّبُورِ مِنْ بَعْدِ الذِّكْرِ أَنَّ الْأَرْضَ يَرِثُهَا عِبَادِيَ الصَّالِحُونَ} المَعنيُّ بالزَّبورِ في هذا المَوضِعِ",
    "level": 3,
    "link": "https://www.dorar.net/aqeeda/1345",
    "section": "e-book",
    "answers": [
      {
        "answer": "الكُتُبُ المُنزَّلةُ كالتَّوراةِ والإنجيلِ والقُرآنِ",
        "t": 1
      },
      {
        "answer": "التَّوراةُ والإنجيلُ",
        "t": 0
      },
      {
        "answer": "الزَّبورُ الذي أُنزِلَ على داوُدَ عَليهِ السَّلامُ",
        "t": 0
      }
    ]
  },
  {
    "id": 5397,
    "q": "أوَّلُ مَن أمَرَ بجَمعِ القُرآنِ الكَريمِ في مَكانٍ واحِدٍ هو",
    "level": 3,
    "link": "https://www.dorar.net/aqeeda/1413",
    "section": "e-book",
    "answers": [
      {
        "answer": "عُمَرُ بنُ الخَطَّابِ رضيَ اللهُ عنه",
        "t": 0
      },
      {
        "answer": "عَليُّ بنُ أبي طالِبٍ رضيَ اللهُ عنه",
        "t": 0
      },
      {
        "answer": "أبو بَكرٍ الصدِّيقُ رضيَ اللهُ عنه",
        "t": 1
      }
    ]
  },
  {
    "id": 5385,
    "q": "قال تَعالى:  {وَالرَّبَّانِيُّونَ وَالْأَحْبَارُ بِمَا اسْتُحْفِظُوا مِنْ كِتَابِ اللَّهِ وَكَانُوا عَلَيْهِ شُهَدَاءَ} المَقصودُ بـ(الرَّبَّانِيُّون):",
    "level": 3,
    "link": "https://www.dorar.net/aqeeda/1332",
    "section": "e-book",
    "answers": [
      {
        "answer": "الحَوارِيُّون",
        "t": 0
      },
      {
        "answer": "العُبَّادُ والعُلَماءُ",
        "t": 1
      },
      {
        "answer": "أَصحابُ قَريةِ رُبَا مِن أَهلِ الكِتابِ",
        "t": 0
      }
    ]
  },
  {
    "id": 5384,
    "q": "أعظَمُ كُتُبِ بَني إسرائيلَ",
    "level": 3,
    "link": "https://www.dorar.net/aqeeda/1332",
    "section": "e-book",
    "answers": [
      {
        "answer": "الإنجيلُ",
        "t": 0
      },
      {
        "answer": "صُحُفُ إبراهيمَ عليه السَّلامُ",
        "t": 0
      },
      {
        "answer": "التَّوراةُ",
        "t": 1
      }
    ]
  },
  {
    "id": 5394,
    "q": "قال تَعالى: {وَلَقَدْ كَتَبْنَا فِي الزَّبُورِ مِنْ بَعْدِ الذِّكْرِ أَنَّ الْأَرْضَ يَرِثُهَا عِبَادِيَ الصَّالِحُونَ} المَعنيُّ بالأرضِ في هذا المَوضِعِ",
    "level": 3,
    "link": "https://www.dorar.net/aqeeda/1345",
    "section": "e-book",
    "answers": [
      {
        "answer": "الأرضُ كُلُّها",
        "t": 0
      },
      {
        "answer": "الجَزيرةُ العَربيَّةُ وما حَولَها",
        "t": 0
      },
      {
        "answer": "أرضُ الجَنَّةِ",
        "t": 1
      }
    ]
  },
  {
    "id": 5398,
    "q": "قولُه تَعالى: {‌وَمُصَدِّقًا ‌لِمَا ‌بَيْنَ يَدَيَّ مِنَ التَّوْرَاةِ وَلِأُحِلَّ لَكُمْ بَعْضَ الَّذِي حُرِّمَ عَلَيْكُمْ} حِكايةً عن",
    "level": 3,
    "link": "https://www.dorar.net/aqeeda/1357",
    "section": "e-book",
    "answers": [
      {
        "answer": "مُحمَّدٍ صلَّى اللهُ عليه وسلَّمَ",
        "t": 0
      },
      {
        "answer": "مُوسى عليه السَّلامُ",
        "t": 0
      },
      {
        "answer": "عِيسى عليه السَّلامُ",
        "t": 1
      }
    ]
  },
  {
    "id": 5387,
    "q": "يجِبُ الاعتِقادُ بأنَّ القُرآنَ نَزَل",
    "level": 3,
    "link": "https://www.dorar.net/aqeeda/1417",
    "section": "e-book",
    "answers": [
      {
        "answer": "ناسِخًا لِما قَبلَه منَ الكُتُبِ",
        "t": 1
      },
      {
        "answer": "مُماثِلًا لما قَبلُه مِن الكُتُب",
        "t": 0
      },
      {
        "answer": "مُتَّبِعًا لِما قبلَه منَ الكُتُبِ",
        "t": 0
      }
    ]
  },
  {
    "id": 5390,
    "q": "قال رَسولُ اللهِ ﷺ: (الأنْبياءُ إخوةٌ لعَلَّاتٍ، أُمَّهاتُهُم شَتَّى ودِينُهم واحِدٌ) مَعْنى لعَلَّاتٍ",
    "level": 3,
    "link": "https://www.dorar.net/aqeeda/1343",
    "section": "e-book",
    "answers": [
      {
        "answer": "دينُهم واحِدٌ",
        "t": 0
      },
      {
        "answer": "دَعوتُهم واحِدةٌ",
        "t": 0
      },
      {
        "answer": "أولادُ الرَّجُلِ من نِسوةٍ شَتَّى",
        "t": 1
      }
    ]
  },
  {
    "id": 5399,
    "q": "قال تَعالى: {‌وَيَضَعُ ‌عَنْهُمْ إِصْرَهُمْ وَالْأَغْلَالَ الَّتِي كَانَتْ عَلَيْهِمْ} مَعنَى إِصْرَهُم",
    "level": 3,
    "link": "https://www.dorar.net/aqeeda/1357",
    "section": "e-book",
    "answers": [
      {
        "answer": "التَّكاليفُ الشَّاقَّةُ",
        "t": 1
      },
      {
        "answer": "ما حُرِّم عَلَيهم سابِقًا",
        "t": 0
      },
      {
        "answer": "ذُنوبُهُم",
        "t": 0
      }
    ]
  }
]