[
  {
    "id": 5375,
    "q": "قاتِلُ الدَّجَّالِ هو",
    "level": 2,
    "link": "https://www.dorar.net/aqeeda/1355",
    "section": "e-book",
    "answers": [
      {
        "answer": "المَلائكةُ",
        "t": 0
      },
      {
        "answer": "مُوسى عليه السَّلامُ",
        "t": 0
      },
      {
        "answer": "عِيسى عليه السَّلامُ",
        "t": 1
      }
    ]
  },
  {
    "id": 5368,
    "q": "قال تَعالى: {‌أَأَرْبَابٌ مُتَفَرِّقُونَ خَيْرٌ أَمِ اللَّهُ الْوَاحِدُ الْقَهَّارُ} هذا الاستِفهامُ",
    "level": 2,
    "link": "https://www.dorar.net/aqeeda/1349",
    "section": "e-book",
    "answers": [
      {
        "answer": "إخْباريٌّ",
        "t": 0
      },
      {
        "answer": "تَقريريٌّ",
        "t": 1
      },
      {
        "answer": "استِنكاريٌّ",
        "t": 0
      }
    ]
  },
  {
    "id": 5379,
    "q": "قال تَعالى: {قَدْ جَاءَكُمْ مِنَ اللهِ نُورٌ} المَعنيُّ بالنُّورِ",
    "level": 2,
    "link": "https://www.dorar.net/aqeeda/1326",
    "section": "e-book",
    "answers": [
      {
        "answer": "فِطرةُ الله التي فَطَرَ الناسَ عليها",
        "t": 0
      },
      {
        "answer": "الأحكامُ الشَّرعِيَّة",
        "t": 0
      },
      {
        "answer": "القُرآنُ الكَريمُ",
        "t": 1
      }
    ]
  },
  {
    "id": 5369,
    "q": "قال النبيُّ ﷺ: (بُعِثْتُ إلى الأَحمَرِ والأَسوَدِ) مَعناهُ",
    "level": 2,
    "link": "https://www.dorar.net/aqeeda/1332",
    "section": "e-book",
    "answers": [
      {
        "answer": "إلى الإنسِ والجِنِّ",
        "t": 1
      },
      {
        "answer": "إلى جَميعِ ألوانِ البَشَرِ",
        "t": 0
      },
      {
        "answer": "إلى العَرَبِ والعَجَمِ",
        "t": 0
      }
    ]
  },
  {
    "id": 5371,
    "q": "أوَّلُ رَسولٍ بَعَثه اللهُ إلى الأرضِ",
    "level": 2,
    "link": "https://www.dorar.net/aqeeda/1341",
    "section": "e-book",
    "answers": [
      {
        "answer": "إبراهيمُ عليه السَّلامُ",
        "t": 0
      },
      {
        "answer": "نُوحٌ عليه السَّلامُ",
        "t": 1
      },
      {
        "answer": "آدَمُ عليه السَّلامُ",
        "t": 0
      }
    ]
  },
  {
    "id": 5378,
    "q": "قال ﷺ: لا صَلاةَ لِمَن لمْ يَقرَأْ بـ:",
    "level": 2,
    "link": "https://www.dorar.net/aqeeda/1407",
    "section": "e-book",
    "answers": [
      {
        "answer": "فاتِحةِ الكِتابِ",
        "t": 1
      },
      {
        "answer": "القُرآنِ",
        "t": 0
      },
      {
        "answer": "المُعوِّذاتِ",
        "t": 0
      }
    ]
  },
  {
    "id": 5377,
    "q": "مِن وَسائلِ حِفظِ القُرآنِ الكريمِ في عَهدِ النُّبوَّة:",
    "level": 2,
    "link": "https://www.dorar.net/aqeeda/1411",
    "section": "e-book",
    "answers": [
      {
        "answer": "الحَضُّ على تعَلُّمِ القُرْآنِ وتعليمِه",
        "t": 1
      },
      {
        "answer": "جَمعُ القُرآنِ الكريمِ في مُصحَفٍ واحِدٍ",
        "t": 0
      },
      {
        "answer": "جَعلُ دارِ الأرقَمِ بن أبي الأرقَمِ لمُدارسَةِ القُرآنِ ومُراجعتِه",
        "t": 0
      }
    ]
  },
  {
    "id": 5380,
    "q": "الكُتُبُ الَّتي سَمَّاها اللهُ في القُرآنِ الكَريمِ هي",
    "level": 2,
    "link": "https://www.dorar.net/aqeeda/1332",
    "section": "e-book",
    "answers": [
      {
        "answer": "صُحُفُ إبراهيمَ والتَّوراةُ والإنجيلُ والقُرآنُ والزَّبورُ",
        "t": 1
      },
      {
        "answer": "التَّوراةُ والإنجيلُ والقُرآنُ",
        "t": 0
      },
      {
        "answer": "التَّوراةُ والإنجيلُ والقُرآنُ والزَّبورُ",
        "t": 0
      }
    ]
  },
  {
    "id": 5376,
    "q": "كان جِبْريلُ عليه السَّلامُ يُدارِسُ النَّبيَّ ﷺ القُرآنَ في شَهرِ",
    "level": 2,
    "link": "https://www.dorar.net/aqeeda/1411",
    "section": "e-book",
    "answers": [
      {
        "answer": "شَعبانَ",
        "t": 0
      },
      {
        "answer": "رَجَبٍ",
        "t": 0
      },
      {
        "answer": "رَمَضانَ",
        "t": 1
      }
    ]
  },
  {
    "id": 5370,
    "q": "القُرآنُ الكَريمُ جُملةً يُثبِتُ صِفةً للهِ عزَّ وجلَّ وهي",
    "level": 2,
    "link": "https://www.dorar.net/aqeeda/1369",
    "section": "e-book",
    "answers": [
      {
        "answer": "العِلمُ",
        "t": 0
      },
      {
        "answer": "الكَلامُ",
        "t": 1
      },
      {
        "answer": "القُدرةُ",
        "t": 0
      }
    ]
  },
  {
    "id": 5365,
    "q": "قال تَعالى: {‌أَفَتَطْمَعُونَ أَنْ يُؤْمِنُوا لَكُمْ وَقَدْ كَانَ فَرِيقٌ مِنْهُمْ يَسْمَعُونَ كَلَامَ اللَّهِ ثُمَّ يُحَرِّفُونَهُ مِنْ بَعْدِ مَا عَقَلُوهُ وَهُمْ يَعْلَمُونَ} المرادُ بكلامِ اللهِ الَّذي حَرَّفوه",
    "level": 2,
    "link": "https://www.dorar.net/aqeeda/1324",
    "section": "e-book",
    "answers": [
      {
        "answer": "التَّوراةُ",
        "t": 1
      },
      {
        "answer": "الزَّبورُ",
        "t": 0
      },
      {
        "answer": "الإنجيلُ",
        "t": 0
      }
    ]
  },
  {
    "id": 5362,
    "q": "المُرادُ بالكُتُبِ في الِاصطِلاحِ:",
    "level": 2,
    "link": "https://www.dorar.net/aqeeda/1318",
    "section": "e-book",
    "answers": [
      {
        "answer": "ما كَتَبه شَخصٌ وأرسَلَه",
        "t": 0
      },
      {
        "answer": "كلُّ مَكتوبٍ في صُحُفٍ",
        "t": 0
      },
      {
        "answer": "الكُتُبُ والصُّحُفُ الَّتي حَوَت كَلامَ اللهِ تَعالى المُنزَّلَ",
        "t": 1
      }
    ]
  },
  {
    "id": 5367,
    "q": "قال تَعالى: {وَلِأُحِلَّ لَكُمْ بَعْضَ الَّذِي حُرِّمَ عَلَيْكُم} هذه الآيةُ على لِسانِ",
    "level": 2,
    "link": "https://www.dorar.net/aqeeda/1357",
    "section": "e-book",
    "answers": [
      {
        "answer": "عِيسى عليه السَّلامُ",
        "t": 1
      },
      {
        "answer": "مُوسى عليه السَّلامُ",
        "t": 0
      },
      {
        "answer": "زَكرِيَّا عليه السَّلامُ",
        "t": 0
      }
    ]
  },
  {
    "id": 5366,
    "q": "الكُتُبُ المُسمَّاةُ في القُرآنِ على وَجهِ الخُصوصِ",
    "level": 2,
    "link": "https://www.dorar.net/aqeeda/1332",
    "section": "e-book",
    "answers": [
      {
        "answer": "ثَلاثَةٌ",
        "t": 0
      },
      {
        "answer": "خَمسَةٌ",
        "t": 1
      },
      {
        "answer": "أَربعَةٌ",
        "t": 0
      }
    ]
  },
  {
    "id": 5363,
    "q": "قال تَعالى: {وَجَعْلَنَا فِي ذُرِّيَّتِهِمَا النُّبُوَّةَ وَالْكِتَابَ} المَقصودانِ هُنا هُما",
    "level": 2,
    "link": "https://www.dorar.net/aqeeda/1320",
    "section": "e-book",
    "answers": [
      {
        "answer": "آدمُ وإبراهيمُ",
        "t": 0
      },
      {
        "answer": "نوحٌ وإبراهيمُ",
        "t": 1
      },
      {
        "answer": "آدَمُ ونوحٌ",
        "t": 0
      }
    ]
  },
  {
    "id": 5372,
    "q": "قال تَعالى: {وَإِذْ ‌أَوْحَيْتُ ‌إِلَى ‌الْحَوَارِيِّينَ أَنْ آمِنُوا بِي وَبِرَسُولِي قَالُوا آمَنَّا وَاشْهَدْ بِأَنَّنَا مُسْلِمُونَ} المَقصودُ بالرَّسولِ هو",
    "level": 2,
    "link": "https://www.dorar.net/aqeeda/1341",
    "section": "e-book",
    "answers": [
      {
        "answer": "نُوحٌ عليه السَّلامُ",
        "t": 0
      },
      {
        "answer": "عِيسى عليه السَّلامُ",
        "t": 1
      },
      {
        "answer": "مُوسَى عليه السَّلامُ",
        "t": 0
      }
    ]
  },
  {
    "id": 5373,
    "q": "آخِرُ أنبِياءِ بَني إسْرائيلَ",
    "level": 2,
    "link": "https://www.dorar.net/aqeeda/1341",
    "section": "e-book",
    "answers": [
      {
        "answer": "هارونُ عليه السَّلامُ",
        "t": 0
      },
      {
        "answer": "يَحيَى بنُ زَكرِيَّا عليهما السَّلامُ",
        "t": 0
      },
      {
        "answer": "عِيسى عليه السَّلامُ",
        "t": 1
      }
    ]
  },
  {
    "id": 5374,
    "q": "أوَّلُ مَن أنذَرَ بفِتنةِ الدَّجَّالِ",
    "level": 2,
    "link": "https://www.dorar.net/aqeeda/1355",
    "section": "e-book",
    "answers": [
      {
        "answer": "إبراهيمُ عليه السَّلامُ",
        "t": 0
      },
      {
        "answer": "نُوحٌ عليه السَّلامُ",
        "t": 1
      },
      {
        "answer": "آدَمُ عليه السَّلامُ",
        "t": 0
      }
    ]
  },
  {
    "id": 5361,
    "q": "قال تَعالى: {‌لَيْسَ ‌الْبِرَّ ‌أَنْ ‌تُوَلُّوا ‌وُجُوهَكُمْ قِبَلَ الْمَشْرِقِ وَالْمَغْرِبِ وَلَكِنَّ الْبِرَّ مَنْ آمَنَ بِاللَّهِ وَالْيَوْمِ الْآخِرِ وَالْمَلَائِكَةِ وَالْكِتَابِ وَالنَّبِيِّينَ} المرادُ بالكِتابِ",
    "level": 2,
    "link": "https://www.dorar.net/aqeeda/1318",
    "section": "e-book",
    "answers": [
      {
        "answer": "كلُّ الكُتُبِ المُنزَّلةِ منَ السَّماءِ عَلى الأَنبياءِ",
        "t": 1
      },
      {
        "answer": "القُرآنُ الكَريمُ",
        "t": 0
      },
      {
        "answer": "التَّوراةُ",
        "t": 0
      }
    ]
  },
  {
    "id": 5364,
    "q": "منَ الأدِلَّةِ العَقليَّةِ على وُجوبِ الإيمانِ بالكُتُبِ الإِلهِيَّة",
    "level": 2,
    "link": "https://www.dorar.net/aqeeda/1320",
    "section": "e-book",
    "answers": [
      {
        "answer": "أنَّه رُكنٌ من أركانِ الإيمانِ",
        "t": 0
      },
      {
        "answer": "ضَعفُ الإنسانِ واحتِياجُه إلى رَبِّه يَقتَضي إنزالَ كِتابٍ",
        "t": 1
      },
      {
        "answer": "أمرُ اللهِ بذلك في القُرآنِ",
        "t": 0
      }
    ]
  }
]