[
  {
    "id": 2037,
    "q": "تَعليقُ الظِّهارِ منَ الزَّوجةِ",
    "level": 3,
    "link": "https://www.dorar.net/feqhia/4864",
    "section": "figh-iela",
    "answers": [
      {
        "answer": "يَصِحُّ على الشَّرطِ القَريبِ",
        "t": 0
      },
      {
        "answer": "لا يَصِحُّ",
        "t": 0
      },
      {
        "answer": "يَصِحُّ",
        "t": 1
      }
    ]
  },
  {
    "id": 2035,
    "q": "إذا ظاهَرَ منِ امرَأتِه التي لا يُمكِنُه وَطْؤُها",
    "level": 3,
    "link": "https://www.dorar.net/feqhia/4855",
    "section": "figh-iela",
    "answers": [
      {
        "answer": "يَتوقَّفُ على وَقتِ القُدرةِ ويَقَعُ",
        "t": 0
      },
      {
        "answer": "لا يَقَعُ الظِّهارُ",
        "t": 0
      },
      {
        "answer": "يَصِحُّ الظِّهارُ",
        "t": 1
      }
    ]
  },
  {
    "id": 2025,
    "q": "المُختَلِعةُ إن كانت حامِلًا",
    "level": 3,
    "link": "https://www.dorar.net/feqhia/4720",
    "section": "figh-iela",
    "answers": [
      {
        "answer": "لها نِصفُ النَّفَقةِ بالإجماعِ",
        "t": 0
      },
      {
        "answer": "لا نَفَقةَ لها بالاتِّفاقِ",
        "t": 0
      },
      {
        "answer": "لها النَّفَقةُ والسُّكنَى بالإجماعِ",
        "t": 1
      }
    ]
  },
  {
    "id": 2027,
    "q": "إذا تَرَك الرَّجُلُ وطْءَ امرَأَتِه بلا عَجزٍ وبلا يَمينٍ",
    "level": 3,
    "link": "https://www.dorar.net/feqhia/4732",
    "section": "figh-iela",
    "answers": [
      {
        "answer": "إن زادَ على أربَعةِ أشهُرٍ كان مُوليًا",
        "t": 0
      },
      {
        "answer": "لا يُعَدُّ مُوليًا",
        "t": 1
      },
      {
        "answer": "كان مُولِيًا",
        "t": 0
      }
    ]
  },
  {
    "id": 2041,
    "q": "مَن جامَعَ قبلَ أن يُكفِّرَ كَفَّارةَ الظِّهارِ",
    "level": 3,
    "link": "https://www.dorar.net/feqhia/4884",
    "section": "figh-iela",
    "answers": [
      {
        "answer": "لم تَلزَمْه إلَّا كَفَّارةٌ واحِدةٌ",
        "t": 1
      },
      {
        "answer": "لَزِمَه كَفَّارةٌ وفِديةٌ",
        "t": 0
      },
      {
        "answer": "لَزِمَه كَفَّارَتانِ",
        "t": 0
      }
    ]
  },
  {
    "id": 2036,
    "q": "تَوقيتُ الظِّهارِ بمُدَّةٍ",
    "level": 3,
    "link": "https://www.dorar.net/feqhia/4861",
    "section": "figh-iela",
    "answers": [
      {
        "answer": "لا عِبرةَ بالتَّوقيتِ",
        "t": 0
      },
      {
        "answer": "يَصِحُّ",
        "t": 1
      },
      {
        "answer": "لا يَصِحُّ",
        "t": 0
      }
    ]
  },
  {
    "id": 2038,
    "q": "التَّتابُعُ في صِيامِ كَفَّارةِ الظِّهارِ",
    "level": 3,
    "link": "https://www.dorar.net/feqhia/4876",
    "section": "figh-iela",
    "answers": [
      {
        "answer": "يَجِبُ بالإجماعِ",
        "t": 1
      },
      {
        "answer": "يُكرَهُ على الرَّاجِحِ",
        "t": 0
      },
      {
        "answer": "يُستحَبُّ بالِاتِّفاقِ",
        "t": 0
      }
    ]
  },
  {
    "id": 2026,
    "q": "المُختَلِعةُ غَيرُ الحامِلِ",
    "level": 3,
    "link": "https://www.dorar.net/feqhia/4722",
    "section": "figh-iela",
    "answers": [
      {
        "answer": "لا نَفَقةَ لها ولا سُكنَى",
        "t": 1
      },
      {
        "answer": "لها النَّفَقةُ والسُّكنَى",
        "t": 0
      },
      {
        "answer": "لها النَّفَقةُ دون السُّكنَى",
        "t": 0
      }
    ]
  },
  {
    "id": 2039,
    "q": "وَطءُ المُظاهِرِ قبلَ أداءِ الكَفَّارةِ إذا كان تَكفيرُه بالعِتقِ أوِ الصِّيامِ",
    "level": 3,
    "link": "https://www.dorar.net/feqhia/4880",
    "section": "figh-iela",
    "answers": [
      {
        "answer": "لا يَجوزُ بالإجماعِ",
        "t": 1
      },
      {
        "answer": "إذا عَزَم على الصِّيامِ جاز الوَطءُ",
        "t": 0
      },
      {
        "answer": "يَجوزُ",
        "t": 0
      }
    ]
  },
  {
    "id": 2028,
    "q": "الإيلاءُ من غَيرِ القادِرِ على الوَطءِ",
    "level": 3,
    "link": "https://www.dorar.net/feqhia/4738",
    "section": "figh-iela",
    "answers": [
      {
        "answer": "يُعَدُّ إيلاءً",
        "t": 0
      },
      {
        "answer": "لا عِبرةَ بحالِ الزَّوجِ",
        "t": 0
      },
      {
        "answer": "لا ُ يُعَدُّ إيلاءً",
        "t": 1
      }
    ]
  },
  {
    "id": 2030,
    "q": "لو حَلَف على تَركِ الوَطءِ أقلَّ من أربَعةِ أشهُرٍ",
    "level": 3,
    "link": "https://www.dorar.net/feqhia/4742",
    "section": "figh-iela",
    "answers": [
      {
        "answer": "يَكونُ مُولِيًا إن زاد على شَهرٍ",
        "t": 0
      },
      {
        "answer": "يَكونُ مُولِيًا مُطلَقًا",
        "t": 0
      },
      {
        "answer": "لا يَكونُ مُوليًا",
        "t": 1
      }
    ]
  },
  {
    "id": 2031,
    "q": "انقِضاءُ الأربَعةِ أشهُرٍ في الإيلاءِ",
    "level": 3,
    "link": "https://www.dorar.net/feqhia/4774",
    "section": "figh-iela",
    "answers": [
      {
        "answer": "لا أثَرَ لمُرورِ الأشهُرِ",
        "t": 0
      },
      {
        "answer": "يُرجَعُ إلى الزَّوجِ فإمَّا الفَيءُ وإمَّا الطَّلاقُ",
        "t": 1
      },
      {
        "answer": "تُطلَّقُ المَرأةُ مُباشرةً",
        "t": 0
      }
    ]
  },
  {
    "id": 2023,
    "q": "عِدَّةُ المُختَلِعةِ",
    "level": 3,
    "link": "https://www.dorar.net/feqhia/4703",
    "section": "figh-iela",
    "answers": [
      {
        "answer": "مِثلُ عِدَّةِ المُتوَفَّى عنها زَوجُها",
        "t": 0
      },
      {
        "answer": "ثَلاثَةُ قُروءٍ",
        "t": 0
      },
      {
        "answer": "حَيضةٌ واحِدةٌ",
        "t": 1
      }
    ]
  },
  {
    "id": 2032,
    "q": "الطَّلاقُ الذي يَقَعُ بالإيلاءِ",
    "level": 3,
    "link": "https://www.dorar.net/feqhia/4776",
    "section": "figh-iela",
    "answers": [
      {
        "answer": "رَجْعيٌّ مُطلَقًا",
        "t": 0
      },
      {
        "answer": "بائنٌ",
        "t": 0
      },
      {
        "answer": "رَجْعيٌّ في حَقِّ مَن دَخَل بها",
        "t": 1
      }
    ]
  },
  {
    "id": 2034,
    "q": "إذا وَطِئَ المُولي زَوجَتَه",
    "level": 3,
    "link": "https://www.dorar.net/feqhia/4790",
    "section": "figh-iela",
    "answers": [
      {
        "answer": "سَقَط حُكمُ الإيلاءِ، ولا يَجِبُ عَليهِ شَيءٌ",
        "t": 0
      },
      {
        "answer": "عَليهِ فِديَةُ أَذىً",
        "t": 0
      },
      {
        "answer": "سَقَط حُكمُ الإيلاءِ، ولَزِمَه كَفَّارةُ يَمينٍ إن كان الحَلِفُ باللهِ، أو يَلزَمُه ما حَلَف عَليهِ",
        "t": 1
      }
    ]
  },
  {
    "id": 2024,
    "q": "الخُلعُ مع استِقامةِ الحالِ",
    "level": 3,
    "link": "https://www.dorar.net/feqhia/4712",
    "section": "figh-iela",
    "answers": [
      {
        "answer": "مَكروهٌ باتِّفاقِ العُلَماءِ",
        "t": 0
      },
      {
        "answer": "يَصِحُّ",
        "t": 1
      },
      {
        "answer": "لا يَصِحُّ بالإجماعِ",
        "t": 0
      }
    ]
  },
  {
    "id": 2029,
    "q": "لو حَلَف بغَيرِ اللهِ، أو بغَيرِ صِفةٍ من صِفاتِه في الإيلاءِ",
    "level": 3,
    "link": "https://www.dorar.net/feqhia/4740",
    "section": "figh-iela",
    "answers": [
      {
        "answer": "لا يَكونُ مُوليًا وعليه كفَّارةُ يَمينٍ",
        "t": 0
      },
      {
        "answer": "لا يَكونُ مُوليًا",
        "t": 0
      },
      {
        "answer": "يَكونُ مُوليًا",
        "t": 1
      }
    ]
  },
  {
    "id": 2042,
    "q": "الخُلعُ في الحَيضِ والطُّهرِ الذي جامَعَها فيه",
    "level": 3,
    "link": "https://www.dorar.net/feqhia/4682",
    "section": "figh-iela",
    "answers": [
      {
        "answer": "لا يَقَعُ",
        "t": 0
      },
      {
        "answer": "جائزٌ",
        "t": 1
      },
      {
        "answer": "يَقَعُ بِدعِيًّا",
        "t": 0
      }
    ]
  },
  {
    "id": 2033,
    "q": "إذا جامَعَ الزَّوجُ امرَأتَه قبلَ انقِضاءِ المُدَّةِ",
    "level": 3,
    "link": "https://www.dorar.net/feqhia/4783",
    "section": "figh-iela",
    "answers": [
      {
        "answer": "لم يَكُنْ فَيئًا",
        "t": 0
      },
      {
        "answer": "كان فَيئًا بالإجماعِ",
        "t": 1
      },
      {
        "answer": "يُشتَرَطُ النِّيَّةُ فيه وإلَّا لم يَكُنْ فَيئًا",
        "t": 0
      }
    ]
  },
  {
    "id": 2040,
    "q": "الخُلعُ بعِوَضٍ يَكونُ",
    "level": 3,
    "link": "https://www.dorar.net/feqhia/4697",
    "section": "figh-iela",
    "answers": [
      {
        "answer": "فَسخًا بأيِّ لَفظٍ كان",
        "t": 1
      },
      {
        "answer": "طَلاقًا رَجعِيًّا",
        "t": 0
      },
      {
        "answer": "طَلاقًا بَائنًا",
        "t": 0
      }
    ]
  }
]