[
  {
    "id": 2001,
    "q": "ظِهارُ المُكرَهِ",
    "level": 1,
    "link": "https://www.dorar.net/feqhia/4848",
    "section": "figh-iela",
    "answers": [
      {
        "answer": "يَقَعُ قَضاءً",
        "t": 0
      },
      {
        "answer": "لا يَصِحُّ",
        "t": 1
      },
      {
        "answer": "يَقَعُ",
        "t": 0
      }
    ]
  },
  {
    "id": 1990,
    "q": "إيلاءُ المَجنونِ",
    "level": 1,
    "link": "https://www.dorar.net/feqhia/4751",
    "section": "figh-iela",
    "answers": [
      {
        "answer": "يَقَعُ إيلاءً إن كان مَعهُودًا مِنه في صِحَّتِه",
        "t": 0
      },
      {
        "answer": "يَقَعُ إيلاءً",
        "t": 0
      },
      {
        "answer": "لا يَقَعُ",
        "t": 1
      }
    ]
  },
  {
    "id": 1992,
    "q": "إيلاءُ الغَضبانِ",
    "level": 1,
    "link": "https://www.dorar.net/feqhia/4758",
    "section": "figh-iela",
    "answers": [
      {
        "answer": "لا يَقَعُ مُطلَقًا",
        "t": 0
      },
      {
        "answer": "لا يَقَعُ إلا إذا رَضِيَ بعدَ غَضبِه",
        "t": 0
      },
      {
        "answer": "يَقَعُ",
        "t": 1
      }
    ]
  },
  {
    "id": 1997,
    "q": "ظِهارُ الزَّوجِ الذي لا يُمكِنُه وَطءُ زَوجَتِه",
    "level": 1,
    "link": "https://www.dorar.net/feqhia/4828",
    "section": "figh-iela",
    "answers": [
      {
        "answer": "لا يَصِحُّ",
        "t": 0
      },
      {
        "answer": "يَكونُ إيلاءً لا ظِهارًا",
        "t": 0
      },
      {
        "answer": "صَحيحٌ",
        "t": 1
      }
    ]
  },
  {
    "id": 1993,
    "q": "إيلاءُ المَسحورِ",
    "level": 1,
    "link": "https://www.dorar.net/feqhia/4760",
    "section": "figh-iela",
    "answers": [
      {
        "answer": "يَقَعُ قَضاءً",
        "t": 0
      },
      {
        "answer": "يَقَعُ",
        "t": 0
      },
      {
        "answer": "لا يَقَعُ",
        "t": 1
      }
    ]
  },
  {
    "id": 1996,
    "q": "إذا شَبَّه رَجُلٌ زَوجَتَه بعُضوٍ من أعضاءِ أُمِّه غَيرِ الظَّهرِ",
    "level": 1,
    "link": "https://www.dorar.net/feqhia/4812",
    "section": "figh-iela",
    "answers": [
      {
        "answer": "لم يَكُنْ ظِهارًا",
        "t": 0
      },
      {
        "answer": "كان طَلاقًا",
        "t": 0
      },
      {
        "answer": "كان ظِهارًا",
        "t": 1
      }
    ]
  },
  {
    "id": 1987,
    "q": "الخُلعُ بأقَلَّ منَ الصَّداقِ",
    "level": 1,
    "link": "https://www.dorar.net/feqhia/4689",
    "section": "figh-iela",
    "answers": [
      {
        "answer": "لا يَجوزُ مُطلَقًا",
        "t": 0
      },
      {
        "answer": "يَجوزُ رَغمًا عنِ الزَّوجِ",
        "t": 0
      },
      {
        "answer": "يَجوزُ إذا تَراضَيَا",
        "t": 1
      }
    ]
  },
  {
    "id": 1994,
    "q": "إيلاءُ الهازِلِ",
    "level": 1,
    "link": "https://www.dorar.net/feqhia/4767",
    "section": "figh-iela",
    "answers": [
      {
        "answer": "لا يَقَعُ",
        "t": 0
      },
      {
        "answer": "يُقسِمُ باللهِ أنَّه كان هازِلًا ولا يَقَعُ",
        "t": 0
      },
      {
        "answer": "يَقَعُ",
        "t": 1
      }
    ]
  },
  {
    "id": 1984,
    "q": "الظِّهارُ شَرعًا:",
    "level": 1,
    "link": "https://www.dorar.net/feqhia/4795",
    "section": "figh-iela",
    "answers": [
      {
        "answer": "أن يُشبِّهَ الرجُلُ امرَأتَه بظَهرِ أو عُضوِ مَن تَحرُمُ عَليه على التَّأْبيدِ",
        "t": 1
      },
      {
        "answer": "أن يَأتيَ الرجُلُ امرَأتَه من ظَهرِها",
        "t": 0
      },
      {
        "answer": "أن يُعطيَ الرجُلُ ظَهرَه لامرَأتِه",
        "t": 0
      }
    ]
  },
  {
    "id": 2000,
    "q": "ظِهارُ الصَّبيِّ",
    "level": 1,
    "link": "https://www.dorar.net/feqhia/4846",
    "section": "figh-iela",
    "answers": [
      {
        "answer": "يَصِحُّ إن رَضيَ الوَلِيُّ",
        "t": 0
      },
      {
        "answer": "يَصِحُّ",
        "t": 0
      },
      {
        "answer": "لا يَصِحُّ",
        "t": 1
      }
    ]
  },
  {
    "id": 1988,
    "q": "ما يَصِحُّ أن يَكونَ عِوَضًا",
    "level": 1,
    "link": "https://www.dorar.net/feqhia/4691",
    "section": "figh-iela",
    "answers": [
      {
        "answer": "النَّقدُ فحسبُ بالإجماعِ",
        "t": 0
      },
      {
        "answer": "كلُّ ما صَحَّ أن يَكونَ مَهرًا بالإجماعِ",
        "t": 1
      },
      {
        "answer": "النَّقدُ والعَينُ",
        "t": 0
      }
    ]
  },
  {
    "id": 1985,
    "q": "الخُلعُ بمِقدارِ الصَّداقِ",
    "level": 1,
    "link": "https://www.dorar.net/feqhia/4685",
    "section": "figh-iela",
    "answers": [
      {
        "answer": "لا يَجوزُ بالإجماعِ",
        "t": 0
      },
      {
        "answer": "يَجِبُ بمِقدارِ نِصفِه",
        "t": 0
      },
      {
        "answer": "يَجوزُ بالإجماعِ",
        "t": 1
      }
    ]
  },
  {
    "id": 1989,
    "q": "إيلاءُ الصَّبيِّ",
    "level": 1,
    "link": "https://www.dorar.net/feqhia/4748",
    "section": "figh-iela",
    "answers": [
      {
        "answer": "لا يَصِحُّ",
        "t": 1
      },
      {
        "answer": "يَصِحُّ برِضا وَلِيِّهِ",
        "t": 0
      },
      {
        "answer": "يَصِحُّ",
        "t": 0
      }
    ]
  },
  {
    "id": 1991,
    "q": "إيلاءُ السَّكرانِ المَعذورِ بسُكرِه",
    "level": 1,
    "link": "https://www.dorar.net/feqhia/4754",
    "section": "figh-iela",
    "answers": [
      {
        "answer": "يَقَعُ إيلاؤُه قَضاءً",
        "t": 0
      },
      {
        "answer": "يَقَعُ",
        "t": 0
      },
      {
        "answer": "لا يَقَعُ",
        "t": 1
      }
    ]
  },
  {
    "id": 1986,
    "q": "الخُلعُ على أكثَرَ منَ الصَّداقِ",
    "level": 1,
    "link": "https://www.dorar.net/feqhia/4687/المطلب-الثاني:-الخلع-بأكثر-من-الصداق",
    "section": "figh-iela",
    "answers": [
      {
        "answer": "يَقَعُ ويَجِبُ رَدُّ الزِّيادةِ",
        "t": 0
      },
      {
        "answer": "يَجوزُ",
        "t": 1
      },
      {
        "answer": "لا يَجوزُ",
        "t": 0
      }
    ]
  },
  {
    "id": 1995,
    "q": "إيلاءُ المُخْطئِ",
    "level": 1,
    "link": "https://www.dorar.net/feqhia/4769",
    "section": "figh-iela",
    "answers": [
      {
        "answer": "يَقَعُ ديانةً لا قَضاءً",
        "t": 0
      },
      {
        "answer": "يَقَعُ",
        "t": 0
      },
      {
        "answer": "لا يَقَعُ",
        "t": 1
      }
    ]
  },
  {
    "id": 1998,
    "q": "ظِهارُ المَجنونِ",
    "level": 1,
    "link": "https://www.dorar.net/feqhia/4833",
    "section": "figh-iela",
    "answers": [
      {
        "answer": "يَصِحُّ",
        "t": 0
      },
      {
        "answer": "يَتوقَّفُ على إفاقَتِه",
        "t": 0
      },
      {
        "answer": "لا يَصِحُّ بالإجماعِ",
        "t": 1
      }
    ]
  },
  {
    "id": 2002,
    "q": "ظِهارُ الهازِلِ",
    "level": 1,
    "link": "https://www.dorar.net/feqhia/4851",
    "section": "figh-iela",
    "answers": [
      {
        "answer": "لا يَقَعُ إلا إذا نَوَى",
        "t": 0
      },
      {
        "answer": "لا يَقَعُ",
        "t": 0
      },
      {
        "answer": "يَصِحُّ",
        "t": 1
      }
    ]
  },
  {
    "id": 1999,
    "q": "ظِهارُ المَسحورِ",
    "level": 1,
    "link": "https://www.dorar.net/feqhia/4842",
    "section": "figh-iela",
    "answers": [
      {
        "answer": "لا يَصِحُّ",
        "t": 1
      },
      {
        "answer": "يَصِحُّ",
        "t": 0
      },
      {
        "answer": "يَقَعُ إيلاءً",
        "t": 0
      }
    ]
  },
  {
    "id": 1983,
    "q": "الخُلعُ هو:",
    "level": 1,
    "link": "https://www.dorar.net/feqhia/4672",
    "section": "figh-iela",
    "answers": [
      {
        "answer": "فُرقةٌ بألفاظٍ مَخصوصةٍ على عِوَضٍ يُدفَعُ للرَّجُلِ",
        "t": 1
      },
      {
        "answer": "الطَّلاقُ بغَيرِ عِوَضٍ",
        "t": 0
      },
      {
        "answer": "الطَّلاقُ مُقابِلَ التَّنازُلِ عنِ الصَّداقِ",
        "t": 0
      }
    ]
  }
]