[
  {
    "id": 2013,
    "q": "قال لامرَأتِه: أنتِ عليَّ كظَهرِ أُمِّي إنْ شاء اللهُ",
    "level": 2,
    "link": "https://www.dorar.net/feqhia/4868",
    "section": "figh-iela",
    "answers": [
      {
        "answer": "وَقَع طَلاقًا",
        "t": 0
      },
      {
        "answer": "وَقَع الظِّهارُ",
        "t": 0
      },
      {
        "answer": "لا يَقَعُ الظِّهارُ",
        "t": 1
      }
    ]
  },
  {
    "id": 2012,
    "q": "ظاهَرَ بما ليس مَحِلًّا للِاستِمتاعِ عادةً؛ كأنْ قال: أنتِ عليَّ كالمَسجِدِ",
    "level": 2,
    "link": "https://www.dorar.net/feqhia/4857",
    "section": "figh-iela",
    "answers": [
      {
        "answer": "وَقَع الظِّهارُ",
        "t": 0
      },
      {
        "answer": "لا يَقَعُ",
        "t": 1
      },
      {
        "answer": "يَقَعُ مع النِّيَّةِ",
        "t": 0
      }
    ]
  },
  {
    "id": 2008,
    "q": "إذا قال: أنتِ حَرامٌ علَيَّ كأُمِّي ونَوى الظِّهارَ",
    "level": 2,
    "link": "https://www.dorar.net/feqhia/4818",
    "section": "figh-iela",
    "answers": [
      {
        "answer": "كان ظِهارًا",
        "t": 1
      },
      {
        "answer": "لم يَكُنْ ظِهارًا",
        "t": 0
      },
      {
        "answer": "يَكونُ طَلاقًا",
        "t": 0
      }
    ]
  },
  {
    "id": 2014,
    "q": "الخُلعُ بالمُؤجَّلِ",
    "level": 2,
    "link": "https://www.dorar.net/feqhia/4693",
    "section": "figh-iela",
    "answers": [
      {
        "answer": "لا يَصِحُّ",
        "t": 0
      },
      {
        "answer": "يَصِحُّ العَقدُ وتُلزَمُ بالدَّفعِ حالًا بالإجْماعِ",
        "t": 0
      },
      {
        "answer": "يَصِحُّ",
        "t": 1
      }
    ]
  },
  {
    "id": 2004,
    "q": "إذا شَبَّه امرَأتَه بظَهرِ مَن تَحرمُ عَليهِ على التَّأبيدِ من غَيرِ الأقاربِ",
    "level": 2,
    "link": "https://www.dorar.net/feqhia/4804",
    "section": "figh-iela",
    "answers": [
      {
        "answer": "لم يَكُنْ ظِهارًا",
        "t": 0
      },
      {
        "answer": "كان إيلاءً",
        "t": 0
      },
      {
        "answer": "كان ظِهارًا",
        "t": 1
      }
    ]
  },
  {
    "id": 2017,
    "q": "الخُلعُ إذا كانَتِ المَرأةُ في مرَضِ المَوتِ",
    "level": 2,
    "link": "https://www.dorar.net/feqhia/4717",
    "section": "figh-iela",
    "answers": [
      {
        "answer": "لا يَصِحُّ",
        "t": 0
      },
      {
        "answer": "يَصِحُّ",
        "t": 1
      },
      {
        "answer": "لا يَصِحُّ إن أرادَتْ منْعَه منَ الميراثِ فَقَط",
        "t": 0
      }
    ]
  },
  {
    "id": 2003,
    "q": "لو شبَّه امرَأتَه بمَن تَحرُمُ عَليهِ على التَّأبيدِ من أقارِبِه غَيرَ أُمِّه:",
    "level": 2,
    "link": "https://www.dorar.net/feqhia/4802",
    "section": "figh-iela",
    "answers": [
      {
        "answer": "كان ظِهارًا",
        "t": 1
      },
      {
        "answer": "لم يَكُنْ ظِهارًا",
        "t": 0
      },
      {
        "answer": "يُكْرَهُ ولا شَيءَ فيه",
        "t": 0
      }
    ]
  },
  {
    "id": 2011,
    "q": "ظِهارُ المُغْمى عَليهِ",
    "level": 2,
    "link": "https://www.dorar.net/feqhia/4844",
    "section": "figh-iela",
    "answers": [
      {
        "answer": "يَتوقَّفُ على إفاقَتِه",
        "t": 0
      },
      {
        "answer": "لا يَقَعُ",
        "t": 1
      },
      {
        "answer": "يَقَعُ",
        "t": 0
      }
    ]
  },
  {
    "id": 2005,
    "q": "إذا شَبَّه امرَأتَه بمَن تَحرُمُ عَليهِ على التَّأقيتِ كأُختِها مَثَلًا",
    "level": 2,
    "link": "https://www.dorar.net/feqhia/4806",
    "section": "figh-iela",
    "answers": [
      {
        "answer": "كان إيلاءً",
        "t": 0
      },
      {
        "answer": "ليس فيه شَيءٌ",
        "t": 1
      },
      {
        "answer": "كان ظِهارًا",
        "t": 0
      }
    ]
  },
  {
    "id": 2022,
    "q": "وَطءُ المُظاهِرِ قبلَ أداءِ الكَفَّارةِ إذا كان تَكفيرُه بالإطعامِ",
    "level": 2,
    "link": "https://www.dorar.net/feqhia/4882",
    "section": "figh-iela",
    "answers": [
      {
        "answer": "يَجوزُ",
        "t": 0
      },
      {
        "answer": "مَكروهٌ",
        "t": 0
      },
      {
        "answer": "حَرامٌ",
        "t": 1
      }
    ]
  },
  {
    "id": 2020,
    "q": "آلَى من زَوجَتِه غَيرِ المَدخولِ بها",
    "level": 2,
    "link": "https://www.dorar.net/feqhia/4771",
    "section": "figh-iela",
    "answers": [
      {
        "answer": "يَقَعُ إيلاءً",
        "t": 1
      },
      {
        "answer": "يُعَدُّ إيلاءً إن سَمَّى المَهرَ",
        "t": 0
      },
      {
        "answer": "لا يُعَدُّ إيلاءً",
        "t": 0
      }
    ]
  },
  {
    "id": 2021,
    "q": "حُكمُ الظِّهارِ",
    "level": 2,
    "link": "https://www.dorar.net/feqhia/4797",
    "section": "figh-iela",
    "answers": [
      {
        "answer": "مَكروهٌ",
        "t": 0
      },
      {
        "answer": "مُباحٌ",
        "t": 0
      },
      {
        "answer": "مُحرَّمٌ",
        "t": 1
      }
    ]
  },
  {
    "id": 2010,
    "q": "لو أنَّ كافِرًا ظاهَرَ منِ امرَأتِه",
    "level": 2,
    "link": "https://www.dorar.net/feqhia/4830",
    "section": "figh-iela",
    "answers": [
      {
        "answer": "وَقَع الظِّهارُ",
        "t": 0
      },
      {
        "answer": "وَقَع الطَّلاقُ",
        "t": 0
      },
      {
        "answer": "لا يَقَعُ شَيءٌ",
        "t": 1
      }
    ]
  },
  {
    "id": 2019,
    "q": "حُكمُ الإيلاءِ",
    "level": 2,
    "link": "https://www.dorar.net/feqhia/4729",
    "section": "figh-iela",
    "answers": [
      {
        "answer": "جائزٌ",
        "t": 0
      },
      {
        "answer": "مَكروهٌ",
        "t": 0
      },
      {
        "answer": "مُحرَّمٌ",
        "t": 1
      }
    ]
  },
  {
    "id": 2016,
    "q": "التَّوكيلُ في الخُلعِ",
    "level": 2,
    "link": "https://www.dorar.net/feqhia/4707",
    "section": "figh-iela",
    "answers": [
      {
        "answer": "يَصِحُّ برِضا الزَّوجةِ فَقَط بالإجماعِ",
        "t": 0
      },
      {
        "answer": "يَصِحُّ بالإجماعِ",
        "t": 1
      },
      {
        "answer": "لا يَصِحُّ",
        "t": 0
      }
    ]
  },
  {
    "id": 2009,
    "q": "هل على المَرأةِ كَفَّارةُ ظِهارٍ؟",
    "level": 2,
    "link": "https://www.dorar.net/feqhia/4826",
    "section": "figh-iela",
    "answers": [
      {
        "answer": "ليس عَلَيها كَفَّارةٌ",
        "t": 1
      },
      {
        "answer": "عَلَيها نِصفُ ما على الرَّجُلِ",
        "t": 0
      },
      {
        "answer": "عليها ما على الرَّجُل",
        "t": 0
      }
    ]
  },
  {
    "id": 2007,
    "q": "إذا قال: أنتِ أُمِّي",
    "level": 2,
    "link": "https://www.dorar.net/feqhia/4816",
    "section": "figh-iela",
    "answers": [
      {
        "answer": "يَتوَقَّفُ على النِّيَّةِ",
        "t": 1
      },
      {
        "answer": "لم يَكُنْ ظِهارًا",
        "t": 0
      },
      {
        "answer": "كان ظِهارًا",
        "t": 0
      }
    ]
  },
  {
    "id": 2006,
    "q": "إذا قال: أنتِ كأُمِّي",
    "level": 2,
    "link": "https://www.dorar.net/feqhia/4814",
    "section": "figh-iela",
    "answers": [
      {
        "answer": "يَكونُ ظِهارًا مُطلَقًا",
        "t": 0
      },
      {
        "answer": "إن نَوى الظِّهارَ كان ظِهارًا",
        "t": 1
      },
      {
        "answer": "لا يَكونُ ظِهارًا",
        "t": 0
      }
    ]
  },
  {
    "id": 2018,
    "q": "الخُلعُ إذا كان الزَّوجُ في مرَضِ المَوتِ",
    "level": 2,
    "link": "https://www.dorar.net/feqhia/4715",
    "section": "figh-iela",
    "answers": [
      {
        "answer": "لا يَصِحُّ",
        "t": 0
      },
      {
        "answer": "يَصِحُّ إجماعًا",
        "t": 1
      },
      {
        "answer": "يَصِحُّ على الرَّاجِحِ",
        "t": 0
      }
    ]
  },
  {
    "id": 2015,
    "q": "لو قال لامرَأتِه: أنتِ كظَهرِ أُمِّي",
    "level": 2,
    "link": "https://www.dorar.net/feqhia/4808",
    "section": "figh-iela",
    "answers": [
      {
        "answer": "لم يَكُنْ ظِهارًا",
        "t": 0
      },
      {
        "answer": "كان ظِهارًا",
        "t": 1
      },
      {
        "answer": "كان طَلاقًا",
        "t": 0
      }
    ]
  }
]