[
  {
    "id": 3310,
    "q": "استَحوَذَ سيفُ الدولةِ صدقة على تِكريتَ ثم سلَّمَها لـ:",
    "level": 2,
    "link": "https://www.dorar.net/history/?page=91",
    "section": "mamalik",
    "answers": [
      {
        "answer": "محمَّدِ بنِ مُلكشاهْ",
        "t": 0
      },
      {
        "answer": "بركياروقَ بنِ مُلكشاهْ",
        "t": 0
      },
      {
        "answer": "أتسزَ البُرسُقيِّ",
        "t": 1
      }
    ]
  },
  {
    "id": 3321,
    "q": "ملَكَ خُوارزمُ شاهْ تِرمِذَ، فسلَّمَها للخطا الكفارِ؛",
    "level": 2,
    "link": "https://www.dorar.net/history/?page=119",
    "section": "mamalik",
    "answers": [
      {
        "answer": "ليتَمكَّنَ بذلك مِن مُلكِ خُراسانَ",
        "t": 1
      },
      {
        "answer": "خُنوعًا وخُضوعًا لهم",
        "t": 0
      },
      {
        "answer": "ليأخُذَ منهم أَسْرى وأموالًا كانوا أخَذوها منه",
        "t": 0
      }
    ]
  },
  {
    "id": 3313,
    "q": "انشغَلَ أولادُ مُلكِ شاهْ عن الباطنيَّةِ",
    "level": 2,
    "link": "https://www.dorar.net/history/?page=95",
    "section": "mamalik",
    "answers": [
      {
        "answer": "بالصليبيِّينَ في الشامِ",
        "t": 0
      },
      {
        "answer": "باختلافِهم فيما بينَهم",
        "t": 1
      },
      {
        "answer": "بصراعاتِ الغَزنَويِّينَ",
        "t": 0
      }
    ]
  },
  {
    "id": 3320,
    "q": "توجَّهَ الفِرنجُ إلى بيتِ المقدِسِ سنةَ 587 هـ",
    "level": 2,
    "link": "https://www.dorar.net/history/?page=115",
    "section": "mamalik",
    "answers": [
      {
        "answer": "لاستِخلاصِ أسْراهم من صلاحِ الدينِ",
        "t": 0
      },
      {
        "answer": "لنَهبِ أمْوالِها وأكلِ ثَرواتِها",
        "t": 0
      },
      {
        "answer": "لاحْتلالِها",
        "t": 1
      }
    ]
  },
  {
    "id": 3318,
    "q": "حاصَرَ السلطانُ محمدُ بنُ محمودِ بنِ مُلكشاهْ بغدادَ",
    "level": 2,
    "link": "https://www.dorar.net/history/?page=104",
    "section": "mamalik",
    "answers": [
      {
        "answer": "لأنَّ الخليفةَ رفَض أنْ يُزوِّجَه ابنتَه",
        "t": 0
      },
      {
        "answer": "لأنَّ الخليفةَ أخلَّ باتِّفاقِه معَه في شأنِ تَسليمِ بغدادَ له",
        "t": 0
      },
      {
        "answer": "لأنَّه أرسَلَ إلى الخليفةِ المُقتَفي يطلُبُ منه أنْ يخطُبَ له ببَغدادَ، فلم يُجِبْه",
        "t": 1
      }
    ]
  },
  {
    "id": 3314,
    "q": "اغْتيلَ الخليفةُ المسترشِدُ باللهِ على يدِ:",
    "level": 2,
    "link": "https://www.dorar.net/history/?page=98",
    "section": "mamalik",
    "answers": [
      {
        "answer": "الباطنيَّةِ",
        "t": 1
      },
      {
        "answer": "السلاجِقةِ",
        "t": 0
      },
      {
        "answer": "الصليبيِّينَ",
        "t": 0
      }
    ]
  },
  {
    "id": 3317,
    "q": "وقعَت فِتنةٌ بينَ أميرِ مكةَ والأميرِ قُطزَ أميرِ الحجِّ، وترتَّب عليها:",
    "level": 2,
    "link": "https://www.dorar.net/history/?page=101",
    "section": "mamalik",
    "answers": [
      {
        "answer": "تنازُلُ الأميرِ قُطزَ عن إمارةِ الحجِّ",
        "t": 0
      },
      {
        "answer": "نهبَ أصحابُ هاشمٍ الحجَّاجَ وهم في المسجِدِ ",
        "t": 1
      },
      {
        "answer": "طَردُ أميرِ مكةَ قُطزَ من مكةَ",
        "t": 0
      }
    ]
  },
  {
    "id": 3309,
    "q": "سببُ الوَحشةِ بينَ ابنِ تاشِفينَ وابنِ عبَّادٍ:",
    "level": 2,
    "link": "https://www.dorar.net/history/?page=86",
    "section": "mamalik",
    "answers": [
      {
        "answer": "عدمُ تنفيذِ ابنِ عبَّادٍ للشروطِ بينَه وبينَ ابنِ تاشِفينَ",
        "t": 0
      },
      {
        "answer": "عزمُ ابنِ تاشِفينَ على سَجنِ ابنِ عبَّادٍ",
        "t": 0
      },
      {
        "answer": "خوفُ ابنِ عبَّادٍ منه لمَّا بدَأ ينزِعُ الأمرَ من ملوكِ الطوائفِ",
        "t": 1
      }
    ]
  },
  {
    "id": 3312,
    "q": "استطاعَ الفِرنجُ احتلالَ طرابُلُسَ الشامِ:",
    "level": 2,
    "link": "https://www.dorar.net/history/?page=92",
    "section": "mamalik",
    "answers": [
      {
        "answer": "لخيانةِ حاكمِها العُبَيديِّ",
        "t": 0
      },
      {
        "answer": "باستِخدامِ المِنجنيقِ ورَميِ البلدِ بالنِّفطِ ",
        "t": 0
      },
      {
        "answer": "لانقطاعِ المدَدِ عن طرابُلُسَ واجتماعِ الفِرنجةِ عليهم",
        "t": 1
      }
    ]
  },
  {
    "id": 3311,
    "q": "أسَّسَ الصليبيونَ أربعَ إماراتٍ صليبيةٍ بالشامِ:",
    "level": 2,
    "link": "https://www.dorar.net/history/?page=91",
    "section": "mamalik",
    "answers": [
      {
        "answer": "بمعاونةِ العُبَيديينَ",
        "t": 0
      },
      {
        "answer": "بخيانةِ بعضِ حكَّامِ الشامِ المسلِمينَ",
        "t": 0
      },
      {
        "answer": "بدَعمٍ من نَصارى الشامِ",
        "t": 1
      }
    ]
  },
  {
    "id": 3323,
    "q": "كان الخِلافُ بينَ أبْناءِ الملِكِ العادِلِ سببًا في تَجهيزِ الحَملةِ الصليبيَّةِ:",
    "level": 2,
    "link": "https://www.dorar.net/history/?page=124",
    "section": "mamalik",
    "answers": [
      {
        "answer": "السادسةِ",
        "t": 1
      },
      {
        "answer": "الرابعةِ",
        "t": 0
      },
      {
        "answer": "الخامسةِ",
        "t": 0
      }
    ]
  },
  {
    "id": 3315,
    "q": "أرجَعَ بُردةَ النبيِّ صلَّى اللهُ عليه وسلَّمَ والقَضيبَ إلى الخليفةِ المُقتَفي:\n ",
    "level": 2,
    "link": "https://www.dorar.net/history/?page=99",
    "section": "mamalik",
    "answers": [
      {
        "answer": "السلطانُ سِنجرَ",
        "t": 1
      },
      {
        "answer": "القائِدُ مَسعود",
        "t": 0
      },
      {
        "answer": "الوالي داود",
        "t": 0
      }
    ]
  },
  {
    "id": 3308,
    "q": "سببُ وقوعِ مَوقعةِ مَلاذكردَ:",
    "level": 2,
    "link": "https://www.dorar.net/history/?page=82",
    "section": "mamalik",
    "answers": [
      {
        "answer": "خروجُ أرْمانوسَ ملِكِ الرومِ في مئتَيْ ألفٍ، وقَصدُه بلادَ الإسْلامِ",
        "t": 1
      },
      {
        "answer": "قتلُ ألبَ أرْسَلانَ للرسُلِ الذين أرسلَهم أرْمانوسُ إليه",
        "t": 0
      },
      {
        "answer": "قتلُ أرمانوسَ للتجارِ الذين يمُرُّونَ ببلادِه",
        "t": 0
      }
    ]
  },
  {
    "id": 3319,
    "q": "فَكَّ أبو يعقوبَ يوسفُ الحصارَ عن مدينةِ \"شَفتَرينَ\" الأندلُسيةِ بسبب:",
    "level": 2,
    "link": "https://www.dorar.net/history/?page=112",
    "section": "mamalik",
    "answers": [
      {
        "answer": "تأخُّرِ المدَدِ عنهم",
        "t": 0
      },
      {
        "answer": "فَشلِهم في اقْتحامِ أسْوارِ المدينةِ",
        "t": 1
      },
      {
        "answer": "تخَلُّفِ بعضِ الأُمراءِ عن خروجِهم معه",
        "t": 0
      }
    ]
  },
  {
    "id": 3316,
    "q": "تحرَّرتْ إمارةُ الرُّها منَ الصليبيِّينَ على يدِ:",
    "level": 2,
    "link": "https://www.dorar.net/history/?page=101",
    "section": "mamalik",
    "answers": [
      {
        "answer": "عمادِ الدينِ زَنْكيٍّ",
        "t": 1
      },
      {
        "answer": "نُصيرِ الدينِ جمَّرٍ",
        "t": 0
      },
      {
        "answer": "عليِّ بنِ بَكتكينَ",
        "t": 0
      }
    ]
  },
  {
    "id": 3324,
    "q": "سلَّمَ الملكُ الكاملُ بيتَ المقدِسِ للصليبيِّينَ:",
    "level": 2,
    "link": "https://www.dorar.net/history/?page=125",
    "section": "mamalik",
    "answers": [
      {
        "answer": "نكايةً بإخْوانِه في الشامِ بسببِ خلافٍ بينَه وبينَهم",
        "t": 1
      },
      {
        "answer": "لأنَّ الخليفةَ أنفَذَ له بذلك",
        "t": 0
      },
      {
        "answer": "في مقابِلِ تَركِهم مصرَ له",
        "t": 0
      }
    ]
  },
  {
    "id": 3322,
    "q": "غَزا جِنكيزُ خان بلادَ ما وراءَ النهرِ",
    "level": 2,
    "link": "https://www.dorar.net/history/?page=121",
    "section": "mamalik",
    "answers": [
      {
        "answer": "بتحريضِ بعضِ أُمرائِه على نَهبِهم",
        "t": 0
      },
      {
        "answer": "باستِدْعاءِ الوزيرِ ابنِ العَلقَميِّ له",
        "t": 0
      },
      {
        "answer": "لأنَّ خُوارزمَ شاهْ قد بدأَ يأخُذُ أموالَ التجارِ الذين ثم قتَلَ سفيرَ جنكيزَ الذي جاء من أجْلِ إعادةِ تلك الأموالِ",
        "t": 1
      }
    ]
  },
  {
    "id": 3307,
    "q": "لماذا انزعَجَ الخليفةُ القائمُ بأمرِ اللهِ من طلبِ طُغْرُلْبَكَ الزواجَ من ابنتِه",
    "level": 2,
    "link": "https://www.dorar.net/history/?page=81",
    "section": "mamalik",
    "answers": [
      {
        "answer": "لأنَّ بَيتَ الخِلافَةِ كان رافِضًا لتلك الزِّيجَة ",
        "t": 0
      },
      {
        "answer": "لأن مَقامَ طُغْرُلْبَكَ لا يَرقى لابنةِ الخَليفةِ",
        "t": 0
      },
      {
        "answer": "لأنَّ العادةَ لم تَجرِ بذلك",
        "t": 1
      }
    ]
  },
  {
    "id": 3306,
    "q": "ما سببُ الفِتنةِ بينَ السُّنةِ والشِّيعةِ بالكَرخِ ببغدادَ؟",
    "level": 2,
    "link": "https://www.dorar.net/history/?page=78",
    "section": "mamalik",
    "answers": [
      {
        "answer": "مُنعَ أهلُ الكَرخِ في بغدادَ منَ النَّوحِ وفِعلِ ما جرَت عادَتُهم بفِعلِه يومَ عاشوراءَ، فلم يَقبَلوا وفَعَلوا ذلك",
        "t": 1
      },
      {
        "answer": "اختلافُهم على صيغةِ الأذانِ ",
        "t": 0
      },
      {
        "answer": "التنازُعُ بينَهم على الزَّعامةِ الشعبيَّةِ بالكَرخِ",
        "t": 0
      }
    ]
  },
  {
    "id": 3325,
    "q": "استولى محمَّدُ بنُ يوسفَ بنِ نصرٍ على غَرْناطةَ وأقامَ دولةَ:",
    "level": 2,
    "link": "https://www.dorar.net/history/?page=126",
    "section": "mamalik",
    "answers": [
      {
        "answer": "الحَفصيِّينَ",
        "t": 0
      },
      {
        "answer": "بَني أرتَقَ",
        "t": 0
      },
      {
        "answer": "بَني الأحمَرِ",
        "t": 1
      }
    ]
  }
]