[
  {
    "id": 3288,
    "q": "ما سببُ فِتنةِ الجُندِ الأتراكِ ببغدادَ 446 هـ ؟",
    "level": 1,
    "link": "https://www.dorar.net/history/?page=79",
    "section": "mamalik",
    "answers": [
      {
        "answer": "قلَّةُ الأقْواتِ وغَلاءُ الأسْعارِ في الأسْواقِ",
        "t": 0
      },
      {
        "answer": "ما بَقيَ لهم من أرْزاقِهم على وَزيرِ المُلكِ الرحيمِ ابنِ بوَيْهِ",
        "t": 1
      },
      {
        "answer": "تمَرُّدُهم على الخَليفةِ القائمِ",
        "t": 0
      }
    ]
  },
  {
    "id": 3305,
    "q": "كان سقوطُ بغدادَ على يدِ  هولاكو سنةَ:",
    "level": 1,
    "link": "https://www.dorar.net/history/?page=133",
    "section": "mamalik",
    "answers": [
      {
        "answer": "660 هـ",
        "t": 0
      },
      {
        "answer": "666 هـ",
        "t": 0
      },
      {
        "answer": "656 هـ",
        "t": 1
      }
    ]
  },
  {
    "id": 3297,
    "q": "تمَّ عقدُ صُلحِ الرملةِ هُدنةً بينَ صلاحِ الدينِ و",
    "level": 1,
    "link": "https://www.dorar.net/history/?page=115",
    "section": "mamalik",
    "answers": [
      {
        "answer": "فيليبَ أُوغُستَ الثاني",
        "t": 0
      },
      {
        "answer": "فِريدريكَ الأولِ برباروسَ",
        "t": 0
      },
      {
        "answer": "ريتشاردَ قلبِ الأسدِ",
        "t": 1
      }
    ]
  },
  {
    "id": 3303,
    "q": "الحملةُ الصليبيةُ السابعُة بقيادةِ:",
    "level": 1,
    "link": "https://www.dorar.net/history/?page=131",
    "section": "mamalik",
    "answers": [
      {
        "answer": "ملكِ فرنسا لويسَ التاسِعِ",
        "t": 1
      },
      {
        "answer": "فِرديناندَ الثالثِ",
        "t": 0
      },
      {
        "answer": "فِريدريكَ الثالثِ",
        "t": 0
      }
    ]
  },
  {
    "id": 3298,
    "q": "انتهَتِ الدولةُ السلجوقيَّةُ الكُبرى بمقتَلِ السُّلطانِ:",
    "level": 1,
    "link": "https://www.dorar.net/history/?page=116",
    "section": "mamalik",
    "answers": [
      {
        "answer": "ألبَ أرْسَلانَ",
        "t": 0
      },
      {
        "answer": "طُغرلَ بنِ ألبَ أرْسَلانَ",
        "t": 1
      },
      {
        "answer": "البَهلوانِ",
        "t": 0
      }
    ]
  },
  {
    "id": 3292,
    "q": "قامتْ دولةُ المرابِطينَ في الأندلُسِ سنةَ:",
    "level": 1,
    "link": "https://www.dorar.net/history/?page=87",
    "section": "mamalik",
    "answers": [
      {
        "answer": "475 هـ",
        "t": 0
      },
      {
        "answer": "480 هـ",
        "t": 0
      },
      {
        "answer": "486 هـ",
        "t": 1
      }
    ]
  },
  {
    "id": 3291,
    "q": "توفِّيَ السُّلطانُ أَلْبُ أرْسَلانَ:",
    "level": 1,
    "link": "https://www.dorar.net/history/?page=83",
    "section": "mamalik",
    "answers": [
      {
        "answer": "على يدِ يوسفَ الخُوارزميِّ",
        "t": 1
      },
      {
        "answer": "في مَعركةِ مَلاذَكردَ",
        "t": 0
      },
      {
        "answer": "في أصْبهانَ على فِراشِه",
        "t": 0
      }
    ]
  },
  {
    "id": 3287,
    "q": "ما صحَّةُ نسَبِ العُبَيديِّينَ لعليِّ بنِ أبي طالبٍ رضيَ اللهُ عنه؟",
    "level": 1,
    "link": "https://www.dorar.net/history/?page=78",
    "section": "mamalik",
    "answers": [
      {
        "answer": "يصِحُّ نسبُهم في بعضِه ولا يُعلَمُ صحةُ بقيَّتِه",
        "t": 0
      },
      {
        "answer": "تصِحُّ نِسبتُهم إليه",
        "t": 0
      },
      {
        "answer": "لا تصِحُّ نِسبتُهم مُطلقًا",
        "t": 1
      }
    ]
  },
  {
    "id": 3299,
    "q": "حاوَلَ العزيزُ عثمانُ بنُ صلاحِ الدينِ هدمَ الأهْرامِ؛",
    "level": 1,
    "link": "https://www.dorar.net/history/?page=116",
    "section": "mamalik",
    "answers": [
      {
        "answer": "ليَبنيَ مَكانَها قَلعةً",
        "t": 0
      },
      {
        "answer": "ليأخُذَ حجَرَها فيَبنيَ بها جِسرًا على النيلِ",
        "t": 0
      },
      {
        "answer": "ليأخُذَ حجَرَها لبناءِ سورِ دِمياطَ",
        "t": 1
      }
    ]
  },
  {
    "id": 3289,
    "q": "لماذا بَنى المرابِطونَ مدينةَ مُرَّاكِشَ؟",
    "level": 1,
    "link": "https://www.dorar.net/history/?page=80",
    "section": "mamalik",
    "answers": [
      {
        "answer": "ليَقْووا على قَمعِ أهلِ تلك الجبالِ إنْ همُّوا بفِتنةٍ",
        "t": 1
      },
      {
        "answer": "ليتَّخِذوها عاصمةً يُخاطِبونَ منها الملوكَ",
        "t": 0
      },
      {
        "answer": "للزيادةِ في عِمارةِ دَولتِهم",
        "t": 0
      }
    ]
  },
  {
    "id": 3301,
    "q": "تحوَّل حُكمُ القُسطَنطينيةِ منَ الرومِ إلى الفِرنجةِ عامَ: ",
    "level": 1,
    "link": "https://www.dorar.net/history/?page=118",
    "section": "mamalik",
    "answers": [
      {
        "answer": "610 هـ",
        "t": 0
      },
      {
        "answer": "660 هـ",
        "t": 0
      },
      {
        "answer": "600 هـ",
        "t": 1
      }
    ]
  },
  {
    "id": 3302,
    "q": "هُزِم الموحِّدونَ هزيمةً ساحقةً على أيْدي تحالُف ملوكِ الصليبيِّينَ في إيبيريا سنةَ 609 هـ في معركةِ:",
    "level": 1,
    "link": "https://www.dorar.net/history/?page=123",
    "section": "mamalik",
    "answers": [
      {
        "answer": "العقابِ",
        "t": 1
      },
      {
        "answer": "الزلَّاقةِ",
        "t": 0
      },
      {
        "answer": "الأرَكِ",
        "t": 0
      }
    ]
  },
  {
    "id": 3295,
    "q": "قَطَع صَلاحُ الدِّينِ الخُطبةَ عنِ الخَليفةِ ",
    "level": 1,
    "link": "https://www.dorar.net/history/?page=108",
    "section": "mamalik",
    "answers": [
      {
        "answer": "العبَّاسيِّ",
        "t": 0
      },
      {
        "answer": "الأُمَويِّ",
        "t": 0
      },
      {
        "answer": "الفاطمِيِّ",
        "t": 1
      }
    ]
  },
  {
    "id": 3294,
    "q": "من الوزيرُ الذي رتَّب أربعةَ قضاةٍ في مصرَ لأولِ مرةٍ في التاريخِ",
    "level": 1,
    "link": "https://www.dorar.net/history/?page=96",
    "section": "mamalik",
    "answers": [
      {
        "answer": "أبو عليِّ بنُ الأفضَلِ",
        "t": 1
      },
      {
        "answer": "بدرٌ الجَمَاليُّ",
        "t": 0
      },
      {
        "answer": "يُوسُف بنُ العِماد",
        "t": 0
      }
    ]
  },
  {
    "id": 3304,
    "q": "أسلَمَ على يدِ الشَّيخِ أبي المعالي سعيدِ بنِ المطهَّرِ الباخَرْزيِّ",
    "level": 1,
    "link": "https://www.dorar.net/history/?page=133",
    "section": "mamalik",
    "answers": [
      {
        "answer": "هولاكو",
        "t": 0
      },
      {
        "answer": "بركةُ خان",
        "t": 1
      },
      {
        "answer": "أوكتاي",
        "t": 0
      }
    ]
  },
  {
    "id": 3300,
    "q": "مؤسِّسُ إمبراطوريةِ المغولِ:",
    "level": 1,
    "link": "https://www.dorar.net/history/?page=118",
    "section": "mamalik",
    "answers": [
      {
        "answer": "جنكيز خان",
        "t": 1
      },
      {
        "answer": "هولاكو خان",
        "t": 0
      },
      {
        "answer": "خُوارزمَ شاهْ",
        "t": 0
      }
    ]
  },
  {
    "id": 3293,
    "q": "أصبحَ أتابِكَ المَوصِلِ بعدَ وفاةِ صاحبِها عزِّ الدينِ بنِ آقْسُنقُرَ البُرسُقيِّ",
    "level": 1,
    "link": "https://www.dorar.net/history/?page=96",
    "section": "mamalik",
    "answers": [
      {
        "answer": "عمادُ الدينِ زَنكيٌّ",
        "t": 1
      },
      {
        "answer": "طُغْتِكينُ أتابِك",
        "t": 0
      },
      {
        "answer": "نورُ الدينِ بنُ زَنكيٍّ",
        "t": 0
      }
    ]
  },
  {
    "id": 3286,
    "q": "متى بَدأ مُلكُ السَّلاجِقةِ لخُراسانَ كلِّها؟",
    "level": 1,
    "link": "https://www.dorar.net/history/?page=76",
    "section": "mamalik",
    "answers": [
      {
        "answer": "400 هـ",
        "t": 0
      },
      {
        "answer": "432 هـ",
        "t": 1
      },
      {
        "answer": "430 هـ",
        "t": 0
      }
    ]
  },
  {
    "id": 3296,
    "q": "هزَم صلاحُ الدينِ الصليبيِّينَ في مَعركةِ ",
    "level": 1,
    "link": "https://www.dorar.net/history/?page=113",
    "section": "mamalik",
    "answers": [
      {
        "answer": "عينِ جالوتَ 590 هـ",
        "t": 0
      },
      {
        "answer": "الزَّلَّاقَة 580 هـ",
        "t": 0
      },
      {
        "answer": "حطِّينَ 583 هـ",
        "t": 1
      }
    ]
  },
  {
    "id": 3290,
    "q": "قام أبو بكرِ بنُ عمرَ اللَّمْتونيُّ زعيمُ المرابِطينَ بالمغرِبِ بتَوليةِ  شؤونِ المرابِطينَ:",
    "level": 1,
    "link": "https://www.dorar.net/history/?page=80\n",
    "section": "mamalik",
    "answers": [
      {
        "answer": "الشيخَ عبدَ اللهِ بنَ ياسينَ",
        "t": 0
      },
      {
        "answer": "ابنَ عمِّه يوسفَ بن تاشِفينَ",
        "t": 1
      },
      {
        "answer": "ابنَه سَيرَ بنَ أبي بكرٍ",
        "t": 0
      }
    ]
  }
]