[
  {
    "id": 3343,
    "q": "أكبرُ سببٍ لسُقوطِ بغدادَ:",
    "level": 3,
    "link": "https://www.dorar.net/history/?page=133",
    "section": "mamalik",
    "answers": [
      {
        "answer": "خيانةُ الوزيرِ ابنِ العَلقَميِّ ونَصيرِ الدينِ الطوسيِّ",
        "t": 1
      },
      {
        "answer": "استسلامُ الخليفةِ المستَعصِمِ باللهِ",
        "t": 0
      },
      {
        "answer": "عدمُ وقوفِ المماليكِ في الشامِ ومصرَ معَ الخليفةِ",
        "t": 0
      }
    ]
  },
  {
    "id": 3334,
    "q": "عادَ جنكيزُ خانْ إلى بلادِه بعدَ أنْ قضى على دولةِ خُوارزم شاهْ؛",
    "level": 3,
    "link": "https://www.dorar.net/history/?page=123",
    "section": "mamalik",
    "answers": [
      {
        "answer": "لأنَّ خوارزمَ شاهْ بدأَ يجمَعُ عَساكرَه مرةً أُخرى",
        "t": 0
      },
      {
        "answer": "لأنَّه لم تعُدْ له ولا لجَيشِه طاقةٌ على مواصَلةِ القتالِ",
        "t": 0
      },
      {
        "answer": "لأنَّه سمِع أنَّه قد ثارَ عليه فيها البعضُ يُريدونَ إزالتَه من مُلكِه",
        "t": 1
      }
    ]
  },
  {
    "id": 3333,
    "q": "هدَمَ الموحِّدونَ مسجدَ قَصرِ الحَجرِ، وبنَوْا مكانَه مسجدَ الكَتيبةِ؛",
    "level": 3,
    "link": "https://www.dorar.net/history/?page=116",
    "section": "mamalik",
    "answers": [
      {
        "answer": "لتهَدُّمِ جانبٍ منه في زلزالٍ",
        "t": 0
      },
      {
        "answer": "لخطأِ قِبلَتِه",
        "t": 1
      },
      {
        "answer": "لأنَّهم رأَوْه مسجدَ ضِرارٍ",
        "t": 0
      }
    ]
  },
  {
    "id": 3331,
    "q": "قصَد صلاحُ الدينِ بلدَ ابنِ ليونَ الأرمنيِّ",
    "level": 3,
    "link": "https://www.dorar.net/history/?page=110",
    "section": "mamalik",
    "answers": [
      {
        "answer": "لأنَّه قتَل التُّركمانَ الرُّعاةَ الذين استَمالَهم للرَّعيِ في بلادِه",
        "t": 1
      },
      {
        "answer": "لأنَّه قتَلَ التجارَ الذين يَجتازونَ أرضَه",
        "t": 0
      },
      {
        "answer": "لأنَّه لم يَقبلْ أنْ يُزوجَه أختَه",
        "t": 0
      }
    ]
  },
  {
    "id": 3344,
    "q": "عادَ هولاكو عنِ الشامِ",
    "level": 3,
    "link": "https://www.dorar.net/history/?page=133",
    "section": "mamalik",
    "answers": [
      {
        "answer": "بسَببِ ردِّ قُطزَ عليه ",
        "t": 0
      },
      {
        "answer": "بسببِ عِصيانِ الأمراءِ في بلادِه عليه فذهَب وترَكَ بعضَ عساكِرِه في الشامِ",
        "t": 1
      },
      {
        "answer": "لأنَّه خَشيَ من السلاجِقةِ",
        "t": 0
      }
    ]
  },
  {
    "id": 3345,
    "q": "قبَضَ قُطزُ على السلطانِ المنصورِ عليِّ بنِ أيبْكَ وتَسلطَنَ على مصرَ:",
    "level": 3,
    "link": "https://www.dorar.net/history/?page=133",
    "section": "mamalik",
    "answers": [
      {
        "answer": "طمعًا في مُلكِ مِصر",
        "t": 0
      },
      {
        "answer": "لأنه كان صَبِيًّا صغيرًا لا يعرِفُ تدبيرَ المملكةِ",
        "t": 1
      },
      {
        "answer": "نكايةً في الأمراءِ الذين تحالَفوا مع السودانِ ضدَّه",
        "t": 0
      }
    ]
  },
  {
    "id": 3332,
    "q": "خرَج ابنُ غانيةَ إلى بِجايةَ فملَكَها:",
    "level": 3,
    "link": "https://www.dorar.net/history/?page=112",
    "section": "mamalik",
    "answers": [
      {
        "answer": "بطلَبِ أهلِها",
        "t": 0
      },
      {
        "answer": "لتَخلِّي الموحِّدينَ عنها",
        "t": 0
      },
      {
        "answer": "لمَّا علِمَ بوفاةِ يوسفَ بنِ عبدِ المؤمِنِ",
        "t": 1
      }
    ]
  },
  {
    "id": 3337,
    "q": "لم تكتَمِلِ الحَملةُ الصليبيَّةُ الإنجليزيَّةُ بقيادةِ ريتشارد كورنفيل:",
    "level": 3,
    "link": "https://www.dorar.net/history/?page=129",
    "section": "mamalik",
    "answers": [
      {
        "answer": "لأنَّ الملكَ هنري طالبَه بالرُّجوعِ لانقلابِ بعضِ الأمراءِ عليه",
        "t": 0
      },
      {
        "answer": "لتَصدِّي الصالحِ نَجمِ الدينِ أيوبَ لها",
        "t": 0
      },
      {
        "answer": "لأنَّ ريتشاردَ اكْتَفى بما اسْتَولى عليه ثم أبحرَ عائدًا إلى بلادِه",
        "t": 1
      }
    ]
  },
  {
    "id": 3326,
    "q": "ما سببُ الوَحْشةِ بينَ الخليفةِ القائمِ وجَلالِ الدولةِ البوَيْهيِّ؟",
    "level": 3,
    "link": "https://www.dorar.net/history/?page=76",
    "section": "mamalik",
    "answers": [
      {
        "answer": "أنَّ جلالَ الدولةِ أخَذ أموالَ الجِزيةِ ولم يُنفِذْ إلى الخليفةِ منها شيئًا",
        "t": 1
      },
      {
        "answer": "أنَّ الخليفةَ تواصَلَ معَ طُغْرُلْبَكَ دونَ عِلمِ جلالِ الدولةِ",
        "t": 0
      },
      {
        "answer": "أنَّ جلالَ الدولةِ عزَلَه عن رَعيَّتِه وحبَسَه في قَصرِه",
        "t": 0
      }
    ]
  },
  {
    "id": 3336,
    "q": "قُتِلت شجرُ الدرِّ",
    "level": 3,
    "link": "https://www.dorar.net/history/?page=133",
    "section": "mamalik",
    "answers": [
      {
        "answer": "لقَتلِها المعِزَّ أيْبكَ ملكَ مصرَ",
        "t": 1
      },
      {
        "answer": "لتَدبيرِها على قَتلِ توران شاهْ ابنِ الملكِ الصالحِ أيوبَ",
        "t": 0
      },
      {
        "answer": "لقَتلِها لفارسِ الدينِ أقْطاي",
        "t": 0
      }
    ]
  },
  {
    "id": 3338,
    "q": "كان حصارُ غَرْناطةَ سنةَ:",
    "level": 3,
    "link": "https://www.dorar.net/history/?page=129",
    "section": "mamalik",
    "answers": [
      {
        "answer": "640 هـ",
        "t": 0
      },
      {
        "answer": "642 هـ",
        "t": 1
      },
      {
        "answer": "650 هـ",
        "t": 0
      }
    ]
  },
  {
    "id": 3328,
    "q": "سببُ احتِراقِ الجامِعِ الأُمويِّ 461 هـ:",
    "level": 3,
    "link": "https://www.dorar.net/history/?page=82",
    "section": "mamalik",
    "answers": [
      {
        "answer": "محاوَلةُ النَّصاري لاستِعادةِ كَنيستِهم التي أُخِذت في تَوسِعةِ الجامِعِ",
        "t": 0
      },
      {
        "answer": "أنَّ غِلمانَ الفاطميِّينَ والعباسيِّينَ اختَصَموا فأُلقِيَت نارٌ بدارِ الملكِ المتاخِمةُ للجامعِ من جهةِ القِبلةِ فاحتَرَقَت وسَرى الحريقُ إلى الجامِعِ",
        "t": 1
      },
      {
        "answer": "اشتِعالُ قِنديل مِن قَنادِيل الجامعِ ثم عَصِفَت الرِّيحُ بالنارِ في سائِر الجامِع",
        "t": 0
      }
    ]
  },
  {
    "id": 3329,
    "q": "سببُ وُقوعِ الفِتنةِ بينَ الحنابلةِ وفُقهاءِ النظاميَّةِ ببغدادَ:",
    "level": 3,
    "link": "https://www.dorar.net/history/?page=84",
    "section": "mamalik",
    "answers": [
      {
        "answer": "محمد بنُ الماوَردِي",
        "t": 0
      },
      {
        "answer": "القاضي داودُ",
        "t": 0
      },
      {
        "answer": "ابنُ القُشَيريِّ",
        "t": 1
      }
    ]
  },
  {
    "id": 3330,
    "q": "سيَّر عبدُ المؤمِنِ جيشًا إلى:",
    "level": 3,
    "link": "https://www.dorar.net/history/?page=102",
    "section": "mamalik",
    "answers": [
      {
        "answer": "بغدادَ",
        "t": 0
      },
      {
        "answer": "مَراكِشَ",
        "t": 0
      },
      {
        "answer": "جَزيرةِ الأندلُسِ",
        "t": 1
      }
    ]
  },
  {
    "id": 3342,
    "q": "شارَكَ بعضُ المسلمينَ في حصارِ إِشْبِيلِيَّةَ:",
    "level": 3,
    "link": "https://www.dorar.net/history/?page=130",
    "section": "mamalik",
    "answers": [
      {
        "answer": "بناءً على اتِّفاقِهم معَ النَّصارى",
        "t": 1
      },
      {
        "answer": "لأنَّهم خشُوا أن يَقتُلَ النَّصارى الأَسْرى",
        "t": 0
      },
      {
        "answer": "لطَمَعِهم في أنْ يُعيدوا إليهم إماراتِهم ",
        "t": 0
      }
    ]
  },
  {
    "id": 3327,
    "q": "وقَعَتِ الحربُ بينَ ألبَ أرْسَلانَ وقتلمشَ بسببِ:",
    "level": 3,
    "link": "https://www.dorar.net/history/?page=81",
    "section": "mamalik",
    "answers": [
      {
        "answer": "أنَّ قتلمشَ لم يُسيِّرْ إليه الأموالَ التي وجَبَت عليه",
        "t": 0
      },
      {
        "answer": "أنَّ قتلمشَ قد عَصى عليه، وجمَع جموعًا كثيرةً، وقصَد الرَّيَّ ليستَوليَ عليها",
        "t": 1
      },
      {
        "answer": "إيقاعِ بعضِ الأُمراءِ بقتلمشَ عندَ ألبَ أرْسَلانَ",
        "t": 0
      }
    ]
  },
  {
    "id": 3340,
    "q": "قدِمَتِ الرسُلُ من عندِ البابا تُخبِرُ بأنَّه قد أباحَ دمَ الأبدورِ ملكِ الفِرنجِ في القُدسِ",
    "level": 3,
    "link": "https://www.dorar.net/history/?page=130",
    "section": "mamalik",
    "answers": [
      {
        "answer": "لتَهاوُنِه في قتالِ المسلِمينَ",
        "t": 1
      },
      {
        "answer": "لأنَّه استأْثَرَ بالغنائمِ التي أخَذَها منَ المسلِمينَ ولم يُرسِلْ إليه منها شيئًا\n ",
        "t": 0
      },
      {
        "answer": "لتَغْييرِه مَذهبَه الدينيَّ",
        "t": 0
      }
    ]
  },
  {
    "id": 3339,
    "q": "انتهَتِ الدولةُ الأيوبيَّةُ",
    "level": 3,
    "link": "https://www.dorar.net/history/?page=131",
    "section": "mamalik",
    "answers": [
      {
        "answer": "بوفاةِ الملكِ الصالحِ نَجمِ الدينِ أيوبَ",
        "t": 0
      },
      {
        "answer": "بتوَلِّي شجرِ الدرِّ الحُكمَ",
        "t": 0
      },
      {
        "answer": "باغْتيالِ المماليكِ لتُوران شاهْ ابنِ الملكِ الصالحِ أيوبَ",
        "t": 1
      }
    ]
  },
  {
    "id": 3335,
    "q": "استردَّ القُدسَ من الصليبيِّينَ سنةَ 637 هـ",
    "level": 3,
    "link": "https://www.dorar.net/history/?page=128",
    "section": "mamalik",
    "answers": [
      {
        "answer": "الناصرُ صلاحُ الدينِ",
        "t": 0
      },
      {
        "answer": "الملكُ الكاملُ",
        "t": 0
      },
      {
        "answer": "الناصرُ داودُ",
        "t": 1
      }
    ]
  },
  {
    "id": 3341,
    "q": "آخرَ مرةٍ يَستردُّ فيها المسلمونَ بيتَ المقدِسِ في عصرِ الحروبِ الصليبيَّةِ:",
    "level": 3,
    "link": "https://www.dorar.net/history/?page=129",
    "section": "mamalik",
    "answers": [
      {
        "answer": "استردادُ الخُوارزميَّةِ لها",
        "t": 1
      },
      {
        "answer": "استردادُ الناصِرِ داودَ",
        "t": 0
      },
      {
        "answer": "استردادُ صلاحِ الدينِ",
        "t": 0
      }
    ]
  }
]