[
  {
    "id": 3832,
    "q": "يُستدَلُّ بقَولِه تعالى: {وَلَدَيْنَا كِتَابٌ يَنْطِقُ بِالْحَقِّ} عَلى أنَّ:",
    "level": 3,
    "link": "https://www.dorar.net/tafseer/23/8",
    "section": "al-muminun",
    "answers": [
      {
        "answer": "الكتابةَ لا تأخذ حُكْمَ المنطق ",
        "t": 0
      },
      {
        "answer": "المنطقَ أصرحُ من الكتابةِ",
        "t": 0
      },
      {
        "answer": "مَن كتب إلى إنسانٍ كتابًا فَقَدْ كلَّمه",
        "t": 1
      }
    ]
  },
  {
    "id": 3824,
    "q": "في قَوله تعالى: {قَدْ أَفْلَحَ الْمُؤْمِنُونَ...} إلى آخِر صِفاتِ المُؤمِنين، لم يُذكَرْ في هذه الخِصالِ إلَّا ما هو:",
    "level": 3,
    "link": "https://www.dorar.net/tafseer/23/1",
    "section": "al-muminun",
    "answers": [
      {
        "answer": "واجِبٌ",
        "t": 1
      },
      {
        "answer": "مُستَحَبٌّ",
        "t": 0
      },
      {
        "answer": "مُباحٌ",
        "t": 0
      }
    ]
  },
  {
    "id": 3833,
    "q": "استعمالُ صيغةِ: \"يُسَارِعُونَ\"، وعدمُ استعمالِ صيغةِ: \"يُسْرِعُونَ\" في قَولِه تَعالَى: {أُولَئِكَ يُسَارِعُونَ فِي الْخَيْرَاتِ} هو لفائدةِ:",
    "level": 3,
    "link": "https://www.dorar.net/tafseer/23/8",
    "section": "al-muminun",
    "answers": [
      {
        "answer": "أنَّ الأولى أبلغُ من الثانيةِ؛ وذلك أنَّ المفاعلةَ تَكُونُ مِن اثْنَيْنِ، فتقتضي حَثَّ النَّفْسِ على السَّبقِ ",
        "t": 1
      },
      {
        "answer": "أنَّ الإِسراعَ أَبلَغُ مِن المُسارَعَة",
        "t": 0
      },
      {
        "answer": "أنَّ المُسارَعَة داخِلَةٌ في الإِسراعِ ومَنُوطَةٌ بِه",
        "t": 0
      }
    ]
  },
  {
    "id": 3838,
    "q": "المُرادُ بقَولِه تَعالَى: {أَسَاطِيرُ}:",
    "level": 3,
    "link": "https://www.dorar.net/tafseer/23/12",
    "section": "al-muminun",
    "answers": [
      {
        "answer": "الحقائقُ التي لا يُنازَع فيها",
        "t": 0
      },
      {
        "answer": "الأباطيل والتُّرَّهات",
        "t": 1
      },
      {
        "answer": "الأمورُ المختلَفُ فيها",
        "t": 0
      }
    ]
  },
  {
    "id": 3822,
    "q": "المقصود بالأماناتِ والعهودِ المذكورةِ في قَولِه تَعالَى: {وَالَّذِينَ هُمْ لِأَمَانَاتِهِمْ وَعَهْدِهِمْ رَاعُونَ}:",
    "level": 3,
    "link": "https://www.dorar.net/tafseer/23/1",
    "section": "al-muminun",
    "answers": [
      {
        "answer": "أَمانات وعُهُود البَيعِ والشِّرَاءِ ",
        "t": 0
      },
      {
        "answer": "الأمانةُ في حقِّ الله تعالى، والعهدُ في حقِّ العبادِ",
        "t": 0
      },
      {
        "answer": "هذا عامٌّ في جميع العُهودِ والأماناتِ التي هي حقٌّ لله، والتي هي حقٌّ للعبادِ",
        "t": 1
      }
    ]
  },
  {
    "id": 3831,
    "q": "الفاء في قَولِه تَعالَى: {فَذَرْهُم} تفيد:",
    "level": 3,
    "link": "https://www.dorar.net/tafseer/23/7",
    "section": "al-muminun",
    "answers": [
      {
        "answer": "التَّرَاخي",
        "t": 0
      },
      {
        "answer": "التَّعْقِيب",
        "t": 0
      },
      {
        "answer": "الترتيبَ",
        "t": 1
      }
    ]
  },
  {
    "id": 3821,
    "q": "لماذا سُمِّيَت هذه السُّورَةُ بسورةِ \"المؤمنونَ\"؟",
    "level": 3,
    "link": "https://www.dorar.net/tafseer/23",
    "section": "al-muminun",
    "answers": [
      {
        "answer": "لافتتاحِها بفلاحِ المؤمنينَ واشتمالِها على أوصافِهم وجزائهم في الآخرةِ",
        "t": 1
      },
      {
        "answer": "لبَيانِ أهميَّة الإيمانِ ومكانتِه",
        "t": 0
      },
      {
        "answer": "للعِنايَةِ بشَرفِ المؤمنِ وإظهارِ كَرامَتِه على الله",
        "t": 0
      }
    ]
  },
  {
    "id": 3826,
    "q": "المَقصودُ بقَولِه تَعالَى: {وَصِبْغٍ}",
    "level": 3,
    "link": "https://www.dorar.net/tafseer/23/3",
    "section": "al-muminun",
    "answers": [
      {
        "answer": "ما يُؤخَذ مِن اللَّبَنِ فيُصنَعُ مِنه الأَقِط",
        "t": 0
      },
      {
        "answer": "نَباتٌ عَريضُ الأَوراقِ له ثَمرَةٌ تُشبِهُ العِنَبَ",
        "t": 0
      },
      {
        "answer": "زيتٌ يُغْمَسُ فيهِ للائتدامِ",
        "t": 1
      }
    ]
  },
  {
    "id": 3839,
    "q": "المراد بالبَرْزَخِ؛ هو:",
    "level": 3,
    "link": "https://www.dorar.net/tafseer/23/14",
    "section": "al-muminun",
    "answers": [
      {
        "answer": "الحياةُ الدُّنْيَا",
        "t": 0
      },
      {
        "answer": "أَرْضُ المَحْشَرِ",
        "t": 0
      },
      {
        "answer": "القَبْرُ، أو ما بيْن الدُّنيا والآخرةِ",
        "t": 1
      }
    ]
  },
  {
    "id": 3823,
    "q": "في قَولِه تَعالَى: {الَّذِينَ هُمْ فِي صَلَاتِهِمْ خَاشِعُونَ} دليلٌ على:",
    "level": 3,
    "link": "https://www.dorar.net/tafseer/23/1",
    "section": "al-muminun",
    "answers": [
      {
        "answer": "شَرطِ الطَّهارَةِ لصِحَّةِ الصَّلاةِ",
        "t": 0
      },
      {
        "answer": "فَضلِ المُداومَةِ على الصَّلاةِ",
        "t": 0
      },
      {
        "answer": "وُجوبِ الخُشوعِ في الصَّلاةِ",
        "t": 1
      }
    ]
  },
  {
    "id": 3834,
    "q": "الفاء في قَولِه تَعالَى: {فَهُمْ عَنْ ذِكْرِهِمْ مُعْرِضُونَ}",
    "level": 3,
    "link": "https://www.dorar.net/tafseer/23/10",
    "section": "al-muminun",
    "answers": [
      {
        "answer": "للتَّرَاخِي",
        "t": 0
      },
      {
        "answer": "للتَّعْقِيبِ",
        "t": 0
      },
      {
        "answer": "للِتَفريعِ",
        "t": 1
      }
    ]
  },
  {
    "id": 3828,
    "q": "في نَفْيِ الغفلةِ في قَولِه تَعالَى: {وَمَا كُنَّا عَنِ الْخَلْقِ غَافِلِينَ}:",
    "level": 3,
    "link": "https://www.dorar.net/tafseer/23/3",
    "section": "al-muminun",
    "answers": [
      {
        "answer": "كناية عن العنايةِ والملاحظةِ",
        "t": 1
      },
      {
        "answer": "مجاز مُرسَل للتَّأكيدِ",
        "t": 0
      },
      {
        "answer": "تشبيه بَلِيغ للحَصْرِ والقَصرِ",
        "t": 0
      }
    ]
  },
  {
    "id": 3825,
    "q": "في قَولِه تَعالَى: {فَمَنِ ابْتَغَى وَرَاءَ ذَلِكَ فَأُولَئِكَ هُمُ الْعَادُونَ} دليلٌ عَلَى:",
    "level": 3,
    "link": "https://www.dorar.net/tafseer/23/1",
    "section": "al-muminun",
    "answers": [
      {
        "answer": "جوازِ نكاحِ المُتْعَةِ",
        "t": 0
      },
      {
        "answer": "إِباحَةُ النِّكاحِ بغَيرِ صَداقٍ",
        "t": 0
      },
      {
        "answer": "تحريم نِكَاح المحلِّل",
        "t": 1
      }
    ]
  },
  {
    "id": 3837,
    "q": "يَبْتَلِي اللهُ تعالى عبدَهُ في الدنيا؛ مِنْ أَجْلِ أنْ:",
    "level": 3,
    "link": "https://www.dorar.net/tafseer/23/11",
    "section": "al-muminun",
    "answers": [
      {
        "answer": "يُجازِيه بِذُنوبِه في الدُّنيا",
        "t": 0
      },
      {
        "answer": "يَتعلَّم الصَّبرَ على البَلاءِ",
        "t": 0
      },
      {
        "answer": "يَسمَعَ شَكواهُ وتَضرُّعَه ودُعاءَه",
        "t": 1
      }
    ]
  },
  {
    "id": 3829,
    "q": "الاستفهامُ المذكورُ في قَولِه تَعالَى: {أَفَلَا تَتَّقُونَ} هوَ استفهامٌ:",
    "level": 3,
    "link": "https://www.dorar.net/tafseer/23/4",
    "section": "al-muminun",
    "answers": [
      {
        "answer": "حَقيقِيٌّ لتَأكيدِ الأَمرِ بالتَّقوَى",
        "t": 0
      },
      {
        "answer": "لإنكارِ الواقعِ واستقباحه",
        "t": 1
      },
      {
        "answer": "تقريري لإِقامَةِ الحُجَّة",
        "t": 0
      }
    ]
  },
  {
    "id": 3830,
    "q": "المُرادُ بقَولِه تَعالَى: {غَمْرَتِهِمْ}",
    "level": 3,
    "link": "https://www.dorar.net/tafseer/23/7",
    "section": "al-muminun",
    "answers": [
      {
        "answer": "زُخرفُهُم وتَرَفُهُم",
        "t": 0
      },
      {
        "answer": "عَمايَتُهم وضَلالُهم",
        "t": 1
      },
      {
        "answer": "تَمتُّعُهُم بالحَياةِ الدُّنيا",
        "t": 0
      }
    ]
  },
  {
    "id": 3827,
    "q": "لِمَ سمَّى اللهُ تعالى التَّمْرَ باسمِ شَجَرَتِهِ، والعنبَ باسمِ ثمرتِه في قَولِه تَعالَى: {فَأَنْشَأْنَا لَكُمْ بِهِ جَنَّاتٍ مِنْ نَخِيلٍ وَأَعْنَابٍ} ؟",
    "level": 3,
    "link": "https://www.dorar.net/tafseer/23/3",
    "section": "al-muminun",
    "answers": [
      {
        "answer": "لِأَن العَربَ تُفَضِّلُ العِنَبَ على التَّمْرِ",
        "t": 0
      },
      {
        "answer": "للتنبيهِ على كثرةِ ما في النخيلِ من المنافعِ المقصودةِ، بخلافِ الأعنابِ؛ حيثُ إنها هي المقصودةُ مِن شَجَرَتِهَا",
        "t": 1
      },
      {
        "answer": "لأنَّ العِنَبَ يُتَّخَذُ مِنه خَمرًا أمَّا التَّمرُ فلا",
        "t": 0
      }
    ]
  },
  {
    "id": 3840,
    "q": "المَقصودُ بقَولِه تَعالَى: {هَمَزَاتِ الشَّيَاطِينِ}:",
    "level": 3,
    "link": "https://www.dorar.net/tafseer/23/14",
    "section": "al-muminun",
    "answers": [
      {
        "answer": "مَآلاتُهُم وجَزاؤهم",
        "t": 0
      },
      {
        "answer": "غَمَزاتُهم ووَساوِسُهم",
        "t": 1
      },
      {
        "answer": "بَأسُهُم وشِدَّتُهُم",
        "t": 0
      }
    ]
  },
  {
    "id": 3835,
    "q": "في قَولِه تَعالَى: {وَهُوَ الَّذِي ذَرَأَكُمْ فِي الْأَرْضِ وَإِلَيْهِ تُحْشَرُونَ} مُحَسِّنٌ بديعيٌّ؛ وهو:",
    "level": 3,
    "link": "https://www.dorar.net/tafseer/23/12",
    "section": "al-muminun",
    "answers": [
      {
        "answer": "الجِنَاسُ",
        "t": 0
      },
      {
        "answer": "الطِّبَاقُ",
        "t": 1
      },
      {
        "answer": "السَّجْعُ",
        "t": 0
      }
    ]
  },
  {
    "id": 3836,
    "q": "الاستفهامُ في قَولِه تَعالَى: {أَفَحَسِبْتُمْ أَنَّمَا خَلَقْنَاكُمْ عَبَثًا}:",
    "level": 3,
    "link": "https://www.dorar.net/tafseer/23/17",
    "section": "al-muminun",
    "answers": [
      {
        "answer": "للتقرير والتَّوبيخ",
        "t": 1
      },
      {
        "answer": "للتَّأكيدِ بدَلالَةِ الخِطابِ البُرهاني",
        "t": 0
      },
      {
        "answer": "للإنكارِ",
        "t": 0
      }
    ]
  }
]