[
  {
    "id": 3805,
    "q": "الفائدةُ المُستَنبَطةُ من قَولِه تَعالَى: {ثُمَّ إِنَّكُمْ بَعْدَ ذَلِكَ لَمَيِّتُونَ} هي:",
    "level": 2,
    "link": "https://www.dorar.net/tafseer/23/2",
    "section": "al-muminun",
    "answers": [
      {
        "answer": "الإشارةُ إلى وَحشَةِ القبرِ وشِدَّةِ سؤالِه",
        "t": 0
      },
      {
        "answer": "تنبيهُ الإنسانِ أن يكونَ الموتُ نصبَ عينيْه، ولا يغفلُ عن تَرَقُّبِهِ؛ فإنَّ مآلَه إليهِ ",
        "t": 1
      },
      {
        "answer": "نَفْيُ وَهْمِ الخُلودِ في الدُّنيا",
        "t": 0
      }
    ]
  },
  {
    "id": 3815,
    "q": "في قَولِه تَعالَى: {مُسْتَكْبِرِينَ بِهِ سَامِرًا تَهْجُرُونَ} دَلالةٌ عَلَى:",
    "level": 2,
    "link": "https://www.dorar.net/tafseer/23/9",
    "section": "al-muminun",
    "answers": [
      {
        "answer": "تحريمِ التحدُّثِ إلى الكفارِ ومخاطبتِهم",
        "t": 0
      },
      {
        "answer": "كراهةِ السَّمَرِ في غَيْرِ الخيرِ",
        "t": 1
      },
      {
        "answer": "كراهةِ السَّمَرِ مُطْلَقًا",
        "t": 0
      }
    ]
  },
  {
    "id": 3808,
    "q": "في تَخصيصِ سَيناءَ في قَولِه تَعالَى: {وَشَجَرَةً تَخْرُجُ مِنْ طُورِ سَيْنَاءَ} مع كَونِها تَخرُجُ في بقاعٍ أُخرَى منَ الأرضِ إشارةٌ إلى:",
    "level": 2,
    "link": "https://www.dorar.net/tafseer/23/3",
    "section": "al-muminun",
    "answers": [
      {
        "answer": "اختلافِ أشجارِ الزَّيْتُونِ في هذِه البُقعةِ عَن غَيْرِهَا",
        "t": 0
      },
      {
        "answer": "أنَّ هذه الشَّجرَة لا تَنبُت إلَّا في المكان المَذكُور فقط",
        "t": 0
      },
      {
        "answer": "تعظيمِها، وأنهُ المنشأُ الأصليُّ لَهَا، وللتَّنويهِ على شَرَفِ مَنْبَتِهَا، وكرمِ الموطنِ الذي ظَهَرَتْ فيهِ",
        "t": 1
      }
    ]
  },
  {
    "id": 3816,
    "q": "المُرادُ بقَولِه تَعالَى: {خَرْجًا}:",
    "level": 2,
    "link": "https://www.dorar.net/tafseer/23/10",
    "section": "al-muminun",
    "answers": [
      {
        "answer": "الزَّرْعُ",
        "t": 0
      },
      {
        "answer": "الزَّكاةُ",
        "t": 0
      },
      {
        "answer": "الأَجْرُ",
        "t": 1
      }
    ]
  },
  {
    "id": 3802,
    "q": "المُرادُ بقَولِه تَعالَى: {الْعَادُونَ}:",
    "level": 2,
    "link": "https://www.dorar.net/tafseer/23/1",
    "section": "al-muminun",
    "answers": [
      {
        "answer": "العائِدُون إلى المعَاصِي",
        "t": 0
      },
      {
        "answer": "المُجاوِزون الحدَّ والمعتَدُونَ",
        "t": 1
      },
      {
        "answer": "المُطيعونَ لوَساوِسِ الشَّيطانِ",
        "t": 0
      }
    ]
  },
  {
    "id": 3819,
    "q": "يُستفادُ مِن قَولِه تَعالَى: {وَهُوَ الَّذِي أَنْشَأَ لَكُمُ السَّمْعَ وَالْأَبْصَارَ وَالْأَفْئِدَةَ}:",
    "level": 2,
    "link": "https://www.dorar.net/tafseer/23/12",
    "section": "al-muminun",
    "answers": [
      {
        "answer": "أن ترتيبُ هذه الأعضاءِ جاء  على حَسبِ أهميَّة كل عُضوٍ؛ فالسَّمعُ أَشرفُ الحَواس، ثم البصر، ثم الفُؤاد",
        "t": 0
      },
      {
        "answer": "التنبيهُ على أنَّ مَن لم يُعمِلْ هذه الأعضاءَ فيما خلَقَهُ اللهُ تعالى، وتدبَّرَ ما أودعَه فيها مِن الدَّلائلِ على وَحدانيَّتِه وباهِرِ قُدرتِه: فهو كعادِمِها",
        "t": 1
      },
      {
        "answer": "أنَّ لَفظَةَ الإِنشاءِ تَدُلُّ على كَمالِ الصُّنعِ",
        "t": 0
      }
    ]
  },
  {
    "id": 3812,
    "q": "في قَولِه تَعالَى: {فَأَتْبَعْنَا بَعْضَهُمْ بَعْضًا}:",
    "level": 2,
    "link": "https://www.dorar.net/tafseer/23/6",
    "section": "al-muminun",
    "answers": [
      {
        "answer": "كنايةٌ عَن إِبَادَتهِم",
        "t": 1
      },
      {
        "answer": "تشبيهٌ لهم بالغَنَمِ التي تَتبَعُ الراعِي",
        "t": 0
      },
      {
        "answer": "مجازٌ لقرينةِ المجاورَةِ",
        "t": 0
      }
    ]
  },
  {
    "id": 3803,
    "q": "منَ اللَّطائفِ الواردةِ في سُورةِ المُؤمِنُونَ :",
    "level": 2,
    "link": "https://www.dorar.net/tafseer/23/1",
    "section": "al-muminun",
    "answers": [
      {
        "answer": "أنَّ كلَّ الأوامِرِ والنَّواهِي الوَارِدَة في السُّورةِ كانت للمُؤمِنينَ فقط وليسَت لعُمومِ الناسِ",
        "t": 0
      },
      {
        "answer": "أنَّها اشتَملَت على أَركانِ الإيمانِ السِّتَّة",
        "t": 0
      },
      {
        "answer": "أنَّها افتُتِحَت بذكرِ فلاحِ المؤمنينَ، واخْتُتِمَت بذكرِ عدمِ فلاحِ الكافرينَ",
        "t": 1
      }
    ]
  },
  {
    "id": 3810,
    "q": "في قَولِه تَعالَى: {مَا تَسْبِقُ مِنْ أُمَّةٍ أَجَلَهَا وَمَا يَسْتَأْخِرُونَ} حُجَّةٌ على:",
    "level": 2,
    "link": "https://www.dorar.net/tafseer/23/5",
    "section": "al-muminun",
    "answers": [
      {
        "answer": "الأشعريَّةِ القائلينَ بتأويلِ الصفاتِ",
        "t": 0
      },
      {
        "answer": "المعتزلة والقدَريَّة فيما يزعُمونَ أنَّ المقتولَ ميِّتٌ بغير أجلِه",
        "t": 1
      },
      {
        "answer": "الظاهريَّةِ القائلين بنفي القِيَاس",
        "t": 0
      }
    ]
  },
  {
    "id": 3811,
    "q": "المُرادُ بقَولِه تَعالَى: {وَمَعِينٍ}:",
    "level": 2,
    "link": "https://www.dorar.net/tafseer/23/6",
    "section": "al-muminun",
    "answers": [
      {
        "answer": "ماء ظاهِرٌ جارٍ",
        "t": 1
      },
      {
        "answer": "بَحرٌ مُتدَفِّقٌ",
        "t": 0
      },
      {
        "answer": "ماء جَوفِيٌّ",
        "t": 0
      }
    ]
  },
  {
    "id": 3809,
    "q": "المُرادُ بقَولِه تَعالَى: {التَّنُّورُ}:",
    "level": 2,
    "link": "https://www.dorar.net/tafseer/23/4",
    "section": "al-muminun",
    "answers": [
      {
        "answer": "قَنواتُ الماءِ التي تجري في الأودِيَة وغَيْرِها",
        "t": 0
      },
      {
        "answer": "السُّفن التي تُبْحِر في البحار والأنهار",
        "t": 0
      },
      {
        "answer": "المكان الذي يُخْبَزُ فيهِ، أو مكانُ النَّار",
        "t": 1
      }
    ]
  },
  {
    "id": 3806,
    "q": "معنى \"طَرائقَ\": ",
    "level": 2,
    "link": "https://www.dorar.net/tafseer/23/3",
    "section": "al-muminun",
    "answers": [
      {
        "answer": "سَمَاوَات",
        "t": 1
      },
      {
        "answer": "جِبَال",
        "t": 0
      },
      {
        "answer": "بَسَاتِين",
        "t": 0
      }
    ]
  },
  {
    "id": 3817,
    "q": "المُرادُ بقَولِه تَعالَى: {يَعْمَهُونَ}:",
    "level": 2,
    "link": "https://www.dorar.net/tafseer/23/11",
    "section": "al-muminun",
    "answers": [
      {
        "answer": "يَهلَكُون",
        "t": 0
      },
      {
        "answer": "يُنَعَّمُون",
        "t": 0
      },
      {
        "answer": "يتَحيَّرون ",
        "t": 1
      }
    ]
  },
  {
    "id": 3807,
    "q": "يُستدلُّ بقوله تعالى: {وَأَنْزَلْنَا مِنَ السَّمَاءِ مَاءً بِقَدَرٍ فَأَسْكَنَّاهُ فِي الْأَرْضِ} على أنَّ:",
    "level": 2,
    "link": "https://www.dorar.net/tafseer/23/3",
    "section": "al-muminun",
    "answers": [
      {
        "answer": "الماءَ مادَّةٌ مشتركَةٌ موجودةٌ في السَّماء والأَرْض",
        "t": 0
      },
      {
        "answer": "الماءَ أصلُ الحياةِ",
        "t": 0
      },
      {
        "answer": "المياهَ كُلَّهَا في السَّماءِ، وأنَّه لا ماءَ في الأرضِ",
        "t": 1
      }
    ]
  },
  {
    "id": 3814,
    "q": "النصبُ في قَولِه تَعالَى: {سَامِرًا} على:",
    "level": 2,
    "link": "https://www.dorar.net/tafseer/23/9",
    "section": "al-muminun",
    "answers": [
      {
        "answer": "المَفعوليَّة",
        "t": 0
      },
      {
        "answer": "الحاليَّة",
        "t": 1
      },
      {
        "answer": "الظَّرفيَّة",
        "t": 0
      }
    ]
  },
  {
    "id": 3804,
    "q": "المُرادُ بقَولِه تَعالَى: {قَرَارٍ مَكِينٍ}:",
    "level": 2,
    "link": "https://www.dorar.net/tafseer/23/2",
    "section": "al-muminun",
    "answers": [
      {
        "answer": "العَقل",
        "t": 0
      },
      {
        "answer": "الرَّحِم",
        "t": 1
      },
      {
        "answer": "القَلْب",
        "t": 0
      }
    ]
  },
  {
    "id": 3813,
    "q": "الإتيانُ بأسماءِ الموصولاتِ في الآيات: {إِنَّ الَّذِينَ هُمْ مِنْ خَشْيَةِ رَبِّهِمْ مُشْفِقُونَ} و{وَالَّذِينَ هُمْ بِرَبِّهِمْ لَا يُشْرِكُونَ} – {وَالَّذِينَ يُؤْتُونَ مَا آَتَوْا وَقُلُوبُهُمْ وَجِلَةٌ}  مكرَّرة؛ فيه دلالة على:",
    "level": 2,
    "link": "https://www.dorar.net/tafseer/23/8",
    "section": "al-muminun",
    "answers": [
      {
        "answer": "أنَّ مجموعَ هذه الصِّفاتِ المَذكورةِ هو مَجموعُ أَركانِ الإيمانِ ",
        "t": 0
      },
      {
        "answer": "الإيذانِ بأنَّ مَن تَخلَّى عن تلك الصِّفاتِ فَقَدَ الإيمانَ",
        "t": 0
      },
      {
        "answer": "الاهتمامِ بكلِّ صلةٍ مِن صلاتها، وإيذانًا باستقلال كلِّ واحدة منها بفضيلةٍ باهرةٍ على حيالها",
        "t": 1
      }
    ]
  },
  {
    "id": 3818,
    "q": "المقصود بقوله تعالى: {ذَرَأَكُمْ} هو:",
    "level": 2,
    "link": "https://www.dorar.net/tafseer/23/12",
    "section": "al-muminun",
    "answers": [
      {
        "answer": "أنشَأَكُم",
        "t": 1
      },
      {
        "answer": "رَزَقَكُم",
        "t": 0
      },
      {
        "answer": "أَنْجَاكُم",
        "t": 0
      }
    ]
  },
  {
    "id": 3801,
    "q": "معنى \"اللَّغوِ\" المذكورِ في قوله تعالى: {وَالَّذِينَ هُمْ عَنِ اللَّغْوِ مُعْرِضُونَ}:",
    "level": 2,
    "link": "https://www.dorar.net/tafseer/23/1",
    "section": "al-muminun",
    "answers": [
      {
        "answer": "الطَمعُ والحِرصُ على الدُّنيا",
        "t": 0
      },
      {
        "answer": "الكَذِبُ الذي يكونُ في المُزاحِ",
        "t": 0
      },
      {
        "answer": "الباطِلُ وما يجبُ أن يُلْغَى مِنَ اللَّعِب والهَزْل والمعاصي",
        "t": 1
      }
    ]
  },
  {
    "id": 3820,
    "q": "المُرادُ بقَولِه تَعالَى: {يُجِيرُ وَلَا يُجَارُ عَلَيْهِ}:",
    "level": 2,
    "link": "https://www.dorar.net/tafseer/23/13",
    "section": "al-muminun",
    "answers": [
      {
        "answer": "ينفِّذُ قدرَهُ في الخلائقِ",
        "t": 0
      },
      {
        "answer": "يحاسِبُ الخلائقَ ولا يحاسبُه أحدٌ",
        "t": 0
      },
      {
        "answer": "يمنعُ ويغيثُ مَن يشاءُ ممن يشاءُ، ولا يُمنَعُ منه أحدٌ",
        "t": 1
      }
    ]
  }
]