[
  {
    "id": 3798,
    "q": "المقصود بـ(خَرْجًا) في قوله تعالى: {أَمْ تَسْأَلُهُمْ خَرْجًا فَخَرَاجُ رَبِّكَ خَيْرٌ}:",
    "level": 1,
    "link": "https://www.dorar.net/tafseer/23/10",
    "section": "al-muminun",
    "answers": [
      {
        "answer": "الهِدايَةُ ",
        "t": 0
      },
      {
        "answer": "العَدلُ والقِسْط ",
        "t": 0
      },
      {
        "answer": "الأَجْرُ",
        "t": 1
      }
    ]
  },
  {
    "id": 3781,
    "q": "سُورة المُؤمِنُون:",
    "level": 1,
    "link": "https://www.dorar.net/tafseer/23",
    "section": "al-muminun",
    "answers": [
      {
        "answer": "مُختلَف فيها",
        "t": 0
      },
      {
        "answer": "مكِّيَّة",
        "t": 1
      },
      {
        "answer": "مدَنيَّة",
        "t": 0
      }
    ]
  },
  {
    "id": 3790,
    "q": "المُرادُ بقَولِه تَعالَى: {لَمُبْتَلِينَ}:",
    "level": 1,
    "link": "https://www.dorar.net/tafseer/23/4",
    "section": "al-muminun",
    "answers": [
      {
        "answer": "لمُخْتَبَرِين",
        "t": 1
      },
      {
        "answer": "لَمنجزِين",
        "t": 0
      },
      {
        "answer": "لمُعْجِزِين",
        "t": 0
      }
    ]
  },
  {
    "id": 3792,
    "q": "المُرادُ بقَولِه تَعالَى: {غُثَاءً}:",
    "level": 1,
    "link": "https://www.dorar.net/tafseer/23/5",
    "section": "al-muminun",
    "answers": [
      {
        "answer": "هَلْكَى كالغُثَاءِ الذي يعلو السَّيْلَ مِنَ الزَّبَدِ وغيرِه",
        "t": 1
      },
      {
        "answer": "حِسَان الوُجُوهِ",
        "t": 0
      },
      {
        "answer": "أقوِياء",
        "t": 0
      }
    ]
  },
  {
    "id": 3785,
    "q": "المقصود بـ\"العَلَقَة\":",
    "level": 1,
    "link": null,
    "section": "al-muminun",
    "answers": [
      {
        "answer": "الدَّم المسفوح",
        "t": 0
      },
      {
        "answer": "الدَّم الجامد",
        "t": 1
      },
      {
        "answer": "الدَّم الفاسد",
        "t": 0
      }
    ]
  },
  {
    "id": 3786,
    "q": "طُورُ سَيناءَ؛ هُوَ:",
    "level": 1,
    "link": "https://www.dorar.net/tafseer/23/3",
    "section": "al-muminun",
    "answers": [
      {
        "answer": "اسمُ الجبلِ المعروفِ في سيناءَ الذي كلَّم اللهُ تعالى عليه مُوسَى",
        "t": 1
      },
      {
        "answer": "اسمٌ لبقعة بمِصرَ",
        "t": 0
      },
      {
        "answer": "اسمٌ لوادٍ مِن أوديةِ سيناءَ",
        "t": 0
      }
    ]
  },
  {
    "id": 3788,
    "q": "في قَولِه تَعالَى: {وَمَا كُنَّا عَنِ الْخَلْقِ غَافِلِينَ} إثباتٌ لــ:",
    "level": 1,
    "link": "https://www.dorar.net/tafseer/23/3",
    "section": "al-muminun",
    "answers": [
      {
        "answer": "قَهْر الله وعزَّته",
        "t": 0
      },
      {
        "answer": "إحاطةِ الله تعالى بكلِّ شيءٍ عِلْمًا",
        "t": 1
      },
      {
        "answer": "كبرياءِ الله تعالى ",
        "t": 0
      }
    ]
  },
  {
    "id": 3782,
    "q": "خُتِمَتْ هذه السُّورَةُ بــ:",
    "level": 1,
    "link": "https://www.dorar.net/tafseer/23",
    "section": "al-muminun",
    "answers": [
      {
        "answer": "أمرِ اللهِ لنبيِّه بالتوجُّه إليه طلبًا للرحمة والغُفْرَانِ",
        "t": 1
      },
      {
        "answer": "أمْرِ اللهِ تعالى عبادَه بإقامةِ العَدلِ فيما بَينَهُم",
        "t": 0
      },
      {
        "answer": "وصفِ الجنةِ والنَّار",
        "t": 0
      }
    ]
  },
  {
    "id": 3800,
    "q": "المُرادُ بقَولِه تَعالَى: {يَتَضَرَّعُونَ}:",
    "level": 1,
    "link": "https://www.dorar.net/tafseer/23/11",
    "section": "al-muminun",
    "answers": [
      {
        "answer": "يتجَبَّرونَ",
        "t": 0
      },
      {
        "answer": "يَتذلَّلون، ويَدْعون في خشوع",
        "t": 1
      },
      {
        "answer": "يَحلِبُون الألبانَ مِنَ الضُّروعِ",
        "t": 0
      }
    ]
  },
  {
    "id": 3784,
    "q": "معنى \"النُّطفة\" المَذكُورة في قَولِه تعالى: {ثُمَّ جَعَلْنَاهُ نُطْفَةً فِي قَرَارٍ مَكِينٍ}:",
    "level": 1,
    "link": "https://www.dorar.net/tafseer/23/2",
    "section": "al-muminun",
    "answers": [
      {
        "answer": "المُضغَةُ",
        "t": 0
      },
      {
        "answer": "العَلَقَةُ",
        "t": 0
      },
      {
        "answer": "المَنِيُّ",
        "t": 1
      }
    ]
  },
  {
    "id": 3794,
    "q": "المُرادُ بقَولِه تَعالَى: {تَتْرَى}:",
    "level": 1,
    "link": "https://www.dorar.net/tafseer/23/6",
    "section": "al-muminun",
    "answers": [
      {
        "answer": "تتواترُ واحدًا بَعْدَ واحدٍ، ويتبعُ بَعْضُهُم بَعْضًا",
        "t": 1
      },
      {
        "answer": "مُسْرِعَة",
        "t": 0
      },
      {
        "answer": "مُجْتَمِعَة مَعًا في صَعيدٍ واحِدٍ",
        "t": 0
      }
    ]
  },
  {
    "id": 3787,
    "q": "معنى \" الْفُلْكِ\":",
    "level": 1,
    "link": "https://www.dorar.net/tafseer/23/3",
    "section": "al-muminun",
    "answers": [
      {
        "answer": "السُّفن",
        "t": 1
      },
      {
        "answer": "النُّجوم",
        "t": 0
      },
      {
        "answer": "الكواكب",
        "t": 0
      }
    ]
  },
  {
    "id": 3796,
    "q": "المُرادُ بقَولِه تَعالَى: {وَجِلَةٌ}:",
    "level": 1,
    "link": "https://www.dorar.net/tafseer/23/8",
    "section": "al-muminun",
    "answers": [
      {
        "answer": "مُطْمَئِنَّة",
        "t": 0
      },
      {
        "answer": "خائِفَة",
        "t": 1
      },
      {
        "answer": "غافِلة",
        "t": 0
      }
    ]
  },
  {
    "id": 3797,
    "q": "المُرادُ من قَولِه تَعالَى: {يَجْأَرُونَ}:",
    "level": 1,
    "link": "https://www.dorar.net/tafseer/23/9",
    "section": "al-muminun",
    "answers": [
      {
        "answer": "يَفِرُّونَ إلى مَكانٍ يَختَبِئُون فيه",
        "t": 0
      },
      {
        "answer": "يَصيحون ويَستَغيثون ويَرفَعون أصواتَهم بالدُّعاء",
        "t": 1
      },
      {
        "answer": "يَبْكون في خُفوتٍ على استِحياءٍ",
        "t": 0
      }
    ]
  },
  {
    "id": 3799,
    "q": "المُرادُ بقَولِه تَعالَى: {جِنَّةٌ}:",
    "level": 1,
    "link": "https://www.dorar.net/tafseer/23/10",
    "section": "al-muminun",
    "answers": [
      {
        "answer": "المَرَضُ",
        "t": 0
      },
      {
        "answer": "الجُنونُ",
        "t": 1
      },
      {
        "answer": "البُستانُ",
        "t": 0
      }
    ]
  },
  {
    "id": 3795,
    "q": "معنَى قولِه تَعَالى: {وَجَعَلْنَاهُمْ أَحَادِيثَ}:",
    "level": 1,
    "link": "https://www.dorar.net/tafseer/23/6",
    "section": "al-muminun",
    "answers": [
      {
        "answer": "جَعلناهُم صَرْعَى",
        "t": 0
      },
      {
        "answer": "صَيَّرناهُم أَخْبارًا للناس يَتحدَّثُون بها ",
        "t": 1
      },
      {
        "answer": "كَتَبنَا كلَّ ما نَطقُوا به مِن حَديثٍ",
        "t": 0
      }
    ]
  },
  {
    "id": 3789,
    "q": "المُرادُ بقَولِه تَعالَى: {الْمَلَأُ}: ",
    "level": 1,
    "link": "https://www.dorar.net/tafseer/23/4",
    "section": "al-muminun",
    "answers": [
      {
        "answer": "أشراف النَّاسِ ووجوههم",
        "t": 1
      },
      {
        "answer": "أَسباطُ بني إسرائيل",
        "t": 0
      },
      {
        "answer": "سائر النَّاسِ ",
        "t": 0
      }
    ]
  },
  {
    "id": 3791,
    "q": "المُرادُ بقَولِه تَعالَى: {وَأَتْرَفْنَاهُمْ}:",
    "level": 1,
    "link": "https://www.dorar.net/tafseer/23/5",
    "section": "al-muminun",
    "answers": [
      {
        "answer": "شَفَيناهُم مِن أَمراضِهِم",
        "t": 0
      },
      {
        "answer": "أَحيَيناهُم حَياةَ الجَوعِ والخَوفِ",
        "t": 0
      },
      {
        "answer": "نعَّمْناهُم وأبقَيناهُم فِي الملكِ ووسَّعْنا عَليهِم",
        "t": 1
      }
    ]
  },
  {
    "id": 3793,
    "q": "في تكرارِ لفظةِ: \"هيهاتَ\" في قَولِه تَعالَى: {هَيْهَاتَ هَيْهَاتَ لِمَا تُوعَدُونَ} فَائِدَة: ",
    "level": 1,
    "link": "https://www.dorar.net/tafseer/23/5",
    "section": "al-muminun",
    "answers": [
      {
        "answer": "بيانِ صدقِ هَذَا الوعيدِ المذكورِ على لسانِ الرَّسولِ",
        "t": 0
      },
      {
        "answer": "تأكيدِ هذا البُعْدِ المذكور",
        "t": 1
      },
      {
        "answer": "إِظهارُ العِنايَةِ بصِلَةِ المَوصُولِ",
        "t": 0
      }
    ]
  },
  {
    "id": 3783,
    "q": "مَعنَى قَولِه تَعالَى: {أَفْلَحَ}:",
    "level": 1,
    "link": "https://www.dorar.net/tafseer/23/1",
    "section": "al-muminun",
    "answers": [
      {
        "answer": "رَجعَ إِلى رُشْدِهِ",
        "t": 0
      },
      {
        "answer": "ذَهبَ فِي طَريقِهِ الصَّحيحِ ",
        "t": 0
      },
      {
        "answer": "فاز وسَعِدَ",
        "t": 1
      }
    ]
  }
]