[
  {
    "id": 250,
    "q": "حُكمُ اقْتِناءِ كَلبِ الصَّيدِ:",
    "level": 1,
    "link": "https://dorar.net/tafseer/5/3#tt17",
    "section": "al-maaidah",
    "answers": [
      {
        "answer": "مُحرَّمٌ",
        "t": 0
      },
      {
        "answer": "جائِزٌ",
        "t": 1
      },
      {
        "answer": "مَكرُوهٌ",
        "t": 0
      }
    ]
  },
  {
    "id": 243,
    "q": "قال اللهُ تعالى: {يَا أَيُّهَا الَّذِينَ آمَنُوا لَا تُحِلُّوا شَعَائِرَ اللهِ وَلَا الشَّهْرَ الْحَرَامَ} المقصودة بالأشهُرِ الحُرُمِ هي:",
    "level": 1,
    "link": "https://dorar.net/tafseer/5/1#tt4",
    "section": "al-maaidah",
    "answers": [
      {
        "answer": "ذو القَعدةِ وذو الحِجَّةِ والمُحَرَّمُ ورَجَبٌ",
        "t": 1
      },
      {
        "answer": "ذو الحِجَّةِ ومُحرَّمٌ وصَفَرٌ ورَبيعٌ الأوَّلُ",
        "t": 0
      },
      {
        "answer": "ذو القَعدةِ ومُحرَّمُ وصَفَرٌ",
        "t": 0
      }
    ]
  },
  {
    "id": 249,
    "q": "حُكمُ أكْلِ ذَبائِحِ أهلِ الكِتابِ مِنَ اليَهودِ والنَّصارى:",
    "level": 1,
    "link": "https://dorar.net/tafseer/5/3#tt9",
    "section": "al-maaidah",
    "answers": [
      {
        "answer": "حَلالٌ",
        "t": 1
      },
      {
        "answer": "مَكروهٌ",
        "t": 0
      },
      {
        "answer": "مُحرَّمٌ",
        "t": 0
      }
    ]
  },
  {
    "id": 242,
    "q": "ما المقصودُ بـ(الْقَلَائِدَ) في قولِه تعالى: {يَا أَيُّهَا الَّذِينَ آمَنُوا لَا تُحِلُّوا شَعَائِرَ اللهِ وَلَا الشَّهْرَ الْحَرَامَ وَلَا الْهَدْيَ وَلَا الْقَلَائِدَ}:",
    "level": 1,
    "link": "https://dorar.net/tafseer/5/1#tt7",
    "section": "al-maaidah",
    "answers": [
      {
        "answer": "ما قُلِّدَ مِنَ الهَدْيِ",
        "t": 1
      },
      {
        "answer": "ما يُربَطُ حَولَ العُنُقِ",
        "t": 0
      },
      {
        "answer": "السَّلاسِلُ",
        "t": 0
      }
    ]
  },
  {
    "id": 254,
    "q": "القائِلونَ بأنَّ اللهَ هو عِيسى ابنُ مريمَ -تعالى اللهُ عن ذلك عُلُوًّا كبيرًا- هم:",
    "level": 1,
    "link": "https://dorar.net/tafseer/5/8#tt9",
    "section": "al-maaidah",
    "answers": [
      {
        "answer": "المَجوسُ",
        "t": 0
      },
      {
        "answer": "اليَهودُ",
        "t": 0
      },
      {
        "answer": "النَّصارى",
        "t": 1
      }
    ]
  },
  {
    "id": 260,
    "q": "أُنزِلَ الإِنجيلُ على:",
    "level": 1,
    "link": "https://dorar.net/tafseer/5/16#tt4",
    "section": "al-maaidah",
    "answers": [
      {
        "answer": "داودَ عليه السلامُ",
        "t": 0
      },
      {
        "answer": "مُوسى عليه السلامُ",
        "t": 0
      },
      {
        "answer": "عيسى عليه السلامُ",
        "t": 1
      }
    ]
  },
  {
    "id": 256,
    "q": "عُوقِب بَنو إسْرائيلَ بأنْ حَرَّمَ اللهُ عليهم دخولَ الأرضِ المقدَّسةِ مُدَّةَ:",
    "level": 1,
    "link": "https://dorar.net/tafseer/5/9#tt9",
    "section": "al-maaidah",
    "answers": [
      {
        "answer": "عِشرينَ سَنةً",
        "t": 0
      },
      {
        "answer": "ثَلاثِينَ سَنةً",
        "t": 0
      },
      {
        "answer": "أربعِينَ سَنةً",
        "t": 1
      }
    ]
  },
  {
    "id": 251,
    "q": "نَستَفيدُ من قولِه تعالى: {وَإِنْ كُنْتُمْ جُنُبًا فَاطَّهَّرُوا}:",
    "level": 1,
    "link": "https://dorar.net/tafseer/5/4#tt17",
    "section": "al-maaidah",
    "answers": [
      {
        "answer": "أنَّ الغُسْلَ لجميعِ البَدنِ؛ لأنَّه أُطْلِقَ",
        "t": 1
      },
      {
        "answer": "أنَّ الغُسلَ إذا أُطلِقَ يُقصَدُ به غَسلُ أعضاءِ الوُضوءِ",
        "t": 0
      },
      {
        "answer": "أن الجَنابَة تُطلَق على كلِّ ما يَمنعُ مِن الصلاةِ مثل الحَدَث الأكبَر والأصغَر",
        "t": 0
      }
    ]
  },
  {
    "id": 245,
    "q": "المقصودُ بـ(الْأَزْلَامُ):",
    "level": 1,
    "link": "https://dorar.net/tafseer/5/2#tt7",
    "section": "al-maaidah",
    "answers": [
      {
        "answer": "الآثامُ والذُّنُوبُ والمَعاصِي",
        "t": 0
      },
      {
        "answer": "الأصنامُ التي كانوا يَذبحونَ عندَها",
        "t": 0
      },
      {
        "answer": "القِداحُ التي كانوا يَضرِبونَ بها على المَيْسرِ ويَستَقْسِمونَ بها",
        "t": 1
      }
    ]
  },
  {
    "id": 241,
    "q": "المقصودُ بـ{بَهِيمَةُ الْأَنْعَامِ}",
    "level": 1,
    "link": "https://dorar.net/tafseer/5/1#tt",
    "section": "al-maaidah",
    "answers": [
      {
        "answer": "الطُّيورُ التي تُؤكَلُ",
        "t": 0
      },
      {
        "answer": "الحَيواناتُ عمومًا",
        "t": 0
      },
      {
        "answer": "الإبلُ والبَقَرُ والغَنَمُ",
        "t": 1
      }
    ]
  },
  {
    "id": 253,
    "q": "المَقصودُ بأهلِ الكِتابِ هُم:",
    "level": 1,
    "link": "https://dorar.net/tafseer/5/7#tt17",
    "section": "al-maaidah",
    "answers": [
      {
        "answer": "كُفَّارُ قُرَيشٍ",
        "t": 0
      },
      {
        "answer": "اليَهودُ والنَّصارى",
        "t": 1
      },
      {
        "answer": "مَن يَقرأُ ويَكتُبُ مِنَ العَربِ",
        "t": 0
      }
    ]
  },
  {
    "id": 257,
    "q": " \nعُقوبةُ أخْذِ المالِ على سبيلِ السَّرِقةِ:",
    "level": 1,
    "link": "https://dorar.net/tafseer/5/13#tt4",
    "section": "al-maaidah",
    "answers": [
      {
        "answer": "النَّفيُ مِن الأرضِ",
        "t": 0
      },
      {
        "answer": "قَطعُ اليَدَينِ",
        "t": 1
      },
      {
        "answer": "عِشرُونَ جَلدةً",
        "t": 0
      }
    ]
  },
  {
    "id": 255,
    "q": "قولُه تعالى: {إِنَّ فِيهَا قَوْمًا جَبَّارِين} المقصودُ بـ(جَبَّارِينَ):",
    "level": 1,
    "link": "https://dorar.net/tafseer/5/9#tt7",
    "section": "al-maaidah",
    "answers": [
      {
        "answer": "قاطِعي طُرُق",
        "t": 0
      },
      {
        "answer": "ظَالِمينَ",
        "t": 0
      },
      {
        "answer": "أقوِياء عِظام الأجْسامِ",
        "t": 1
      }
    ]
  },
  {
    "id": 252,
    "q": "قال اللهُ تعالى: {وَإِنْ كُنْتُمْ جُنُبًا فَاطَّهَّرُوا} المستفادُ من هذه الآيةِ في حُكمِ الوُضوءِ معَ غُسلِ الجَنابةِ:",
    "level": 1,
    "link": "https://dorar.net/tafseer/5/4#tt17",
    "section": "al-maaidah",
    "answers": [
      {
        "answer": "لا يجبُ الوُضوءُ معَ الغُسلِ",
        "t": 1
      },
      {
        "answer": "يجبُ الوُضوءُ معَ الغُسلِ",
        "t": 0
      },
      {
        "answer": "يُستَحَبُّ الوُضوءُ معَ الغُسلِ",
        "t": 0
      }
    ]
  },
  {
    "id": 259,
    "q": "في قولِه تعالى: {يقُولُونَ نَخْشَى أَنْ تُصِيبَنَا دَائِرَةٌ}، القائلُ في الآيةِ هُم:",
    "level": 1,
    "link": "https://dorar.net/tafseer/5/18#tt4",
    "section": "al-maaidah",
    "answers": [
      {
        "answer": "اليَهودُ",
        "t": 0
      },
      {
        "answer": "المُنافِقونَ",
        "t": 1
      },
      {
        "answer": "المُشرِكُونَ",
        "t": 0
      }
    ]
  },
  {
    "id": 244,
    "q": "المقصودُ بـ(المَوْقُوذَةُ):",
    "level": 1,
    "link": "https://dorar.net/tafseer/5/2#tt7",
    "section": "al-maaidah",
    "answers": [
      {
        "answer": "المَقتُولةُ بالضَّربِ",
        "t": 1
      },
      {
        "answer": "الواقِعةُ مِن جَبَلٍ",
        "t": 0
      },
      {
        "answer": "المَقتُولةُ بالخَنْقِ",
        "t": 0
      }
    ]
  },
  {
    "id": 247,
    "q": "حُكمُ أكلِ المُنخَنِقةِ:",
    "level": 1,
    "link": "https://dorar.net/tafseer/5/2#tt4",
    "section": "al-maaidah",
    "answers": [
      {
        "answer": "جائِزٌ",
        "t": 0
      },
      {
        "answer": "مُحرَّمٌ",
        "t": 1
      },
      {
        "answer": "مَكرُوهٌ",
        "t": 0
      }
    ]
  },
  {
    "id": 246,
    "q": "ما حُكمُ أكلِ المُتَرَدِّيةِ:",
    "level": 1,
    "link": "https://dorar.net/tafseer/5/2#tt7",
    "section": "al-maaidah",
    "answers": [
      {
        "answer": "مُحرَّمٌ",
        "t": 1
      },
      {
        "answer": "جائِزٌ",
        "t": 0
      },
      {
        "answer": "مَكرُوهٌ",
        "t": 0
      }
    ]
  },
  {
    "id": 258,
    "q": "قولُه تعالى: {وَكَتَبْنَا عَلَيْهِمْ فِيهَا أَنَّ النَّفْسَ بِالنَّفْسِ...} يُستفادُ منه:",
    "level": 1,
    "link": "https://dorar.net/tafseer/5/15#tt17",
    "section": "al-maaidah",
    "answers": [
      {
        "answer": "أنَّ شَرعَ مَن قَبلَنا ليس شَرعًا لنا",
        "t": 0
      },
      {
        "answer": "استُدلَّ به على أنَّ شَرعَ مَن قَبْلَنا شَرعٌ لنا، إذا حُكيَ مُقرَّرًا ولم يُنسَخْ",
        "t": 1
      },
      {
        "answer": "أنَّ شَرعَ مَن قَبلَنا شَرعٌ لنا مُطلقًا",
        "t": 0
      }
    ]
  },
  {
    "id": 248,
    "q": "يُستَفادُ مِن قَولِه تعالى: {فَمَنِ اضْطُرَّ فِي مَخْمَصَةٍ غَيْرَ مُتَجَانِفٍ لِإِثْمٍ فَإِنَّ اللَّهَ غَفُورٌ رَحِيمٌ}:",
    "level": 1,
    "link": "https://dorar.net/tafseer/5/2#tt4",
    "section": "al-maaidah",
    "answers": [
      {
        "answer": "أنَّ الجُوعَ ليس مُبرِّرًا لأكلِ المُحرَّماتِ حتى ولو أَدَّى إلى الهَلاكِ",
        "t": 0
      },
      {
        "answer": "أنَّ مَن أَلجأتْهُ الضَّرورةُ لأكْلِ شَيءٍ مِن المُحرَّمات يَأكُلُ حَدَّ الكِفايةِ فقطْ",
        "t": 1
      },
      {
        "answer": "أنَّ أكلَ المُحرَّماتِ دونَ الوُقوعِ في الإثمِ جائِزٌ",
        "t": 0
      }
    ]
  }
]