[
  {
    "id": 269,
    "q": "قال اللهُ تعالى: {وَأَلْقَيْنَا بَيْنَهُمُ الْعَدَاوَةَ وَالْبَغْضَاءَ إِلَى يَوْمِ الْقِيَامَةِ}، مَنِ المَقصودُ في الآيةِ:",
    "level": 2,
    "link": "https://dorar.net/tafseer/5/21#tt9",
    "section": "al-maaidah",
    "answers": [
      {
        "answer": "اليَهودُ",
        "t": 1
      },
      {
        "answer": "المُنافِقونَ",
        "t": 0
      },
      {
        "answer": "النَّصارى",
        "t": 0
      }
    ]
  },
  {
    "id": 274,
    "q": "يُستَفادُ من قولِه تعالى: {وَحُرِّمَ عَلَيْكُمْ صَيْدُ الْبَرِّ مَا دُمْتُمْ حُرُمًا}:",
    "level": 2,
    "link": "https://dorar.net/tafseer/5/29",
    "section": "al-maaidah",
    "answers": [
      {
        "answer": "إِباحَةُ الصَّيْدِ للمُحرِمِ في خارِج حُدودِ الحَرَمِ",
        "t": 0
      },
      {
        "answer": "تَحرِيمُ صَيْدِ البَرِّ على الـمُحرِمِ",
        "t": 1
      },
      {
        "answer": "حُرمةُ صَيدِ البحرِ للمُحرِمِ",
        "t": 0
      }
    ]
  },
  {
    "id": 267,
    "q": "يُستَفادُ مِن قَولِه تعالى: {واشْهَدْ بِأَنَّنَا مُسْلِمُونَ}:",
    "level": 2,
    "link": "https://dorar.net/tafseer/5/34#tt17",
    "section": "al-maaidah",
    "answers": [
      {
        "answer": "كَراهةُ الإكثارِ مِنَ الحَلِفِ",
        "t": 0
      },
      {
        "answer": "جَوازُ استِثْباتِ الشَّيءِ بالإشْهادِ عليه",
        "t": 1
      },
      {
        "answer": "جَوازُ الشَّهادةِ على النَّفْسِ",
        "t": 0
      }
    ]
  },
  {
    "id": 266,
    "q": "في قولِه تعالى: {وَإِذْ أَوْحَيْتُ إِلَى الْحَوَارِيِّينَ أَنْ آمِنُوا بِي وَبِرَسُولِي}، ما نَوعُ الوَحيِ في هذه الآيةِ؟",
    "level": 2,
    "link": "https://dorar.net/tafseer/5/34#tt17",
    "section": "al-maaidah",
    "answers": [
      {
        "answer": "وَحيُ نُبُوَّةٍ",
        "t": 0
      },
      {
        "answer": "وَحيُ إلهامٍ",
        "t": 1
      },
      {
        "answer": "وَحيُ رِسالةٍ",
        "t": 0
      }
    ]
  },
  {
    "id": 278,
    "q": "قال اللهُ تعالى: {يَا قَوْمِ ادْخُلُوا الْأَرْضَ الْمُقَدَّسَةَ الَّتِي كَتَبَ اللَّهُ لَكُمْ} المقصودُ بالأرضِ المقدَّسةِ هنا:",
    "level": 2,
    "link": "https://dorar.net/tafseer/5/9",
    "section": "al-maaidah",
    "answers": [
      {
        "answer": "بيتُ المَقدِسِ",
        "t": 1
      },
      {
        "answer": "بيتُ اللهِ الحرام",
        "t": 0
      },
      {
        "answer": "جَبلُ الطورِ",
        "t": 0
      }
    ]
  },
  {
    "id": 279,
    "q": "قال اللهُ تعالى: {يَقُولُونَ نَخْشَى أَنْ تُصِيبَنَا دَائِرَةٌ} أي:",
    "level": 2,
    "link": "https://dorar.net/tafseer/5/18",
    "section": "al-maaidah",
    "answers": [
      {
        "answer": "خوفًا من أنْ تقعَ علينا نائبةٌ من نوائبِ الدَّهرِ",
        "t": 1
      },
      {
        "answer": "خوفًا من أنْ تَلوكَنا الألسنةُ بالكلامِ عنَّا",
        "t": 0
      },
      {
        "answer": "خوفًا من أنْ نُفتنَ في الدِّينِ",
        "t": 0
      }
    ]
  },
  {
    "id": 272,
    "q": "قال اللهُ تعالى: {قَالَ اللَّهُ هَذَا يَوْمُ يَنْفَعُ الصَّادِقِينَ صِدْقُهُمْ} المَقصُودُ باليَومِ:",
    "level": 2,
    "link": "https://dorar.net/tafseer/5/35#tt9",
    "section": "al-maaidah",
    "answers": [
      {
        "answer": "يومُ القِيامةِ",
        "t": 1
      },
      {
        "answer": "اليومُ الذي نَجَّى اللهُ فيه مُوسى مِن فِرعَونَ",
        "t": 0
      },
      {
        "answer": "اليومُ الذي أُنزِلَت فيه المائدةُ على بَنِي إسْرائيلَ",
        "t": 0
      }
    ]
  },
  {
    "id": 261,
    "q": "المَقصودُ بقَولِه تعالى: {وَكَهْلًا} في آيةِ: {تُكَلِّمُ النَّاسَ فِي الْمَهْدِ وَكَهْلًا}:",
    "level": 2,
    "link": "https://dorar.net/tafseer/5/33#tt7",
    "section": "al-maaidah",
    "answers": [
      {
        "answer": "في طفولتِه",
        "t": 0
      },
      {
        "answer": "حينَ وُلِدَ",
        "t": 0
      },
      {
        "answer": "في كِبَرِه",
        "t": 1
      }
    ]
  },
  {
    "id": 264,
    "q": "قال اللهُ تعالى: {جَعَلَ اللَّهُ الْكَعْبَةَ الْبَيْتَ الْحَرَامَ قِيَامًا لِلنَّاسِ} معنى {قِيَامًا}:",
    "level": 2,
    "link": "https://dorar.net/tafseer/5/30",
    "section": "al-maaidah",
    "answers": [
      {
        "answer": "قِوامًا للنَّاسِ، تقومُ به مَصالحُ دِينِهم ومَصالحُ دُنْياهم",
        "t": 1
      },
      {
        "answer": "أنَّ الصَّلاةَ تُقامُ فيه",
        "t": 0
      },
      {
        "answer": "أنَّ فيه مَقامَ إبْراهيمَ",
        "t": 0
      }
    ]
  },
  {
    "id": 273,
    "q": "في قولِه تعالى: {قَالَ اللَّهُ هَذَا يَوْمُ يَنْفَعُ الصَّادِقِينَ صِدْقُهُمْ}، لماذا عبَّرَ بصِيغةِ الماضي عنِ المُستقبَلِ؟",
    "level": 2,
    "link": "https://dorar.net/tafseer/5/35#tt18",
    "section": "al-maaidah",
    "answers": [
      {
        "answer": "لأنَّ اللهَ تعالى إذا أرادَ شَيئًا قال له: كُنْ فيَكُونُ",
        "t": 0
      },
      {
        "answer": "للدَّلالةِ على تَحقُّقِ الوقوعِ",
        "t": 1
      },
      {
        "answer": "لِعِظَمِ هذا اليَومِ",
        "t": 0
      }
    ]
  },
  {
    "id": 263,
    "q": "قولُه تعالى: {قَالُوا لَا عِلْمَ لَنَا إِنَّكَ أَنْتَ عَلَّامُ الْغُيُوبِ}، مَنِ القَائِلُ:",
    "level": 2,
    "link": "https://dorar.net/tafseer/5/33#tt4",
    "section": "al-maaidah",
    "answers": [
      {
        "answer": "المَلائِكةُ",
        "t": 0
      },
      {
        "answer": "المُؤمِنُونَ",
        "t": 0
      },
      {
        "answer": "الرُّسُلُ",
        "t": 1
      }
    ]
  },
  {
    "id": 275,
    "q": "ما المَقصُودُ بالهَدْيِ:",
    "level": 2,
    "link": "https://dorar.net/tafseer/5/30#tt4",
    "section": "al-maaidah",
    "answers": [
      {
        "answer": "القَرابِينُ التي كان أَهلُ قُريشٍ يُقدِّمُونَها للحَجِيجِ",
        "t": 0
      },
      {
        "answer": "الذَّبائِحُ التي تُذبَحُ يومَ الأَضْحَى",
        "t": 0
      },
      {
        "answer": "الأَنعامُ التي تُهدَى إلى الحَرمِ مِن إبلٍ أو بقرٍ أو غَنمٍ؛ تقرُّبًا إلى اللهِ تعالى",
        "t": 1
      }
    ]
  },
  {
    "id": 277,
    "q": "قولُه تعالى: {وَلَا تَتَّبِعْ أَهْوَاءَهُمْ عَمَّا جَاءَكَ مِنَ الْحَقِّ}، الخِطابُ موجَّهٌ مِنَ اللهِ عزَّ وجلَّ إلى:",
    "level": 2,
    "link": "https://dorar.net/tafseer/5/17#tt16",
    "section": "al-maaidah",
    "answers": [
      {
        "answer": "مُوسى عليه السلامُ",
        "t": 0
      },
      {
        "answer": "محمدٍ صلَّى اللهُ عليه وسلَّمَ",
        "t": 1
      },
      {
        "answer": "عيسى عليه السلامُ",
        "t": 0
      }
    ]
  },
  {
    "id": 271,
    "q": "مَن سارَعَ في الإثمِ والعُدوانِ وأكْلِ السُّحتِ ففِيه شَبَهٌ مِن:",
    "level": 2,
    "link": "https://dorar.net/tafseer/5/21#tt16",
    "section": "al-maaidah",
    "answers": [
      {
        "answer": "المَجوسِ",
        "t": 0
      },
      {
        "answer": "اليَهودِ",
        "t": 1
      },
      {
        "answer": "النَّصارى",
        "t": 0
      }
    ]
  },
  {
    "id": 262,
    "q": "المَقصُودُ بقَولِه تعالى: {الْأَكْمَهَ}",
    "level": 2,
    "link": "https://dorar.net/tafseer/5/33#tt7",
    "section": "al-maaidah",
    "answers": [
      {
        "answer": "مَن يولَدُ أعْمَى",
        "t": 1
      },
      {
        "answer": "الأبْرَصُ",
        "t": 0
      },
      {
        "answer": "الأعْوَرُ",
        "t": 0
      }
    ]
  },
  {
    "id": 270,
    "q": "في قولِه تعالى: {فَإِنِّي أُعَذِّبُهُ عَذَابًا لَا أُعَذِّبُهُ أحَدًا مِنَ الْعَالَمِينَ}، دليلٌ على:",
    "level": 2,
    "link": "https://dorar.net/tafseer/5/34#tt17",
    "section": "al-maaidah",
    "answers": [
      {
        "answer": "أنَّ العَذابَ يَتفاوَتُ مِن شَخصٍ لآخَرَ",
        "t": 1
      },
      {
        "answer": "سَعةِ نارِ جَهنَّم",
        "t": 0
      },
      {
        "answer": "أنَّ الكَبائِرَ لا تُغتَفَرُ",
        "t": 0
      }
    ]
  },
  {
    "id": 276,
    "q": "الذينَ وصَفوا اللهَ تعالى بالبُخلِ، وزَعَموا أنَّ يدَه مَقبوضةٌ عنِ الإنفاقِ، تعالى اللهُ عن ذلِك علوًّا كبيرًا، هم:",
    "level": 2,
    "link": "https://dorar.net/tafseer/5/21#tt9",
    "section": "al-maaidah",
    "answers": [
      {
        "answer": "اليَهودُ",
        "t": 1
      },
      {
        "answer": "المَجوسُ",
        "t": 0
      },
      {
        "answer": "النَّصارَى",
        "t": 0
      }
    ]
  },
  {
    "id": 280,
    "q": "قال اللهُ تعالى: {وَالسَّارِقُ وَالسَّارِقَةُ فَاقْطَعُوا أَيْدِيَهُمَا} لماذا ذكَر السارقةَ؟",
    "level": 2,
    "link": "https://dorar.net/tafseer/5/13",
    "section": "al-maaidah",
    "answers": [
      {
        "answer": "ليُعلَمَ أنَّه يجبُ أن يجتمِعَ الذَّكرُ معَ الأُنْثى في السرقةِ الواحدةِ حتى يُقامَ الحدُّ عليهما",
        "t": 0
      },
      {
        "answer": "لدفْعِ تَوهُّمِ أنْ تكونَ صِيغةُ التذكيرِ في {السَّارِقِ} قَيدًا؛ بحيث لا يُجرَى حدُّ السَّرِقةِ إلَّا على الرِّجالِ",
        "t": 1
      },
      {
        "answer": "ليُبينَ أنَّ الدافعَ للسرقةِ هو الأُنثى",
        "t": 0
      }
    ]
  },
  {
    "id": 268,
    "q": "قولُه تعالى: {إِذْ أَيَّدْتُكَ بِرُوحِ الْقُدُسِ}، المقصودُ برُوحِ القُدُسِ:",
    "level": 2,
    "link": "https://dorar.net/tafseer/5/33",
    "section": "al-maaidah",
    "answers": [
      {
        "answer": "جِبريلُ عليه السلامُ",
        "t": 1
      },
      {
        "answer": "ملَكُ الموتِ",
        "t": 0
      },
      {
        "answer": "المَلَكُ الموكَّلُ ببيتِ المَقدِسِ",
        "t": 0
      }
    ]
  },
  {
    "id": 265,
    "q": "قَولُه تعالى: {هَلْ يَسْتَطِيعُ رَبُّكَ أَنْ يُنَزِّلَ عَلَيْنَا مَائِدَةً مِنَ السَّمَاءِ}، مَنِ القائلُ؟",
    "level": 2,
    "link": "https://dorar.net/tafseer/5/34#tt9",
    "section": "al-maaidah",
    "answers": [
      {
        "answer": "الصَّابِئةُ",
        "t": 0
      },
      {
        "answer": "الأسْباطُ",
        "t": 0
      },
      {
        "answer": "الحَوارِيُّونَ",
        "t": 1
      }
    ]
  }
]