[
  {
    "id": 299,
    "q": "في قَولِه تعالى: {تُخْرِجُ الْمَوْتَى بِإِذْنِي}، نَوعُ الإذنِ هُنا:",
    "level": 3,
    "link": "https://dorar.net/tafseer/5/33#tt17",
    "section": "al-maaidah",
    "answers": [
      {
        "answer": "إِذْنٌ شَرعِيٌّ",
        "t": 0
      },
      {
        "answer": "إِذْنٌ كَوْنيٌّ قَدَريٌّ",
        "t": 1
      },
      {
        "answer": "إِذْنٌ تَعَبُّديٌّ",
        "t": 0
      }
    ]
  },
  {
    "id": 293,
    "q": "قولُه تعالى: {فَمَنْ يَمْلِكُ مِنَ اللهِ شَيْئًا}، نوعُ الاستِفهامِ في الآيةِ:",
    "level": 3,
    "link": "https://dorar.net/tafseer/5/8#tt18",
    "section": "al-maaidah",
    "answers": [
      {
        "answer": "استِفهامٌ للتَّعَجُّبِ",
        "t": 0
      },
      {
        "answer": "استِفهامٌ تَقريريٌّ",
        "t": 0
      },
      {
        "answer": "استِفهامٌ للإنكارِ والتَّوبيخِ",
        "t": 1
      }
    ]
  },
  {
    "id": 282,
    "q": "قال اللهُ تعالى: {واحْذَرْهُمْ أَنْ يَفْتِنُوكَ عَنْ بَعْضِ مَا أَنْزَلَ اللَّهُ إِلَيْكَ}، هذه الآيةُ تدُلُّ على:",
    "level": 3,
    "link": "https://dorar.net/tafseer/5/17#tt17",
    "section": "al-maaidah",
    "answers": [
      {
        "answer": "أنَّ الرَّسولَ صَلَّى اللهُ عَلَيْهِ وَسَلَّمَ مَعصُومٌ عنِ الخَطأِ والنِّسيانِ",
        "t": 0
      },
      {
        "answer": "أنَّ الكُفَّار حَريصُونَ كلَّ الحِرصِ على إضلالِ المُسلِمينَ عن دِينهِم",
        "t": 0
      },
      {
        "answer": "أنَّ الخَطأَ والنِّسيانَ جائِزانِ على الرَّسولِ ﷺ",
        "t": 1
      }
    ]
  },
  {
    "id": 297,
    "q": "يُستَفادُ مِن قَولِه تعالى: {إِلَّا الَّذِينَ تَابُوا مِنْ قَبْلِ أَنْ تَقْدِرُوا عَلَيْهِمْ} :",
    "level": 3,
    "link": "https://dorar.net/tafseer/5/11#tt17",
    "section": "al-maaidah",
    "answers": [
      {
        "answer": "أنَّ التَّوبةَ لا أثَرَ لها في إِقامةِ حَدِّ الحِرابةِ",
        "t": 0
      },
      {
        "answer": "أنَّ التَّوبةَ تُسقِطُ حَدَّ الحِرابةِ سَواءٌ كانت قبلَ القُدرةِ عليهم أو بعدَها",
        "t": 0
      },
      {
        "answer": "أنَّه إذا كانتِ التوبةُ قَبلَ القُدرةِ عليهم تَمنَعُ من إقامةِ الحدِّ في الحِرابةِ",
        "t": 1
      }
    ]
  },
  {
    "id": 284,
    "q": "في قولِه تعالى: {أَفَحُكْمَ الْجَاهِلِيَّةِ يَبْغُونَ} نوعُ الاستِفهامِ:",
    "level": 3,
    "link": "https://dorar.net/tafseer/5/17#tt18",
    "section": "al-maaidah",
    "answers": [
      {
        "answer": "استِفهامٌ حقيقيٌّ",
        "t": 0
      },
      {
        "answer": "استِفهامٌ تَقرِيريٌّ",
        "t": 0
      },
      {
        "answer": "استِفهامٌ إِنكارِيٌّ",
        "t": 1
      }
    ]
  },
  {
    "id": 285,
    "q": "قال اللهُ تعالى: {إِذَا آتَيْتُمُوهُنَّ أُجُورَهُنَّ}، تسميةُ المهرِ بالأجْرِ:",
    "level": 3,
    "link": "https://dorar.net/tafseer/5/3#tt9",
    "section": "al-maaidah",
    "answers": [
      {
        "answer": "أنَّ المهرَ غيرُ واجبٍ؛ ولكن يُستَحب",
        "t": 0
      },
      {
        "answer": "يدُلُّ على أنَّ الصَّداقَ لا يُقدَّرُ",
        "t": 1
      },
      {
        "answer": "تدُلُّ على أنَّ الصَّداقَ لا بدَّ أن يُقدَّرَ بقَدْرٍ",
        "t": 0
      }
    ]
  },
  {
    "id": 294,
    "q": "مَنِ المَقصُودُ بقَولِه تعالى: {يُحَرِّفُونَ الْكَلِمَ مِنْ بَعْدِ مَوَاضِعِهِ}:",
    "level": 3,
    "link": "https://dorar.net/tafseer/5/14#tt16",
    "section": "al-maaidah",
    "answers": [
      {
        "answer": "النَّصارى",
        "t": 0
      },
      {
        "answer": "المُنافِقونَ",
        "t": 0
      },
      {
        "answer": "اليَهودُ",
        "t": 1
      }
    ]
  },
  {
    "id": 292,
    "q": "قولُه تعالى: {وَالْمُحْصَنَاتُ مِنَ الَّذِينَ أُوتُوا الْكِتَابَ} فيه:",
    "level": 3,
    "link": "https://dorar.net/tafseer/5/3#tt9",
    "section": "al-maaidah",
    "answers": [
      {
        "answer": "تَحريمُ الزواجِ منَ الإماءِ مُطلقًا",
        "t": 0
      },
      {
        "answer": "أنَّ الإماءَ مِن أهلِ الكتابِ لا يُباحُ للمُسلمِ الزواجُ بهنَّ ولو خافَ العنَتَ",
        "t": 1
      },
      {
        "answer": "جَوازُ الزواجِ منَ الإماءِ الكِتابيَّاتِ",
        "t": 0
      }
    ]
  },
  {
    "id": 287,
    "q": "في قولِه تعالى: {وَلْيَحْكُمْ أَهْلُ الْإِنْجِيلِ}، مِن أنواعِ البَلاغةِ:",
    "level": 3,
    "link": "https://dorar.net/tafseer/5/16#tt18",
    "section": "al-maaidah",
    "answers": [
      {
        "answer": "إطنابٌ",
        "t": 0
      },
      {
        "answer": "إيجازٌ بالحَذفِ",
        "t": 1
      },
      {
        "answer": "كِنايَةٌ",
        "t": 0
      }
    ]
  },
  {
    "id": 290,
    "q": "في قولِه تعالى: {وَمَا عَلَّمْتُمْ مِنَ الْجَوَارِحِ مُكَلِّبِينَ} كلمةُ: (مُكَلِّبِينَ) مَنصُوبةٌ لأنها:",
    "level": 3,
    "link": "https://dorar.net/tafseer/5/3#tt8",
    "section": "al-maaidah",
    "answers": [
      {
        "answer": "تمييزٌ لـ (الجَوارح)",
        "t": 0
      },
      {
        "answer": "حَالٌ مِن فاعِلِ )عَلَّمْتُمْ)",
        "t": 1
      },
      {
        "answer": "مَفعُولٌ به لفعلٍ محذوفٍ",
        "t": 0
      }
    ]
  },
  {
    "id": 286,
    "q": "في قولِه تعالى: {فتَرَى الَّذِينَ فِي قُلُوبِهِمْ مَرَضٌ يُسَارِعُونَ فِيهِمْ} المقصودُ بالضميرِ في (فِيهِم) هم:",
    "level": 3,
    "link": "https://dorar.net/tafseer/5/18#tt4",
    "section": "al-maaidah",
    "answers": [
      {
        "answer": "الأعرابُ",
        "t": 0
      },
      {
        "answer": "المُنافِقونَ",
        "t": 0
      },
      {
        "answer": "اليَهودُ والنَّصارى",
        "t": 1
      }
    ]
  },
  {
    "id": 295,
    "q": "في قولِه تعالى: {وَكَيْفَ يُحَكِّمُونَكَ وَعِنْدَهُمُ التَّوْرَاةُ} استفهامٌ:",
    "level": 3,
    "link": "https://dorar.net/tafseer/5/14#tt18",
    "section": "al-maaidah",
    "answers": [
      {
        "answer": "للنَّفيِ",
        "t": 0
      },
      {
        "answer": "للتَّعَجُّبِ",
        "t": 1
      },
      {
        "answer": "للتَّوبِيخِ",
        "t": 0
      }
    ]
  },
  {
    "id": 289,
    "q": "قال اللهُ تعالى: {ذَلِكَ فَضْلُ اللَّهِ يُؤْتِيهِ مَنْ يَشَاءُ وَاللَّهُ وَاسِعٌ عَلِيمٌ}، في جملةِ: (وَاللَّهُ وَاسِعٌ عَلِيمٌ) مِن أنْواعِ البلاغةِ:",
    "level": 3,
    "link": "https://dorar.net/tafseer/5/19#tt18",
    "section": "al-maaidah",
    "answers": [
      {
        "answer": "تَشْبِيهٌ مُجمَلٌ للتَّوضِيحِ والتَّبيِينِ",
        "t": 0
      },
      {
        "answer": "اعتِراضٌ تَذْييليٌّ مُقرِّرٌ لِمَا قبلَه",
        "t": 1
      },
      {
        "answer": "تَقريرٌ على طَريقةِ الالتِفاتِ",
        "t": 0
      }
    ]
  },
  {
    "id": 288,
    "q": "حُكمُ مُوالاةِ اليهودِ والنَّصارى:",
    "level": 3,
    "link": "https://dorar.net/tafseer/5/18",
    "section": "al-maaidah",
    "answers": [
      {
        "answer": "حَرامٌ؛ لأنَّ اللهَ تعالى نَهى عن مُوالاتِهم نَهْيًا شَديدًا",
        "t": 1
      },
      {
        "answer": "جائِزٌ؛ لأنَّهم أهلُ كِتابٍ",
        "t": 0
      },
      {
        "answer": "مَكرُوهٌ؛ لأنَّهم حَرَّفُوا كُتُبَهم",
        "t": 0
      }
    ]
  },
  {
    "id": 291,
    "q": "حُكمُ الاصطِيادِ بالطُّيُورِ والسِّباعِ المُعَلَّمةِ:",
    "level": 3,
    "link": "https://dorar.net/tafseer/5/3#tt9",
    "section": "al-maaidah",
    "answers": [
      {
        "answer": "مَكروهٌ",
        "t": 0
      },
      {
        "answer": "مُحرَّمٌ",
        "t": 0
      },
      {
        "answer": "جائِزٌ",
        "t": 1
      }
    ]
  },
  {
    "id": 283,
    "q": "إذا تحاكَمَ إلينا أهلُ الكتابِ؛ فإنَّنا:",
    "level": 3,
    "link": "https://dorar.net/tafseer/5/17#tt17",
    "section": "al-maaidah",
    "answers": [
      {
        "answer": "نَحكُمُ بَينَهم بما أنزلَ اللهُ في القُرآنِ",
        "t": 1
      },
      {
        "answer": "نَحكُمُ بَينَهم بِشَرِيعَتِهم",
        "t": 0
      },
      {
        "answer": "نَحكُمُ بَينَهم بالعُرف",
        "t": 0
      }
    ]
  },
  {
    "id": 281,
    "q": "يُستَفادُ مِن قَولِه تعالى: {وَأَنْزَلْنَا إِلَيْكَ الْكِتَابَ بِالْحَقِّ مُصَدِّقًا لِمَا بَيْنَ يَدَيْهِ مِنَ الْكِتَابِ وَمُهَيْمِنًا عَلَيْهِ}:",
    "level": 3,
    "link": "https://dorar.net/tafseer/5/17#tt17\n",
    "section": "al-maaidah",
    "answers": [
      {
        "answer": "أنَّ القُرآنَ ناسِخٌ لِمَا قَبلَه مِن الكتُبِ",
        "t": 1
      },
      {
        "answer": "أنَّ الكُتبَ المُنزَّلةَ مِن عندِ اللهِ كلَّها شَرائِعُ وأحْكامٌ واحِدةٌ لا اختِلافَ بينَها",
        "t": 0
      },
      {
        "answer": "أنَّ القُرآنَ الكريمَ تتمَّةٌ وتَكملةٌ لما في التَّوراةِ والإِنجِيلِ",
        "t": 0
      }
    ]
  },
  {
    "id": 298,
    "q": "قولُه عزَّ وجلَّ -حكايةً عن موسى مخاطبًا بني إسْرائيلَ-: {وَآتَاكُمْ مَا لَمْ يُؤْتِ أَحَدًا مِنَ الْعَالَمِينَ}، المقصودُ بالعالَمينَ هنا:",
    "level": 3,
    "link": "https://dorar.net/tafseer/5/9",
    "section": "al-maaidah",
    "answers": [
      {
        "answer": "كلُّ البشر التي سَبقتهُم",
        "t": 0
      },
      {
        "answer": "الإنسُ والجِنُّ",
        "t": 0
      },
      {
        "answer": "أهلُ زمانِهم",
        "t": 1
      }
    ]
  },
  {
    "id": 296,
    "q": "قال اللهُ تعالى: {إِذْ هَمَّ قَوْمٌ أَنْ يَبْسُطُوا إِلَيْكُمْ أَيْدِيَهُمْ فَكَفَّ أَيْدِيَهُمْ عَنْكُمْ}، إظهارُ {أَيْدِيَهُمْ} في موقِعِ الإضْمارِ:",
    "level": 3,
    "link": "https://dorar.net/tafseer/5/5#tt17",
    "section": "al-maaidah",
    "answers": [
      {
        "answer": "للتعجبِ",
        "t": 0
      },
      {
        "answer": "لزِيادةِ التَّقريرِ",
        "t": 1
      },
      {
        "answer": "للإنكارِ",
        "t": 0
      }
    ]
  },
  {
    "id": 300,
    "q": "في قَولِه تعالى: {وَإِذْ تَخْلُقُ مِنَ الطِّينِ كَهَيْئَةِ الطَّيْرِ بِإِذْنِي فَتَنْفُخُ فِيهَا فَتَكُونُ طَيْرًا بِإِذْنِي وَتُبْرِئُ الْأَكْمَهَ...} التعبيرُ بالمضارعِ عن أفعالٍ مضَتْ.. لماذا؟",
    "level": 3,
    "link": "https://dorar.net/tafseer/5/33#tt18",
    "section": "al-maaidah",
    "answers": [
      {
        "answer": "لإفادةِ الاستِمرارِ",
        "t": 0
      },
      {
        "answer": "لأنَّ المُعجِزاتِ باقِيةٌ لا تَمُوتُ",
        "t": 0
      },
      {
        "answer": "لِتَصوِيرِ ذلك الماضِي وتَمثيلِه حاضِرًا في الذِّهْنِ",
        "t": 1
      }
    ]
  }
]