[
  {
    "id": 3084,
    "q": "صادَقَ البرلمانُ الكُويتيُّ سنةَ 2012م على تطبيقِ عُقوبةِ الإعْدامِ على:",
    "level": 2,
    "link": "https://www.dorar.net/history/?page=295",
    "section": "moasir",
    "answers": [
      {
        "answer": "كلِّ مَن يتعرَّضُ لسبِّ شخصِ أميرِ البلادِ أو أعضاءِ مجلِسِ الوزراءِ",
        "t": 0
      },
      {
        "answer": "كلِّ مَن يحاولُ إثارةَ الشغَبِ والفِتنِ على خَلفيةٍ دينيةٍ أو طائفيةٍ",
        "t": 0
      },
      {
        "answer": "كلِّ مَن يُدانُ بسبِّ الذاتِ الإلهيَّةِ أو النبيِّ محمدٍ ﷺ وزَوجاتِه الكَريماتِ",
        "t": 1
      }
    ]
  },
  {
    "id": 3077,
    "q": "كانت سببًا رئيسًا لتدخُّلِ أمريكا وحُلفائِها في البلادِ الإسلاميةِ لملاحَقةِ تنظيمِ القاعدةِ:",
    "level": 2,
    "link": "https://www.dorar.net/history/?page=284",
    "section": "moasir",
    "answers": [
      {
        "answer": "أحداثُ 11 سبتمبرَ 2001م",
        "t": 1
      },
      {
        "answer": "العملياتُ النوويةُ العسكريةُ العراقيةُ",
        "t": 0
      },
      {
        "answer": "محاولةُ العراقِ ضربَ إيرانَ بأسلحةِ الدمارِ الشامِلِ",
        "t": 0
      }
    ]
  },
  {
    "id": 3073,
    "q": "يُعَدُّ عامُ 1987م هو عامَ بَدءِ ",
    "level": 2,
    "link": "https://www.dorar.net/history/?page=278",
    "section": "moasir",
    "answers": [
      {
        "answer": "الانتفاضةِ الفِلَسطينيَّةِ الثالثةِ",
        "t": 0
      },
      {
        "answer": "الانتفاضةِ الفِلَسطينيَّةِ الثانيةِ",
        "t": 0
      },
      {
        "answer": "الانتفاضةِ الفِلَسطينيَّةِ الأُولى",
        "t": 1
      }
    ]
  },
  {
    "id": 3070,
    "q": "السببُ الرئيسُ في انفِصالِ الوَحدةِ بينَ مصرَ وسوريا:",
    "level": 2,
    "link": "https://www.dorar.net/history/?page=265",
    "section": "moasir",
    "answers": [
      {
        "answer": "تَعْيينُ المشيرِ عبدِ الحكيمِ عامر حاكِمًا على سوريا في عامِ 1379هـ / 1959م",
        "t": 1
      },
      {
        "answer": "استِبدادُ عبدِ الناصِرِ بحكمِ الدولَتَينِ وعدمُ مُشاورتِه للحكومةِ السوريةِ",
        "t": 0
      },
      {
        "answer": "تدخُّلُ عبدِ الناصِرِ في اليمَنِ دونَ طائلٍ بالنسبةِ للوَحدةِ",
        "t": 0
      }
    ]
  },
  {
    "id": 3082,
    "q": "أعلَنَت وسائلُ إعْلامٍ أمريكيةٌ متعَدِّدةٌ خُطَطَ كَنيسةٍ أمريكيةٍ للإعْلانِ عن يومٍ عالميٍّ يُسمَّى:",
    "level": 2,
    "link": "https://www.dorar.net/history/?page=293",
    "section": "moasir",
    "answers": [
      {
        "answer": "اليومَ العالميَّ للكنائسِ البروتستانتيَّةِ",
        "t": 0
      },
      {
        "answer": "اليومَ العالميَّ لحَرقِ القرآنِ",
        "t": 1
      },
      {
        "answer": "اليومَ العالميَّ لقراءةِ الإنجيلِ",
        "t": 0
      }
    ]
  },
  {
    "id": 3069,
    "q": "قَرَّرَت أولُ حكومةٍ صهيونيةٍ تشكيلَ \"جيشِ الدفاعِ الإسرائيليِّ\":",
    "level": 2,
    "link": "https://www.dorar.net/history/?page=260",
    "section": "moasir",
    "answers": [
      {
        "answer": "منَ التجنيدِ الإجْباريِّ لليهودِ العربِ",
        "t": 0
      },
      {
        "answer": "منَ التجنيدِ التنظيميِّ لليهودِ من كلِّ الجنسياتِ",
        "t": 0
      },
      {
        "answer": "من عناصرِ عصابةِ \"الهاجاناه\" الصهيونيةِ",
        "t": 1
      }
    ]
  },
  {
    "id": 3067,
    "q": "اعتَرَفَت هولندا بسُلطةِ الحكومةِ القائمةِ الفِعليةِ على جُزرِ جاوه وسومَطرةَ ومادورا:",
    "level": 2,
    "link": "https://www.dorar.net/history/?page=257",
    "section": "moasir",
    "answers": [
      {
        "answer": "لعدمِ تمكُّنِها من الوضعِ فيها وانْشِغالِها بالمشاكِلِ الداخليةِ في هولندا",
        "t": 0
      },
      {
        "answer": "لتَيقُّنِهم من قوَّةِ التحالُفِ الإسلاميِّ",
        "t": 1
      },
      {
        "answer": "لضغطِ قراراتِ مجلِسِ الأمنِ عليها ",
        "t": 0
      }
    ]
  },
  {
    "id": 3074,
    "q": "بعدَ حربٍ دامَت أكثرَ من 8 سنواتٍ انسحَبَ الاتحادُ السوفييتيُّ من:",
    "level": 2,
    "link": "https://www.dorar.net/history/?page=278",
    "section": "moasir",
    "answers": [
      {
        "answer": "أُوزْباكستانَ",
        "t": 0
      },
      {
        "answer": "داغِسْتانَ",
        "t": 0
      },
      {
        "answer": "أفْغانِستانَ",
        "t": 1
      }
    ]
  },
  {
    "id": 3079,
    "q": "اندَلَعت المظاهراتُ في باكستانَ احتجاجًا على تكريمِ بريطانيا لـ:",
    "level": 2,
    "link": "https://www.dorar.net/history/?page=288",
    "section": "moasir",
    "answers": [
      {
        "answer": "سلمان رشدي",
        "t": 1
      },
      {
        "answer": "مسعود خان",
        "t": 0
      },
      {
        "answer": "محمَّد علي جناح ",
        "t": 0
      }
    ]
  },
  {
    "id": 3071,
    "q": "كان الهدفُ الرئيسيُّ من إنْشاءِ مُنظَّمةِ التحريرِ الفِلسطينيةِ هو: ",
    "level": 2,
    "link": "https://www.dorar.net/history/?page=267",
    "section": "moasir",
    "answers": [
      {
        "answer": "تحريرُ فِلَسطينَ عبرَ الكفاحِ المسلَّحِ",
        "t": 1
      },
      {
        "answer": "إقامةُ قواعِدَ سليمةٍ لتَنظيمِ الشعبِ الفِلسطينيِّ",
        "t": 0
      },
      {
        "answer": "إنشاءُ دولةٍ ديمقراطيةٍ ضِمنَ حدودِ فِلَسطينَ الانتدابيَّةِ",
        "t": 0
      }
    ]
  },
  {
    "id": 3085,
    "q": "أعلَنتِ الولاياتُ المتحِدةُ الأمريكيَّةُ عن تحالُفٍ دوليٍّ كبيرٍ لعَشَراتِ الدُّولِ الغربيَّةِ والعربيَّةِ ضدَّ:",
    "level": 2,
    "link": "https://www.dorar.net/history/?page=300",
    "section": "moasir",
    "answers": [
      {
        "answer": "تنظيمِ \"الدولةِ الإسلاميَّةِ\" (داعش)",
        "t": 1
      },
      {
        "answer": "تنظيمِ القاعدةِ بأفْغانِستانِ",
        "t": 0
      },
      {
        "answer": "الحوثيِّينَ باليَمنِ",
        "t": 0
      }
    ]
  },
  {
    "id": 3068,
    "q": "صاحبُ أولِ فَتيلٍ للمُشكلةِ الكشميريةِ: ",
    "level": 2,
    "link": "https://www.dorar.net/history/?page=259",
    "section": "moasir",
    "answers": [
      {
        "answer": "محمَّد علي جناح حاكمُ باكستانَ",
        "t": 0
      },
      {
        "answer": "المِهْراجا الهُندوسيُّ \"هري سنغ\" حاكِمُ كَشميرَ",
        "t": 1
      },
      {
        "answer": "الشيخُ محمَّد عبد الله زعيمُ حزبِ \"المؤتمرِ الوطنيِّ الإسلاميِّ\"",
        "t": 0
      }
    ]
  },
  {
    "id": 3081,
    "q": "قَضَتِ المحكمةُ الدُّستوريةُ في تُركيا ببُطلانِ قرارِ: ",
    "level": 2,
    "link": "https://www.dorar.net/history/?page=290",
    "section": "moasir",
    "answers": [
      {
        "answer": "استخدامِ اللغةِ العربيةِ كلغة رَسميَّة في البِلاد",
        "t": 0
      },
      {
        "answer": "حظرِ الحجابِ للنِّساءِ داخِلَ الجامعاتِ التركيةِ",
        "t": 1
      },
      {
        "answer": "حظرِ النقابِ للنساءِ في الأماكِن العامَّة",
        "t": 0
      }
    ]
  },
  {
    "id": 3066,
    "q": " السببُ الأقْوى لاحْتلالِ إيرانَ لمنطقةِ عَربستانَ (الأحوازِ):",
    "level": 2,
    "link": "https://www.dorar.net/history/?page=250",
    "section": "moasir",
    "answers": [
      {
        "answer": "لأنَّها كانت تابعةً لإيرانَ من قبلُ",
        "t": 0
      },
      {
        "answer": "لاضطهادِ أهلِ السُّنةِ فيها ",
        "t": 0
      },
      {
        "answer": " لكونِها غَنيَّةً بالموارِدِ الطبيعيةِ منَ النفطِ والغازِ",
        "t": 1
      }
    ]
  },
  {
    "id": 3076,
    "q": "تصاعَدَ النزاعُ بينَ مصرَ والسودانِ بعدَ:",
    "level": 2,
    "link": "https://www.dorar.net/history/?page=282",
    "section": "moasir",
    "answers": [
      {
        "answer": "وقوعِ مشكلةِ حلايبَ وشَلاتينَ",
        "t": 0
      },
      {
        "answer": "بناءِ السودانِ سدًّا كبيرًا يُقلِّلُ حصةَ مصرَ في مياهِ النيلِ",
        "t": 0
      },
      {
        "answer": "محاوَلةِ اغْتيالِ الرئيسِ المصريِّ مباركٍ في أَديسَ أبابا",
        "t": 1
      }
    ]
  },
  {
    "id": 3072,
    "q": "كان أحدُ الأسبابِ في هجومِ إسرائيلَ على مصرَ في 1967:",
    "level": 2,
    "link": "https://\nwww.dorar.net/history/?page=268",
    "section": "moasir",
    "answers": [
      {
        "answer": "بَدءَ مصرَ بالهجومِ على إسرائيلَ",
        "t": 0
      },
      {
        "answer": "تأميمَ شركةِ قناةِ السوَيسِ",
        "t": 0
      },
      {
        "answer": "إغلاقَ خليجِ العقبةِ أمامَ السُّفنِ الإسرائيليةِ والسُّفنِ التي تحمِلُ البضائعَ لها",
        "t": 1
      }
    ]
  },
  {
    "id": 3083,
    "q": "ظَهَرتْ في مِصرَ السُّنيةِ سنةَ 2011م لأولِ مرةٍ ما يُسمَّى بـ:",
    "level": 2,
    "link": "https://www.dorar.net/history/?page=295",
    "section": "moasir",
    "answers": [
      {
        "answer": "احتفالاتِ عاشوراءَ الشيعيَّةِ",
        "t": 1
      },
      {
        "answer": "المزاراتِ الشيعيةِ",
        "t": 0
      },
      {
        "answer": "الحُسينيَّات",
        "t": 0
      }
    ]
  },
  {
    "id": 3080,
    "q": "قرَّرَ المحتلُّ الصِّهْيَوْنيُّ هدْمَ المسجدِ العُمَريَّ الواقعَ في قريةِ أُمِّ طوبا جنوبَ مدينةِ القُدسِ بدَعْوى:",
    "level": 2,
    "link": "https://www.dorar.net/history/?page=289",
    "section": "moasir",
    "answers": [
      {
        "answer": "استخدامِ المقاومة الفلسطينية له في بعضِ الأعمالِ الإرهابيةِ",
        "t": 0
      },
      {
        "answer": "أنَّ أصلَ مكانِه كَنيسة العَذراء",
        "t": 0
      },
      {
        "answer": "البناءِ غيرِ المرخَّصِ دونَ سابقِ إنذارٍ",
        "t": 1
      }
    ]
  },
  {
    "id": 3075,
    "q": "وقعَتْ أزمةٌ بينَ موريتانيا والسنغالِ بسببِ:",
    "level": 2,
    "link": "https://www.dorar.net/history/?page=279",
    "section": "moasir",
    "answers": [
      {
        "answer": "النزاعِ على جبالِ الماسِ على الحدودِ",
        "t": 0
      },
      {
        "answer": "الزُّنوجِ في الصحْراءِ المتاخِمةِ للبلَدَينِ",
        "t": 1
      },
      {
        "answer": "اتِّهامِ كلٍّ منهما بمُساعَدةِ المتمَرِّدينَ في البلدِ الآخَرِ",
        "t": 0
      }
    ]
  },
  {
    "id": 3078,
    "q": "اختارَتِ القيادةُ العراقيةُ الجديدةُ التي يَتزعَّمُها الشيعةُ لتنفيذِ حُكمِ الإعْدامِ على صدام حُسين يومَ: ",
    "level": 2,
    "link": "https://www.dorar.net/history/?page=288",
    "section": "moasir",
    "answers": [
      {
        "answer": "التحريرِ  9 نيسان",
        "t": 0
      },
      {
        "answer": "عيدِ الأضْحى",
        "t": 1
      },
      {
        "answer": "عاشوراءَ",
        "t": 0
      }
    ]
  }
]