[
  {
    "id": 3046,
    "q": "استمَرَّتِ القَطيعةُ بينَ مصرَ والسعوديةِ من حادثةِ المحمَلِ إلى:",
    "level": 1,
    "link": "https://www.dorar.net/history/?page=252",
    "section": "moasir",
    "answers": [
      {
        "answer": "تدخُّلِ بريطانيا في الصُّلحِ",
        "t": 0
      },
      {
        "answer": "وفاةِ الملكِ فؤادٍ 1355هـ",
        "t": 1
      },
      {
        "answer": "إلغاءِ الملكيَّةِ في مصرَ",
        "t": 0
      }
    ]
  },
  {
    "id": 3062,
    "q": "أثَّرَت محاولةُ اغْتيالِ الرئيسِ مبارك على العَلاقاتِ:",
    "level": 1,
    "link": "https://www.dorar.net/history/?page=281",
    "section": "moasir",
    "answers": [
      {
        "answer": "المصريةِ الإثيوبيةِ",
        "t": 0
      },
      {
        "answer": "المصريةِ السودانيةِ",
        "t": 1
      },
      {
        "answer": "المصريةِ الصوماليةِ",
        "t": 0
      }
    ]
  },
  {
    "id": 3056,
    "q": "للضغْطِ على الولاياتِ المتحِدةِ في حربِ 1973م؛ استخدَمَتِ الدولُ العربيةُ سلاحَ: ",
    "level": 1,
    "link": "https://www.dorar.net/history/?page=271",
    "section": "moasir",
    "answers": [
      {
        "answer": "النوويِّ",
        "t": 0
      },
      {
        "answer": "النفطِ",
        "t": 1
      },
      {
        "answer": "الإمْدادِ العَسكريِّ",
        "t": 0
      }
    ]
  },
  {
    "id": 3058,
    "q": "بدأ تَطبيقُ الشريعةِ الإسلاميةِ في السودانِ يُنفَّذُ مِن شهرِ ذي الحِجةِ 1403هـ / أيلول 1983م:",
    "level": 1,
    "link": "https://www.dorar.net/history/?page=276",
    "section": "moasir",
    "answers": [
      {
        "answer": "فاستَحسَنت جامعةُ الدولِ العربيةِ القرارَ وأيَّدَته",
        "t": 0
      },
      {
        "answer": "فأثارَ هذا الأمرُ الأعداءَ شرقًا وغَربًا",
        "t": 1
      },
      {
        "answer": "فقاطَعت كثيرٌ من الدولِ العربيةِ السودانَ",
        "t": 0
      }
    ]
  },
  {
    "id": 3064,
    "q": "سقَطَتِ العاصمةُ العراقيةُ بغدادُ على يدِ القوَّاتِ الأمريكيةِ التي قادَتْ تَحالُفًا دوليًّا بحُجةِ امتلاكِ النظامِ العِراقيِّ أسلحةً محظورةً:",
    "level": 1,
    "link": "https://www.dorar.net/history/?page=285",
    "section": "moasir",
    "answers": [
      {
        "answer": "سنةَ 2005م",
        "t": 0
      },
      {
        "answer": "سنةَ 2003م",
        "t": 1
      },
      {
        "answer": "سنةَ 2010م",
        "t": 0
      }
    ]
  },
  {
    "id": 3065,
    "q": "أعلَنَتِ الولاياتُ المتحدةُ الأمريكيةُ عن قَتلِ:",
    "level": 1,
    "link": "https://www.dorar.net/history/?page=293",
    "section": "moasir",
    "answers": [
      {
        "answer": "أبي مُصعَبٍ الزَّرقاويِّ",
        "t": 0
      },
      {
        "answer": "أسامةَ بنِ لادنٍ زعيمِ تنظيمِ القاعدةِ",
        "t": 1
      },
      {
        "answer": "أبي بكرٍ البَغداديِّ ",
        "t": 0
      }
    ]
  },
  {
    "id": 3048,
    "q": "ظهَرَ أولُ بئرِ نِفطٍ في السعوديةِ في عامِ 1354هـ / 1935م في:",
    "level": 1,
    "link": "https://www.dorar.net/history/?page=254",
    "section": "moasir",
    "answers": [
      {
        "answer": "القطيفُ",
        "t": 0
      },
      {
        "answer": "الدمامُ",
        "t": 1
      },
      {
        "answer": "الغوارُ",
        "t": 0
      }
    ]
  },
  {
    "id": 3049,
    "q": "أصدرَتِ الحكومةُ التركيةُ برئاسةِ مصطفى كمال أتاتورك قرارًا حكوميًّا سنةَ 1353هـ 1934م بتوقُّفِ الصلاةِ في:",
    "level": 1,
    "link": "https://www.dorar.net/history/?page=255",
    "section": "moasir",
    "answers": [
      {
        "answer": "جامعِ الفاتِحِ",
        "t": 0
      },
      {
        "answer": "جامعِ أيوب سُلطان",
        "t": 0
      },
      {
        "answer": "جامِعِ آيا صُوفْيا",
        "t": 1
      }
    ]
  },
  {
    "id": 3053,
    "q": "تَنظيمٌ في الجيشِ المصريِّ قام بانقِلابٍ مُسلَّحٍ لم تُرَقْ به دماءٌ:",
    "level": 1,
    "link": "https://www.dorar.net/history/?page=261",
    "section": "moasir",
    "answers": [
      {
        "answer": "تنظيمُ العملِ الحُرِّ",
        "t": 0
      },
      {
        "answer": "تنظيمُ الضبَّاطِ الأحْرارِ",
        "t": 1
      },
      {
        "answer": "تنظيمُ الجيشِ الحُرِّ",
        "t": 0
      }
    ]
  },
  {
    "id": 3051,
    "q": "أُنشِئَت جامعةُ الدولِ العربيةِ على أساسِ:",
    "level": 1,
    "link": "https://www.dorar.net/history/?page=257",
    "section": "moasir",
    "answers": [
      {
        "answer": "وَحدةِ الدولِ العربيةِ المستقِلَّةِ بما لا يمَسُّ استقلالَها وسيادَتَها",
        "t": 1
      },
      {
        "answer": "الوَحدةِ الإقليميةِ الفَرعيةِ",
        "t": 0
      },
      {
        "answer": "وَحدةٍ فيدراليةٍ أو كونفدراليةٍ بينَ الدولِ المَعنيَّةِ",
        "t": 0
      }
    ]
  },
  {
    "id": 3054,
    "q": "بسببِ إقْدامِها على الاعترافِ بدولةِ إسرائيلَ قامتْ جامعةُ الدولِ العربيةِ بفَرضِ مُقاطعةٍ اقتصاديةٍ على:",
    "level": 1,
    "link": "https://www.dorar.net/history/?page=264",
    "section": "moasir",
    "answers": [
      {
        "answer": "المملكةِ الأُردنيةِ",
        "t": 0
      },
      {
        "answer": "دولةِ إيرانَ",
        "t": 1
      },
      {
        "answer": "دولةِ تُركيا",
        "t": 0
      }
    ]
  },
  {
    "id": 3047,
    "q": "تمَّ اكتشافُ النِّفطِ العِراقيِّ في عهدِ وزارةِ جَعفرٍ العَسكريِّ في:",
    "level": 1,
    "link": "https://www.dorar.net/history/?page=252",
    "section": "moasir",
    "answers": [
      {
        "answer": "بغدادَ",
        "t": 0
      },
      {
        "answer": "البصرةِ",
        "t": 0
      },
      {
        "answer": "كَركوكَ",
        "t": 1
      }
    ]
  },
  {
    "id": 3055,
    "q": "أُسِّسَت في بغدادَ مُنظمةُ البُلدانِ المصدِّرةِ للنفْطِ:",
    "level": 1,
    "link": "https://www.dorar.net/history/?page=265",
    "section": "moasir",
    "answers": [
      {
        "answer": "جيفك",
        "t": 0
      },
      {
        "answer": "أوبك",
        "t": 1
      },
      {
        "answer": "سيسرك",
        "t": 0
      }
    ]
  },
  {
    "id": 3063,
    "q": "ضربةٌ عسكريةٌ جويةٌ قامت بها أمريكا وبريطانيا على العراقِ عقِبَ ادِّعاءِ عدمِ تعاوُنِ العراقِ معَ مُفَتِّشي الوَكالةِ الدوليةِ بحثًا عن أسلحةِ الدَّمارِ الشامِلِ العراقيةِ المزعومةِ:",
    "level": 1,
    "link": "https://www.dorar.net/history/?page=283",
    "section": "moasir",
    "answers": [
      {
        "answer": "عمليةُ درعِ الصحراءِ",
        "t": 0
      },
      {
        "answer": "عمليةُ ثَعلبِ الصحراءِ",
        "t": 1
      },
      {
        "answer": "عمليةُ عاصفةِ الصحراءِ",
        "t": 0
      }
    ]
  },
  {
    "id": 3060,
    "q": "استعادَت مصرُ من إسْرائيلَ 1989م:",
    "level": 1,
    "link": "https://www.dorar.net/history/?page=279",
    "section": "moasir",
    "answers": [
      {
        "answer": "منطقةَ طابا الحدوديةَ",
        "t": 1
      },
      {
        "answer": "رفحَ",
        "t": 0
      },
      {
        "answer": "جَزيرتَيْ تِيرانَ وصَنافيرَ",
        "t": 0
      }
    ]
  },
  {
    "id": 3052,
    "q": "ألغَتْ بريطانيا انتِدابَها على فِلَسطينَ وأعلَن الكِيانُ الصهيونيُّ إعلانَ دولتِه، وأنشأَ جَيشَه وخاضَ الحربَ معَ الجيوشِ العربيةِ سَنة:",
    "level": 1,
    "link": "https://www.dorar.net/history/?page=260",
    "section": "moasir",
    "answers": [
      {
        "answer": "1927م",
        "t": 0
      },
      {
        "answer": "1967م",
        "t": 0
      },
      {
        "answer": "1948م",
        "t": 1
      }
    ]
  },
  {
    "id": 3061,
    "q": "كان احْتلالُ العراقِ للكوَيتِ بإيعازٍ لصدام حُسين من:",
    "level": 1,
    "link": "https://www.dorar.net/history/?page=280",
    "section": "moasir",
    "answers": [
      {
        "answer": "روسيا",
        "t": 0
      },
      {
        "answer": "بريطانيا",
        "t": 1
      },
      {
        "answer": "أمريكا",
        "t": 0
      }
    ]
  },
  {
    "id": 3057,
    "q": "قامَ باغْتيالِ الرئيسِ المصريِّ الأسبَقِ أنور السادات:",
    "level": 1,
    "link": "https://www.dorar.net/history/?page=275",
    "section": "moasir",
    "answers": [
      {
        "answer": "عبود الزمُر",
        "t": 0
      },
      {
        "answer": "صوفي أبو طالب",
        "t": 0
      },
      {
        "answer": "خالدٌ الإسلامبولي",
        "t": 1
      }
    ]
  },
  {
    "id": 3050,
    "q": "مات وهو يصرُخُ مرَّتَينِ: عاشتِ الأندلسُ حرَّةً!",
    "level": 1,
    "link": "https://www.dorar.net/history/?page=255",
    "section": "moasir",
    "answers": [
      {
        "answer": "الأميرُ عبدُ القادِرِ الجزائريُّ",
        "t": 0
      },
      {
        "answer": "بلاس إنفانتي",
        "t": 1
      },
      {
        "answer": "الشاعرُ محمَّد إقبال",
        "t": 0
      }
    ]
  },
  {
    "id": 3059,
    "q": "أعلَنَ الملكُ فهدُ بنُ عبدِ العزيزِ رحمَه اللهُ استبدالَ لقَبِ صاحبِ الجلالةِ ليكونَ اللَّقَبُ الرسميُّ لملكِ المملكةِ العربيةِ السعوديةِ هو: ",
    "level": 1,
    "link": "https://www.dorar.net/history/?page=278",
    "section": "moasir",
    "answers": [
      {
        "answer": "ملكُ الحجازِ ونَجدٍ",
        "t": 0
      },
      {
        "answer": "خادِمُ الحرمَينِ الشَّريفَينِ",
        "t": 1
      },
      {
        "answer": "ملكُ السعوديةِ",
        "t": 0
      }
    ]
  }
]