[
  {
    "id": 3095,
    "q": "السببُ المباشِرُ لمظاهَرةِ نَصارى مصرَ التي عُرِفت بفِتنةِ ماسبيرو:",
    "level": 3,
    "link": "https://www.dorar.net/history/?page=294",
    "section": "moasir",
    "answers": [
      {
        "answer": "الاعتراض على اعترافِ الحكومةِ المصريةِ رسميًّا بحزبِ الإخْوانِ المسلِمينَ ",
        "t": 0
      },
      {
        "answer": "لمَقتَلِ ثلاثةِ شبابٍ من النَصارى علي يدِ مُسلِمينَ",
        "t": 0
      },
      {
        "answer": "المُطالَبةُ بإقالةِ مُحافظِ أُسوانَ لهَدمِه كنيسةً بُنِيت فيها",
        "t": 1
      }
    ]
  },
  {
    "id": 3103,
    "q": "أعلَنَت الولاياتُ المتَّحِدةُ الأمريكيةُ وجُمهوريةُ السودانِ تَبادُلَ السُّفراءِ بينَهما بعدَ انقطاعٍ استمرَّ لأكثرَ مِن عِقدَينِ من الزمَنِ:",
    "level": 3,
    "link": "https://www.dorar.net/history/?page=305",
    "section": "moasir",
    "answers": [
      {
        "answer": "بناءً على طلَبٍ من جامعةِ الدولِ العربيةِ",
        "t": 0
      },
      {
        "answer": "بناءً على طلَبِ السودانيِّينَ المهاجِرينَ في أمريكا",
        "t": 0
      },
      {
        "answer": "دعْمًا أمريكيًّا للحُكومةِ الانتقاليةِ في السُّودانِ بعدَ عَزلِ عُمرَ البَشيرِ",
        "t": 1
      }
    ]
  },
  {
    "id": 3096,
    "q": "قرَّرَت جامعةُ الدُّولِ العربيةِ خلالَ اجتماعٍ طارئٍ لوُزراءِ الخارجيَّةِ العربِ بأغلبيَّةٍ ساحقةٍ تعليقَ عُضوِيَّةِ سوريةَ:",
    "level": 3,
    "link": "https://www.dorar.net/history/?page=295",
    "section": "moasir",
    "answers": [
      {
        "answer": "لتَخلِّي الجيشِ النظاميِّ السوريِّ عنِ الدفاعِ عن البلادِ",
        "t": 0
      },
      {
        "answer": "لعَدَمِ التزامِها بالمُبادَرةِ العربيَّةِ التي تنُصُّ على التوقُّفِ عن قمعِ المُحتَجِّينَ",
        "t": 1
      },
      {
        "answer": "لاستعانةِ بشَّار الأسد بالرُّوسِ لقَمعِ المتظاهِرينَ ",
        "t": 0
      }
    ]
  },
  {
    "id": 3089,
    "q": "ترتَّب على حادثةِ جُهَيمانَ في الحرَمِ المكيِّ:",
    "level": 3,
    "link": "https://www.dorar.net/history/?page=274",
    "section": "moasir",
    "answers": [
      {
        "answer": "رضوخُ الحكومةِ السعوديةِ لمطالِبِه خَشيةً منَ التدخُّلِ الأجنبيِّ",
        "t": 0
      },
      {
        "answer": "مُبايَعةُ محمَّدِ بنِ عبدِ اللهِ القَحطانيِّ على أنَّه المهديُّ المنتظَرُ",
        "t": 0
      },
      {
        "answer": "محاصرةُ المسجِدِ الحرامِ وتبادُلُ إطلاقِ النيرانِ حتى استسلَمَ جُهَيمانُ وقُتِلَ هو و61 من أتْباعِه:",
        "t": 1
      }
    ]
  },
  {
    "id": 3102,
    "q": "إبراهيم عوَّاد إبراهيم علِي البَدْري السَّامرائيُّ، كان قائدَ تنظيمِ القاعدةِ في العراقِ، ثم تنظيمِ الدولةِ الإسلاميةِ (داعش):",
    "level": 3,
    "link": "https://www.dorar.net/history/?page=305",
    "section": "moasir",
    "answers": [
      {
        "answer": "أيمنُ الظواهريُّ",
        "t": 0
      },
      {
        "answer": "أبو بكرٍ البَغداديُّ",
        "t": 1
      },
      {
        "answer": "أبو مُصعبٍ الزَّرقاويُّ",
        "t": 0
      }
    ]
  },
  {
    "id": 3086,
    "q": "دعا الحاج أمين الحُسينيُّ إلى عقدِ مؤتمرٍ إسلاميٍّ رسميٍّ في القُدسِ:",
    "level": 3,
    "link": "https://www.dorar.net/history/?page=253",
    "section": "moasir",
    "answers": [
      {
        "answer": "لمحاولةِ إعادةِ الخلافةِ في الشام",
        "t": 0
      },
      {
        "answer": "ليُشعِرَ سُلطاتِ الانتدابِ بأنَّ عَربَ فِلَسطينَ لَيسوا وحدَهم",
        "t": 1
      },
      {
        "answer": "ليجمَعَ الأموالَ لمسانَدةِ المجاهِدينَ في فِلَسطينَ",
        "t": 0
      }
    ]
  },
  {
    "id": 3105,
    "q": "علَّقتِ الحُكومةُ السُّعوديةُ الصَّلواتِ في المسجِدِ الحرامِ والمسجدِ النَّبويِّ؛",
    "level": 3,
    "link": "https://www.dorar.net/history/?page=305",
    "section": "moasir",
    "answers": [
      {
        "answer": "لمنْعِ انتشارِ فَيروسِ كورونا المستجِدِّ",
        "t": 1
      },
      {
        "answer": "لأعْمالِ التجديدِ فى المسجِدَينِ",
        "t": 0
      },
      {
        "answer": "بسببِ مُظاهَراتِ الإيرانيينَ فى مكةَ",
        "t": 0
      }
    ]
  },
  {
    "id": 3098,
    "q": "تَمَّ إطلاقُ عمليَّةِ عاصفةِ الحَزْمِ ضدَّ الانْقِلابيِّينَ الحوثيِّينَ في اليمنِ، بقيادةِ المملكةِ العربيةِ السعوديةِ، ومشاركةِ تِسعِ دُولٍ:",
    "level": 3,
    "link": "https://www.dorar.net/history/?page=301",
    "section": "moasir",
    "answers": [
      {
        "answer": "بعد قرارٍ من مجلسِ التعاوُنِ الخَليجيِّ",
        "t": 0
      },
      {
        "answer": "بعدَ طلبٍ تَقدَّمَ به الرئيسُ اليمنيُّ عبدُ ربِّه منصور هادي لإيقافِ الحوثيِّينَ",
        "t": 1
      },
      {
        "answer": "بقرارٍ أغلبيٍّ من جامعةِ الدولِ العربيةِ",
        "t": 0
      }
    ]
  },
  {
    "id": 3100,
    "q": "في مدينةِ جُروزني (عاصمةِ الشيشانِ) دشَّنَ الرئيسُ الشيشانيُّ: رمضان قاديروف مُؤتمَرًا عالميًّا تحتَ عُنوانِ:",
    "level": 3,
    "link": "https://www.dorar.net/history/?page=302",
    "section": "moasir",
    "answers": [
      {
        "answer": "الدِّفاع عن الإسلامِ ",
        "t": 0
      },
      {
        "answer": "مَن هُم أهلُ السُّنَّةِ والجماعةِ؟",
        "t": 1
      },
      {
        "answer": "سِياسات الدول المُسلمَة في رِعايَة المُقدَّسات الإسلامية",
        "t": 0
      }
    ]
  },
  {
    "id": 3099,
    "q": "وقَّعَ الجانبانِ المِصريُّ والسُّعوديُّ اتفاقيَّةَ تعيينِ الحُدودِ البَحريةِ بينَ البلَدَينِ:",
    "level": 3,
    "link": "https://www.dorar.net/history/?page=302",
    "section": "moasir",
    "answers": [
      {
        "answer": " ليكونَ التحكمُ في مَضيقِ تيرانَ بيدِ الجانِبِ السعوديِّ",
        "t": 0
      },
      {
        "answer": "لتوطيدِ العَلاقاتِ بينَ الدولَتَينِ",
        "t": 0
      },
      {
        "answer": "من أجْلِ الاستفادةِ مِن المنطقةِ الاقتصاديَّةِ الخالصةِ لكلٍّ منهما",
        "t": 1
      }
    ]
  },
  {
    "id": 3087,
    "q": "كان السببُ الرئيسُ في العُدوانِ الثلاثيِّ على مصرَ:",
    "level": 3,
    "link": "https://www.dorar.net/history/?page=263",
    "section": "moasir",
    "answers": [
      {
        "answer": "إطاحةَ عبدِ الناصِرِ بمحمَّد نجيب عن رئاسةِ البلادِ",
        "t": 0
      },
      {
        "answer": "إلغاءَ الملكيةِ بمصرَ",
        "t": 0
      },
      {
        "answer": "تأميمَ شركةِ قناةِ السوَيسِ",
        "t": 1
      }
    ]
  },
  {
    "id": 3088,
    "q": "تألَّفتِ الجمهوريةُ العربيةُ المتحِدةُ من: ",
    "level": 3,
    "link": "https://www.dorar.net/history/?page=270",
    "section": "moasir",
    "answers": [
      {
        "answer": "مصرَ وسوريا وليبيا",
        "t": 1
      },
      {
        "answer": "مصرَ وسوريا والعراقِ",
        "t": 0
      },
      {
        "answer": "مصرَ وسوريا ولبنان",
        "t": 0
      }
    ]
  },
  {
    "id": 3094,
    "q": "عُقِدت أولُ قمةٍ بينَ الرئيسِ الفِلَسْطينيِّ محمود عباس ورئيس الوزراءِ الإسرائيليِّ أرييل شارون:",
    "level": 3,
    "link": "https://www.dorar.net/history/?page=286",
    "section": "moasir",
    "answers": [
      {
        "answer": "لتدويلِ القُدسِ ",
        "t": 0
      },
      {
        "answer": "لوَقفِ \"أعمالِ العُنفِ\"",
        "t": 1
      },
      {
        "answer": "لتأمينِ الطريقِ بينَ الضفَّةِ الغربيةِ وقطاعِ غزَّةَ",
        "t": 0
      }
    ]
  },
  {
    "id": 3092,
    "q": "لجأ الرئيسُ الروسيُّ بوريس يلتسين إلى وَقفِ الحربِ معَ الشيشانِ؛",
    "level": 3,
    "link": "https://www.dorar.net/history/?page=282",
    "section": "moasir",
    "answers": [
      {
        "answer": "لمّا أعْيَتِ المقاومةُ الشيشانيةُ القواتِ الروسيةَ",
        "t": 1
      },
      {
        "answer": "لتَدخُّل القُوَّات البَحريَّة الأَفغانيَّة لمُعاونَةِ الشيشان",
        "t": 0
      },
      {
        "answer": "بناءً على قرارِ مجلِسِ الأمنِ",
        "t": 0
      }
    ]
  },
  {
    "id": 3104,
    "q": "أُعلِن عن إعادةِ آيا صوفيا مَسجدًا بعدَ إصدارِ حُكم ِالمحْكَمةِ الإداريَّةِ العُليا بتُرْكيا بذلك؛ ",
    "level": 3,
    "link": "https://www.dorar.net/history/?page=305",
    "section": "moasir",
    "answers": [
      {
        "answer": "بناءً على أنه مِلكٌ للسُّلطانِ محمَّدٍ الفاتحِ، وأوقَفَه ليكونَ مَسجِدًا",
        "t": 1
      },
      {
        "answer": "لمطالبةِ حزبِ العدالةِ والتنميةِ بذلك",
        "t": 0
      },
      {
        "answer": " بناءً على القَرارِ الجُمهوريِّ الذى أصْدَرَه الرئيسُ أردوغان",
        "t": 0
      }
    ]
  },
  {
    "id": 3093,
    "q": "جاء التوقيعُ على وثيقةِ جنيفَ من أجْلِ السلامِ في الشرقِ الأوسَطِ في أولِ ديسمبرَ 2003م:",
    "level": 3,
    "link": "https://www.dorar.net/history/?page=285",
    "section": "moasir",
    "answers": [
      {
        "answer": "لفَضِّ الحِصارِ العَسكريِّ الإسْرائيليِّ عن مقَرِّ الرئيسِ ياسر عرفات ",
        "t": 0
      },
      {
        "answer": "لتَسيِير حَركَة العَلاقاتِ بينَ مصرَ وإسرائيلَ",
        "t": 0
      },
      {
        "answer": "ليواكِبَ خريطةَ الطريقِ الأمريكيةِ",
        "t": 1
      }
    ]
  },
  {
    "id": 3090,
    "q": "انقطَعَت العَلاقاتُ الدُّبلوماسيةُ بينَ دَولتَيْ موريتانيا والمغربِ بسببِ:",
    "level": 3,
    "link": "https://www.dorar.net/history/?page=275",
    "section": "moasir",
    "answers": [
      {
        "answer": "الخلافاتِ بينَ البلَدَينِ على حقولِ النفطِ",
        "t": 0
      },
      {
        "answer": "النزاعاتِ بينَ القبائلِ في المنطقةِ الحُدوديةِ",
        "t": 0
      },
      {
        "answer": "تبادُلِ اتِّهاماتٍ نفَتْها الدَّولتانِ، بتورُّطِ كلٍّ منهما في محاولاتٍ لِزَعزعةِ استقرارِ الأُخرى",
        "t": 1
      }
    ]
  },
  {
    "id": 3101,
    "q": "أثْناءَ إقامةِ صلاةِ الجُمعةِ تعرَّضَ مسجدُ النورِ بنيوزيلَنْدا لإطْلاقِ نارٍ من:",
    "level": 3,
    "link": "https://www.dorar.net/history/?page=304",
    "section": "moasir",
    "answers": [
      {
        "answer": "تنظيمٍ إرهابيٍّ",
        "t": 0
      },
      {
        "answer": "رجُلٍ أُستراليٍّ",
        "t": 1
      },
      {
        "answer": "السُّلطاتِ النُّيوزيلندية",
        "t": 0
      }
    ]
  },
  {
    "id": 3091,
    "q": "أَعلنَتْ أمريكا قطْعَ المساعَداتِ التي كانت تُقدِّمُها للسودانِ عَقِبَ ثورةِ حَزِيرَانَ بقيادةِ عُمرَ البشيرِ:",
    "level": 3,
    "link": "https://www.dorar.net/history/?page=279",
    "section": "moasir",
    "answers": [
      {
        "answer": "بسببِ استِبدادِ عمرَ البَشيرِ  بالسُّلطةِ ",
        "t": 0
      },
      {
        "answer": "لأنَّ مَيلَ هذا الاتجاهِ الجديدِ إسلاميٌّ",
        "t": 1
      },
      {
        "answer": "بسببِ تَفْجيرِ السفارةِ الأمريكيةِ في السودانِ",
        "t": 0
      }
    ]
  },
  {
    "id": 3097,
    "q": "قام بدَعمٍ منَ السُّلطاتِ البورميَّةِ بارتكابِ تجاوُزاتٍ ضدَّ مسلِمي الرُّوهينْجا في إقليمِ أراكانَ غربيَّ بورما:",
    "level": 3,
    "link": "https://www.dorar.net/history/?page=296",
    "section": "moasir",
    "answers": [
      {
        "answer": "البوذِيُّونَ المُتطرِّفونَ",
        "t": 1
      },
      {
        "answer": "الهندوسُ",
        "t": 0
      },
      {
        "answer": "النَّصارى",
        "t": 0
      }
    ]
  }
]