[
  {
    "id": 2564,
    "q": "معنى \"مُحْدَث\":",
    "level": 2,
    "link": "https://www.dorar.net/tafseer/21/1",
    "section": "al-anbiya",
    "answers": [
      {
        "answer": "مُجَدَّد إِنْزَالُه",
        "t": 1
      },
      {
        "answer": "قَديمٌ",
        "t": 0
      },
      {
        "answer": "ذُو حَدَث",
        "t": 0
      }
    ]
  },
  {
    "id": 2462,
    "q": "في تقديمِ المجرورِ في قَولِه تَعالَى: {وَلَهُ مَنْ فِي السَّمَاواتِ وَالأَرْضِ} دلالةٌ عَلَى:",
    "level": 2,
    "link": "https://www.dorar.net/tafseer/21/4",
    "section": "al-anbiya",
    "answers": [
      {
        "answer": "الاخْتِصَاص ",
        "t": 1
      },
      {
        "answer": "العُمُوم",
        "t": 0
      },
      {
        "answer": "الاهتمامِ",
        "t": 0
      }
    ]
  },
  {
    "id": 2559,
    "q": "مَعنَى قَولِه تَعالَى: {فِيهِ ذِكْرُكُمْ}:",
    "level": 2,
    "link": "https://www.dorar.net/tafseer/21/2",
    "section": "al-anbiya",
    "answers": [
      {
        "answer": "فيهِ ذِكرُ صِفَاتِكُم",
        "t": 0
      },
      {
        "answer": "فيهِ ذِكرُ أَخبارِ آبائِكُم وأَحوالِهم وما صارُوا إليه",
        "t": 0
      },
      {
        "answer": "فيهِ تَذكيرٌ لَكُم بما فِيهِ صَلاحُكُم وفيه شَرَفُكُم وَعِزُّكُم",
        "t": 1
      }
    ]
  },
  {
    "id": 2548,
    "q": "يَدلُّ قَولُه تَعالَى: {فَاسْأَلُوا أَهْلَ الذِّكْرِ إِنْ كُنْتُمْ لَا تَعْلَمُونَ} على:",
    "level": 2,
    "link": "https://www.dorar.net/tafseer/21/2",
    "section": "al-anbiya",
    "answers": [
      {
        "answer": "أنَّ التَّقْليدَ لَا يُذَمُّ مُطْلَقًا، بل إِنَّ التقليدَ فِي مَوْضِعِه هُوَ الواجبُ",
        "t": 1
      },
      {
        "answer": "كراهةِ التَّقْلِيد",
        "t": 0
      },
      {
        "answer": "تحريمِ التَّقْلِيد",
        "t": 0
      }
    ]
  },
  {
    "id": 2408,
    "q": "الفتنةُ الَّتِي هِيَ الاخْتبارُ والامتحانُ مِنَ اللهِ تَعَالَى لِلْمُكَلَّفِينَ فِي هذهِ الحياةِ الدُّنْيَا، تكونُ: ",
    "level": 2,
    "link": "https://www.dorar.net/tafseer/21/7",
    "section": "al-anbiya",
    "answers": [
      {
        "answer": "بِتَعْرِيضِهِم للبلاءِ",
        "t": 0
      },
      {
        "answer": "تارةً بما يسوءُ، وتارةً بما يَسُرُّ ",
        "t": 1
      },
      {
        "answer": "بِالتَمْكِينِ في الأرضِ",
        "t": 0
      }
    ]
  },
  {
    "id": 2434,
    "q": "المراد بقوله تعالى: {فَلَكٍ}:",
    "level": 2,
    "link": "https://www.dorar.net/tafseer/21/6",
    "section": "al-anbiya",
    "answers": [
      {
        "answer": "طَبَقاتُ السَّماواتِ",
        "t": 0
      },
      {
        "answer": "مَوَاقِع القَطْر",
        "t": 0
      },
      {
        "answer": "مَدَار النُّجُوم الذي يَضُمُّهَا",
        "t": 1
      }
    ]
  },
  {
    "id": 2586,
    "q": "المرادُ مِن ذِكْرِ قصصِ الأنبِياءِ وأحوالِهِم مع أَقْوامِهم في هذِه السُّورةِ الكَريمةِ:",
    "level": 2,
    "link": "https://www.dorar.net/tafseer/21",
    "section": "al-anbiya",
    "answers": [
      {
        "answer": "تعليمُ النَّبيِّ صلَّى اللهُ عَليهِ وسلَّم سياسةَ أصحابِه",
        "t": 0
      },
      {
        "answer": "تعويضُ الصَّحابةِ عن القصصِ التي كانوا يشتَغِلُونَ بِهَا في الأسواقِ قبلَ بعثةِ النبيِّ ﷺ",
        "t": 0
      },
      {
        "answer": "التذكيرُ بما أصابَ الأُمَمَ السَّالفةَ من جرَّاء تكذيبِهم رُسُلَهم",
        "t": 1
      }
    ]
  },
  {
    "id": 2570,
    "q": "معنى \"النَّجْوَى\":",
    "level": 2,
    "link": "https://www.dorar.net/tafseer/21/1",
    "section": "al-anbiya",
    "answers": [
      {
        "answer": "الأرضُ الواسِعةُ",
        "t": 0
      },
      {
        "answer": "العَلانِيَة",
        "t": 0
      },
      {
        "answer": "السِّرارُ والمُناجاةُ",
        "t": 1
      }
    ]
  },
  {
    "id": 2476,
    "q": "مَعنَى قَولِه تَعالَى: {فَيَدْمَغُهُ}",
    "level": 2,
    "link": "https://www.dorar.net/tafseer/21/3",
    "section": "al-anbiya",
    "answers": [
      {
        "answer": "يُذْهِبُهُ وَيُبْطِلُهُ",
        "t": 1
      },
      {
        "answer": "يُضادُّه",
        "t": 0
      },
      {
        "answer": "يُظْهِرُهُ ويُبَيِّنُه",
        "t": 0
      }
    ]
  },
  {
    "id": 2454,
    "q": "المرادُ بِالوَلَدِ في قَولِه تَعالَى: {وَقَالُوا اتَّخَذَ اللهُ وَلَدًا}: ",
    "level": 2,
    "link": "https://www.dorar.net/tafseer/21/5",
    "section": "al-anbiya",
    "answers": [
      {
        "answer": "عِيسَى ابنُ مَريمَ",
        "t": 0
      },
      {
        "answer": "عُزَيْرٌ",
        "t": 0
      },
      {
        "answer": "المَلَائِكَة",
        "t": 1
      }
    ]
  },
  {
    "id": 2427,
    "q": "مَعنَى قَولِه تَعالَى: {فَتَبْهَتُهُمْ}",
    "level": 2,
    "link": "https://www.dorar.net/tafseer/21/7",
    "section": "al-anbiya",
    "answers": [
      {
        "answer": "تَغْشاهُم فَجْأَة",
        "t": 1
      },
      {
        "answer": "تُحْصِيهِم",
        "t": 0
      },
      {
        "answer": "تَأتيهم في وَقتِ البُهْتِ؛ وهو وَقتُ القَيلُولَة",
        "t": 0
      }
    ]
  },
  {
    "id": 2618,
    "q": "سُمِّيَت سورةُ الأنبِياءِ بهذا الاسْمِ بِسببِ:",
    "level": 2,
    "link": "https://www.dorar.net/tafseer/21",
    "section": "al-anbiya",
    "answers": [
      {
        "answer": "ذكرِ أسمائِهم فيهَا",
        "t": 0
      },
      {
        "answer": "تنزُّلِهَا على عددٍ منهُم",
        "t": 0
      },
      {
        "answer": "اشتمالِها على قِصَصِهِمْ",
        "t": 1
      }
    ]
  },
  {
    "id": 2469,
    "q": "في قَولِه تَعالَى: {حَصِيدًا خَامِدِينَ} أُسْلوبٌ بلاغيٌّ؛ وهو:",
    "level": 2,
    "link": "https://www.dorar.net/tafseer/21/3",
    "section": "al-anbiya",
    "answers": [
      {
        "answer": "الإغراءُ",
        "t": 0
      },
      {
        "answer": "كنايةٌ وتشبيهٌ بَلِيغٌ",
        "t": 1
      },
      {
        "answer": "المجازُ",
        "t": 0
      }
    ]
  },
  {
    "id": 2396,
    "q": "مَعنَى قَولِه تَعالَى: {نَفْحَةٌ}:",
    "level": 2,
    "link": "https://www.dorar.net/tafseer/21/8",
    "section": "al-anbiya",
    "answers": [
      {
        "answer": "أَدْنَى شَيْءٍ",
        "t": 1
      },
      {
        "answer": "زَلْزَلَة",
        "t": 0
      },
      {
        "answer": "صَاعِقَة",
        "t": 0
      }
    ]
  },
  {
    "id": 2446,
    "q": "في قَولِه تَعالَى: {بَلْ عِبَادٌ مُكْرَمُونَ} إشارةٌ إلى:",
    "level": 2,
    "link": "https://www.dorar.net/tafseer/21/5",
    "section": "al-anbiya",
    "answers": [
      {
        "answer": "أنَّ الكَراماتِ التي تكونُ للأَوِلياءِ تكونُ عن طَريقِ المَلائكَةِ",
        "t": 0
      },
      {
        "answer": "أن الملائكةَ أفضلُ مِن البَشَرِ",
        "t": 0
      },
      {
        "answer": "أنَّ كمالَ المخلوقِ فِي تحقيقِ عُبُودِيَّتِهِ للهِ تعالى",
        "t": 1
      }
    ]
  },
  {
    "id": 2610,
    "q": "مِن فضائلِ سورةُ الأنبِياءِ وخَصائصِها أنها:",
    "level": 2,
    "link": "https://www.dorar.net/tafseer/21",
    "section": "al-anbiya",
    "answers": [
      {
        "answer": "مِنَ السُّورِ التي نزلتْ بعد وقعةِ بَدْرٍ",
        "t": 0
      },
      {
        "answer": "مِنَ السُّورِ التي نزلتْ في المدينةِ",
        "t": 0
      },
      {
        "answer": "مِنَ السُّوَرِ المتقدّمِ نُزولُها ومن قديم مَا حَفِظَ الصَّحابَةُ وتعلَّموه",
        "t": 1
      }
    ]
  },
  {
    "id": 2390,
    "q": "في قَولِه تَعالَى: {أَوَلَمْ يَرَوْا أَنَّا نَأْتِي الْأَرْضَ نَنْقُصُهَا مِنْ أَطْرَافِهَا} إشارةٌ إلى:",
    "level": 2,
    "link": "https://www.dorar.net/tafseer/21/8",
    "section": "al-anbiya",
    "answers": [
      {
        "answer": "نُقصَان أَطْرَافِ الأَرْضِ",
        "t": 0
      },
      {
        "answer": "حُصولِ الزَّلازِلِ وثَوَرانِ البَراكِينِ",
        "t": 0
      },
      {
        "answer": "تبشيرِ المؤمنين بما يَفتحُ اللهُ عَليهِم",
        "t": 1
      }
    ]
  },
  {
    "id": 2598,
    "q": "مِن أهمِّ مَقاصِدِ سورةِ الأنبياءِ:",
    "level": 2,
    "link": "https://www.dorar.net/tafseer/21",
    "section": "al-anbiya",
    "answers": [
      {
        "answer": "بَيَانُ عاقبةِ الكَافِرينَ",
        "t": 0
      },
      {
        "answer": "بيانُ وصفِ الجَنَّةِ التي أعدَّ اللهُ لعبادِه المؤمِنينَ",
        "t": 0
      },
      {
        "answer": "بيانُ معالم التَّوحيدِ، وإقامةِ الأدلَّة عليه، وما لقيَ الأنبياءُ في سبيلِ الدَّعوةِ إليه",
        "t": 1
      }
    ]
  },
  {
    "id": 2419,
    "q": "في استعمال لفظة: \"ذائقة\" في قَولِه تَعالَى: {كُلُّ نَفْسٍ ذَائِقَةُ الْمَوْتِ} إشارَة إلى أنَّ:",
    "level": 2,
    "link": "https://www.dorar.net/tafseer/21/7",
    "section": "al-anbiya",
    "answers": [
      {
        "answer": "الموتَ يَأْتِي بَغْتَة",
        "t": 0
      },
      {
        "answer": "الموتَ يُحْصِي النَّاسَ كُلَّهُم",
        "t": 0
      },
      {
        "answer": "الموتَ لَهُ مذاقٌ مُرٌّ يَكْرَهُه كُلُّ إنسانٍ",
        "t": 1
      }
    ]
  },
  {
    "id": 2378,
    "q": "مَعنَى قَولِه تَعالَى: {جُذَاذًا}",
    "level": 2,
    "link": "https://www.dorar.net/tafseer/21/10",
    "section": "al-anbiya",
    "answers": [
      {
        "answer": "أَجزاء",
        "t": 0
      },
      {
        "answer": "قِطَعًا",
        "t": 0
      },
      {
        "answer": "فُتاتًا وحُطامًا",
        "t": 1
      }
    ]
  }
]