[
  {
    "id": 3713,
    "q": "في قَولِه تَعالَى: {كُلُّ نَفْسٍ ذَائِقَةُ الْمَوْتِ وَنَبْلُوكُمْ بِالشَّرِّ وَالْخَيْرِ فِتْنَةً وَإِلَيْنَا تُرْجَعُونَ} إشارةٌ إلى أنَّ:",
    "level": 3,
    "link": "https://www.dorar.net/tafseer/21/7",
    "section": "al-anbiya",
    "answers": [
      {
        "answer": "المقصودَ مِنَ الحياةِ الدُّنيا هو تعلُّمُ الخيرِ والشَّر",
        "t": 0
      },
      {
        "answer": "المقصودَ مِن هذه الحياةِ الدُّنيا الابتلاءُ والتعريضُ للثوابِ والعقابِ",
        "t": 1
      },
      {
        "answer": "المقصودَ مِن خلقِ الخلقِ إنَّمَا هو استِعمارُهُم في الأرضِ وتَكاثُرُهم ",
        "t": 0
      }
    ]
  },
  {
    "id": 3707,
    "q": "في جمع لَفظةِ: \"السَّموات\" في قَولِه تَعالَى: {وَلَهُ مَنْ فِي السَّمَوَاتِ} دَلالةٌ على:",
    "level": 3,
    "link": "https://www.dorar.net/tafseer/21/4",
    "section": "al-anbiya",
    "answers": [
      {
        "answer": "تخصيصِ جِهَةِ السَّماءِ",
        "t": 0
      },
      {
        "answer": "اقتِضاءِ تَعْمِيمِ المُلْك",
        "t": 1
      },
      {
        "answer": "المبالغةِ",
        "t": 0
      }
    ]
  },
  {
    "id": 2372,
    "q": "ذَكَرَ ابن مسعود رضي الله عنه سورةَ الأنبياءِ مع بَعْضِ سُوَرِ القرآنِ الأخرى وقال: «هُنَّ مِنَ العِتَاقِ الأَوَّلِ» ما هي هِذه السُّوَرُ:",
    "level": 3,
    "link": "https://www.dorar.net/tafseer/21",
    "section": "al-anbiya",
    "answers": [
      {
        "answer": "سورةُ البَقَرةِ وآلِ عمرانَ والنِّساء",
        "t": 0
      },
      {
        "answer": "سورةُ طَهَ والكَهْف ومَرْيَم",
        "t": 0
      },
      {
        "answer": "سورةُ بَنِي إسرائيلَ والكَهْفِ ومَرْيَم",
        "t": 1
      }
    ]
  },
  {
    "id": 1875,
    "q": "ما فَائِدَةُ تَخصيصِ السُّؤالِ بأهلِ الذِّكْرِ في قَولِه تَعالَى: {فَاسْأَلُوا أَهْلَ الذِّكْرِ إِن كُنْتُمْ لَا تَعْلَمُونَ}؟ ",
    "level": 3,
    "link": "https://www.dorar.net/tafseer/21/2",
    "section": "al-anbiya",
    "answers": [
      {
        "answer": "النَّهْي عَنْ سُؤالِ المعروفِ بالجهلِ وعدم العلمِ، ونهيٌ له أن يتصدَّى لذلك ",
        "t": 1
      },
      {
        "answer": "ليكونَ أَدعَى إلى العَملِ بما سيكونُ مِن العِلمِ",
        "t": 0
      },
      {
        "answer": "مَشرُوعِيَّة السَّؤال واستِحبابُه",
        "t": 0
      }
    ]
  },
  {
    "id": 3715,
    "q": "في قَولِه تَعالَى: {وَجَعَلْنَاهُمْ أَئِمَّةً يَهْدُونَ بِأَمْرِنَا} دَلالةٌ على أنَّ:",
    "level": 3,
    "link": "https://www.dorar.net/tafseer/21/12",
    "section": "al-anbiya",
    "answers": [
      {
        "answer": "العلماءَ وَرَثَةُ الأنبياءِ",
        "t": 0
      },
      {
        "answer": "أنبياءَ اللهِ تعالى هُم هُداةُ البَشَرِ",
        "t": 0
      },
      {
        "answer": "أنَّ أفعالَ العبادِ حادثةٌ بمشيئةِ اللهِ وقدرتِه وخلقِه",
        "t": 1
      }
    ]
  },
  {
    "id": 3719,
    "q": "في قَولِه تَعالَى: {وَأَدْخَلْنَاهُ فِي رَحْمَتِنَا إِنَّهُ مِنَ الصَّالِحِين } إشارة إلى:",
    "level": 3,
    "link": "https://www.dorar.net/tafseer/21/12",
    "section": "al-anbiya",
    "answers": [
      {
        "answer": "أنَّ الصَّلاحَ هو السببُ لدخولِ العبدِ في رحمةِ الله، كما أنَّ الفسادَ سبب لحرمانِه من الخيرِ ",
        "t": 1
      },
      {
        "answer": "فَضْلِ ومكانَةِ أنبياءِ اللهِ تعَالى عِندَه",
        "t": 0
      },
      {
        "answer": "تخصيصِ الأنبياءِ بالرَّحْمَةِ",
        "t": 0
      }
    ]
  },
  {
    "id": 3708,
    "q": "المُرادُ بقَولِه تَعالَى: {مِنَ الْأَرْضِ} في قَولِه تَعالَى: {أَمِ اتَّخَذُوا آلِهَةً مِنَ الْأَرْضِ}:",
    "level": 3,
    "link": "https://www.dorar.net/tafseer/21/4",
    "section": "al-anbiya",
    "answers": [
      {
        "answer": "التَّحقيرُ",
        "t": 1
      },
      {
        "answer": "التَّخصيصُ",
        "t": 0
      },
      {
        "answer": "التَّبيِين",
        "t": 0
      }
    ]
  },
  {
    "id": 3716,
    "q": "التنوينُ في قَولِه تَعالَى: {وَعِلْمًا}:",
    "level": 3,
    "link": "https://www.dorar.net/tafseer/21/12",
    "section": "al-anbiya",
    "answers": [
      {
        "answer": "للتَّعِظيمِ",
        "t": 1
      },
      {
        "answer": "لِلتَّمْكِينِ",
        "t": 0
      },
      {
        "answer": "لِلْعِوَضِ",
        "t": 0
      }
    ]
  },
  {
    "id": 2359,
    "q": "إعراب قَولِه تَعالَى: {هَلْ هَذَا}:",
    "level": 3,
    "link": "https://www.dorar.net/tafseer/21/1",
    "section": "al-anbiya",
    "answers": [
      {
        "answer": "جملةٌ فِي محلِّ رفعٍ، خَبَر \"هل\"",
        "t": 0
      },
      {
        "answer": "جارٌّ ومجرورٌ",
        "t": 0
      },
      {
        "answer": "جُملةٌ في محلِّ نصبٍ، بدلٌ من النَّجْوَى",
        "t": 1
      }
    ]
  },
  {
    "id": 3718,
    "q": "في قَولِه تَعالَى: {قَالَ بَلْ فَعَلَهُ كَبِيرُهُمْ هَذَا} دليلَّ على:",
    "level": 3,
    "link": "https://www.dorar.net/tafseer/21/11",
    "section": "al-anbiya",
    "answers": [
      {
        "answer": "جوازِ استعمالِ المعاريضِ بالنسبةِ للمظْلومِ",
        "t": 1
      },
      {
        "answer": "وُجوبِ الثَّباتِ عندَ طلَبِ العدوِّ ",
        "t": 0
      },
      {
        "answer": "الصِّدْق دومًا ولو معَ الأعداءِ",
        "t": 0
      }
    ]
  },
  {
    "id": 3712,
    "q": "في قَولِه تَعالَى: {كُلٌّ فِي فَلَكٍ} مُحَسِّنٌ بديعيٌّ؛ وذلك من حيثُ:",
    "level": 3,
    "link": "https://www.dorar.net/tafseer/21/6",
    "section": "al-anbiya",
    "answers": [
      {
        "answer": "الإغراءُ",
        "t": 0
      },
      {
        "answer": "إنَّ حروفَه تُقرأُ من آخِرها على الترتيبِ كما تُقرأُ مِن أولِها مع خفةِ التَرْكيبِ ووفرةِ الفَائِدَةِ",
        "t": 1
      },
      {
        "answer": "براعةُ الاسْتِهْلَال",
        "t": 0
      }
    ]
  },
  {
    "id": 3706,
    "q": "في قَولِه تَعالَى: {وَأَهْلَكْنَا المُسْرِفِينَ} أسلوبٌ بلاغيٌّ؛ هو:",
    "level": 3,
    "link": "https://www.dorar.net/tafseer/21/3",
    "section": "al-anbiya",
    "answers": [
      {
        "answer": "الكِنَايةُ",
        "t": 0
      },
      {
        "answer": "الإغراءُ والتَّحذيرِ",
        "t": 0
      },
      {
        "answer": "التعريضُ بالتَّهْديدِ",
        "t": 1
      }
    ]
  },
  {
    "id": 3714,
    "q": "في قَولِه تَعالَى: {وَنَجَّيْنَاهُ وَلُوطًا} دَلِيلٌ عَلى:",
    "level": 3,
    "link": "https://www.dorar.net/tafseer/21/12",
    "section": "al-anbiya",
    "answers": [
      {
        "answer": "وجوبِ الهِجْرَةِ والفِرَارِ بالدينِ مِن دارِ الكفرِ إلى بلدٍ يتمكَّن فيه الفارُّ بدينه من إقامةِ دينِه ",
        "t": 1
      },
      {
        "answer": "صدقِ اتِّباعِ لوطٍ لنبي الله إِبْرَاهِيمَ عَليهِما السَّلامُ",
        "t": 0
      },
      {
        "answer": "حُبِّ إبراهيمَ لِلُوطٍ عَليهِما السَّلامُ",
        "t": 0
      }
    ]
  },
  {
    "id": 1910,
    "q": "المرادُ بقولِه تَعَالى: {وَمَا جَعَلْنَاهُمْ جَسَدًا لَا يَأْكُلُونَ الطَّعَامَ}:",
    "level": 3,
    "link": "https://www.dorar.net/tafseer/21/2",
    "section": "al-anbiya",
    "answers": [
      {
        "answer": "وما جَعَلْنَا الأنبياءَ أَجْسَادًا لا يَأْكُلونَ الطَّعَامَ",
        "t": 1
      },
      {
        "answer": "وما جَعَلْنَا الشَّياطِينَ أَجْسَادًا لا يأكُلون الطَّعَامَ",
        "t": 0
      },
      {
        "answer": "وما جَعَلْنَا المَلائَكَةَ أَجْسَادًا لا يَأكُلون الطَّعَامَ",
        "t": 0
      }
    ]
  },
  {
    "id": 3709,
    "q": "تَكرارُ السُّؤالِ التَّوبيخيِّ في قَولِه تَعالَى: {أَمِ اتَّخَذُوا مِنْ دُونِهِ آَلِهَةً} من أجْلِ التَّنبيهِ على:",
    "level": 3,
    "link": "https://www.dorar.net/tafseer/21/5",
    "section": "al-anbiya",
    "answers": [
      {
        "answer": "التَّحْقِير من شأنِ الشِّرك والمشركينَ",
        "t": 0
      },
      {
        "answer": "اسْتِعْظَام شركِ المشركين، واسْتِفْظَاع أمرِهم، وتَبْكِيتِهم وإظهارِ جَهْلِهِم",
        "t": 1
      },
      {
        "answer": "كثرةِ الآلهةِ الَّتي يَعْبدونَها مِن دونِ الله",
        "t": 0
      }
    ]
  },
  {
    "id": 2351,
    "q": "في قَولِه تَعالَى: {اقْتَرَبَ لِلنَّاسِ حِسَابُهُمْ} أسلوبٌ بلاغيٌّ؛ وهو:",
    "level": 3,
    "link": "https://www.dorar.net/tafseer/21/1",
    "section": "al-anbiya",
    "answers": [
      {
        "answer": "أسلوبٌ بديعٌ في الافتتاحِ؛ لما فيهِ مِنْ غرابةِ الأسلوبِ، وإدخالِ الرَّوْعِ على المُنْذِرِينَ",
        "t": 1
      },
      {
        "answer": "أسلوبٌ بيانيٌّ في التَّحْذِيرِ مِن اقتِرابِ القِيامَة",
        "t": 0
      },
      {
        "answer": "كنايةٌ عَنِ الموتِ",
        "t": 0
      }
    ]
  },
  {
    "id": 3710,
    "q": "جاء التَّعبيرُ القُرآنيُّ في قَولِه تَعالَى: {كَانَتَا رَتْقًا} فقال: {كَانَتَا} ولم يقل: \"كُنَّ\"؛ وذلك أنَّ المرادَ:",
    "level": 3,
    "link": "https://www.dorar.net/tafseer/21/6",
    "section": "al-anbiya",
    "answers": [
      {
        "answer": "السَّمَواتُ السَّبْعُ",
        "t": 0
      },
      {
        "answer": "السَّمَاءُ الدُّنيا ",
        "t": 0
      },
      {
        "answer": "جماعةُ السَّمَوات وجماعةُ الأرضِ",
        "t": 1
      }
    ]
  },
  {
    "id": 3720,
    "q": "المُرادُ من قَولِه تَعالَى: {نَقْدِرَ عَلَيْهِ} ",
    "level": 3,
    "link": "https://www.dorar.net/tafseer/21/17",
    "section": "al-anbiya",
    "answers": [
      {
        "answer": "نبارك عَلَيه",
        "t": 0
      },
      {
        "answer": "نُضَيِّق عَلَيْهِ",
        "t": 1
      },
      {
        "answer": "نَسْتَطِيعهُ",
        "t": 0
      }
    ]
  },
  {
    "id": 3717,
    "q": "الاستفهامُ في قَولِه تَعالَى: {فَهَلْ أَنْتُمْ شَاكِرُونَ} يَدُلُّ على:",
    "level": 3,
    "link": "https://www.dorar.net/tafseer/21/14",
    "section": "al-anbiya",
    "answers": [
      {
        "answer": "أمرٍ واردٍ في صورةِ الاستِفهام؛ للمبالغةِ أو التَّقْريع",
        "t": 1
      },
      {
        "answer": "التَّعَجُّبِ مِن كُفرِ النِّعمَة",
        "t": 0
      },
      {
        "answer": "التَّقريرِ البُرهانيِّ عن طَريقِ الإِلجامِ بالسُّؤالِ التَّعجِيزيِّ",
        "t": 0
      }
    ]
  },
  {
    "id": 3711,
    "q": "المُرادُ بالاستفهامِ في قَولِه تَعالَى: {أَفَلَا يُؤْمِنُونَ}:",
    "level": 3,
    "link": "https://www.dorar.net/tafseer/21/6",
    "section": "al-anbiya",
    "answers": [
      {
        "answer": "التَّمَنِّي",
        "t": 0
      },
      {
        "answer": "الإنكار",
        "t": 1
      },
      {
        "answer": "التَّقْرِير",
        "t": 0
      }
    ]
  }
]