[
  {
    "id": 2770,
    "q": "سُورَةُ الأَنبياءِ:",
    "level": 1,
    "link": "https://www.dorar.net/tafseer/21",
    "section": "al-anbiya",
    "answers": [
      {
        "answer": "مدَنيَّة",
        "t": 0
      },
      {
        "answer": "مختلَفٌ فيها",
        "t": 0
      },
      {
        "answer": "مكِّيَّة",
        "t": 1
      }
    ]
  },
  {
    "id": 2726,
    "q": "مَعنَى قَولِه تَعالَى: {تَمِيدَ}:",
    "level": 1,
    "link": "https://www.dorar.net/tafseer/21/6",
    "section": "al-anbiya",
    "answers": [
      {
        "answer": "تُخسَف",
        "t": 0
      },
      {
        "answer": "تَمِيلُ وتَتَحَرَّكُ",
        "t": 1
      },
      {
        "answer": "تَثبُت وتَسكُن",
        "t": 0
      }
    ]
  },
  {
    "id": 2731,
    "q": "مَعنَى قَولِه تَعالَى: {سُبُلًا}:",
    "level": 1,
    "link": "https://www.dorar.net/tafseer/21/6",
    "section": "al-anbiya",
    "answers": [
      {
        "answer": "طُرُقًا",
        "t": 1
      },
      {
        "answer": "بحارًا",
        "t": 0
      },
      {
        "answer": "جبالًا",
        "t": 0
      }
    ]
  },
  {
    "id": 2752,
    "q": "في قَولِه تَعالَى: {لَا يَسْبِقُونَهُ بِالْقَوْلِ} دليلٌ على:",
    "level": 1,
    "link": "https://www.dorar.net/tafseer/21/5",
    "section": "al-anbiya",
    "answers": [
      {
        "answer": "أنَّ الملائكةَ لا يَتكلَّمُونَ",
        "t": 0
      },
      {
        "answer": "أنَّ المَلائِكَةَ لا تُسبَق",
        "t": 0
      },
      {
        "answer": "كمالِ طَاعَةِ الملائكةِ وانْقِيادِهم",
        "t": 1
      }
    ]
  },
  {
    "id": 2780,
    "q": "من المَوضوعاتِ المهمَّة التي قَصَدتْ إليها هذه السُّورةُ الكَريمةُ:",
    "level": 1,
    "link": "https://www.dorar.net/tafseer/21",
    "section": "al-anbiya",
    "answers": [
      {
        "answer": "بَيانُ صِفاتِ الرَّبِّ جلَّ وعلا",
        "t": 0
      },
      {
        "answer": "إثباتُ المَعَادِ وبيان الأدلةِ على وُقوعِه",
        "t": 1
      },
      {
        "answer": "بيانُ أحوالِ أَهلِ القبورِ ومَآلهِم",
        "t": 0
      }
    ]
  },
  {
    "id": 2628,
    "q": "المراد بالاستِفهامِ في قَولِه تَعالَى: {فَهَلْ أَنْتُمْ مُسْلِمُونَ}:",
    "level": 1,
    "link": "https://www.dorar.net/tafseer/21/22",
    "section": "al-anbiya",
    "answers": [
      {
        "answer": "التَّوْبيخ",
        "t": 0
      },
      {
        "answer": "الإنكار",
        "t": 0
      },
      {
        "answer": "الأمر بإخلاصِ التَّوحيدِ والانقيادِ إِلَى اللهِ تَعالَى",
        "t": 1
      }
    ]
  },
  {
    "id": 2664,
    "q": "مَعنَى قَولِه تَعالَى: {عَاكِفُون}:",
    "level": 1,
    "link": "https://www.dorar.net/tafseer/21/10",
    "section": "al-anbiya",
    "answers": [
      {
        "answer": "مُقِيمُون",
        "t": 1
      },
      {
        "answer": "مُنصَرِفُونَ",
        "t": 0
      },
      {
        "answer": "منكِرُونَ",
        "t": 0
      }
    ]
  },
  {
    "id": 2676,
    "q": "في قَولِه تَعالَى: {وَلَقَدْ آَتَيْنَا إِبْرَاهِيمَ رُشْدَهُ} تنبيهٌ على:",
    "level": 1,
    "link": "https://www.dorar.net/tafseer/21/10",
    "section": "al-anbiya",
    "answers": [
      {
        "answer": "التَّمْكينِ لإبراهيمَ عليه السلامُ في قومِه وتقديمِهِم إياهُ",
        "t": 0
      },
      {
        "answer": "حُسْنِ خُلُقِ إبراهيمَ عَليهِ السلامُ",
        "t": 0
      },
      {
        "answer": "تفخيمِ ذلكَ الرُّشْدِ الذي أوتيهِ",
        "t": 1
      }
    ]
  },
  {
    "id": 2698,
    "q": "مَعنَى قَولِه تَعالَى: {حَصِيدًا خَامِدِينَ}:",
    "level": 1,
    "link": "https://www.dorar.net/tafseer/21/3",
    "section": "al-anbiya",
    "answers": [
      {
        "answer": "حَصَدَتْ زُروعَهُم واقتلَعتْها مِن جُذورِها",
        "t": 0
      },
      {
        "answer": "هَالِكين، لَم تَبْقَ منهم بَقِيَّة",
        "t": 1
      },
      {
        "answer": "تَهَدَّمَت دُورُهم واحترقَتْ أموالُهم ",
        "t": 0
      }
    ]
  },
  {
    "id": 2720,
    "q": "في قَولِه تَعالَى: {بَلْ أَكْثَرُهُمْ لَا يَعلَمُونَ الحَقَّ فَهُمْ مُعْرِضُونَ} تنبيهٌ عَلى أنَّ:",
    "level": 1,
    "link": "https://www.dorar.net/tafseer/21/5",
    "section": "al-anbiya",
    "answers": [
      {
        "answer": "كَثرةَ المُعرِضِينَ عن الحَقِّ سَبَبٌ لعَدمِ قَبولِه",
        "t": 0
      },
      {
        "answer": "أكثرَ إِعْرَاضِ الخلقِ عنِ الحَقِّ مِن عدم مَعرِفةِ الحقِّ ",
        "t": 1
      },
      {
        "answer": "قَليلًا مِن الخَلقِ مَن يَعلمُ حَقيقَةَ العُبودِيَة",
        "t": 0
      }
    ]
  },
  {
    "id": 2658,
    "q": "استِعمالُ السِّينِ والتَّاءِ في قَولِه تَعالَى: {فَاسْتَجَبْنَا لَهُ} إِنَّمَا يَدُلُّ عَلَى:",
    "level": 1,
    "link": "https://www.dorar.net/tafseer/21/17",
    "section": "al-anbiya",
    "answers": [
      {
        "answer": "وُقُوعِ الإِجَابَةِ في الحالِ",
        "t": 0
      },
      {
        "answer": "أنَّ الدُّعاءَ كان عن تَضَرُّعٍ",
        "t": 0
      },
      {
        "answer": "المبالغةِ فِي الإجابةِ",
        "t": 1
      }
    ]
  },
  {
    "id": 2792,
    "q": "مِن أهمِّ الموضوعاتِ التي اشْتَمَلَتْ عليها سُورةُ الأَنبياءِ:",
    "level": 1,
    "link": "https://www.dorar.net/tafseer/21",
    "section": "al-anbiya",
    "answers": [
      {
        "answer": "التَّذكير بما أصابَ الأممَ السَّالفَةَ من جرَّاءِ تكذيبِهم رَسُلَهُمْ",
        "t": 1
      },
      {
        "answer": "التَّذكير بما أصابَ المُسلِمين يومَ أُحُدٍ",
        "t": 0
      },
      {
        "answer": "التَّذكير بما أصابَ كُفَّارَ قريشٍ",
        "t": 0
      }
    ]
  },
  {
    "id": 2706,
    "q": "في قَولِه تَعالَى: {وَهُمْ يُسْئَلُونَ}:",
    "level": 1,
    "link": "https://www.dorar.net/tafseer/21/4",
    "section": "al-anbiya",
    "answers": [
      {
        "answer": "بِشارة للمؤْمنينَ",
        "t": 0
      },
      {
        "answer": "تَحذِيرٌ مِن عَدمِ إعطاءِ الزَّكاةِ لمستحقِّيها ",
        "t": 0
      },
      {
        "answer": "وَعيدٌ للكَفَرَة",
        "t": 1
      }
    ]
  },
  {
    "id": 2805,
    "q": "ذكرت السورةُ الكريمةُ عقبَ أخبارِ الأنبياءِ المقصودَ الأساسيَّ مِن رسالتِهم، وهذا المقصودُ هُو:",
    "level": 1,
    "link": "https://www.dorar.net/tafseer/21",
    "section": "al-anbiya",
    "answers": [
      {
        "answer": "دعوةُ الناسِ إلى إِصلاحِ مَعاشِهمِ في الحياةِ الدُّنيا",
        "t": 0
      },
      {
        "answer": "دعوةُ الناسِ جميعًا إِلى إخلاصِ العبادةِ للهِ",
        "t": 1
      },
      {
        "answer": "إِتمامُ مَكارِمِ الأَخلاقِ",
        "t": 0
      }
    ]
  },
  {
    "id": 2742,
    "q": "مَعْنَى {لَاهِيَةً قُلُوبُهُمْ}:",
    "level": 1,
    "link": "https://www.dorar.net/tafseer/21/1",
    "section": "al-anbiya",
    "answers": [
      {
        "answer": "ظالِمة",
        "t": 0
      },
      {
        "answer": "غافِلة وساهِية",
        "t": 1
      },
      {
        "answer": "كاذِبَة",
        "t": 0
      }
    ]
  },
  {
    "id": 2688,
    "q": "خُتمتْ سورةُ الأنبياءِ بالحديثِ عن سُنَّةٍ مِن سننِ اللهِ التي لا تتخلفُ؛ وهي:",
    "level": 1,
    "link": "https://www.dorar.net/tafseer/21",
    "section": "al-anbiya",
    "answers": [
      {
        "answer": "أن الحياةَ الدُّنيا تَخْدَعُ وتغرُّ أَهْلَهَا الذينَ يركنونَ إِلَيْهَا",
        "t": 0
      },
      {
        "answer": "أنَّ العاقبةَ للمؤمنينَ",
        "t": 1
      },
      {
        "answer": "أنَّ الشَّيطانَ للإنسانِ عَدُوٌّ مُبينٌ",
        "t": 0
      }
    ]
  },
  {
    "id": 2647,
    "q": "المرادُ مِن قَوْلِهِ تَعَالَى: {حَسِيسَهَا}:",
    "level": 1,
    "link": "https://www.dorar.net/tafseer/21/21",
    "section": "al-anbiya",
    "answers": [
      {
        "answer": "آثارُها الخارِجَةُ عنها",
        "t": 0
      },
      {
        "answer": "شِدَّةُ حرارَاتِها",
        "t": 0
      },
      {
        "answer": "صَوْتُهَا وحركَةُ تَلَهُّبِهَا",
        "t": 1
      }
    ]
  },
  {
    "id": 2765,
    "q": "في قَولِه تَعالَى: {قَالَ لَقَدْ كُنْتُمْ أَنْتُمْ وَآَبَاؤُكُمْ فِي ضَلَالٍ مُبِينٍ} إشارةٌ إلى:",
    "level": 1,
    "link": "https://www.dorar.net/tafseer/21/10",
    "section": "al-anbiya",
    "answers": [
      {
        "answer": "أنَّه لَا تَزِرُ وَازِرَةٌ وِزْرَ أُخْرَى ",
        "t": 0
      },
      {
        "answer": "أنَّ الوَلدَ يَتبعُ الوالِدَ في الهُدَى والضَّلالِ",
        "t": 0
      },
      {
        "answer": "أنَّ الباطلَ لا يصيرُ حَقًّا بكثرةِ المُسْتَمْسِكين بهِ",
        "t": 1
      }
    ]
  },
  {
    "id": 2638,
    "q": "المراد بالزَّبورِ في قَولِه تَعالَى: {وَلَقَدْ كَتَبْنَا في الزَّبُورِ}:",
    "level": 1,
    "link": "https://www.dorar.net/tafseer/21/21",
    "section": "al-anbiya",
    "answers": [
      {
        "answer": "الكُتُب المنزَّلة من السَّماء",
        "t": 1
      },
      {
        "answer": "اللَّوح المَحْفُوظ",
        "t": 0
      },
      {
        "answer": "صُحُفِ مُوسَى",
        "t": 0
      }
    ]
  },
  {
    "id": 2737,
    "q": "مَعنَى قَولِه تَعالَى: {يَكْلَؤُكُمْ}:",
    "level": 1,
    "link": "https://www.dorar.net/tafseer/21/8",
    "section": "al-anbiya",
    "answers": [
      {
        "answer": "يَحْفَظُكُم",
        "t": 1
      },
      {
        "answer": "يَسْمَعُكُم",
        "t": 0
      },
      {
        "answer": "يَمْنَعُكُم",
        "t": 0
      }
    ]
  }
]