[
  {
    "id": 7131,
    "q": "المعرفةُ اللَّاواعيةُ والضِّمنيَّةُ بقواعِدِ اللُّغةِ التي يكتَسِبُها المتكَلِّمُ منذُ طفولتِه، تُسمَّى:",
    "level": 3,
    "link": "https://dorar.net/arabia/2436",
    "section": "al-logh",
    "answers": [
      {
        "answer": "المَلَكةُ",
        "t": 1
      },
      {
        "answer": "اللَّهجَةُ",
        "t": 0
      },
      {
        "answer": "اللَّكنَةُ",
        "t": 0
      }
    ]
  },
  {
    "id": 7135,
    "q": "مِنَ المَعاجِمِ اللُّغويَّةِ الحَديثةِ:",
    "level": 3,
    "link": "https://dorar.net/arabia/2468",
    "section": "al-logh",
    "answers": [
      {
        "answer": "المُعجَمُ الوَسيطُ",
        "t": 1
      },
      {
        "answer": "غَريبُ الكَلِماتِ",
        "t": 0
      },
      {
        "answer": "لِسانُ العَربِ",
        "t": 0
      }
    ]
  },
  {
    "id": 7134,
    "q": "يرتكِزُ وَضعُ الكَلِماتِ والبِنى في اللُّغةِ العربيَّةِ على: ",
    "level": 3,
    "link": "https://dorar.net/arabia/2466",
    "section": "al-logh",
    "answers": [
      {
        "answer": "المَصادِرِ المُجرَّدَةِ",
        "t": 0
      },
      {
        "answer": "الجُذورِ الثُّلاثيَّةِ ",
        "t": 1
      },
      {
        "answer": "الأَصْلِ البِنائِي لكلِّ كَلِمَة",
        "t": 0
      }
    ]
  },
  {
    "id": 7122,
    "q": "مِن أهمِّ الخَصائِصِ التي أشار إليها العُلَماءُ الغَربيُّونَ لعلم اللُّغةِ:",
    "level": 3,
    "link": "https://dorar.net/arabia/2337",
    "section": "al-logh",
    "answers": [
      {
        "answer": "اهتِمامُ عِلمِ اللُّغةِ باللُّغةِ المَنْطوقَةِ قبل المَكْتوبةِ",
        "t": 1
      },
      {
        "answer": "تَميِيزُ عِلمِ اللُّغةِ للَّهجاتِ البِدائِيَّة ودِراسَتها والاستِفادَة مِنها",
        "t": 0
      },
      {
        "answer": "شُمولِيَّةُ عِلمِ اللُّغةِ لجَميعِ الظَّواهرِ اللُّغويَّةِ",
        "t": 0
      }
    ]
  },
  {
    "id": 7123,
    "q": "أهمَّ ما جعَل عِلمَ اللُّغةِ في القَرنِ التَّاسِعَ عشَرَ عِلمًا حَديثًا هو:",
    "level": 3,
    "link": "https://dorar.net/arabia/2337",
    "section": "al-logh",
    "answers": [
      {
        "answer": "تَطوُّرُ كثيرٍ مِن اللَّهجاتِ المُندَثِرَةِ ممَّا أدَّى إلى دِراسَتِها وبَحثِها",
        "t": 0
      },
      {
        "answer": "تَقدُّمُ عِلمِ الطِّبِّ التَّشريحي ومَعرِفَة مَخارجِ الحُروفِ بدِقَّةٍ مُتناهِيَةٍ",
        "t": 0
      },
      {
        "answer": "إخْضاعُ الظَّواهِرِ اللُّغويَّةِ لمَناهِجِ البَحثِ العِلميِّ",
        "t": 1
      }
    ]
  },
  {
    "id": 7140,
    "q": "اخْتَلف العُلَماءُ في عَددِ صِفاتِ الحُروفِ؛ فذهَب الجُمْهورُ إلى أنَّها:",
    "level": 3,
    "link": "https://dorar.net/arabia/2546",
    "section": "al-logh",
    "answers": [
      {
        "answer": "سَبْعَ عشْرَةَ صِفةً",
        "t": 1
      },
      {
        "answer": "خَمسَ عشْرَةَ صِفةً",
        "t": 0
      },
      {
        "answer": "ثَلاثَ عشْرَ صِفةً",
        "t": 0
      }
    ]
  },
  {
    "id": 7127,
    "q": "يُقصَدُ بمُصطَلح (الفَلْسفَة اللُّغويَّة):",
    "level": 3,
    "link": "https://dorar.net/arabia/2399",
    "section": "al-logh",
    "answers": [
      {
        "answer": "عِلمُ بِنيَةِ الكَلِمَة (الصَّرف)",
        "t": 0
      },
      {
        "answer": "عِلمُ التَّطوُّر الدِّلالي للأَلفاظِ",
        "t": 0
      },
      {
        "answer": "عِلمُ اللُّغةِ",
        "t": 1
      }
    ]
  },
  {
    "id": 7121,
    "q": "يَعتني بدِراسةِ اللَّهَجاتِ دون تَمييزٍ بين الفُصحى وغيرِها:",
    "level": 3,
    "link": "https://dorar.net/arabia/2337",
    "section": "al-logh",
    "answers": [
      {
        "answer": "عِلمُ الدِّلالَةِ",
        "t": 0
      },
      {
        "answer": "عِلمُ اللُّغةِ والأَصواتِ",
        "t": 1
      },
      {
        "answer": "عِلمُ المَعاني",
        "t": 0
      }
    ]
  },
  {
    "id": 7130,
    "q": "يُعَدُّ التوليدُ من أهَمِّ المفاهيمِ التي جاء بها النَّحوُ التوليديُّ ويُقصَدُ به:",
    "level": 3,
    "link": "https://dorar.net/arabia/2436",
    "section": "al-logh",
    "answers": [
      {
        "answer": "القدرةُ على الإنتاجِ غَيرِ المحدودِ للجُمَلِ",
        "t": 1
      },
      {
        "answer": "اشتِقاقُ المَصادِرِ اللَّفظِيَّة المُختَلِفَة مِن الجِذرِ اللُّغويِّ الواحِدِ",
        "t": 0
      },
      {
        "answer": "إِظهارُ التَطابُقِ بَينَ اللُّغةِ والواقِعِ الذي تُعَبِّرُ عنهُ",
        "t": 0
      }
    ]
  },
  {
    "id": 7136,
    "q": "أقْدَمُ فُروعِ عِلمِ الأصْواتِ وأكْثَرُها انْتِشارًا:",
    "level": 3,
    "link": "https://dorar.net/arabia/2502",
    "section": "al-logh",
    "answers": [
      {
        "answer": "عِلمُ الأصْواتِ النُّطْقيُّ",
        "t": 1
      },
      {
        "answer": "عِلمُ الأصْواتِ  المَوْضُوعِيُّ",
        "t": 0
      },
      {
        "answer": "عِلمُ الأصْواتِ السَّمْعِيُّ",
        "t": 0
      }
    ]
  },
  {
    "id": 7139,
    "q": "أقْدَمَ مَنْ قسَّم الأصْواتَ إلى أُصُولٍ وفُروعِ:",
    "level": 3,
    "link": "https://dorar.net/arabia/2530",
    "section": "al-logh",
    "answers": [
      {
        "answer": "سِيبَوَيهِ",
        "t": 1
      },
      {
        "answer": "الأَخفَش",
        "t": 0
      },
      {
        "answer": "السُّيوطِيُّ",
        "t": 0
      }
    ]
  },
  {
    "id": 7132,
    "q": "أوَّلَ من ألَّف مُعجمًا عربيًّا باتِّفاقِ اللُّغَويِّين:",
    "level": 3,
    "link": "https://dorar.net/arabia/2462",
    "section": "al-logh",
    "answers": [
      {
        "answer": "الخَليلُ بنُ أحمَدَ الفَراهيديُّ",
        "t": 1
      },
      {
        "answer": "ابنُ جِنِّي",
        "t": 0
      },
      {
        "answer": "أبو الأَسْوَدِ الدُّؤَلِيُّ",
        "t": 0
      }
    ]
  },
  {
    "id": 7125,
    "q": "في عَصرِ النَّهضةِ الأوروبيَّةِ اتَّسع أُفُقُ الدِّراساتِ اللُّغَويَّةِ في أوروبَّا نتيجةَ العديدِ من العواملِ؛ منها:",
    "level": 3,
    "link": "https://dorar.net/arabia/2371",
    "section": "al-logh",
    "answers": [
      {
        "answer": "رِحْلاتُ الكُشوفِ الجُغرافيَّةِ التي وصَلت الأوروبِّيِّين بلُغاتٍ كثيرةٍ",
        "t": 1
      },
      {
        "answer": "حَركةُ إحياءِ التُّراثِ الفارسِي الشَّرقِي",
        "t": 0
      },
      {
        "answer": "إِتقانُ سُكَّانِ شَرقِ أوروبا (الأندلس) للُّغةِ العَربيَّة",
        "t": 0
      }
    ]
  },
  {
    "id": 7133,
    "q": "اخْتَلف العُلَماءُ في كَيفيَّة القَلْقَلةِ والقول الأرْجَحُ أنَّها أقْرَبُ إلى: ",
    "level": 3,
    "link": "https://dorar.net/arabia/2546",
    "section": "al-logh",
    "answers": [
      {
        "answer": "السُّكونِ ",
        "t": 0
      },
      {
        "answer": "الفَتْحِ",
        "t": 1
      },
      {
        "answer": "الكَسْرِ",
        "t": 0
      }
    ]
  },
  {
    "id": 7137,
    "q": "الفَلْسفةُ اللُّغويَّةُ عند اللُّغويِّينَ الغَربيِّينَ هي:",
    "level": 3,
    "link": "https://dorar.net/arabia/2401",
    "section": "al-logh",
    "answers": [
      {
        "answer": "مَعرِفةُ أُصولِ اللَّهجاتِ وكَيفيَّةِ تَطوُّرِها",
        "t": 0
      },
      {
        "answer": "التَّحْليلِ المَنْطقيِّ اللُّغويِّ",
        "t": 1
      },
      {
        "answer": "دِراسَةُ النُّصوصِ دِراسَةً نَقدِيَّةً",
        "t": 0
      }
    ]
  },
  {
    "id": 7128,
    "q": "عِلمَ اللُّغةِ الحَديثَ وَضَع مَجْموعةً مِنَ المَناهِجِ لدِراسةِ اللُّغةِ واسْتِخداماتِها؛ منها:",
    "level": 3,
    "link": "https://dorar.net/arabia/2511",
    "section": "al-logh",
    "answers": [
      {
        "answer": "المَنهَجُ الوَصْفيُّ",
        "t": 1
      },
      {
        "answer": "مَنهَجُ التَّسوِيَةِ",
        "t": 0
      },
      {
        "answer": "المَنهجُ القِياسي",
        "t": 0
      }
    ]
  },
  {
    "id": 7124,
    "q": "البِداياتُ الجادَّةُ للدِّراساتِ اللُّغويَّةِ في الغَربِ مَدْرستانِ أساسيَّتانِ هما:",
    "level": 3,
    "link": "https://dorar.net/arabia/2367",
    "section": "al-logh",
    "answers": [
      {
        "answer": "الشَّرقِيَّة والغَربِيَّة",
        "t": 0
      },
      {
        "answer": "الأَميرِيَّة والمَلكِيَّة",
        "t": 0
      },
      {
        "answer": "اليُونانيَّةُ واللَّاتينيَّةُ",
        "t": 1
      }
    ]
  },
  {
    "id": 7138,
    "q": "نَظريَّةِ الفونيم الغَرْبيَّةِ؛ يُقصَدُ بها:",
    "level": 3,
    "link": "https://dorar.net/arabia/2530",
    "section": "al-logh",
    "answers": [
      {
        "answer": "تَحليلُ الأَصواتِ تَحليلًا دِلالِيًّا لا لُغوِيًّا",
        "t": 0
      },
      {
        "answer": "مَجْموعةُ الأصْواتِ الكَثيرةِ المُتشابِهَة",
        "t": 0
      },
      {
        "answer": "أصْغَرُ وَحدةٍ صَوتيَّةٍ عن طَريقِها يُمكِنُ التَّفْريقُ بَينَ المَعاني",
        "t": 1
      }
    ]
  },
  {
    "id": 7129,
    "q": "من المَدارِس اللِّسانيَّةُ الأوروبيَّة:",
    "level": 3,
    "link": "https://dorar.net/arabia/2432",
    "section": "al-logh",
    "answers": [
      {
        "answer": "المَدرَسَةُ النَّسَقيَّةُ",
        "t": 1
      },
      {
        "answer": "المَدرَسَةُ السَّمعِيَّةُ",
        "t": 0
      },
      {
        "answer": "المَدرَسَةُ التَّسهِيليَّةُ",
        "t": 0
      }
    ]
  },
  {
    "id": 7126,
    "q": "كان قَرنَ دِراسةِ اللُّغاتِ الهِندو أوروبيَّةِ، واللُّغاتِ الرُّومانيَّةِ هو القَرنُ:",
    "level": 3,
    "link": "https://dorar.net/arabia/2379",
    "section": "al-logh",
    "answers": [
      {
        "answer": "التَّاسع عشَر ",
        "t": 1
      },
      {
        "answer": "السَّابِع عشَر",
        "t": 0
      },
      {
        "answer": "الثَّامِن عشَر",
        "t": 0
      }
    ]
  }
]