[
  {
    "id": 7098,
    "q": "يُعرَفُ التَّنْغيمُ في عِلمِ الأصْواتِ بأنَّه: ",
    "level": 1,
    "link": "https://dorar.net/arabia/2562",
    "section": "al-logh",
    "answers": [
      {
        "answer": "جَعْلُ حَرْفٍ مَكانَ آخَرَ معَ بَقاءِ الغُنَّةِ والإخْفاءِ",
        "t": 0
      },
      {
        "answer": "وَصْلُ حَرْفٍ ساكِنٍ بحَرْفٍ مِثلِه مُتحرِّكٍ",
        "t": 0
      },
      {
        "answer": "ارْتِفاعُ الصَّوتِ وانْخِفاضُه في أثْناءِ الكَلامِ",
        "t": 1
      }
    ]
  },
  {
    "id": 7100,
    "q": "حُروفُ الصَّفيرِ ثَلاثةٌ وهي: ",
    "level": 1,
    "link": "https://dorar.net/arabia/2546",
    "section": "al-logh",
    "answers": [
      {
        "answer": "الصَّادُ، والزَّايُ، والسِّينُ",
        "t": 1
      },
      {
        "answer": "الثَّاءُ والظَّاءُ",
        "t": 0
      },
      {
        "answer": "الشِّينُ والعَيْنُ والغَيْنُ",
        "t": 0
      }
    ]
  },
  {
    "id": 7083,
    "q": "دِراسةُ لُغةٍ محَدَّدةٍ عَبْرَ الزَّمَنِ للكَشفِ اللُّغَويِّ، يُسمَّى:",
    "level": 1,
    "link": "https://dorar.net/arabia/2416",
    "section": "al-logh",
    "answers": [
      {
        "answer": "عِلمُ الصَّوتياتِ الزَّمنيِّ",
        "t": 0
      },
      {
        "answer": "عِلمُ اللُّغةِ التَّاريخيُّ",
        "t": 1
      },
      {
        "answer": "الفِينُولُوجيا",
        "t": 0
      }
    ]
  },
  {
    "id": 7091,
    "q": "من أنْواعُ الإدْغامِ في العَربيَّةِ:",
    "level": 1,
    "link": "https://dorar.net/arabia/2569",
    "section": "al-logh",
    "answers": [
      {
        "answer": "الإِدغامُ القِياسِيُّ والإِدغامُ البَسيطُ",
        "t": 0
      },
      {
        "answer": "المُتقارِبان والمُتجانِسانِ",
        "t": 1
      },
      {
        "answer": "الهَمسُ والجَهرُ",
        "t": 0
      }
    ]
  },
  {
    "id": 7092,
    "q": "متَى يجِب إِظهارُ النُّونِ السَّاكِنَة:",
    "level": 1,
    "link": "https://dorar.net/arabia/2573",
    "section": "al-logh",
    "answers": [
      {
        "answer": "إذا كان ما بعدَها مَفتُوحًا وقبلَها حَرفُ مَدٍّ",
        "t": 0
      },
      {
        "answer": "إذا وقَع بعد النُّونِ السَّاكِنةِ أوِ التَّنْوينِ حَرْفٌ مِن حُروفِ الحَلْقِ السِّتَّةِ",
        "t": 1
      },
      {
        "answer": "إذا كان بَعدَها حَرفٌ مُشدَّدٌ",
        "t": 0
      }
    ]
  },
  {
    "id": 7086,
    "q": "مِن أَشهَرِ كُتبِ المَعاجِمِ العَربيَّة:",
    "level": 1,
    "link": "https://dorar.net/arabia/2468",
    "section": "al-logh",
    "answers": [
      {
        "answer": "مُعجَّمُ الطَّبرانيِّ",
        "t": 0
      },
      {
        "answer": "لِسانُ العَربِ ",
        "t": 1
      },
      {
        "answer": "الرَّحيقُ المَختُومُ",
        "t": 0
      }
    ]
  },
  {
    "id": 7085,
    "q": "ما جاء في شَكلِ خُطبةٍ أو وَصيَّةٍ أو مَثَلٍ أو حِكمةٍ أو نادِرةٍ؛ يُسمَّى:",
    "level": 1,
    "link": "https://dorar.net/arabia/2464",
    "section": "al-logh",
    "answers": [
      {
        "answer": "الأَدَبِيَّات",
        "t": 0
      },
      {
        "answer": "الفُنونَ اللُّغوِيَّةَ",
        "t": 0
      },
      {
        "answer": "الشَّواهِدَ النَّثْريَّةَ",
        "t": 1
      }
    ]
  },
  {
    "id": 7095,
    "q": "في الإِدغامِ إذا اتَّفَقا الحَرفانِ مَخرَجًا وصِفةً، فهو:",
    "level": 1,
    "link": "https://dorar.net/arabia/2569",
    "section": "al-logh",
    "answers": [
      {
        "answer": "المُتجانِسانِ",
        "t": 0
      },
      {
        "answer": "المِثلانِ",
        "t": 1
      },
      {
        "answer": "المُتقارِبان ",
        "t": 0
      }
    ]
  },
  {
    "id": 7082,
    "q": "مِن أسباب نَشْأةِ عُلومِ اللُّغةِ عند العَربِ:",
    "level": 1,
    "link": "https://dorar.net/arabia/2367",
    "section": "al-logh",
    "answers": [
      {
        "answer": "العَصبِيَّةُ القَبَلِيَّة التي كانت مُنتَشِرةً في الجاهِليَّة",
        "t": 0
      },
      {
        "answer": "خِدمَةُ الإسْلامِ والمُحافَظةُ على القُرآنِ الكَريمِ من اللَّحْنِ",
        "t": 1
      },
      {
        "answer": "اهتِمامُ الأَعرابِ بتَدوينِ أَشعارِهِم وأَنسابِهم ومَحافِلِهم",
        "t": 0
      }
    ]
  },
  {
    "id": 7093,
    "q": "يُقسَمُ الإدْغامُ إلى: ",
    "level": 1,
    "link": "https://dorar.net/arabia/2569",
    "section": "al-logh",
    "answers": [
      {
        "answer": "كامِلٍ وناقِصٍ",
        "t": 1
      },
      {
        "answer": "صَغيرٍ وكَبيرٍ",
        "t": 0
      },
      {
        "answer": "مُفرَدٍ ومُركَّبٍ",
        "t": 0
      }
    ]
  },
  {
    "id": 7094,
    "q": "جَعْلُ حَرْفٍ مَكانَ آخَرَ معَ بَقاءِ الغُنَّةِ والإخْفاءِ؛ يُسمَّى:",
    "level": 1,
    "link": "https://dorar.net/arabia/2571",
    "section": "al-logh",
    "answers": [
      {
        "answer": "الالتِفاتَ",
        "t": 0
      },
      {
        "answer": "الإقْلابَ",
        "t": 1
      },
      {
        "answer": "الإِشْمامَ",
        "t": 0
      }
    ]
  },
  {
    "id": 7096,
    "q": "مِن أَمثِلَةِ إخْفاءِ النُّونِ السَّاكِنَةِ معَ الجِيمِ، قولُه تعالى:",
    "level": 1,
    "link": "https://dorar.net/arabia/2575",
    "section": "al-logh",
    "answers": [
      {
        "answer": "{ثُمَّ نُنَجِّي الَّذِينَ اتَّقَوْا}",
        "t": 0
      },
      {
        "answer": "{إِنَّا مُنَجُّوكَ وَأَهْلَك}",
        "t": 0
      },
      {
        "answer": "{مَن جَاءَ بِالْحَسَنَةِ}",
        "t": 1
      }
    ]
  },
  {
    "id": 7099,
    "q": "يأتي النَّبْرُ عندَ المُعاصِرينَ اللُّغوِيِّينَ بمَعنَى: ",
    "level": 1,
    "link": "https://dorar.net/arabia/2560",
    "section": "al-logh",
    "answers": [
      {
        "answer": "إِظهارُ حُروفِ المَدِّ مع إِشباعِها بكامِلِ الحَركاتِ",
        "t": 0
      },
      {
        "answer": "الوُقوفُ على الكَلماتِ المُراد إِظهارُها",
        "t": 0
      },
      {
        "answer": "ارتفاعِ شِدَّةِ الصَّوتِ ونَغْمَتِه",
        "t": 1
      }
    ]
  },
  {
    "id": 7084,
    "q": " كتابٌ يحتوي مجموعةً من مفرداتِ اللُّغةِ مُرَتَّبةً ترتيبًا أبجَديًّا:",
    "level": 1,
    "link": "https://dorar.net/arabia/2460",
    "section": "al-logh",
    "answers": [
      {
        "answer": "المُعجَمُ أو القاموسُ",
        "t": 1
      },
      {
        "answer": "الفُسطاطُ",
        "t": 0
      },
      {
        "answer": "المِيزانُ الصَّرفيُّ",
        "t": 0
      }
    ]
  },
  {
    "id": 7090,
    "q": "حُروفُ القَلقَةِ هي: ",
    "level": 1,
    "link": "https://dorar.net/arabia/2546",
    "section": "al-logh",
    "answers": [
      {
        "answer": "سِتَّةُ أَحرُفٍ مَجمُوعَةٍ في كَلمَةِ (حضرموت)",
        "t": 0
      },
      {
        "answer": "خَمْسةٌ، مَجْموعةٌ في جُملَة (قطب جد)",
        "t": 1
      },
      {
        "answer": "الألِفُ والسِّينُ واليَاءُ",
        "t": 0
      }
    ]
  },
  {
    "id": 7087,
    "q": "علم يَبحَثُ في الأصْواتِ المَنْطوقةِ من حيثُ نُطْقُها وانْتِقالُـها وإدْراكُها:",
    "level": 1,
    "link": "https://dorar.net/arabia/2478",
    "section": "al-logh",
    "answers": [
      {
        "answer": "عِلمُ المَنْطِقِ",
        "t": 0
      },
      {
        "answer": "عِلمُ الأَصواتِ",
        "t": 1
      },
      {
        "answer": "عِلمُ المَنطُوقاتِ العَربيَّة",
        "t": 0
      }
    ]
  },
  {
    "id": 7088,
    "q": "مِن أَهمِّ مَوضوعاتِ عِلمِ التَّجْويدِ:",
    "level": 1,
    "link": "https://dorar.net/arabia/2491",
    "section": "al-logh",
    "answers": [
      {
        "answer": "الوُقوفُ على الدَّلالاتِ المُختَلِفَةِ للكَلمَةِ الواحِدَة",
        "t": 0
      },
      {
        "answer": "تَميِيزُ الأَوزانِ العَربيَّةِ مِن المُعرَّبَة",
        "t": 0
      },
      {
        "answer": "مَعْرِفةُ مَخارِجِ الحُروفِ",
        "t": 1
      }
    ]
  },
  {
    "id": 7089,
    "q": "إذا أراد اللُّغويُّ دِراسةَ أصْواتِ اللُّغةِ فعليهِ أن يَدرُسَ:",
    "level": 1,
    "link": "https://dorar.net/arabia/2523",
    "section": "al-logh",
    "answers": [
      {
        "answer": "خَصائِصَ كلِّ صَوتٍ",
        "t": 1
      },
      {
        "answer": "مَخارِجَ الحُروفِ الهَجائِيَّة",
        "t": 0
      },
      {
        "answer": "المِيزانَ الصَّرفِيَّ للأَصواتِ",
        "t": 0
      }
    ]
  },
  {
    "id": 7097,
    "q": "شَرْطُ الإدْغامِ أن يَلتقي حَرْفانِ مُتماثِلان:",
    "level": 1,
    "link": "https://dorar.net/arabia/2569",
    "section": "al-logh",
    "answers": [
      {
        "answer": "الأوَّلُ منهما مُتحرِّكٌ، والثَّاني ساكِنٌ",
        "t": 0
      },
      {
        "answer": "الأوَّلُ منهما حَرفُ مَدٍّ والثاني ساكِنٌ",
        "t": 0
      },
      {
        "answer": "الأوَّلُ منْهما ساكِنٌ، والثَّاني مُتحرِّكٌ",
        "t": 1
      }
    ]
  },
  {
    "id": 7081,
    "q": "يُطلَقُ على عِلمِ اللُّغةِ اسم:",
    "level": 1,
    "link": "https://dorar.net/arabia/2332",
    "section": "al-logh",
    "answers": [
      {
        "answer": "الأَبجَدِيَّات",
        "t": 0
      },
      {
        "answer": "الخَوارِزمِيَّات",
        "t": 0
      },
      {
        "answer": "اللِّسانِيَّات",
        "t": 1
      }
    ]
  }
]