[
  {
    "id": 7120,
    "q": "مَراتِبُ القَلْقَلةِ:",
    "level": 2,
    "link": "https://dorar.net/arabia/2546",
    "section": "al-logh",
    "answers": [
      {
        "answer": "ثَلاثٌ",
        "t": 1
      },
      {
        "answer": "أَربعٌ",
        "t": 0
      },
      {
        "answer": "خَمسٌ",
        "t": 0
      }
    ]
  },
  {
    "id": 7107,
    "q": "عُني المُسلِمون بتدقيقِ الحُروفِ العربيَّةِ وتقييدِها بالشَّكلِ منذ:",
    "level": 2,
    "link": "https://dorar.net/arabia/2369",
    "section": "al-logh",
    "answers": [
      {
        "answer": "القَرنِ الثَّالثِ الهِجريِّ",
        "t": 0
      },
      {
        "answer": "عَصرِ الجاهِليَّة قبلَ مَجئِ الإِسلامِ",
        "t": 0
      },
      {
        "answer": "القَرنِ الهِجريِّ الأوَّلِ",
        "t": 1
      }
    ]
  },
  {
    "id": 7113,
    "q": "عِلمِ التَّجْويدِ وعِلمِ الأصْواتِ ",
    "level": 2,
    "link": null,
    "section": "al-logh",
    "answers": [
      {
        "answer": "أصل واحد وموضوعاتهما مختلفة",
        "t": 0
      },
      {
        "answer": "أصل واحِد، ومَوضوعاتِهما واحِدة",
        "t": 1
      },
      {
        "answer": "لا يتفقون في الأصل وموضوعاتهما واحدة",
        "t": 0
      }
    ]
  },
  {
    "id": 7101,
    "q": "مِنَ التَّعْريفاتِ الدَّقيقةِ لعِلمِ اللُّغَةِ:",
    "level": 2,
    "link": "https://dorar.net/arabia/2335",
    "section": "al-logh",
    "answers": [
      {
        "answer": "عِلمٌ يَدرُسُ الأَصوات الإِنسانِيَّة باعتِبارِها المُعَبِّر الحَقيقِي عن احتِياجَتِهِم",
        "t": 0
      },
      {
        "answer": "اللُّغةُ هي دَلالاتٌ وُضِعَت للتَّعبيرِ؛ تَختلِفُ باختِلافِ المَكانِ والزَّمانِ",
        "t": 0
      },
      {
        "answer": "حدُّ اللُّغةِ أصْواتٌ يُعبِّرُ بها كلُّ قَومٍ عن أغْراضِهم",
        "t": 1
      }
    ]
  },
  {
    "id": 7114,
    "q": "يَهتمُّ بالجانِبِ المادِّيِّ للأصْواتِ في اللِّسانِ البَشريِّ؛ من حيثُ تَغيُّراتُها وتَحوُّلاتُها",
    "level": 2,
    "link": null,
    "section": "al-logh",
    "answers": [
      {
        "answer": "موضوع الدلالة",
        "t": 0
      },
      {
        "answer": "مَوضوعُ عِلمِ الأصْواتِ",
        "t": 1
      },
      {
        "answer": "موضوع الإملاء",
        "t": 0
      }
    ]
  },
  {
    "id": 7117,
    "q": "أشْهَرُ تَرْتيبٍ لأصْواتِ العَربيَّةِ على المَخارِجِ:",
    "level": 2,
    "link": "https://dorar.net/arabia/2539",
    "section": "al-logh",
    "answers": [
      {
        "answer": "تَرتيبُ سِيبَوَيهِ",
        "t": 1
      },
      {
        "answer": "تَرتيبُ الحَريريِّ",
        "t": 0
      },
      {
        "answer": "تَرتيبُ ابنِ آجُرُّوم",
        "t": 0
      }
    ]
  },
  {
    "id": 7102,
    "q": "عِلمُ اللُّغةِ يَستَقي مادَّتَه مِنَ:",
    "level": 2,
    "link": "https://dorar.net/arabia/2339",
    "section": "al-logh",
    "answers": [
      {
        "answer": "النَّظرِ في اللُّغاتِ على اخْتِلافِها",
        "t": 1
      },
      {
        "answer": "المَعاجِم اللُّغويَّة سَواءٌ قَديمًا أو حَديثًا",
        "t": 0
      },
      {
        "answer": "المَعاني التي تُعبِّرُ عنها الحُروفُ والكَلِماتُ",
        "t": 0
      }
    ]
  },
  {
    "id": 7119,
    "q": "مِن فَوائدِ صِفاتُ الحُروفِ في عِلمِ التَّجْويدِ:",
    "level": 2,
    "link": "https://dorar.net/arabia/2546",
    "section": "al-logh",
    "answers": [
      {
        "answer": "تمييزُ الحروفِ المُشتَرَكةِ في المخرَجِ",
        "t": 1
      },
      {
        "answer": "مُرادَفةُ الحَرفِ الضَّعيفِ للحَرفِ القَويِّ واكتِسابُه مِن قُوَّتِه",
        "t": 0
      },
      {
        "answer": "تَرتيبُ الحُروفِ مِن حيثُ التَّأثير وعَدمه",
        "t": 0
      }
    ]
  },
  {
    "id": 7116,
    "q": "مِن أقْدَمِ العُلماءِ الذين كان لهم جُهدٌ بارِزٌ في عِلمِ الأصْواتِ:",
    "level": 2,
    "link": "https://dorar.net/arabia/2499",
    "section": "al-logh",
    "answers": [
      {
        "answer": "ابنُ دُرَيدٍ",
        "t": 0
      },
      {
        "answer": "الخَليلُ بنُ أحْمَدَ الفَراهيديُّ",
        "t": 1
      },
      {
        "answer": "أبو نَصرٍ الباهِليُّ",
        "t": 0
      }
    ]
  },
  {
    "id": 7112,
    "q": "المُعجَمُ الذي يَجمَعُ الألفاظَ الَّتي تَدورُ حول مَعنًى واحِدٍ أو مَوضوعٍ واحِدٍ، يُسمَّى:",
    "level": 2,
    "link": "https://dorar.net/arabia/2468",
    "section": "al-logh",
    "answers": [
      {
        "answer": "المُعجَمُ الأَلِفبائِيُّ",
        "t": 0
      },
      {
        "answer": "مُعجَمُ الأَصواتِ",
        "t": 0
      },
      {
        "answer": "مُعجَمُ المَعاني",
        "t": 1
      }
    ]
  },
  {
    "id": 7118,
    "q": "من أسْبابُ اخْتِلافِ المَخارِجِ عند المُتقدِّمين والمُحدَثينَ:",
    "level": 2,
    "link": "https://dorar.net/arabia/2543",
    "section": "al-logh",
    "answers": [
      {
        "answer": "كَثرةُ اللَّهجاتِ العَربيَّةِ",
        "t": 0
      },
      {
        "answer": "التَّقارُبُ والتَّداخُلُ بَينَ مَخارِجِ النُّطْقِ",
        "t": 1
      },
      {
        "answer": "تَطَوُّرُ دَلالاتِ الأَلفاظِ مِن زَمنٍ لآخَر",
        "t": 0
      }
    ]
  },
  {
    "id": 7108,
    "q": "تَفوَّق الهُنودُ على اليُونانيِّينَ واللَّاتينيِّينَ في مَجالِ:",
    "level": 2,
    "link": "https://dorar.net/arabia/2367",
    "section": "al-logh",
    "answers": [
      {
        "answer": "العِنايَة بالكُتبِ",
        "t": 0
      },
      {
        "answer": "البَلاغَة والمَنطِق",
        "t": 0
      },
      {
        "answer": "الدِّراسةِ اللُّغويَّةِ",
        "t": 1
      }
    ]
  },
  {
    "id": 7105,
    "q": "هُناك عَلاقةُ بين عِلمِ اللُّغةِ وعِلمِ الاجْتِماعِ في:",
    "level": 2,
    "link": "https://dorar.net/arabia/2384",
    "section": "al-logh",
    "answers": [
      {
        "answer": "تَبادُلِ كلٍّ منهُما مُصطَلحاتِ الآخَر في المَعاجِم المُتخَصِّصَةِ",
        "t": 0
      },
      {
        "answer": "كيفيَّةِ تأثيرِ اللُّغةِ في المجتمَعِ وكيف يؤثِّرُ هو فيها",
        "t": 1
      },
      {
        "answer": "تَأثيرِ الفَلسَفَةِ والمَنطِق على السَّليقَةِ اللُّغوِيَّةِ",
        "t": 0
      }
    ]
  },
  {
    "id": 7106,
    "q": "العَصرُ الذَّهَبيُّ في الشَّرقِ العَربيِّ في الدِّراساتِ اللُّغَويَّةِ، هو:",
    "level": 2,
    "link": "https://dorar.net/arabia/2369",
    "section": "al-logh",
    "answers": [
      {
        "answer": "ما قابَل العُصورَ الوُسطى عند الغَربِ",
        "t": 1
      },
      {
        "answer": "عَهدُ الأُمَوِيِّينَ في الأَندلُس",
        "t": 0
      },
      {
        "answer": "بِدايَةُ عَصرِ المَماليكِ",
        "t": 0
      }
    ]
  },
  {
    "id": 7104,
    "q": "ظهر في الشَّرقِ مَدرستانِ ارْتَبطَ فيهما الدَّرسُ اللُّغويُّ بالدِّينِ وكُتبِه المُقدَّسةِ، هُما:",
    "level": 2,
    "link": "https://dorar.net/arabia/2367",
    "section": "al-logh",
    "answers": [
      {
        "answer": "الهُـنودُ والعَربُ",
        "t": 1
      },
      {
        "answer": "الرُّومُ والفُرسُ",
        "t": 0
      },
      {
        "answer": "المَغُولُ والتَّتارُ",
        "t": 0
      }
    ]
  },
  {
    "id": 7110,
    "q": "مِن مصادِرِ التَّأليفِ المُعجَميِّ عندَ العَربِ:",
    "level": 2,
    "link": "https://dorar.net/arabia/2464",
    "section": "al-logh",
    "answers": [
      {
        "answer": "ما وُجِدَ مِن نُقوشٍ عَربيَّةٍ باللُّغةِ المِصريَّةِ القَديمَةِ (الهيروغليفية)",
        "t": 0
      },
      {
        "answer": "مَعاجِمُ اللُّغاتِ الأُخرَى المُجاوِرَةِ للجَزيرَةِ العَربيَّة كفارِس والرُّومِ والهِندِ وغَيرهِم",
        "t": 0
      },
      {
        "answer": "المأثورُ من كلامِ العَرَبِ ",
        "t": 1
      }
    ]
  },
  {
    "id": 7115,
    "q": "مِن أَمثِلَةِ مَعاجِمِ المَوضوعاتِ:",
    "level": 2,
    "link": "https://dorar.net/arabia/2468",
    "section": "al-logh",
    "answers": [
      {
        "answer": "كِتاب المُستَطرف للأبشيهِيِّ",
        "t": 0
      },
      {
        "answer": "كِتاب الكامِل في اللُّغَةِ والأَدَبِ للمُبَرِّد",
        "t": 0
      },
      {
        "answer": "كِتابُ فِقهِ اللُّغةِ للثَّعالِبيِّ",
        "t": 1
      }
    ]
  },
  {
    "id": 7109,
    "q": "مَنهَجٌ يقومُ على المقارَنةِ بَينَ لُغَتينِ أو أكثَرَ بشَرطِ انتماءِ تلك اللُّغاتِ إلى أُسرةٍ لُغويَّةٍ واحدةٍ:",
    "level": 2,
    "link": "https://dorar.net/arabia/2412",
    "section": "al-logh",
    "answers": [
      {
        "answer": "المَنهَجُ القِياسِيُّ",
        "t": 0
      },
      {
        "answer": "المنهَجُ المُقارَنُ",
        "t": 1
      },
      {
        "answer": "المَنهَجُ الآرِسْطي",
        "t": 0
      }
    ]
  },
  {
    "id": 7111,
    "q": "يَعتَبرُه اللُّغويُّونَ الدِّعامَّةَ الأُولى لهم التَّأليفِ المُعجَميِّ: ",
    "level": 2,
    "link": "https://dorar.net/arabia/2464",
    "section": "al-logh",
    "answers": [
      {
        "answer": "النَّثرُ",
        "t": 0
      },
      {
        "answer": "الشِّعرُ",
        "t": 1
      },
      {
        "answer": "الأَمثالُ",
        "t": 0
      }
    ]
  },
  {
    "id": 7103,
    "q": "يَبحَثُ عِلمُ اللُّغةِ في مَجالاتٍ مُتعدِّدٍ؛ منها:",
    "level": 2,
    "link": "https://dorar.net/arabia/2347",
    "section": "al-logh",
    "answers": [
      {
        "answer": "نَشأَةِ مَعاجِمِ المُصطَلحاتِ",
        "t": 0
      },
      {
        "answer": "دِراسَةُ القَبائلِ العَربيَّةِ، وكيف تَشَكَّلَت لُغاتُها",
        "t": 0
      },
      {
        "answer": "دِراسةُ الأصْواتِ الَّتي تَتألَّفُ منها اللُّغةُ",
        "t": 1
      }
    ]
  }
]