[
  {
    "id": 6084,
    "q": "مِن أهَمِّ المَوضُوعاتِ التي تَناوَلتها سُورةُ (يس):",
    "level": 3,
    "link": "https://dorar.net/tafseer/36",
    "section": "Yasin",
    "answers": [
      {
        "answer": "توجيهُ الرُّسُلِ إلى أكلِ الحَلالِ الطَّيِّبِ، والمداومةِ على العَمَلِ الصَّالحِ",
        "t": 0
      },
      {
        "answer": "ذِكرُ قِصَّةِ أصحابِ القريةِ، وما جرَى بيْنَهم وبينَ الرُّسُلِ",
        "t": 1
      },
      {
        "answer": "تَنظِيمُ العلاقَةِ بين الزَّوجينِ، وحُقوقُ الأَرحامِ، وبَيانُ نِظام الإِرْث",
        "t": 0
      }
    ]
  },
  {
    "id": 6068,
    "q": "في قَولِه تعالى: {وَنَكْتُبُ مَا قَدَّمُوا وَآَثَارَهُمْ} (وَآَثَارَهُمْ) أي: ",
    "level": 3,
    "link": "https://dorar.net/tafseer/36/1",
    "section": "Yasin",
    "answers": [
      {
        "answer": "ما استُنَّ به بَعْدَهم مِن سُنَنِهم",
        "t": 1
      },
      {
        "answer": "كُفرَهُم بأَنبِيائِهِم",
        "t": 0
      },
      {
        "answer": "استِكبَارَهُم في الأَرضِ",
        "t": 0
      }
    ]
  },
  {
    "id": 6071,
    "q": "قَولُه تعالى: {وَجَعَلْنَا فِيهَا جَنَّاتٍ مِنْ نَخِيلٍ وَأَعْنَابٍ} خَصَّص النَّخيلَ والأعنابَ بالذِّكرِ مِن سائِرِ الفواكِهِ:",
    "level": 3,
    "link": "https://dorar.net/tafseer/36/5",
    "section": "Yasin",
    "answers": [
      {
        "answer": "لأنَّ ثِمارَهُما أوَّلُ طَعامِ آدمَ عليه السَّلامُ",
        "t": 0
      },
      {
        "answer": "لأنَّهُما كانَا غالِبَ طَعامِ قُريشٍ وأَهلِ الجَزيرَةِ العَربيَّةِ",
        "t": 0
      },
      {
        "answer": "لأنَّ التَّمرَ والعِنَبَ قُوتٌ وفاكِهةٌ",
        "t": 1
      }
    ]
  },
  {
    "id": 6072,
    "q": "ما مَعنَى قَولِ الله تعالى: {وَيَحِقَّ الْقَوْلُ عَلَى الْكَافِرِينَ}:",
    "level": 3,
    "link": "https://dorar.net/tafseer/36/12",
    "section": "Yasin",
    "answers": [
      {
        "answer": "لِيَظهَرَ الحَقُّ على الكافِرينَ",
        "t": 0
      },
      {
        "answer": "ليَعلَمَ الكافِرُونَ أنَّهم خاسِرُونَ",
        "t": 0
      },
      {
        "answer": "لِيَحِقَّ العَذابُ على الكافِرينَ",
        "t": 1
      }
    ]
  },
  {
    "id": 6067,
    "q": "قال الله تعالى: {فَسُبْحَانَ الَّذِي بِيَدِهِ مَلَكُوتُ كُلِّ شَيْءٍ} المَلَكُوتُ هو: ",
    "level": 3,
    "link": "https://dorar.net/tafseer/36/14",
    "section": "Yasin",
    "answers": [
      {
        "answer": "أعظَمُ الملكِ",
        "t": 1
      },
      {
        "answer": "العَظَمَةُ الكامِلَةُ",
        "t": 0
      },
      {
        "answer": "ما يكونُ بينَ السَّماءِ والأَرضِ",
        "t": 0
      }
    ]
  },
  {
    "id": 6078,
    "q": "المَقصُودُ بالْأَزْوَاج في قَولِه تعالى: {سُبْحَانَ الَّذِي خَلَقَ الْأَزْوَاجَ كُلَّهَا}: ",
    "level": 3,
    "link": "https://dorar.net/tafseer/36/5",
    "section": "Yasin",
    "answers": [
      {
        "answer": "الأَجناسُ والأَصنافُ",
        "t": 1
      },
      {
        "answer": "الإِنسُ والجِنُّ",
        "t": 0
      },
      {
        "answer": "آدمُ وذُرِّيَّتُه",
        "t": 0
      }
    ]
  },
  {
    "id": 6080,
    "q": "قَولُه تعالى: {قِيلَ ادْخُلِ الْجَنَّةَ قَالَ يَا لَيْتَ قَوْمِي يَعْلَمُونَ * بِمَا غَفَرَ لِي رَبِّي وَجَعَلَنِي مِنَ الْمُكْرَمِينَ} فيه: ",
    "level": 3,
    "link": "https://dorar.net/tafseer/36/3",
    "section": "Yasin",
    "answers": [
      {
        "answer": "إثباتُ نعيمِ القبرِ",
        "t": 1
      },
      {
        "answer": "إِيماءٌ إلى الرِّضا بالقَضاءِ والقَدَرِ",
        "t": 0
      },
      {
        "answer": "تَقريرُ مَبدأ التَّبعِيَّة الفَردِيَّة",
        "t": 0
      }
    ]
  },
  {
    "id": 6064,
    "q": "في قَولِه تعالى: {فَإِذَا هُمْ مِنَ الْأَجْدَاثِ إِلَى رَبِّهِمْ يَنْسِلُونَ} (الْأَجْدَاثُ) أي: ",
    "level": 3,
    "link": "https://dorar.net/tafseer/36/9",
    "section": "Yasin",
    "answers": [
      {
        "answer": "العِظامُ البالِيَةُ",
        "t": 0
      },
      {
        "answer": "القُبورُ",
        "t": 1
      },
      {
        "answer": "أَرجاءُ الأَرضِ وأَنحاؤُها",
        "t": 0
      }
    ]
  },
  {
    "id": 6076,
    "q": "المَقصُودُ بالمَتَاعِ في قَولِه تعالى: {إِلَّا رَحْمَةً مِنَّا وَمَتَاعًا إِلَى حِينٍ}:",
    "level": 3,
    "link": "https://dorar.net/tafseer/36/7",
    "section": "Yasin",
    "answers": [
      {
        "answer": "الانتِفاعُ",
        "t": 1
      },
      {
        "answer": "الأَموالُ",
        "t": 0
      },
      {
        "answer": "الزَّادُ الذي يَتزَوَّدُ به المُسافِرُ",
        "t": 0
      }
    ]
  },
  {
    "id": 6070,
    "q": "قَولُه تعالى: {وَإِنْ كُلٌّ لَمَّا جَمِيعٌ لَدَيْنَا مُحْضَرُونَ} يُستَفادُ مِنه:",
    "level": 3,
    "link": "https://dorar.net/tafseer/36/4",
    "section": "Yasin",
    "answers": [
      {
        "answer": "وُجوبُ الاستِعدادِ ليوم القِيامَة",
        "t": 1
      },
      {
        "answer": "وُجوبُ صَلاةِ الجَماعَة على الرِّجالِ المُكلَّفِينَ",
        "t": 0
      },
      {
        "answer": "استِحبابُ تَلقِين الميِّت الشَّهادَة حالَ الاحتِضارِ",
        "t": 0
      }
    ]
  },
  {
    "id": 6081,
    "q": "في قوله تعالى: {بَلْ أَنْتُمْ قَوْمٌ مُسْرِفُونَ} (مُسْرِفُونَ) أي: ",
    "level": 3,
    "link": "https://dorar.net/tafseer/36/2",
    "section": "Yasin",
    "answers": [
      {
        "answer": "مُفْرِطونَ ومُتجاوِزونَ الحَدَّ",
        "t": 1
      },
      {
        "answer": "مُبَذِّرُونَ في الأَموالِ",
        "t": 0
      },
      {
        "answer": "مُتَشَدِّدُونَ مُتَعَنِّتُونَ",
        "t": 0
      }
    ]
  },
  {
    "id": 6083,
    "q": "في قوله تعالى: {وَجَعَلْنَا مِنْ بَيْنِ أَيْدِيهِمْ سَدًّا وَمِنْ خَلْفِهِمْ سَدًّا فَأَغْشَيْنَاهُمْ} (َأَغْشَيْنَاهُمْ) أي: ",
    "level": 3,
    "link": "https://dorar.net/tafseer/36/1",
    "section": "Yasin",
    "answers": [
      {
        "answer": "أَحَطْنَا بهِم مِن كلِّ جانِبٍ",
        "t": 0
      },
      {
        "answer": "أعمَيْناهم وغَطَّيْنا أبصارَهم",
        "t": 1
      },
      {
        "answer": "أَهلَكناهُم عن بَكرَةِ أَبِيهِم",
        "t": 0
      }
    ]
  },
  {
    "id": 6075,
    "q": "مَعنَى (يَنْسِلُونَ) في قولِهِ تعالى: {مِنَ الْأَجْدَاثِ إِلَى رَبِّهِمْ يَنْسِلُونَ}: ",
    "level": 3,
    "link": "https://dorar.net/tafseer/36/9",
    "section": "Yasin",
    "answers": [
      {
        "answer": "يَخرُجُونَ",
        "t": 0
      },
      {
        "answer": "يُسرِعونَ",
        "t": 1
      },
      {
        "answer": "يَلجَأُونَ",
        "t": 0
      }
    ]
  },
  {
    "id": 6077,
    "q": "في قولِه تعالى: {حَتَّى عَادَ كَالْعُرْجُونِ الْقَدِيمِ} العُرجُونُ هو: ",
    "level": 3,
    "link": "https://dorar.net/tafseer/36/6",
    "section": "Yasin",
    "answers": [
      {
        "answer": "وَرقُ الشَّجَرِ اليابِسُ",
        "t": 0
      },
      {
        "answer": "عُودُ العِذْقِ مِن النَّخلةِ",
        "t": 1
      },
      {
        "answer": "الثَّوبُ البَالِي المُهتَرِئ",
        "t": 0
      }
    ]
  },
  {
    "id": 6069,
    "q": "في قَولِه تعالى: {وَجَاءَ مِنْ أَقْصَى الْمَدِينَةِ رَجُلٌ يَسْعَى} (يَسْعَى) أي:",
    "level": 3,
    "link": "https://dorar.net/tafseer/36/3",
    "section": "Yasin",
    "answers": [
      {
        "answer": "يَركَبُ دابَّتَه",
        "t": 0
      },
      {
        "answer": "يَمشِي مُسرِعًا",
        "t": 1
      },
      {
        "answer": "يَمشِي بِسَكِينَة",
        "t": 0
      }
    ]
  },
  {
    "id": 6073,
    "q": "المَقصُودُ بـ(نَخْتِمُ) في قَولِ الله تعالى: {الْيَوْمَ نَخْتِمُ عَلَى أَفْوَاهِهِمْ}:",
    "level": 3,
    "link": "https://dorar.net/tafseer/36/11",
    "section": "Yasin",
    "answers": [
      {
        "answer": "نَمسَخُهُم قِرَدَةً وخَنازِيرَ",
        "t": 0
      },
      {
        "answer": "نُعَلِّمُهُم بِوَسْمِ أَهلِ النَّارِ",
        "t": 0
      },
      {
        "answer": "نمنَعُهم مِن الكلامِ",
        "t": 1
      }
    ]
  },
  {
    "id": 6074,
    "q": "في قوله تعالى: {إِنَّ أَصْحَابَ الْجَنَّةِ الْيَوْمَ فِي شُغُلٍ فَاكِهُونَ} (فَاكِهُونَ) أي: ",
    "level": 3,
    "link": "https://dorar.net/tafseer/36/10",
    "section": "Yasin",
    "answers": [
      {
        "answer": "يَتمتَّعُونَ بأَنواعِ الفاكِهَةِ",
        "t": 0
      },
      {
        "answer": "في تَنَقُّلٍ دائمٍ بين أَشجارِ الجنَّةِ",
        "t": 0
      },
      {
        "answer": "فَرِحونَ مَسرورونَ",
        "t": 1
      }
    ]
  },
  {
    "id": 6079,
    "q": "قولُه تعالى: {إِنْ كَانَتْ إِلَّا صَيْحَةً وَاحِدَةً فَإِذَا هُمْ خَامِدُونَ} فيه إِشارَةٌ إلى:",
    "level": 3,
    "link": "https://dorar.net/tafseer/36/4",
    "section": "Yasin",
    "answers": [
      {
        "answer": "حَقارَةِ أَمرِ الكافِرينَ المُكذِّبِينَ بالرُّسُلِ",
        "t": 1
      },
      {
        "answer": "أنَّ عَذابَ الصَّيحَةَ كان لهم خاصَّةً ولم يَتكرَّر لأَحدٍ غَيرهِم",
        "t": 0
      },
      {
        "answer": "وُجوبِ إِنكارِ المُنكَرِ لِمَنْعِ العَذابِ العامِّ",
        "t": 0
      }
    ]
  },
  {
    "id": 6082,
    "q": "قَولُه تعالى: {وَنَكْتُبُ مَا قَدَّمُوا وَآَثَارَهُمْ} يُستَفادُ مِنه: ",
    "level": 3,
    "link": "https://dorar.net/tafseer/36/1",
    "section": "Yasin",
    "answers": [
      {
        "answer": "التَّوكيدُ على عَقيدَةِ الوَلاءِ والبَراءِ",
        "t": 0
      },
      {
        "answer": "الحَثُّ على المَشيِ إلى المَساجدِ",
        "t": 1
      },
      {
        "answer": "تَمامُ فَضيلَةِ الأَنبِياءِ والرُّسُلِ عليهم السَّلامُ",
        "t": 0
      }
    ]
  },
  {
    "id": 6066,
    "q": "قولُه تعالى: {وَكُلٌّ فِي فَلَكٍ يَسْبَحُونَ} الفَلَكُ هو: ",
    "level": 3,
    "link": "https://dorar.net/tafseer/36/6",
    "section": "Yasin",
    "answers": [
      {
        "answer": "كلُّ ما عَلا عن الأَرضِ ولا يَحُدُّهُ حَدٌّ",
        "t": 0
      },
      {
        "answer": "القُطبُ الذي تَدورُ به النُّجومُ ومجرَى الكواكِبِ",
        "t": 1
      },
      {
        "answer": "الفَراغُ الذي يكونُ بين طَبقاتِ السَّماءِ",
        "t": 0
      }
    ]
  }
]