[
  {
    "id": 6102,
    "q": "في قَولِ الله تعالى :{إِنَّا جَعَلْنَا فِي أَعْنَاقِهِمْ أَغْلَالًا} الأَغْلَالُ هي:  ",
    "level": 2,
    "link": "https://dorar.net/tafseer/36/1",
    "section": "Yasin",
    "answers": [
      {
        "answer": "السَّلاسِلُ",
        "t": 1
      },
      {
        "answer": "النُّحاسُ المُذابُ",
        "t": 0
      },
      {
        "answer": "ما يُتَشاءَمُ مِنه",
        "t": 0
      }
    ]
  },
  {
    "id": 6087,
    "q": "(مُقْمَحُونَ) في قَولِه تعالى: {فَهُمْ مُقْمَحُونَ} أي: ",
    "level": 2,
    "link": "https://dorar.net/tafseer/36/1",
    "section": "Yasin",
    "answers": [
      {
        "answer": "مُحاطُونَ قد سُدَّ عنهُم كلُّ مَهْرَبٍ",
        "t": 0
      },
      {
        "answer": "مَرفوعو الرُّؤوسِ  مع غضِّ الأبصارِ",
        "t": 1
      },
      {
        "answer": "غارِقُونَ في العَذابِ",
        "t": 0
      }
    ]
  },
  {
    "id": 6096,
    "q": "قَولُه تعالَى: {فَإِذَا هُمْ مُظْلِمُونَ} فيه: ",
    "level": 2,
    "link": "https://dorar.net/tafseer/36/6",
    "section": "Yasin",
    "answers": [
      {
        "answer": "أنَّ اللَّيلَ يأتي فَجأةً بعَكسِ النَّهارِ فإنَّه يأتي مُتَدرِّجًا",
        "t": 0
      },
      {
        "answer": "تَذكيرٌ للخَلْقِ بِنِعمَةِ النَّهارِ",
        "t": 1
      },
      {
        "answer": "إِشارةٌ إلى نِعمَةِ سُكونِ اللَّيلِ وظَلامِه",
        "t": 0
      }
    ]
  },
  {
    "id": 6094,
    "q": "في قَولِه تعالى: {وَآَيَةٌ لَهُمْ أَنَّا حَمَلْنَا ذُرِّيَّتَهُمْ فِي الْفُلْكِ الْمَشْحُونِ} (الْفُلْك) أي: ",
    "level": 2,
    "link": "https://dorar.net/tafseer/36/7",
    "section": "Yasin",
    "answers": [
      {
        "answer": "السَّفينَة",
        "t": 1
      },
      {
        "answer": "الدَّوابِّ التي سَخرَّها اللهُ لبَنِي آدَمَ",
        "t": 0
      },
      {
        "answer": "مَجرَى الكَواكِبِ",
        "t": 0
      }
    ]
  },
  {
    "id": 6058,
    "q": "في قوله تعالى: {أَلَمْ يَرَوْا كَمْ أَهْلَكْنَا قَبْلَهُمْ مِنَ الْقُرُونِ} الْقُرُونِ: جمعُ قَرْنٍ، والقَرنُ هو: ",
    "level": 2,
    "link": "https://dorar.net/tafseer/36/4",
    "section": "Yasin",
    "answers": [
      {
        "answer": "الأُمَّةُ مِنَ النَّاسِ المَقترنونَ في زمنٍ واحدٍ",
        "t": 1
      },
      {
        "answer": "المِئةُ عامٍ المُتَتابِعَةُ",
        "t": 0
      },
      {
        "answer": "الجَماعَةُ مِن النَّاسِ البالِغُ عَددُهم مِئَة",
        "t": 0
      }
    ]
  },
  {
    "id": 6098,
    "q": "ما مَعنَى (تَطَيَّرْنَا) في قَولِ الله تعالى: {قَالُوا إِنَّا تَطَيَّرْنَا بِكُمْ}: ",
    "level": 2,
    "link": "https://dorar.net/tafseer/36/2",
    "section": "Yasin",
    "answers": [
      {
        "answer": "تَأخَّرْنَا",
        "t": 0
      },
      {
        "answer": "تَشاءَمْنا",
        "t": 1
      },
      {
        "answer": "تَحاكَمْنَا",
        "t": 0
      }
    ]
  },
  {
    "id": 6090,
    "q": "في قوله تعالى: {وَلَهُمْ مَا يَدَّعُونَ} (يَدَّعُونَ) أي: ",
    "level": 2,
    "link": "https://dorar.net/tafseer/36/10",
    "section": "Yasin",
    "answers": [
      {
        "answer": "يَتَمَنَّوْنَ",
        "t": 1
      },
      {
        "answer": "يَأكُلُونَ ",
        "t": 0
      },
      {
        "answer": "يُنادُونَ",
        "t": 0
      }
    ]
  },
  {
    "id": 6085,
    "q": "في قَولِه تعالى: {وَآَيَةٌ لَهُمْ أَنَّا حَمَلْنَا ذُرِّيَّتَهُمْ فِي الْفُلْكِ الْمَشْحُونِ} مَعنَى (الْمَشْحُون): ",
    "level": 2,
    "link": "https://dorar.net/tafseer/36/7",
    "section": "Yasin",
    "answers": [
      {
        "answer": "العَظِيم الضَّخْم",
        "t": 0
      },
      {
        "answer": "النَّاجِي",
        "t": 0
      },
      {
        "answer": "المَمْلُوء",
        "t": 1
      }
    ]
  },
  {
    "id": 6089,
    "q": "مَعنَى (نُنَكِّسْهُ) في قَولِه تعالى: {وَمَنْ نُعَمِّرْهُ نُنَكِّسْهُ فِي الْخَلْقِ}: ",
    "level": 2,
    "link": "https://dorar.net/tafseer/36/12",
    "section": "Yasin",
    "answers": [
      {
        "answer": "نَزِد لهُ في الذُّرِّيَّة",
        "t": 0
      },
      {
        "answer": "نَرُدَّه إلى مِثلِ حالِه في الصِّغَرِ",
        "t": 1
      },
      {
        "answer": "نَمُدَّ له في عُمُرِه",
        "t": 0
      }
    ]
  },
  {
    "id": 6101,
    "q": "سورةُ (يس) ",
    "level": 2,
    "link": "https://dorar.net/tafseer/36",
    "section": "Yasin",
    "answers": [
      {
        "answer": "مَكِّيَّةٌ",
        "t": 1
      },
      {
        "answer": "مُختَلفٌ فيها",
        "t": 0
      },
      {
        "answer": "مَدنِيَّةٌ",
        "t": 0
      }
    ]
  },
  {
    "id": 6092,
    "q": "ما المَقصُودُ بالصُّورِ في قَولِه تعالى: {وَنُفِخَ فِي الصُّورِ فَإِذَا هُمْ مِنَ الْأَجْدَاثِ إِلَى رَبِّهِمْ يَنْسِلُونَ}: ",
    "level": 2,
    "link": "https://dorar.net/tafseer/36/9",
    "section": "Yasin",
    "answers": [
      {
        "answer": "القَرنِ يَنفُخُ فيه إسرافيلُ",
        "t": 1
      },
      {
        "answer": "الأَهوالُ التي تَسبِقُ القِيامَة",
        "t": 0
      },
      {
        "answer": "الأَرواحُ التي تُبعَثُ مِن قُبُورِها",
        "t": 0
      }
    ]
  },
  {
    "id": 6086,
    "q": "قَولُه تعالى: {أَفَلَا يَشْكُرُونَ}  يُستَفادُ مِنه:",
    "level": 2,
    "link": "https://dorar.net/tafseer/36/5",
    "section": "Yasin",
    "answers": [
      {
        "answer": "أنَّ الشُّكرَ فَرضُ كِفايَةٍ",
        "t": 0
      },
      {
        "answer": "وُجوبُ شُكرِ النِّعمَة",
        "t": 1
      },
      {
        "answer": "مَشرُوعِيَّة سُجودِ الشُّكرِ",
        "t": 0
      }
    ]
  },
  {
    "id": 6057,
    "q": "قَولُه تعالى: {وَمَا لِيَ لَا أَعْبُدُ الَّذِي فَطَرَنِي وَإِلَيْهِ تُرْجَعُونَ} في قَولِه: (وَإِلَيْهِ تُرْجَعُونَ) إشارةٌ إلى:",
    "level": 2,
    "link": "https://dorar.net/tafseer/36/3",
    "section": "Yasin",
    "answers": [
      {
        "answer": "الخَوفِ والرَّجاءِ",
        "t": 1
      },
      {
        "answer": "الإِخلاصِ والمُتابَعةِ",
        "t": 0
      },
      {
        "answer": "الصَّبرِ والشُّكرِ",
        "t": 0
      }
    ]
  },
  {
    "id": 6088,
    "q": "معنى (رَمِيمٌ) في قولِه تعالى: {قَالَ مَنْ يُحْيِي الْعِظَامَ وَهِيَ رَمِيمٌ}: ",
    "level": 2,
    "link": "https://dorar.net/tafseer/36/14",
    "section": "Yasin",
    "answers": [
      {
        "answer": "رَمادٌ مُحتَرِقٌ",
        "t": 0
      },
      {
        "answer": "باليةٌ",
        "t": 1
      },
      {
        "answer": "ساكِنَةٌ لا حَرَكةَ فيها",
        "t": 0
      }
    ]
  },
  {
    "id": 6093,
    "q": "قَولُه تعالَى: {قَالَ الَّذِينَ كَفَرُوا لِلَّذِينَ آَمَنُوا أَنُطْعِمُ مَنْ لَوْ يَشَاءُ اللَّهُ أَطْعَمَهُ إِنْ أَنْتُمْ إِلَّا فِي ضَلَالٍ مُبِينٍ} فيه: ",
    "level": 2,
    "link": "https://dorar.net/tafseer/36/8",
    "section": "Yasin",
    "answers": [
      {
        "answer": "تَقريرُ فَضيلَةِ الصِّيامِ",
        "t": 0
      },
      {
        "answer": "أنَّ البُخلَ مِن صِفاتِ الكافِرينَ",
        "t": 1
      },
      {
        "answer": "أنَّ إِطعامَ الطَّعامِ كان مِن عاداتِ الجاهِليَّة التي أَقرَّها الإِسلامُ ورَغَّبَ فِيها",
        "t": 0
      }
    ]
  },
  {
    "id": 6091,
    "q": "مَعنَى (وَامْتَازُوا) في قَولِه تعالى: {وَامْتَازُوا الْيَوْمَ أَيُّهَا الْمُجْرِمُونَ}: ",
    "level": 2,
    "link": "https://dorar.net/tafseer/36/11",
    "section": "Yasin",
    "answers": [
      {
        "answer": "انفَصِلوا وانفَرِدوا",
        "t": 1
      },
      {
        "answer": "اخْسَؤُوا",
        "t": 0
      },
      {
        "answer": "ذُوقُوا العَذابَ",
        "t": 0
      }
    ]
  },
  {
    "id": 6099,
    "q": "في قَولِه تعالى: {وَجَاءَ مِنْ أَقْصَى الْمَدِينَةِ رَجُلٌ يَسْعَى} (أَقْصَى الْمَدِينَةِ) أي: ",
    "level": 2,
    "link": "https://dorar.net/tafseer/36/3",
    "section": "Yasin",
    "answers": [
      {
        "answer": "أَوَّل المَدِينَة",
        "t": 0
      },
      {
        "answer": "وَسَط المَدِينَة",
        "t": 0
      },
      {
        "answer": "آخِر المَدِينَة",
        "t": 1
      }
    ]
  },
  {
    "id": 6095,
    "q": "في قوله تعالى: {وَفَجَّرْنَا فِيهَا مِنَ الْعُيُونِ} (وَفَجَّرْنَا) أي: ",
    "level": 2,
    "link": "https://dorar.net/tafseer/36/5",
    "section": "Yasin",
    "answers": [
      {
        "answer": "أَجْرَيْنَا",
        "t": 0
      },
      {
        "answer": "خَلَقْنَا",
        "t": 0
      },
      {
        "answer": "أنْبَعْنَا",
        "t": 1
      }
    ]
  },
  {
    "id": 6100,
    "q": "قولُ الله تعالى: {تَنْزِيلَ الْعَزِيزِ الرَّحِيمِ} فيه تَهدِيدٌ لِلَّذين يُخالِفونَ هذا القُرآنَ لأنَّه:",
    "level": 2,
    "link": "https://dorar.net/tafseer/36/1",
    "section": "Yasin",
    "answers": [
      {
        "answer": "نَزَل مِن عندِ عزيزٍ يَنتَقِمُ ممَّن خالَفه",
        "t": 1
      },
      {
        "answer": "نَزلَ مُبشِّرًا ونَذِيرًا",
        "t": 0
      },
      {
        "answer": "نَزلَ رَحمةً للعالمِينَ؛ فمَن تَركَهُ فقد فاتهُ حَظَّهُ مِن الرَّحمَةِ",
        "t": 0
      }
    ]
  },
  {
    "id": 6097,
    "q": "في قولِه تعالى: {يَا حَسْرَةً عَلَى الْعِبَادِ} الحَسرةُ هي:",
    "level": 2,
    "link": "https://dorar.net/tafseer/36/4",
    "section": "Yasin",
    "answers": [
      {
        "answer": "أَشَدُّ الخُسرانِ",
        "t": 0
      },
      {
        "answer": "التَّلهُّفُ والاغتِمامُ على ما فاتَ",
        "t": 1
      },
      {
        "answer": "الرُّجوعُ إلى البِدايَة",
        "t": 0
      }
    ]
  }
]