[
  {
    "id": 6105,
    "q": "قولُه تعالى: {أَوَلَمْ يَرَ الْإِنْسَانُ أَنَّا خَلَقْنَاهُ مِنْ نُطْفَةٍ} النُّطفةُ يُعَبَّرُ بها عن: ",
    "level": 1,
    "link": "https://dorar.net/tafseer/36/14",
    "section": "Yasin",
    "answers": [
      {
        "answer": "المُضْغَةِ المُتعَلِّقَةِ بجِدارِ الرَّحِم",
        "t": 0
      },
      {
        "answer": "قِطعَةِ الدَّمِ المُتَجَمِّد",
        "t": 0
      },
      {
        "answer": "ماءِ الرَّجُلِ والمرأةِ",
        "t": 1
      }
    ]
  },
  {
    "id": 6115,
    "q": "في قوله تعالى: {وَآَيَةٌ لَهُمُ الْأَرْضُ الْمَيْتَةُ أَحْيَيْنَاهَا} (وَآَيَةٌ) أي: عَلامَةٌ، ودليلٌ، وحُجَّةٌ على:",
    "level": 1,
    "link": "https://dorar.net/tafseer/36/5",
    "section": "Yasin",
    "answers": [
      {
        "answer": "إِنباتِ الزَّرعِ ونُضُوجِه واكتِمالِه بمشيئة الله وَحْدَه",
        "t": 0
      },
      {
        "answer": "وحدانيَّةِ الله وكَمالِ قُدرتِه",
        "t": 1
      },
      {
        "answer": "مَجِئِ يَومِ القِيامَة",
        "t": 0
      }
    ]
  },
  {
    "id": 6121,
    "q": "مِن أهَمِّ مَقاصِدِ سُورةِ (يس):",
    "level": 1,
    "link": "https://dorar.net/tafseer/36",
    "section": "Yasin",
    "answers": [
      {
        "answer": "ذِكرُ الابتلاءِ والامتحانِ، وبيانُ حالِ أهلِ البلوَى في الدُّنيا والآخِرةِ",
        "t": 0
      },
      {
        "answer": "مُحاجَّةُ المشركِينَ وغيرِهم من المُبتدِعينَ",
        "t": 0
      },
      {
        "answer": "تقريرُ أمَّهاتِ أُصولِ الدِّينِ",
        "t": 1
      }
    ]
  },
  {
    "id": 6112,
    "q": "قولُه تعالى: {وَآَيَةٌ لَهُمْ أَنَّا حَمَلْنَا ذُرِّيَّتَهُمْ فِي الْفُلْكِ الْمَشْحُونِ} تُطلَقُ الذُرِّيَّةُ على:",
    "level": 1,
    "link": "https://dorar.net/tafseer/36/7",
    "section": "Yasin",
    "answers": [
      {
        "answer": "الأحفاد فقط",
        "t": 0
      },
      {
        "answer": "الأَولادِ وأَولادِ الأَولادِ",
        "t": 1
      },
      {
        "answer": "الأَبناءِ فقط",
        "t": 0
      }
    ]
  },
  {
    "id": 6106,
    "q": "المقصود بـ(حَقَّ الْقَوْلُ) في قوله تعالى: {لَقَدْ حَقَّ الْقَوْلُ عَلَى أَكْثَرِهِمْ} أي: ",
    "level": 1,
    "link": "https://dorar.net/tafseer/36/1",
    "section": "Yasin",
    "answers": [
      {
        "answer": "وجَب العذابُ",
        "t": 1
      },
      {
        "answer": "صَدَقَت النُّبُوءَةُ",
        "t": 0
      },
      {
        "answer": "وَصَلَ الأَمرُ لأَقصاهُ",
        "t": 0
      }
    ]
  },
  {
    "id": 6119,
    "q": "في قوله تعالى: {عَلَى صِرَاطٍ مُسْتَقِيمٍ} (صِرَاطٍ) أي: ",
    "level": 1,
    "link": "https://dorar.net/tafseer/36/1",
    "section": "Yasin",
    "answers": [
      {
        "answer": "خُلُقٍ عَظِيمٍ عالٍ",
        "t": 0
      },
      {
        "answer": "طريقٍ واضحٍ واسعٍ سهلٍ",
        "t": 1
      },
      {
        "answer": "سُنَّةٍ مُتَّبَعَةٍ",
        "t": 0
      }
    ]
  },
  {
    "id": 6116,
    "q": "في قَولِه تعالى: {فَإِذَا هُمْ خَامِدُونَ} (خَامِدُونَ) أي: ",
    "level": 1,
    "link": "https://dorar.net/tafseer/36/4",
    "section": "Yasin",
    "answers": [
      {
        "answer": "مَيِّتونَ هالِكونَ",
        "t": 1
      },
      {
        "answer": "مُستَيقِظُون في فَزعٍ",
        "t": 0
      },
      {
        "answer": "مُعَذَّبُون",
        "t": 0
      }
    ]
  },
  {
    "id": 6114,
    "q": "معنى (نَسْلَخُ) في قوله تعالى: {وَآَيَةٌ لَهُمُ اللَّيْلُ نَسْلَخُ مِنْهُ النَّهَارَ} ",
    "level": 1,
    "link": "https://dorar.net/tafseer/36/6",
    "section": "Yasin",
    "answers": [
      {
        "answer": "نَسْتَبدِل ونُغَيِّر",
        "t": 0
      },
      {
        "answer": "نُخرِجُ ونَنزِعُ",
        "t": 1
      },
      {
        "answer": "نُحكِمُ إِدخالَ بَعضِهم في بَعضٍ",
        "t": 0
      }
    ]
  },
  {
    "id": 6109,
    "q": "في قَولِه تعالى: {وَمَنْ نُعَمِّرْهُ نُنَكِّسْهُ فِي الْخَلْقِ} (نُعَمِّرهُ) أي: ",
    "level": 1,
    "link": "https://dorar.net/tafseer/36/12",
    "section": "Yasin",
    "answers": [
      {
        "answer": "نَجعَلهُ عامِرًا بالخَيراتِ",
        "t": 0
      },
      {
        "answer": "نُعَمِّر ذِكْرَهُ بعدَ مَوْتِه",
        "t": 0
      },
      {
        "answer": "نَمُدَّ له في عُمُرِه",
        "t": 1
      }
    ]
  },
  {
    "id": 6117,
    "q": "قَولُه تعالى: {قِيلَ ادْخُلِ الْجَنَّةَ قَالَ يَا لَيْتَ قَوْمِي يَعْلَمُونَ * بِمَا غَفَرَ لِي رَبِّي وَجَعَلَنِي مِنَ الْمُكْرَمِينَ} في هذه الآياتِ تَنبيهٌ عَظيمُ على:",
    "level": 1,
    "link": "https://dorar.net/tafseer/36/3",
    "section": "Yasin",
    "answers": [
      {
        "answer": "الاحتِرازِ مِن المُوبِقاتِ التي تُحبِطُ العَملَ وتُفسِدُ الأَجرَ",
        "t": 0
      },
      {
        "answer": "كَظمِ الغَيظِ والحِلمِ عن أهلِ الجَهلِ",
        "t": 1
      },
      {
        "answer": "كَرامَةِ العِلمِ وفَضلِ العُلماءِ",
        "t": 0
      }
    ]
  },
  {
    "id": 6111,
    "q": "في قولِه تعالى: {تَأْخُذُهُمْ وَهُمْ يَخِصِّمُونَ} (يَخِصِّمُونَ) أي:",
    "level": 1,
    "link": "https://dorar.net/tafseer/36/9",
    "section": "Yasin",
    "answers": [
      {
        "answer": "يُساقُونَ في ذُلٍّ وانكِسارٍ",
        "t": 0
      },
      {
        "answer": "يَلهُونَ ويَلعَبونَ",
        "t": 0
      },
      {
        "answer": "يَختَصِمونَ ويَتشاجَرونَ",
        "t": 1
      }
    ]
  },
  {
    "id": 6113,
    "q": "في قوله تعالى: {وَالْقَمَرَ قَدَّرْنَاهُ مَنَازِلَ} (قَدَّرْنَاهُ) أي: ",
    "level": 1,
    "link": "https://dorar.net/tafseer/36/6",
    "section": "Yasin",
    "answers": [
      {
        "answer": "أَعَدْنَاهُ مِن أوَّلِه إلى آخِرِه ومِن آخِرِه إلى أوَّلِه",
        "t": 0
      },
      {
        "answer": "أَنْزَلناهُ",
        "t": 0
      },
      {
        "answer": "جعَلْنا سَيْرَه بقَدَرٍ",
        "t": 1
      }
    ]
  },
  {
    "id": 6118,
    "q": "في قوله تعالى: {أَرْسَلْنَا إِلَيْهِمُ اثْنَيْنِ فَكَذَّبُوهُمَا فَعَزَّزْنَا بِثَالِثٍ} (فَعَزَّزْنَا): أي: ",
    "level": 1,
    "link": "https://dorar.net/tafseer/36/2",
    "section": "Yasin",
    "answers": [
      {
        "answer": "قَوَّيْنا وشَدَدْنا",
        "t": 1
      },
      {
        "answer": "أَتْبَعْنَا وأَرْدَفْنَا",
        "t": 0
      },
      {
        "answer": "أَرْسَلْنَا",
        "t": 0
      }
    ]
  },
  {
    "id": 6123,
    "q": "سُمِّيت سُورَةُ (يس) بهذا الاسِم:",
    "level": 1,
    "link": "https://dorar.net/tafseer/36",
    "section": "Yasin",
    "answers": [
      {
        "answer": "لأنَّه اسمٌ مِن أَسماءِ النبيِّ صلَّى الله عليه وسلَّم",
        "t": 0
      },
      {
        "answer": "لأنَّ اللهَ تعالى افتَتحها بها، وقد انفرَدت هذه السُّورةُ بافتتاحِها بهذَينِ الحرفَينِ",
        "t": 1
      },
      {
        "answer": "لأنَّها السُّورَةُ الوَحيدَةُ التي ذَكرَت قصَّةَ نَبِيِّ الله يَس عليه السَّلامُ",
        "t": 0
      }
    ]
  },
  {
    "id": 6110,
    "q": "قَولُه تعالَى: {وَإِذَا قِيلَ لَهُمُ اتَّقُوا مَا بَيْنَ أَيْدِيكُمْ وَمَا خَلْفَكُمْ لَعَلَّكُمْ تُرْحَمُونَ} يُستَفادُ مِنه: ",
    "level": 1,
    "link": "https://dorar.net/tafseer/36/8",
    "section": "Yasin",
    "answers": [
      {
        "answer": "أنَّ الإقبالَ إلى اللهِ عزَّ وجلَّ واجتنابَ مَعصيتِه سَبَبٌ للرَّحمةِ",
        "t": 1
      },
      {
        "answer": "أنَّ البَلاءَ مِن المَرضِ والهَمِّ والغَمِّ يكونُ سَببًا في مَغفِرَةِ الذُّنوبِ",
        "t": 0
      },
      {
        "answer": "أنَّ الرَّحمَةَ سَببٌ للتَّقوَى",
        "t": 0
      }
    ]
  },
  {
    "id": 6104,
    "q": "قَولُه تعالى: {طَائِرُكُمْ مَعَكُمْ} يُستَفادُ منه: ",
    "level": 1,
    "link": "https://dorar.net/tafseer/36/2",
    "section": "Yasin",
    "answers": [
      {
        "answer": "أنَّ الكافِرَ إذا عَمِلَ صالِحًا فإنه يُجازَى عليه في الدُّنيا ",
        "t": 0
      },
      {
        "answer": "أنَّ الذُّنوبَ تكونُ سَببًا للمَحْقِ والبَلاءِ",
        "t": 1
      },
      {
        "answer": "أنَّ التَّطَيُّر مَشرُوعٌ إذا تَوافَرت شُروطُه",
        "t": 0
      }
    ]
  },
  {
    "id": 6120,
    "q": "ابتَدأَ اللهُ تعالى سُورَةَ  (يس) بالحُروفِ المُقَطَّعةِ؛ للإشارةِ إلى:",
    "level": 1,
    "link": "https://dorar.net/tafseer/36/1",
    "section": "Yasin",
    "answers": [
      {
        "answer": "استِثارَةِ فُصَحاءِ قُريَشٍ للإِذعانِ بأن هذا القُرآن ليس مِن كَلامِ البَشرِ",
        "t": 0
      },
      {
        "answer": "سَبْقِ القُرآنِ في إِبداعِ هذه اللَّهجاتِ التي لم يَتكلَّم بها العَربُ مِن قبلُ",
        "t": 0
      },
      {
        "answer": "إعجازِ القُرآنِ الكريمِ؛ مع أنَّه مركَّبٌ مِن هذه الحروفِ العربيَّةِ الَّتي يَتحدَّثونَ بها",
        "t": 1
      }
    ]
  },
  {
    "id": 6107,
    "q": "المقصود بالْأَرَائِكِ في قول الله تعالى: {عَلَى الْأَرَائِكِ مُتَّكِئُونَ} ",
    "level": 1,
    "link": "https://dorar.net/tafseer/36/10",
    "section": "Yasin",
    "answers": [
      {
        "answer": "الحَرِير",
        "t": 0
      },
      {
        "answer": "السُّرُر",
        "t": 1
      },
      {
        "answer": "العُرُوش",
        "t": 0
      }
    ]
  },
  {
    "id": 6108,
    "q": "في قِولِه تعالى: {وَلَوْ نَشَاءُ لَطَمَسْنَا عَلَى أَعْيُنِهِمْ} (لَطَمَسْنَا) أي: مَحَوْنا وأعمَيْنا، والطَّمسُ هو: ",
    "level": 1,
    "link": "https://dorar.net/tafseer/36/11",
    "section": "Yasin",
    "answers": [
      {
        "answer": "انعِدامُ الرُّؤيَةِ",
        "t": 0
      },
      {
        "answer": "غِيابُ شَيءٍ في شَيءٍ",
        "t": 0
      },
      {
        "answer": "إزالةُ الأثَرِ بالمحْوِ",
        "t": 1
      }
    ]
  },
  {
    "id": 6103,
    "q": "ما المَقصُودُ بالإِمامِ المُبِينِ في قَولِه تعالى: {وَكُلَّ شَيْءٍ أحْصَيْنَاهُ فِي إِمَامٍ مُبِينٍ}: ",
    "level": 1,
    "link": "https://dorar.net/tafseer/36/1",
    "section": "Yasin",
    "answers": [
      {
        "answer": "اللَّوحُ المَحفُوظُ",
        "t": 1
      },
      {
        "answer": "المِيقَاتُ المَعلُومُ",
        "t": 0
      },
      {
        "answer": "الكِتابُ المُحْكَمُ",
        "t": 0
      }
    ]
  }
]