[
  {
    "id": 852,
    "q": "معنى (بُروجًا) في قولِه تعالى: {وَلَقَدْ جَعَلْنَا فِي السَّمَاءِ بُرُوجًا}:",
    "level": 1,
    "link": "https://www.dorar.net/tafseer/15/4\n",
    "section": "al-hijr",
    "answers": [
      {
        "answer": "أماكنَ يسكُن فيها الملائكةُ",
        "t": 0
      },
      {
        "answer": "أماكنَ يَهبِط منها الوحيُ",
        "t": 0
      },
      {
        "answer": "منازلَ للشمسِ والقمرِ",
        "t": 1
      }
    ]
  },
  {
    "id": 841,
    "q": "سُورة الحِجر:",
    "level": 1,
    "link": "https://www.dorar.net/tafseer/15\n",
    "section": "al-hijr",
    "answers": [
      {
        "answer": "مكِّيَّة",
        "t": 1
      },
      {
        "answer": "مُختلَفٌ فيها",
        "t": 0
      },
      {
        "answer": "مَدنيةٌ",
        "t": 0
      }
    ]
  },
  {
    "id": 845,
    "q": "دلَّ قولُه تعالى: {ذَرْهُمْ يَأْكُلُوا وَيَتَمَتَّعُوا وَيُلْهِهِمُ الْأَمَلُ فَسَوْفَ يَعْلَمُونَ} على:",
    "level": 1,
    "link": "https://www.dorar.net/tafseer/15/1\n",
    "section": "al-hijr",
    "answers": [
      {
        "answer": "أنَّ التمتُّعَ بمَلذَّاتِ الدنيا يَعقبُه عقابُ الله يوم القيامةِ",
        "t": 0
      },
      {
        "answer": "أنَّ التلذُّذ والتنعُّمَ وعدمَ الاستعدادِ للموتِ، ليس مِن أخلاقِ مَن يطلُب النجاةَ من عَذابِ الله في الآخرةِ",
        "t": 1
      },
      {
        "answer": "أنه يجِبُ على المسلمِ أن يَترُك حظَّه من الدنيا خشيةً مِن الله",
        "t": 0
      }
    ]
  },
  {
    "id": 851,
    "q": "معنى قولِه تعالى: {وَقَدْ خَلَتْ سُنَّةُ الْأَوَّلِينَ}:",
    "level": 1,
    "link": "https://www.dorar.net/tafseer/15/3\n",
    "section": "al-hijr",
    "answers": [
      {
        "answer": "مضَت عادةُ الله بأنَّه يُمهِل الكافرين في الدُّنيا حتَّى يُؤمِنُوا",
        "t": 0
      },
      {
        "answer": "قد مضَت عادةُ الله بإهلاكِ الكافرين من الأُممِ الماضيةِ ممَّن كذَّب الرُّسل",
        "t": 1
      },
      {
        "answer": "أن اللهَ لا يُهلِك الكافرينَ إلا إذا قَتَلوا الرُّسل",
        "t": 0
      }
    ]
  },
  {
    "id": 842,
    "q": "مِن أهمِّ مَوضوعاتِ سُورة الحِجر:",
    "level": 1,
    "link": "https://www.dorar.net/tafseer/15\n",
    "section": "al-hijr",
    "answers": [
      {
        "answer": "ذِكرُ قصَّة إبراهيمَ مع أبيه آزَرَ",
        "t": 0
      },
      {
        "answer": "بيانُ نِفاق الأعرابِ وفضْح أمرِهم",
        "t": 0
      },
      {
        "answer": "التَّنويهُ بفضلِ القرآنِ ومكانتِه وتكفُّلِ الله بحِفظِه",
        "t": 1
      }
    ]
  },
  {
    "id": 846,
    "q": "معنى (مُنظَرين) في قولِه تعالى: {وَمَا كَانُوا إِذًا مُنظَرِين}:",
    "level": 1,
    "link": "https://www.dorar.net/tafseer/15/2\n",
    "section": "al-hijr",
    "answers": [
      {
        "answer": "ناظِرين",
        "t": 0
      },
      {
        "answer": "مُؤخَّرين",
        "t": 1
      },
      {
        "answer": "مُعجَّلين",
        "t": 0
      }
    ]
  },
  {
    "id": 858,
    "q": "حكَم الله على امرأةِ لوطٍ:",
    "level": 1,
    "link": "https://www.dorar.net/tafseer/15/7\n",
    "section": "al-hijr",
    "answers": [
      {
        "answer": "بأنها مِن المهْلَكين الباقين في العذابِ",
        "t": 1
      },
      {
        "answer": "بأنها ناجيةٌ مع زوجِها",
        "t": 0
      },
      {
        "answer": "بأنها آمِنةٌ من العذابِ",
        "t": 0
      }
    ]
  },
  {
    "id": 857,
    "q": "بشَّرت الملائكةُ إبراهيمَ عليه السلامُ:",
    "level": 1,
    "link": "https://www.dorar.net/tafseer/15/7\n",
    "section": "al-hijr",
    "answers": [
      {
        "answer": "بغلامٍ عَليم",
        "t": 1
      },
      {
        "answer": "بغُلام قويٍّ",
        "t": 0
      },
      {
        "answer": "بوِلادة يَحْيى",
        "t": 0
      }
    ]
  },
  {
    "id": 855,
    "q": "معنى قوله تعالى: {وَأَرْسَلْنَا الرِّيَاحَ لَوَاقِحَ}:",
    "level": 1,
    "link": "https://www.dorar.net/tafseer/15/4\n",
    "section": "al-hijr",
    "answers": [
      {
        "answer": "أرسَلْنا الرياحَ لتلقيحِ السحابِ، فيَنشأ عن ذلك الماءُ الذي يَحمِلُه السحابَ",
        "t": 1
      },
      {
        "answer": "سخَّرنا الرِّياحَ لخِدمة المؤمنين",
        "t": 0
      },
      {
        "answer": "أرسَلْنا الرياحَ عذابًا على المشركين",
        "t": 0
      }
    ]
  },
  {
    "id": 843,
    "q": "معنى (ذرْهم) في قولِه تعالى: {ذَرْهُمْ يَأْكُلُوا وَيَتَمَتَّعُوا}:",
    "level": 1,
    "link": "https://www.dorar.net/tafseer/15/1\n",
    "section": "al-hijr",
    "answers": [
      {
        "answer": "ارْمِيهم بالذَّرِّ وهو التُراب",
        "t": 0
      },
      {
        "answer": "اترْكُهم ودَعْهم",
        "t": 1
      },
      {
        "answer": "أعِنْهم",
        "t": 0
      }
    ]
  },
  {
    "id": 860,
    "q": "أفاد قولُه تعالى: {لَعَمْرُكَ إِنَّهُمْ لَفِي سَكْرَتِهِمْ يَعْمَهُونَ}:",
    "level": 1,
    "link": "https://www.dorar.net/tafseer/15/8\n",
    "section": "al-hijr",
    "answers": [
      {
        "answer": "أنَّه يجوزُ للمُسلمِ أن يَحلِف بغيرِ الله",
        "t": 0
      },
      {
        "answer": "أنَّه لا يجوزُ للمسلم إلا أنْ يحلِفَ بالله أو بالنبيِّ ﷺ",
        "t": 0
      },
      {
        "answer": "كراهيةَ أنْ يقولَ الإنسانُ: لَعَمْرِي؛ لأنَّ معناه: وحَيَاتي",
        "t": 1
      }
    ]
  },
  {
    "id": 853,
    "q": "قوله تعالى: {وَالْأَرْضَ مَدَدْنَاهَا} أي:",
    "level": 1,
    "link": "https://www.dorar.net/tafseer/15/4\n",
    "section": "al-hijr",
    "answers": [
      {
        "answer": "بسَطْناها ووسَّعْناها",
        "t": 1
      },
      {
        "answer": "أفْنَيناها",
        "t": 0
      },
      {
        "answer": "جَعلنَا فيها المَدَّ والجَزر",
        "t": 0
      }
    ]
  },
  {
    "id": 847,
    "q": "العِلةُ من عدَمِ إرسالِ الملائكةِ على الكفَّار:",
    "level": 1,
    "link": "https://www.dorar.net/tafseer/15/2\n",
    "section": "al-hijr",
    "answers": [
      {
        "answer": "أنهم لنْ يَرَوهم",
        "t": 0
      },
      {
        "answer": "تنزيهُ الملائكةِ عن ذلك",
        "t": 0
      },
      {
        "answer": "أنهم لو رأَوُا الملائكةَ عيانًا ولم يؤمِنوا، فلن يُمهِلَهم اللهُ وسيُعذِّبهم في الحالِ",
        "t": 1
      }
    ]
  },
  {
    "id": 856,
    "q": "معنى (غِل) في قولِه تعالى: {وَنَزَعْنَا مَا فِي صُدُورِهِمْ مِنْ غِلٍّ}:",
    "level": 1,
    "link": "https://www.dorar.net/tafseer/15/6\n",
    "section": "al-hijr",
    "answers": [
      {
        "answer": "عَداوة وشَحْناء",
        "t": 1
      },
      {
        "answer": "التَّعلُّق بغيرِ الله",
        "t": 0
      },
      {
        "answer": "حُبُّ الدُّنيا",
        "t": 0
      }
    ]
  },
  {
    "id": 859,
    "q": "معنى (الغابِرين) في قولِه تعالى: {إِلَّا امْرَأَتَهُ قَدَّرْنَا إِنَّهَا لَمِنَ الْغَابِرِينَ}:",
    "level": 1,
    "link": "https://www.dorar.net/tafseer/15/7\n",
    "section": "al-hijr",
    "answers": [
      {
        "answer": "الباقونَ في العذاب",
        "t": 1
      },
      {
        "answer": "المُعمَّرونَ أرذَلَ العُمُر",
        "t": 0
      },
      {
        "answer": "الذين تَعلُو وُجوهَهُم غَبَرةٌ",
        "t": 0
      }
    ]
  },
  {
    "id": 849,
    "q": "معنى (شِيَع) في قولِه تعالى: {وَلَقَدْ أَرْسَلْنَا مِنْ قَبْلِكَ فِي شِيَعِ الْأَوَّلِينَ}:",
    "level": 1,
    "link": "https://www.dorar.net/tafseer/15/3\n",
    "section": "al-hijr",
    "answers": [
      {
        "answer": "أُمَم وفِرَق",
        "t": 1
      },
      {
        "answer": "أزمِنة",
        "t": 0
      },
      {
        "answer": "رسُل وأَنبِياء",
        "t": 0
      }
    ]
  },
  {
    "id": 844,
    "q": "في قولِه تعالى: {ذَرْهُمْ يَأْكُلُوا وَيَتَمَتَّعُوا وَيُلْهِهِمُ الْأَمَلُ فَسَوْفَ يَعْلَمُونَ}، الذي سيَعلَمه الكفَّار:",
    "level": 1,
    "link": "https://www.dorar.net/tafseer/15/1\n",
    "section": "al-hijr",
    "answers": [
      {
        "answer": "أنهم خسِروا الدُّنيا",
        "t": 0
      },
      {
        "answer": "أنهم خاسِرون وأنَّ عاقبةَ كفرِهم عذابٌ أليمٌ",
        "t": 1
      },
      {
        "answer": "أنَّ الله تعالى سَوفَ يُمَلِّك المُؤمنِينَ زِمامَ البِلادِ",
        "t": 0
      }
    ]
  },
  {
    "id": 850,
    "q": "معنى (يَعرُجون) في قولِه تعالى: {فَظَلُّوا فِيهِ يَعْرُجُون}:",
    "level": 1,
    "link": "https://www.dorar.net/tafseer/15/3\n",
    "section": "al-hijr",
    "answers": [
      {
        "answer": "ينزِلون",
        "t": 0
      },
      {
        "answer": "يَخرُجون",
        "t": 0
      },
      {
        "answer": "يَصعَدون",
        "t": 1
      }
    ]
  },
  {
    "id": 854,
    "q": "دلَّ قولُه تعالى: {وَإِنْ مِنْ شَيْءٍ إِلَّا عِنْدَنَا خَزَائِنُهُ وَمَا نُنَزِّلُهُ إِلَّا بِقَدَرٍ مَعْلُومٍ} على:",
    "level": 1,
    "link": "https://www.dorar.net/tafseer/15/4\n",
    "section": "al-hijr",
    "answers": [
      {
        "answer": "أنَّ اللهَ تعالى أَجرَى الأرزاقَ على العِبادِ؛ كُلٌّ على قَدرِ سَعْيِه",
        "t": 0
      },
      {
        "answer": "أنَّ اللهَ لا يُنزِل الأمطارَ ولا الأرزاقَ إلا بقدَرٍ معلومٍ، لا يَزيدُ ولا ينقُص بحسَبِ مَشيئتِه",
        "t": 1
      },
      {
        "answer": "أنَّ مقاديرَ الأرزاقِ والأعمارِ تَكتُبها الملائكة",
        "t": 0
      }
    ]
  },
  {
    "id": 848,
    "q": "يَحفَظُ الله تعالى القرآنَ قبل إنزالِه:",
    "level": 1,
    "link": "https://www.dorar.net/tafseer/15/2\n",
    "section": "al-hijr",
    "answers": [
      {
        "answer": "مِن استراقِ كلِّ شيطانٍ رَجيم",
        "t": 1
      },
      {
        "answer": "بعدمِ عِلم الرُّسلِ به",
        "t": 0
      },
      {
        "answer": "بعدمِ إطْلاعِ الملائكةِ عليه",
        "t": 0
      }
    ]
  }
]