[
  {
    "id": 879,
    "q": "جاءت كلُمة المرسلين بالجمعِ في قولِه تعالى: {وَلَقَدْ كَذَّبَ أَصْحَابُ الْحِجْرِ الْمُرْسَلِينَ} مع أنَّه لم يُرسَلْ إليهم غيرُ صالحٍ عليه السلامُ:",
    "level": 2,
    "link": "https://www.dorar.net/tafseer/15/9\n",
    "section": "al-hijr",
    "answers": [
      {
        "answer": "ليَشملَ صالحًا عليه السلامُ وذُرِّيته مِن الأَنبياءِ بَعدَه",
        "t": 0
      },
      {
        "answer": "لتعظيمِ أمرِ صالحٍ عليه السلامُ",
        "t": 0
      },
      {
        "answer": "لأنَّه مَن كذَّب نبيًّا واحدًا فقد كذَّب الأنبياءَ جميعًا",
        "t": 1
      }
    ]
  },
  {
    "id": 864,
    "q": "أشار قولُه تعالى: {إِنَّا نَحْنُ نَزَّلْنَا الذِّكْرَ وَإِنَّا لَهُ لَحَافِظُونَ} أنَّ مَن زعَم أنَّ القرآنَ حُذِف  منه شيءٌ فهو:",
    "level": 2,
    "link": "https://www.dorar.net/tafseer/15/2\n",
    "section": "al-hijr",
    "answers": [
      {
        "answer": "حَرُورِي",
        "t": 0
      },
      {
        "answer": "كافرٌ",
        "t": 1
      },
      {
        "answer": "فاسقٌ",
        "t": 0
      }
    ]
  },
  {
    "id": 878,
    "q": "قوله تعالى: {إِنَّ فِي ذَلِكَ لَآيَاتٍ لِلْمُتَوَسِّمِينَ} أصلٌ في:",
    "level": 2,
    "link": "https://www.dorar.net/tafseer/15/8\n",
    "section": "al-hijr",
    "answers": [
      {
        "answer": "الفراسةِ",
        "t": 1
      },
      {
        "answer": "الدَّهاء",
        "t": 0
      },
      {
        "answer": "التَّفَكُّر",
        "t": 0
      }
    ]
  },
  {
    "id": 877,
    "q": "معنى (يَمْترون) في قولِه تعالى: {بِمَا كَانُوا فِيهِ يَمْتَرُونَ}:",
    "level": 2,
    "link": "https://www.dorar.net/tafseer/15/8\n",
    "section": "al-hijr",
    "answers": [
      {
        "answer": "يُجادِلون",
        "t": 0
      },
      {
        "answer": "يوقِنون",
        "t": 0
      },
      {
        "answer": "يشُكُّون",
        "t": 1
      }
    ]
  },
  {
    "id": 868,
    "q": "الشيطانُ المقصودِ في قولِه تعالى: {وَحَفِظْنَاهَا مِن كُلِّ شَيْطَانٍ رَجِيمٍ} هو:",
    "level": 2,
    "link": "https://www.dorar.net/tafseer/15/4",
    "section": "al-hijr",
    "answers": [
      {
        "answer": "شيطانُ الإنس والجنِّ",
        "t": 0
      },
      {
        "answer": "شيطانُ الجنِّ فقط",
        "t": 1
      },
      {
        "answer": "شيطانُ الإنس فقط",
        "t": 0
      }
    ]
  },
  {
    "id": 870,
    "q": "معنى (السَّموم) في قولِه تعالى: {وَالْجَانَّ خَلَقْنَاهُ مِنْ قَبْلُ مِنْ نَارِ السَّمُومِ}:",
    "level": 2,
    "link": "https://www.dorar.net/tafseer/15/5\n",
    "section": "al-hijr",
    "answers": [
      {
        "answer": "الرِّيح الباردة التي تكون باللَّيلِ",
        "t": 0
      },
      {
        "answer": "الرِّيح الحارةُ التي تَدخُل مَسامَّ الإنسانِ",
        "t": 1
      },
      {
        "answer": "الماءُ الحار",
        "t": 0
      }
    ]
  },
  {
    "id": 875,
    "q": "معنى (عَليم) في قولِه تعالى: {إِنَّا نُبَشِّرُكَ بِغُلَامٍ عَلِيمٍ}:",
    "level": 2,
    "link": "https://www.dorar.net/tafseer/15/7\n",
    "section": "al-hijr",
    "answers": [
      {
        "answer": "عَليمٌ بأُمور الدُّنيا",
        "t": 0
      },
      {
        "answer": "عالمٌ بالغيْب بوَحيٍ مِن الله",
        "t": 0
      },
      {
        "answer": "غَزيرُ العِلم بالشَّريعة الإلهيَّةِ",
        "t": 1
      }
    ]
  },
  {
    "id": 867,
    "q": "قوله تعالى: {وَلَقَدْ جَعَلْنَا فِي السَّمَاء بُرُوجًا} أصلٌ في عِلم:",
    "level": 2,
    "link": "https://www.dorar.net/tafseer/15/4\n",
    "section": "al-hijr",
    "answers": [
      {
        "answer": "المواقيتِ",
        "t": 1
      },
      {
        "answer": "الحديثِ",
        "t": 0
      },
      {
        "answer": "الفِقه",
        "t": 0
      }
    ]
  },
  {
    "id": 880,
    "q": "معنى (اصفَحْ) في قولِه تعالى: {فَاصْفَحِ الصَّفْحَ الْجَمِيلَ}:",
    "level": 2,
    "link": "https://www.dorar.net/tafseer/15/10\n",
    "section": "al-hijr",
    "answers": [
      {
        "answer": "بلِّغ",
        "t": 0
      },
      {
        "answer": "أعرِضْ",
        "t": 1
      },
      {
        "answer": "اصْبِر",
        "t": 0
      }
    ]
  },
  {
    "id": 863,
    "q": "دلَّ قولُه تعالى: {إِنَّا نَحْنُ نَزَّلْنَا الذِّكْرَ وَإِنَّا لَهُ لَحَافِظُونَ} على:",
    "level": 2,
    "link": "https://www.dorar.net/tafseer/15/2\n",
    "section": "al-hijr",
    "answers": [
      {
        "answer": "أنَّ عُلومَ القُرآنِ الكريمِ أَفضلُ العُلومِ وأَشرفُها",
        "t": 0
      },
      {
        "answer": "إثباتِ صِدقِ نُبوَّةِ محمد ﷺ",
        "t": 0
      },
      {
        "answer": "أنَّ العلمَ الذي بُعِث به النبيُّ ﷺ مضبوطٌ مَحفوظٌ",
        "t": 1
      }
    ]
  },
  {
    "id": 869,
    "q": "معنى (صَلْصال) في قولِه تعالى: {وَلَقَدْ خَلَقْنَا الْإِنْسَانَ مِنْ صَلْصَالٍ}:",
    "level": 2,
    "link": "https://www.dorar.net/tafseer/15/5\n",
    "section": "al-hijr",
    "answers": [
      {
        "answer": "طينٍ يابسٍ له صَوت",
        "t": 1
      },
      {
        "answer": "تُراب جَاف",
        "t": 0
      },
      {
        "answer": "طِين رطْب",
        "t": 0
      }
    ]
  },
  {
    "id": 873,
    "q": "دلَّ قولُه تعالى: {لَا يَمَسُّهُمْ فِيهَا نَصَبٌ وَمَا هُمْ مِنْهَا بِمُخْرَجِينَ} على:",
    "level": 2,
    "link": "https://www.dorar.net/tafseer/15/7\n",
    "section": "al-hijr",
    "answers": [
      {
        "answer": "خُلود أهلِ الجنَّة",
        "t": 1
      },
      {
        "answer": "أنَّ حَياةَ أَهلِ الجنَّة حَياةٌ بَرزخِيَّة مَعنوِيَّة",
        "t": 0
      },
      {
        "answer": "أنَّ الجنَّة لها بابٌ واحِد مَن يَدخُل مِنه لا يخرُج أبدًا",
        "t": 0
      }
    ]
  },
  {
    "id": 874,
    "q": "معنى (وجِلون) في قولِه تعالى: {قَالَ إِنَّا مِنْكُمْ وَجِلُونَ}:",
    "level": 2,
    "link": "https://www.dorar.net/tafseer/15/7\n",
    "section": "al-hijr",
    "answers": [
      {
        "answer": "حَذِرُون",
        "t": 0
      },
      {
        "answer": "خائفونَ",
        "t": 1
      },
      {
        "answer": "مُسْتحيون",
        "t": 0
      }
    ]
  },
  {
    "id": 876,
    "q": "يُستفاد من قصةِ إبراهيمَ مع الملائكة:",
    "level": 2,
    "link": "https://www.dorar.net/tafseer/15/7\n",
    "section": "al-hijr",
    "answers": [
      {
        "answer": "أن الملائكةَ مِن عالَمِ الغيْب لا يطَّلع البشر",
        "t": 0
      },
      {
        "answer": "أن الملائكةَ أحياءٌ ناطِقون منفصِلون عن البشرِ",
        "t": 1
      },
      {
        "answer": "أنَّ الملائكةَ مَخلوقات لها سِتمئَة جَناح",
        "t": 0
      }
    ]
  },
  {
    "id": 865,
    "q": "في قولِه تعالى: {وَمَا يَأْتِيهِمْ مِنْ رَسُولٍ إِلَّا كَانُوا بِهِ يَسْتَهْزِؤُونَ}:",
    "level": 2,
    "link": "https://www.dorar.net/tafseer/15/3\n",
    "section": "al-hijr",
    "answers": [
      {
        "answer": "تَمهِيد للرَّسول ﷺ من عاقبةِ تَكذيبِهم",
        "t": 0
      },
      {
        "answer": "تَنبيهٌ للمُسلمِين مِن كَراهيةِ الكفَّار لهم",
        "t": 0
      },
      {
        "answer": "تَعزيةٌ وتَسليةٌ للنبيِّ صلَّى الله عليه وسلَّم",
        "t": 1
      }
    ]
  },
  {
    "id": 871,
    "q": "أفاد قولُه تعالى: {قَالَ فَإِنَّكَ مِنَ الْمُنْظَرِينَ}:",
    "level": 2,
    "link": "https://www.dorar.net/tafseer/15/5\n",
    "section": "al-hijr",
    "answers": [
      {
        "answer": "أنَّ المُنظرِين يكُونُون يومَ القِيامَة مع أَهلِ الأَعرافِ",
        "t": 0
      },
      {
        "answer": "أنَّ الله تعالى استَجابَ طَلبَ إِبليس بالإنظارِ لَعلَّه يَتُوب",
        "t": 0
      },
      {
        "answer": "أنَّ ناموسَ الشرِّ لا يَنقضي مِن عالَمِ الحياةِ الدُّنيا، وأنَّ نِظامَها قائِمٌ على التصارُعِ بين الخيرِ والشَّرِّ، والأخيارِ والأشرارِ",
        "t": 1
      }
    ]
  },
  {
    "id": 862,
    "q": "دلَّ قولُه تعالى: {وَمَا أَهْلَكْنَا مِنْ قَرْيَةٍ إِلَّا وَلَهَا كِتَابٌ مَعْلُومٌ} على:",
    "level": 2,
    "link": "https://www.dorar.net/tafseer/15/1",
    "section": "al-hijr",
    "answers": [
      {
        "answer": "أنَّ المقتولَ ليس بميِّت",
        "t": 0
      },
      {
        "answer": "أن مَن مات أو قُتِل فإنما مات بأجلِه",
        "t": 1
      },
      {
        "answer": "أن المقتولَ قُطِع أجلُه ولم يَنتهِ عُمرُه",
        "t": 0
      }
    ]
  },
  {
    "id": 866,
    "q": "معنى (رواسِي) في قولِه تعالى: {وَأَلْقَيْنَا فِيهَا رَوَاسِيَ}:",
    "level": 2,
    "link": "https://www.dorar.net/tafseer/15/4\n",
    "section": "al-hijr",
    "answers": [
      {
        "answer": "هضابًا",
        "t": 0
      },
      {
        "answer": "جبالًا ثَوابتَ",
        "t": 1
      },
      {
        "answer": "بيوتًا",
        "t": 0
      }
    ]
  },
  {
    "id": 861,
    "q": "سُمِّي القرآنً كتابًا في قولِه تعالى: {تِلْكَ آيَاتُ الْكِتَابِ وَقُرْآنٍ مُبِينٍ}:",
    "level": 2,
    "link": "https://www.dorar.net/tafseer/15/1\n",
    "section": "al-hijr",
    "answers": [
      {
        "answer": "لأنَّه نزَل على النبيِّ مكتوبًا",
        "t": 0
      },
      {
        "answer": "لأن الملائكةَ كتَبَته بأيدِيها",
        "t": 0
      },
      {
        "answer": "لأن المسلمينَ مأمورونَ بكتابةِ ما يَنزِل منه لحفظِه ومُراجعتِه",
        "t": 1
      }
    ]
  },
  {
    "id": 872,
    "q": "يُستفاد من قصةِ آدمَ وإبليسَ:",
    "level": 2,
    "link": "https://www.dorar.net/tafseer/15/5\n",
    "section": "al-hijr",
    "answers": [
      {
        "answer": "أنَّ التَّوبَة لا تَتحقَّق إلَّا باكتِمال أركانِها",
        "t": 0
      },
      {
        "answer": "أنَّ عَداوةَ إبليس لبني آدمَ سَببُها خُروجُ إبليس مِن الجنَّة",
        "t": 0
      },
      {
        "answer": "أن مَن احتجَّ بالقدَر وطعَن في عدْل الله وحِكمته، فقد شابَه إبليسَ",
        "t": 1
      }
    ]
  }
]