[
  {
    "id": 888,
    "q": "نِداءُ المشركين النبيَّ ﷺ بقولهم: {وَقَالُوا يَا أَيُّهَا الَّذِي نُزِّلَ عَلَيْهِ الذِّكْرُ} جاء:",
    "level": 3,
    "link": "https://www.dorar.net/tafseer/15/2\n",
    "section": "al-hijr",
    "answers": [
      {
        "answer": "للتَّحذِير",
        "t": 0
      },
      {
        "answer": "للتهكُّم والتشهيرِ بالوصفِ المُنادى به",
        "t": 1
      },
      {
        "answer": "للتوقيرِ",
        "t": 0
      }
    ]
  },
  {
    "id": 889,
    "q": "قال تعالى: {بَلْ نَحْنُ قَوْمٌ مَسْحُورُونَ}، ولم يقُلْ: بل نحن مَسحُورون:",
    "level": 3,
    "link": "https://www.dorar.net/tafseer/15/3\n",
    "section": "al-hijr",
    "answers": [
      {
        "answer": "لبَيانِ ضَعْفِهم وقلةِ حِيلتِهم أمام البَيان القُرآني",
        "t": 0
      },
      {
        "answer": "للتهكُّم والسُّخرية منهم لعَجزِهم عن الإتيانِ بسُورةٍ مِثل سُوَر القُرآن",
        "t": 0
      },
      {
        "answer": "لأنَّ ذِكْرَ كلمةِ (قوم) يقتضي أنَّ السِّحرَ قد تمكَّنَ منهم، واستوى فيه جميعُهم حتَّى صار مِن خصائصِ قَوميَّتِهم",
        "t": 1
      }
    ]
  },
  {
    "id": 894,
    "q": "التعبيرُ بصيغةِ المضارع في قولِه تعالى: {وَمَا نُنَزِّلُهُ إِلَّا بِقَدَرٍ مَعْلُومٍ} للدلالةِ على:",
    "level": 3,
    "link": "https://www.dorar.net/tafseer/15/4\n",
    "section": "al-hijr",
    "answers": [
      {
        "answer": "التَّخصِيصِ",
        "t": 0
      },
      {
        "answer": "التَّأكِيدِ",
        "t": 0
      },
      {
        "answer": "الاستمرارِ",
        "t": 1
      }
    ]
  },
  {
    "id": 900,
    "q": "معنى (المقتَسِمين) في قولِه تعالى: {كَمَا أَنزَلْنَا عَلَى الْمُقْتَسِمِينَ}:",
    "level": 3,
    "link": "https://www.dorar.net/tafseer/15/10\n",
    "section": "al-hijr",
    "answers": [
      {
        "answer": "الذين قسَّموا أموالهم بيْنهم",
        "t": 0
      },
      {
        "answer": "الذين تقسَّمت أقوالهم في القرآنِ",
        "t": 1
      },
      {
        "answer": "الذين تَحزَّبُوا ضِدَّ النبيِّ ﷺ",
        "t": 0
      }
    ]
  },
  {
    "id": 882,
    "q": "أفاد قولُه تعالى: {مَا تَسْبِقُ مِنْ أُمَّةٍ أَجَلَهَا وَمَا يَسْتَأْخِرُونَ}:",
    "level": 3,
    "link": "https://www.dorar.net/tafseer/15/1\n",
    "section": "al-hijr",
    "answers": [
      {
        "answer": "وعْدَ الله تعالى للمؤمنين وشدَّةَ شَفقتِه عليهم",
        "t": 0
      },
      {
        "answer": "أنَّ اللهَ يُنظِر الكافر في الدُّنيا ولا يُعاقبُه إلا في الآخرةِ",
        "t": 0
      },
      {
        "answer": "تعريضًا بالتَّهديد ووعيدًا مؤيدًا بتَنظيرِهم بالمكذِّبين السالفين",
        "t": 1
      }
    ]
  },
  {
    "id": 897,
    "q": "إعراب (الضالُّون) في قولِه تعالى: {قَالَ وَمَنْ يَقْنَطُ مِنْ رَحْمَةِ رَبِّهِ إِلَّا الضَّالُّونَ}:",
    "level": 3,
    "link": "https://www.dorar.net/tafseer/15/7\n",
    "section": "al-hijr",
    "answers": [
      {
        "answer": "مفعولٌ به في محلِّ رفعِ نائِب فاعِل",
        "t": 0
      },
      {
        "answer": "مُبتدَأ مَرفُوعٌ على الاستِئناف",
        "t": 0
      },
      {
        "answer": "بدَلٌ من الضميرِ في (يَقنَط)",
        "t": 1
      }
    ]
  },
  {
    "id": 881,
    "q": "عُبِّر بصيغةِ الاستفعال في قولِه تعالى: {مَا تَسْبِقُ مِنْ أُمَّةٍ أَجَلَهَا وَمَا يَسْتَأْخِرُونَ}:",
    "level": 3,
    "link": "https://www.dorar.net/tafseer/15/1\n",
    "section": "al-hijr",
    "answers": [
      {
        "answer": "للإشعارِ بعجْزِهم عن ذلك مع طلَبِهم له",
        "t": 1
      },
      {
        "answer": "للإشعارِ بتَعمُّدِهِم التَّأخِير",
        "t": 0
      },
      {
        "answer": "للدلالةِ على تمكُّنِ الله منهم",
        "t": 0
      }
    ]
  },
  {
    "id": 883,
    "q": "تقدَّم الأكلُ في قولِه تعالى: {ذَرْهُمْ يَأْكُلُوا وَيَتَمَتَّعُوا}:",
    "level": 3,
    "link": "https://www.dorar.net/tafseer/15/1\n",
    "section": "al-hijr",
    "answers": [
      {
        "answer": "لأنَّه قوامُ الإنسانِ وزادُه",
        "t": 0
      },
      {
        "answer": "إيذانًا بأن تمتُّعَهم إنما هو من قَبيلِ تمتُّعِ البهائمِ بالمأكل والمشرَبِ",
        "t": 1
      },
      {
        "answer": "لكونه أكثَرَ الأشياء نفعًا للناسِ",
        "t": 0
      }
    ]
  },
  {
    "id": 890,
    "q": "أُتي بصيغةِ الحصرِ (إنما) في قولِه تعالى: {لَقَالُوا إِنَّمَا سُكِّرَتْ أَبْصَارُنَا} للدلالةِ على:",
    "level": 3,
    "link": "https://www.dorar.net/tafseer/15/3\n",
    "section": "al-hijr",
    "answers": [
      {
        "answer": "تَعميمِ ذلك الأمرِ فيهم",
        "t": 0
      },
      {
        "answer": "أنهم قد بَتُّوا القولَ في ذلك",
        "t": 1
      },
      {
        "answer": "اضطرابِهم وتردُّدِهم في الأمر",
        "t": 0
      }
    ]
  },
  {
    "id": 899,
    "q": "معنى قوله تعالى: {وَلَقَدْ آتَيْنَاكَ سَبْعًا مِنَ الْمَثَانِي}:",
    "level": 3,
    "link": "https://www.dorar.net/tafseer/15/10\n",
    "section": "al-hijr",
    "answers": [
      {
        "answer": "سبْعُ سِنينَ عِجاف",
        "t": 0
      },
      {
        "answer": "سبْع مُعجِزات",
        "t": 0
      },
      {
        "answer": "سُورة الفاتحة",
        "t": 1
      }
    ]
  },
  {
    "id": 884,
    "q": "نُكِّر القرآن في قولِه  تعالى: {الر تِلْكَ آيَاتُ الْكِتَابِ وَقُرْآنٍ مُبِينٍ}:",
    "level": 3,
    "link": "https://www.dorar.net/tafseer/15/1\n",
    "section": "al-hijr",
    "answers": [
      {
        "answer": "للحَصْرِ",
        "t": 0
      },
      {
        "answer": "للتَّعظيمِ",
        "t": 1
      },
      {
        "answer": "للتَّخصِيصِ",
        "t": 0
      }
    ]
  },
  {
    "id": 893,
    "q": "أفادت السينُ والتاءُ في قولِه تعالى: {وَلَقَدْ عَلِمْنَا الْمُسْتَقْدِمِينَ مِنْكُمْ وَلَقَدْ عَلِمْنَا الْمُسْتَأْخِرِينَ}:",
    "level": 3,
    "link": "https://www.dorar.net/tafseer/15/4\n",
    "section": "al-hijr",
    "answers": [
      {
        "answer": "التَّوكيد",
        "t": 1
      },
      {
        "answer": "التَّهويل",
        "t": 0
      },
      {
        "answer": "التَّعظيم",
        "t": 0
      }
    ]
  },
  {
    "id": 895,
    "q": "أفادت كلمةُ (عليك) في قولِه تعالى: {وَإِنَّ عَلَيْكَ اللَّعْنَةَ إِلَى يَوْمِ الدِّينِ}:",
    "level": 3,
    "link": "https://www.dorar.net/tafseer/15/6\n",
    "section": "al-hijr",
    "answers": [
      {
        "answer": "إِعجازَ النَّظمِ القُرآني",
        "t": 0
      },
      {
        "answer": "إظهارَ التَّأكيد بالجُملَةِ الاسمِيَّة",
        "t": 0
      },
      {
        "answer": "تمكُّنَ اللعنة والشَّتم منه حتى كأنَّه يقعُ فوْقه",
        "t": 1
      }
    ]
  },
  {
    "id": 896,
    "q": "فائدةُ التوكيد في قولِه تعالى: {فَسَجَدَ الْمَلَائِكَةُ كُلُّهُمْ أَجْمَعُونَ}:",
    "level": 3,
    "link": "https://www.dorar.net/tafseer/15/6\n",
    "section": "al-hijr",
    "answers": [
      {
        "answer": "بَيانُ حالةِ السُّجودِ وكَيفيَّته",
        "t": 0
      },
      {
        "answer": "نفْيُ احتمال أن يكونَ في الملائكةِ مَن لم يَسجدْ",
        "t": 1
      },
      {
        "answer": "الدلالةُ على استكبارِ إبليسَ وعدمُ سجودِه",
        "t": 0
      }
    ]
  },
  {
    "id": 898,
    "q": "الاستفهامُ في قولِه تعالى: {وَمَنْ يَقْنَطُ مِنْ رَحْمَةِ رَبِّهِ إِلَّا الضَّالُّونَ}:",
    "level": 3,
    "link": "https://www.dorar.net/tafseer/15/7\n",
    "section": "al-hijr",
    "answers": [
      {
        "answer": "تعجُّبي",
        "t": 0
      },
      {
        "answer": "طَلَبي",
        "t": 0
      },
      {
        "answer": "إنكاريٌّ",
        "t": 1
      }
    ]
  },
  {
    "id": 891,
    "q": "في قولِه تعالى: {وَلَوْ فَتَحْنَا عَلَيْهِم بَابًا مِنَ السَّمَاءِ...} مِن أوجُهِ البلاغَة:",
    "level": 3,
    "link": "https://www.dorar.net/tafseer/15/3\n",
    "section": "al-hijr",
    "answers": [
      {
        "answer": "تَشبيهٌ تَمثيليٌّ",
        "t": 1
      },
      {
        "answer": "مجازٌ لُغوي",
        "t": 0
      },
      {
        "answer": "استِعارَة لَفظِيَّة",
        "t": 0
      }
    ]
  },
  {
    "id": 887,
    "q": "أفاد دخولُ (إنَّا) على (نحن) في قولِه تعالى: {إِنَّا نَحْنُ نَزَّلْنَا الذِّكْرَ}:",
    "level": 3,
    "link": "https://www.dorar.net/tafseer/15/2\n",
    "section": "al-hijr",
    "answers": [
      {
        "answer": "التَّعميم",
        "t": 0
      },
      {
        "answer": "التَّوكيد",
        "t": 1
      },
      {
        "answer": "التَّبيين",
        "t": 0
      }
    ]
  },
  {
    "id": 886,
    "q": "اتَّصل قوله تعالى: {وَإِنَّا لَهُ لَحَافِظُون} بقولِه: {إِنَّا نَحْنُ نَزَّلْنَا الذِّكْرَ}:",
    "level": 3,
    "link": "https://www.dorar.net/tafseer/15/2\n",
    "section": "al-hijr",
    "answers": [
      {
        "answer": "لأنَّه جُعِل ذلك دليلًا على أنَّه مُنزَّل من عندِ الله",
        "t": 1
      },
      {
        "answer": "تَنوِيهًا بتَحريفِ اليَهودِ والنَّصارَى للتَّوراةِ والإنجيل",
        "t": 0
      },
      {
        "answer": "لتَبشِير النبيِّ ﷺ والمُؤمِنينَ بحِفظِ اللهِ له",
        "t": 0
      }
    ]
  },
  {
    "id": 892,
    "q": "أفاد تقديمُ الجارِّ والمجرور على الفعل في قولِه تعالى: {وَمَا يَأْتِيهِمْ مِنْ رَسُولٍ إِلَّا كَانُوا بِهِ يَسْتَهْزِئُون}:",
    "level": 3,
    "link": "https://www.dorar.net/tafseer/15/3\n",
    "section": "al-hijr",
    "answers": [
      {
        "answer": "الدلالةَ على التَّعميمِ",
        "t": 0
      },
      {
        "answer": "التَّوضيحَ والتَّبيينَ",
        "t": 0
      },
      {
        "answer": "القَصرَ للمُبالغةِ",
        "t": 1
      }
    ]
  },
  {
    "id": 885,
    "q": "جُمِع بين وَصْفي الكتابية والقُرآنية في قولِه تعالى: {تِلْكَ آيَاتُ الْكِتَابِ وَقُرْآنٍ مُبِينٍ}:",
    "level": 3,
    "link": "https://www.dorar.net/tafseer/15/2\n",
    "section": "al-hijr",
    "answers": [
      {
        "answer": "لتفخيمِ شأنِ القرآن",
        "t": 1
      },
      {
        "answer": "إشارةً لَطيفةً إلى القِراءَةِ والكِتابَةِ",
        "t": 0
      },
      {
        "answer": "لتَنوُّعِ النَّظْمِ البَياني",
        "t": 0
      }
    ]
  }
]