[
  {
    "id": 1038,
    "q": "أفاد قَولُه تَعالَى: {قَالَ مَا مَكَّنِّي فِيهِ رَبِّي خَيْرٌ}:",
    "level": 1,
    "link": "https://www.dorar.net/tafseer/18/24\n",
    "section": "al-kahf",
    "answers": [
      {
        "answer": "أنَّ أَعمالَ البِرِّ لا يَنقَطِعُ أَجرُها حتَّى بعدَ المَمات",
        "t": 0
      },
      {
        "answer": "أنَّ على الملِكِ التعفُّفَ عن أموالِ رَعِيَّتِه، والزُّهدَ في أخذِ أُجرةٍ مُقابِلَ عَمَلٍ يأتيهِ",
        "t": 1
      },
      {
        "answer": "أنَّ إِقامةَ شَرعِ الله في الأرضِ خيرٌ لأَهلِ الأرضِ مِن الغَيْثِ المُغِيث",
        "t": 0
      }
    ]
  },
  {
    "id": 1029,
    "q": "الوَرِقُ في قَولِه تَعالَى: {فَابْعَثُوا أَحَدَكُم بِوَرِقِكُمْ هَذِهِ إِلَى الْمَدِينَةِ} هو:",
    "level": 1,
    "link": "https://www.dorar.net/tafseer/18/6\n",
    "section": "al-kahf",
    "answers": [
      {
        "answer": "الفِضَّةُ المَضروبةُ",
        "t": 1
      },
      {
        "answer": "المَتَاع",
        "t": 0
      },
      {
        "answer": "الذَّهَبُ",
        "t": 0
      }
    ]
  },
  {
    "id": 1037,
    "q": "قال تَعالَى: {فَانْطَلَقَا حَتَّى إِذَا أَتَيَا أَهْلَ قَرْيَةٍ اسْتَطْعَمَا أَهْلَهَا}، ولم يقُلْ: وصَلا إلى أهلِ قريةٍ؛ إشارةً إلى:",
    "level": 1,
    "link": "https://www.dorar.net/tafseer/18/21\n",
    "section": "al-kahf",
    "answers": [
      {
        "answer": "أنَّ إتيانَهما كان عن قَصدٍ",
        "t": 1
      },
      {
        "answer": "أنَّهما كانا يَعرِفانِ أَهلَ هذه القَريةِ ويَعرِفُونَهُما",
        "t": 0
      },
      {
        "answer": "أنَّ أَهلَ القَريةِ لم يَستَقبِلُوهما",
        "t": 0
      }
    ]
  },
  {
    "id": 1039,
    "q": "دلَّ قولُه تَعالَى: {فَلَا نُقِيمُ لَهُمْ يَوْمَ الْقِيَامَةِ وَزْنًا}:",
    "level": 1,
    "link": "https://www.dorar.net/tafseer/18/26\n",
    "section": "al-kahf",
    "answers": [
      {
        "answer": "أنَّ الكافرَ لا يُوزَن عَمَلُه يومَ القِيامَة",
        "t": 0
      },
      {
        "answer": "أنَّ الوَزنَ يومَ القِيامَة خاصٌّ بالأَعمالِ فقط",
        "t": 0
      },
      {
        "answer": "أنَّ الكافِرَ يُوزَن مع عملِه",
        "t": 1
      }
    ]
  },
  {
    "id": 1025,
    "q": "مَعنَى (باخعٌ  نفْسَك) في قَولِه تَعالَى: {فَلَعَلَّكَ بَاخِعٌ نَفْسَكَ عَلَى آثَارِهِمْ}:",
    "level": 1,
    "link": "https://www.dorar.net/tafseer/18/1\n",
    "section": "al-kahf",
    "answers": [
      {
        "answer": "تارِكٌ نفْسَك",
        "t": 0
      },
      {
        "answer": "قاتِلٌ ومُهلِكٌ نَفْسَك",
        "t": 1
      },
      {
        "answer": "مُبلِّغٌ دَعوتَك",
        "t": 0
      }
    ]
  },
  {
    "id": 1024,
    "q": "مِن مَوضوعاتِ سورةِ الكَهفِ:",
    "level": 1,
    "link": "https://www.dorar.net/tafseer/18\n",
    "section": "al-kahf",
    "answers": [
      {
        "answer": "ذِكرُ قِصَّةِ أصحابِ السَّبتِ",
        "t": 0
      },
      {
        "answer": "ذِكرُ قِصَّةِ يُونُسَ عَليهِ السَّلامُ",
        "t": 0
      },
      {
        "answer": "ذِكرُ قِصَّةِ أصحابِ الكَهفِ",
        "t": 1
      }
    ]
  },
  {
    "id": 1032,
    "q": "أفاد قولُه تَعالَى: {وَاصْبِرْ نَفْسَكَ مَعَ الَّذِينَ يَدْعُونَ رَبَّهُمْ بِالْغَدَاةِ وَالْعَشِيِّ يُرِيدُونَ وَجْهَهُ وَلَا تَعْدُ عَيْنَاكَ عَنْهُمْ}:",
    "level": 1,
    "link": "https://www.dorar.net/tafseer/18/8\n",
    "section": "al-kahf",
    "answers": [
      {
        "answer": "أنَّ مُجالَسةَ الصَّالِحين مَأثورةٌ على مَجالِسِ غَيرِهم ومَندوبٌ إليها المُؤمِنون",
        "t": 1
      },
      {
        "answer": "أنَّ مُجالسةَ الصَّالِحين لا تَنَفُع الإنسانَ إلَّا إذا كان صالحًا مِثلَهم",
        "t": 0
      },
      {
        "answer": "أنَّ إلزامَ النَّفسِ بالصَّبرِ أَعظمُ أجرًا مِن مُجرَّد الصَّبر",
        "t": 0
      }
    ]
  },
  {
    "id": 1021,
    "q": "سورةُ الكهفِ:",
    "level": 1,
    "link": "https://www.dorar.net/tafseer/18\n",
    "section": "al-kahf",
    "answers": [
      {
        "answer": "لها ثلاثةُ أسماءٍ",
        "t": 0
      },
      {
        "answer": "لها اسمانِ",
        "t": 1
      },
      {
        "answer": "لها اسمٌ واحد ٌ",
        "t": 0
      }
    ]
  },
  {
    "id": 1035,
    "q": "أفاد قولُه تَعالَى: {فَانْطَلَقَا حَتَّى إِذَا رَكِبَا فِي السَّفِينَةِ خَرَقَهَا قَالَ أَخَرَقْتَهَا لِتُغْرِقَ أَهْلَهَا}:",
    "level": 1,
    "link": "https://www.dorar.net/tafseer/18/19\n",
    "section": "al-kahf",
    "answers": [
      {
        "answer": "أنَّ الذي حَمَل موسى على ذلك: الحَمِيَّةُ للحَقِّ",
        "t": 1
      },
      {
        "answer": "أنَّ العَجلَة مَذمُومَة ولو كانت في إِنكارِ المُنكَر",
        "t": 0
      },
      {
        "answer": "خوفَ مُوسى عَليهِ السَّلامُ على نَفسِه مِن الغَرَق مع الغارِقينَ",
        "t": 0
      }
    ]
  },
  {
    "id": 1036,
    "q": "مَعنَى (زَكيةً) في قَولِه تَعالَى: {أَقَتَلْتَ نَفْسًا زَكِيَّةً}:",
    "level": 1,
    "link": "https://www.dorar.net/tafseer/18/20\n",
    "section": "al-kahf",
    "answers": [
      {
        "answer": "ضَعيفَة",
        "t": 0
      },
      {
        "answer": "طاهِرة من الذُّنوبِ",
        "t": 1
      },
      {
        "answer": "صَغيرة",
        "t": 0
      }
    ]
  },
  {
    "id": 1022,
    "q": "مَن حَفِظ عشْرَ آياتٍ من أوَّلِ سورةِ الكَهفِ:",
    "level": 1,
    "link": "https://www.dorar.net/tafseer/18\n",
    "section": "al-kahf",
    "answers": [
      {
        "answer": "عُصِم  من عَذابِ القَبرِ",
        "t": 0
      },
      {
        "answer": "عُصِم منَ الدَّجَّال",
        "t": 1
      },
      {
        "answer": "عُصِم من أهوالِ يَومِ القِيامةِ",
        "t": 0
      }
    ]
  },
  {
    "id": 1034,
    "q": "أفاد قولُه تَعالَى: {فَلَمَّا جَاوَزَا قَالَ لِفَتَاهُ آتِنَا غَدَاءَنَا لَقَدْ لَقِينَا مِنْ سَفَرِنَا هَذَا نَصَبًا}:",
    "level": 1,
    "link": "https://www.dorar.net/tafseer/18/18\n",
    "section": "al-kahf",
    "answers": [
      {
        "answer": "استِحبابَ إطعامِ الإنسانِ خادِمَه مِن مأكَلِه",
        "t": 1
      },
      {
        "answer": "استِحبابَ جَعْل وَقتِ الغَداءِ آخِرَ النَّهار",
        "t": 0
      },
      {
        "answer": "استِحبابَ ألَّا يأكُل الإنسانُ إلا بعدَ التَّعَبِ والنَّصَبِ",
        "t": 0
      }
    ]
  },
  {
    "id": 1026,
    "q": "أشار قَولُه تَعالَى: {وَإِنَّا لَجَاعِلُونَ مَا عَلَيْهَا صَعِيدًا جُرُزًا} إلى:",
    "level": 1,
    "link": "https://www.dorar.net/tafseer/18/2\n",
    "section": "al-kahf",
    "answers": [
      {
        "answer": "التَّزهيدِ في الدنيا والتَّرغيبِ عنها",
        "t": 1
      },
      {
        "answer": "التَّحذيرِ مِن الإسرافِ المُفضِي إلى الغَفلَة",
        "t": 0
      },
      {
        "answer": "تَرغيبِ النَّاسِ في عِمارةِ الأرضِ",
        "t": 0
      }
    ]
  },
  {
    "id": 1028,
    "q": "دلَّ قوله تَعالَى: {وَإِذِ اعْتَزَلْتُمُوهُمْ وَمَا يَعْبُدُونَ إِلَّا اللَّهَ فَأْوُوا إِلَى الْكَهْفِ يَنْشُرْ لَكُمْ رَبُّكُمْ مِنْ رَحْمَتِهِ وَيُهَيِّئْ لَكُمْ مِنْ أَمْرِكُمْ مِرْفَقًا} على:",
    "level": 1,
    "link": "https://www.dorar.net/tafseer/18/5\n",
    "section": "al-kahf",
    "answers": [
      {
        "answer": "أنَّ الإنسانَ لا يحِلُّ له أن يَترُكَ بَلَدَ الكُفرِ إلا إذا يَئِسَ مِن إيمانِ أَهلِها",
        "t": 0
      },
      {
        "answer": "أنَّ اعتِزالَ المَرءِ قَومَه الكُفَّارَ ومَعبوديهم مِن أسبابِ لُطفِ الله به",
        "t": 1
      },
      {
        "answer": "أنه لا يَجوزُا عتِزال المرءِ قومَه إنْ كانوا كُفَّارًا ، بلِ الأَولى الصَّبرُ عَليهِم ودَعوتُهم",
        "t": 0
      }
    ]
  },
  {
    "id": 1033,
    "q": "مَعنَى (سُندس) في قَولِه تَعالَى: {وَيَلْبَسُونَ ثِيَابًا خُضْرًا مِنْ سُنْدُسٍ وَإِسْتَبْرَقٍ}:",
    "level": 1,
    "link": "https://www.dorar.net/tafseer/18/9\n",
    "section": "al-kahf",
    "answers": [
      {
        "answer": "الحريرُ المرصَّعُ ذَهَبًا",
        "t": 0
      },
      {
        "answer": "الحَرير الخالِص",
        "t": 0
      },
      {
        "answer": "رَقيقُ الحَريرِ",
        "t": 1
      }
    ]
  },
  {
    "id": 1023,
    "q": "مِن مَقاصدِ سورةِ الكَهفِ:",
    "level": 1,
    "link": "https://www.dorar.net/tafseer/18\n",
    "section": "al-kahf",
    "answers": [
      {
        "answer": "تَطهيرُ قَلبِ المُؤمِنِ منَ النِّفاقِ الأصغرِ والأكبرِ وأدرانِ الشِّركِ",
        "t": 0
      },
      {
        "answer": "الهِدايةُ إلى العَقيدةِ الصَّحيحةِ، وإلى السُّلوكِ القَويمِ، وإلى الخُلُقِ الكَريمِ",
        "t": 1
      },
      {
        "answer": "الحثُّ على الجهادِ في سَبيلِ اللهِ",
        "t": 0
      }
    ]
  },
  {
    "id": 1030,
    "q": "مَعنَى (أعثَرْنا) في قَولِه تَعالَى: {وَكَذَلِكَ أَعْثَرْنَا عَلَيْهِمْ}:",
    "level": 1,
    "link": "https://www.dorar.net/tafseer/18/7\n",
    "section": "al-kahf",
    "answers": [
      {
        "answer": "ألْبَسْنا",
        "t": 0
      },
      {
        "answer": "أظهَرْنا",
        "t": 1
      },
      {
        "answer": "نَصَرْنَا",
        "t": 0
      }
    ]
  },
  {
    "id": 1040,
    "q": "مَعنَى (نَفِد) في قَولِه تَعالَى: {لَنَفِدَ الْبَحْرُ قَبْلَ أَنْ تَنْفَدَ كَلِمَاتُ رَبِّي}:",
    "level": 1,
    "link": "https://www.dorar.net/tafseer/18/27\n",
    "section": "al-kahf",
    "answers": [
      {
        "answer": "تَبَخَّرَ",
        "t": 0
      },
      {
        "answer": "نَقَصَ",
        "t": 1
      },
      {
        "answer": "فاضَ",
        "t": 0
      }
    ]
  },
  {
    "id": 1027,
    "q": "مَعنَى قَولِه تَعالَى: {وَرَبَطْنَا عَلَى قُلُوبِهِمْ}:",
    "level": 1,
    "link": "https://www.dorar.net/tafseer/18/4\n",
    "section": "al-kahf",
    "answers": [
      {
        "answer": "أَلقَينا في قُلوبِهم العِلمَ",
        "t": 0
      },
      {
        "answer": "أنزلنا علي قُلوبَهم البَأْسَ",
        "t": 0
      },
      {
        "answer": "ثبَّتْنا قُلوبَهم",
        "t": 1
      }
    ]
  },
  {
    "id": 1031,
    "q": "دلَّ قوله تَعالَى: {وَلَا تَسْتَفْتِ فِيهِمْ مِنْهُمْ أَحَدًا} على:",
    "level": 1,
    "link": "https://www.dorar.net/tafseer/18/7\n",
    "section": "al-kahf",
    "answers": [
      {
        "answer": "المَنعِ منِ استِفتاءِ مَن لا يصلُحُ للفتوى",
        "t": 1
      },
      {
        "answer": "كَراهِيَة الفَتوَى المُفضِيَة إلى البِدَع",
        "t": 0
      },
      {
        "answer": "تَحرِّي الصِّدق عند استِفتاء الشُّهُود",
        "t": 0
      }
    ]
  }
]