[
  {
    "id": 1054,
    "q": "مَعنَى (هشيمًا) في قولِه تَعالَى: {فَأَصْبَحَ هَشِيمًا تَذْرُوهُ الرِّيَاحُ}:",
    "level": 2,
    "link": "https://www.dorar.net/tafseer/18/13\n",
    "section": "al-kahf",
    "answers": [
      {
        "answer": "مُجتَمِعٌ",
        "t": 0
      },
      {
        "answer": "يابِسٌ مُتَفتِّتٌ",
        "t": 1
      },
      {
        "answer": "خَفيفُ الوَزنِ",
        "t": 0
      }
    ]
  },
  {
    "id": 1053,
    "q": "بُنِي الفِعلُ للمَفعولِ في قولِه تَعالَى: {وَأُحِيطَ بِثَمَرِهِ}:",
    "level": 2,
    "link": "https://www.dorar.net/tafseer/18/12\n",
    "section": "al-kahf",
    "answers": [
      {
        "answer": "لَتقريرِ الحَصرِ والقَصرِ",
        "t": 0
      },
      {
        "answer": "للدَّلالةِ على عُمومِ الإحاطَةِ بجَميعِ الثَّمَر",
        "t": 0
      },
      {
        "answer": "لأنَّ النَّكَدَ حاصِلٌ بإحاطةِ الهَلاكِ من غَيرِ النَّظَرِ إلى فاعِلٍ مَخصوصٍ",
        "t": 1
      }
    ]
  },
  {
    "id": 1044,
    "q": "أفادت صِيغةُ جمْعِ القِلة في قَولِه تَعالَى: {إِنَّهُمْ فِتْيَةٌ آمَنُوا بِرَبِّهِمْ وَزِدْنَاهُمْ هُدًى}:",
    "level": 2,
    "link": "https://www.dorar.net/tafseer/18/4\n",
    "section": "al-kahf",
    "answers": [
      {
        "answer": "أنَّهم كانوا دونَ العَشَرةِ",
        "t": 1
      },
      {
        "answer": "أنَّهم كانوا بِضعَ عَشَرة",
        "t": 0
      },
      {
        "answer": "أنَّهم كانوا عَشرَة",
        "t": 0
      }
    ]
  },
  {
    "id": 1057,
    "q": "مَعنَى (مَوبقًا) في قَولِه تَعالَى: {وَجَعَلْنَا بَيْنَهُمْ مَوْبِقًا}:",
    "level": 2,
    "link": "https://www.dorar.net/tafseer/18/16\n",
    "section": "al-kahf",
    "answers": [
      {
        "answer": "عَداوةً",
        "t": 0
      },
      {
        "answer": "مَهلَكٌ وحاجِزٌ",
        "t": 1
      },
      {
        "answer": "شَحناءَ وبَغضاءَ",
        "t": 0
      }
    ]
  },
  {
    "id": 1045,
    "q": "مَعنَى الوصيدِ في قَولِه تَعالَى: {وَكَلْبُهُم بَاسِطٌ ذِرَاعَيْهِ بِالْوَصِيدِ}:",
    "level": 2,
    "link": "https://www.dorar.net/tafseer/18/5\n",
    "section": "al-kahf",
    "answers": [
      {
        "answer": "مُنتهى الكهف",
        "t": 0
      },
      {
        "answer": "فِناء الكَهفِ",
        "t": 1
      },
      {
        "answer": "فُوَّهَةَ الكَهفِ",
        "t": 0
      }
    ]
  },
  {
    "id": 1058,
    "q": "دلَّ قولُه تَعالَى: {فَلَمَّا بَلَغَا مَجْمَعَ بَيْنِهِمَا نَسِيَا حُوتَهُمَا} على:",
    "level": 2,
    "link": "https://www.dorar.net/tafseer/18/18\n",
    "section": "al-kahf",
    "answers": [
      {
        "answer": "أنَّ النِّسيانَ لا يَجوزُ في حَقِّ الأنبياء",
        "t": 0
      },
      {
        "answer": "أنَّ النِّسيانَ من مَوانِعِ التَّكليفِ بالرِّسالةِ",
        "t": 0
      },
      {
        "answer": "أنَّه يَجوزُ النِّسيانُ في حقِّ النَّبيِّ",
        "t": 1
      }
    ]
  },
  {
    "id": 1043,
    "q": "أفاد قولُه تَعالَى: {أَمْ حَسِبْتَ أَنَّ أَصْحَابَ الْكَهْفِ وَالرَّقِيمِ كَانُوا مِنْ آيَاتِنَا عَجَبًا}:",
    "level": 2,
    "link": "https://www.dorar.net/tafseer/18/3\n",
    "section": "al-kahf",
    "answers": [
      {
        "answer": "لَفْتَ العُقولِ عن الاشتِغالِ بعَجائبِ القَصصِ إلى الاتِّعاظُ بما فيها منَ العِبرِ والأسبابِ",
        "t": 1
      },
      {
        "answer": "إرشادَ المُؤمِنينَ إبى التَّدبُّر في عَجائبِ آياتِ الله عزَّ وجلَّ في الكَونِ",
        "t": 0
      },
      {
        "answer": "أنَّ التَّوكُّل على الله لا يُنافِي الأَخذَ بالأسبابِ",
        "t": 0
      }
    ]
  },
  {
    "id": 1056,
    "q": "أفاد قولُه تَعالَى: {أَفَتَتَّخِذُونَهُ وَذُرِّيَّتَهُ أَوْلِيَاءَ مِنْ دُونِي وَهُمْ لَكُمْ عَدُوٌّ}:",
    "level": 2,
    "link": "https://www.dorar.net/tafseer/18/15\n",
    "section": "al-kahf",
    "answers": [
      {
        "answer": "أنَّ الشَّيطانَ له ذُرِّيِّةٌ",
        "t": 1
      },
      {
        "answer": "أنَّ الجِنَّ مِنهُم مُؤمِنٌ ومنهُم كافِرٌ مِثل بني آدمَ",
        "t": 0
      },
      {
        "answer": "أنَّ عَدواةَ الشَّياطينِ لبنِي آدمَ عَداوةٌ كَونِيَّة لا شَرعيَّة",
        "t": 0
      }
    ]
  },
  {
    "id": 1060,
    "q": "دلَّ قولُه تَعالَى: {قَالَ أَقَتَلْتَ نَفْسًا زَكِيَّةً بِغَيْرِ نَفْسٍ} على:",
    "level": 2,
    "link": "https://www.dorar.net/tafseer/18/20\n",
    "section": "al-kahf",
    "answers": [
      {
        "answer": "أنَّ إِنكارَ المُنكرِ أَوْلَى مِن الأَمرِ بالمعرُوف",
        "t": 0
      },
      {
        "answer": "أنَّ القِصاصَ كان في شَرعِ مَن قَبْلنا",
        "t": 1
      },
      {
        "answer": "أنَّ قَتلَ النَّفسِ غَيرِ الزَّكيَّة جائزٌ عندَ الضَّرورَة",
        "t": 0
      }
    ]
  },
  {
    "id": 1046,
    "q": "دلَّ قولُه تَعالَى: {وَنُقَلِّبُهُمْ ذَاتَ الْيَمِينِ وَذَاتَ الشِّمَالِ} على:",
    "level": 2,
    "link": "https://www.dorar.net/tafseer/18/5\n",
    "section": "al-kahf",
    "answers": [
      {
        "answer": "استِحبابُ البِدءِ باليَمينِ عندَ التَّقلُّب أَثناءَ النَّومِ",
        "t": 0
      },
      {
        "answer": "أنَّ فِعلَ النَّائمِ لا يُنسَبُ إليه",
        "t": 1
      },
      {
        "answer": "أنَّهم كانُوا في حالةِ مَوتٍ دُونَ خُروجِ الرُّوحِ مِن الجَسدِ",
        "t": 0
      }
    ]
  },
  {
    "id": 1047,
    "q": "دلَّ قولُه تَعالَى: {فَابْعَثُوا أَحَدَكُم بِوَرِقِكُمْ هَذِهِ إِلَى الْمَدِينَةِ فَلْيَنْظُرْ أَيُّهَا أَزْكَى طَعَامًا فَلْيَأْتِكُم بِرِزْقٍ مِنْهُ} على:",
    "level": 2,
    "link": "https://www.dorar.net/tafseer/18/6\n",
    "section": "al-kahf",
    "answers": [
      {
        "answer": "جَوازِ التَّمتُّع بأزكَى المَطعُوماتِ والمَشرُوباتِ والمَلبُوساتِ",
        "t": 0
      },
      {
        "answer": "أنَّ السَّعيَ في إمساكِ الزَّاد  أمرٌ مُهِمٌّ مَشروعٌ لا يُبطِل التَّوَكُّلَ على اللهِ",
        "t": 1
      },
      {
        "answer": "أنَّ كلَّ ما يَسعَى إليه الإنسانُ يُسمَّى رِزقًا",
        "t": 0
      }
    ]
  },
  {
    "id": 1042,
    "q": "مَعنَى (صعيدًا) في قَولِه تَعالَى: {وَإِنَّا لَجَاعِلُونَ مَا عَلَيْهَا صَعِيدًا جُرُزًا}:",
    "level": 2,
    "link": "https://www.dorar.net/tafseer/18/2\n",
    "section": "al-kahf",
    "answers": [
      {
        "answer": "طِين",
        "t": 0
      },
      {
        "answer": "حِجارَة",
        "t": 0
      },
      {
        "answer": "تُراب",
        "t": 1
      }
    ]
  },
  {
    "id": 1055,
    "q": "دلَّ قولُه تَعالَى: {وَيَقُولُونَ يَا وَيْلَتَنَا مَالِ هَذَا الْكِتَابِ لَا يُغَادِرُ صَغِيرَةً وَلَا كَبِيرَةً إِلَّا أَحْصَاهَا} على:",
    "level": 2,
    "link": "https://www.dorar.net/tafseer/18/14\n",
    "section": "al-kahf",
    "answers": [
      {
        "answer": "أنَّ أَهلَ الكُفرِ والشِّركِ جَميعهُم قالوا: يا وَيلتَنا. عندَ الموتِ",
        "t": 0
      },
      {
        "answer": "إثباتِ صَغائرِ وكَبائرِ الذُّنوبِ",
        "t": 1
      },
      {
        "answer": "التَّحذيرِ مِن التَّمادِي في الغَفلَة",
        "t": 0
      }
    ]
  },
  {
    "id": 1050,
    "q": "كلمةُ (إستبرق) في قولِه تَعالَى: {وَيَلْبَسُونَ ثِيَابًا خُضْرًا مِنْ سُنْدُسٍ وَإِسْتَبْرَقٍ}:",
    "level": 2,
    "link": "https://www.dorar.net/tafseer/18/9\n",
    "section": "al-kahf",
    "answers": [
      {
        "answer": "مُهجَّنةٌ",
        "t": 0
      },
      {
        "answer": "عَرَبِيَّةٌ",
        "t": 0
      },
      {
        "answer": "غَيرُ عرَبيةٍ",
        "t": 1
      }
    ]
  },
  {
    "id": 1052,
    "q": "دلَّ قولُه تَعالَى: {أَكَفَرْتَ بِالَّذِي خَلَقَكَ مِنْ تُرَابٍ ثُمَّ مِنْ نُطْفَةٍ ثُمَّ سَوَّاكَ رَجُلًا}:",
    "level": 2,
    "link": "https://www.dorar.net/tafseer/18/11\n",
    "section": "al-kahf",
    "answers": [
      {
        "answer": "أنَّ الشاكَّ في حُصولِ البَعثَ ومُنكِرَ المَعادِ كافِرٌ",
        "t": 1
      },
      {
        "answer": "أنَّ الشَّاكَّ في حُصولِ البَعثِ ومُنكِرَ المَعادِ فاسِقٌ",
        "t": 0
      },
      {
        "answer": "أنَّ الشَّاكَّ في حُصولِ البَعثَ ومُنكِرَ المَعادِ آثِمٌ",
        "t": 0
      }
    ]
  },
  {
    "id": 1051,
    "q": "مَعنَى (تَظلِم) في قولِه تَعالَى: {كِلْتَا الْجَنَّتَيْنِ آتَتْ أُكُلَهَا وَلَمْ تَظْلِمْ مِنْهُ شَيْئًا}:",
    "level": 2,
    "link": "https://www.dorar.net/tafseer/18/10\n",
    "section": "al-kahf",
    "answers": [
      {
        "answer": "تَفنى",
        "t": 0
      },
      {
        "answer": "تَنقُص",
        "t": 1
      },
      {
        "answer": "تَهلِك",
        "t": 0
      }
    ]
  },
  {
    "id": 1041,
    "q": "خُصَّ  النبيُّ ﷺ بالذِّكر في قَولِه تَعالَى: {الْحَمْدُ لِلَّهِ الَّذِي أَنْزَلَ عَلَى عَبْدِهِ الْكِتَابَ}:",
    "level": 2,
    "link": "https://www.dorar.net/tafseer/18/1\n",
    "section": "al-kahf",
    "answers": [
      {
        "answer": "لأنَّ إنزالَ القُرآنِ عَليهِ كان نِعمةً عَليهِ على الخُصوصِ، وعلى سائر النَّاسِ على العُمومِ",
        "t": 1
      },
      {
        "answer": "لأنَّ مَنزِلَتَه تَعلو مَنزِلةَ باقي المرسَلين عند اللهِ",
        "t": 0
      },
      {
        "answer": "لأنَّه آخِرُ رُسُلِ اللهِ",
        "t": 0
      }
    ]
  },
  {
    "id": 1049,
    "q": "الأمرُ في قولِه تَعالَى: {فَمَنْ شَاءَ فَلْيُؤْمِنْ وَمَنْ شَاءَ فَلْيَكْفُرْ}:",
    "level": 2,
    "link": "https://www.dorar.net/tafseer/18/8\n",
    "section": "al-kahf",
    "answers": [
      {
        "answer": "للتَّهديدِ",
        "t": 1
      },
      {
        "answer": "للتَّعجُّب",
        "t": 0
      },
      {
        "answer": "للإباحةِ",
        "t": 0
      }
    ]
  },
  {
    "id": 1059,
    "q": "الاستفهامُ في قَولِه تَعالَى: {أَخَرَقْتَهَا لِتُغْرِقَ أَهْلَهَا}:",
    "level": 2,
    "link": "https://www.dorar.net/tafseer/18/19\n",
    "section": "al-kahf",
    "answers": [
      {
        "answer": "للإنكارِ",
        "t": 1
      },
      {
        "answer": "للتَّعجُّبِ",
        "t": 0
      },
      {
        "answer": "لطَلَبِ الفَهمِ",
        "t": 0
      }
    ]
  },
  {
    "id": 1048,
    "q": "قَولُه تَعالَى: {أَبْصِرْ بِهِ وَأَسْمِعْ} أي:",
    "level": 2,
    "link": "https://www.dorar.net/tafseer/18/7\n",
    "section": "al-kahf",
    "answers": [
      {
        "answer": "انظُرْ إليه واسمَعْ له",
        "t": 0
      },
      {
        "answer": "يَنظُر إليك ويَسمَع لك",
        "t": 0
      },
      {
        "answer": "ما أبصَرَه وأسمَعَه!",
        "t": 1
      }
    ]
  }
]