[
  {
    "id": 1068,
    "q": "تَقدَّم احتمالُ الرَّجْمِ على احتمالِ الإعادةِ إلى الشِّركِ في قولِه تَعالَى: {إِنَّهُمْ إِنْ يَظْهَرُوا عَلَيْكُمْ يَرْجُمُوكُمْ أَوْ يُعِيدُوكُمْ فِي مِلَّتِهِمْ}:",
    "level": 3,
    "link": "https://www.dorar.net/tafseer/18/6\n",
    "section": "al-kahf",
    "answers": [
      {
        "answer": "للدَّلالةِ على أنَّه أقْسى العقوباتِ",
        "t": 0
      },
      {
        "answer": "لأنَّ الظَّاهِرَ من حالِهم هو الثَّباتُ على الدِّين المؤدِّي إلى الرجْمِ",
        "t": 1
      },
      {
        "answer": "لتَأخيرِ ذِكرِ الكُفرِ تَحقيرًا له",
        "t": 0
      }
    ]
  },
  {
    "id": 1077,
    "q": "قُدِّمت الصَّغيرةُ في قَولِه تَعالَى: {مَالِ هَذَا الْكِتَابِ لَا يُغَادِرُ صَغِيرَةً وَلَا كَبِيرَةً إِلَّا أَحْصَاهَا}:",
    "level": 3,
    "link": "https://www.dorar.net/tafseer/18/14\n",
    "section": "al-kahf",
    "answers": [
      {
        "answer": "لأنَّها أعظَمُ جَزاءً منَ الكَبيرةِ إذا داوَمَ عَليها الإنسانُ",
        "t": 0
      },
      {
        "answer": "اهتِمامًا بها، وليُنبِّهَ على أنَّ الصَّغيرةَ إذا أُحصِيَت فالكَبيرةُ أحْرى بذلك",
        "t": 1
      },
      {
        "answer": "لأنَّ الاستمرارَ عَليها يَجعَلُها في مَنزِلةٍ أعلى من مَنزِلةِ الكَبيرةِ",
        "t": 0
      }
    ]
  },
  {
    "id": 1062,
    "q": "قُدِّم الإنذارُ على التَّبشيرِ في قولِه تَعالَى: {لِيُنْذِرَ بَأْسًا شَدِيدًا مِنْ لَدُنْهُ وَيُبَشِّرَ الْمُؤْمِنِينَ}:",
    "level": 3,
    "link": "https://www.dorar.net/tafseer/18/1\n",
    "section": "al-kahf",
    "answers": [
      {
        "answer": "لأنَّه غايةُ ما يُبعَث به الرُّسُلِ",
        "t": 0
      },
      {
        "answer": "لتقريرِ التَّخلِيَة قبل التَّحلِيَة",
        "t": 0
      },
      {
        "answer": "لإظهارِ كَمال العِنايةِ بزَجرِ الكُفَّارِ عمَّا هم عَليهِ",
        "t": 1
      }
    ]
  },
  {
    "id": 1065,
    "q": "قَولُه تَعالَى: {فَضَرَبْنَا عَلَى آذَانِهِمْ}  كِنايةٌ عن:",
    "level": 3,
    "link": "https://www.dorar.net/tafseer/18/3\n",
    "section": "al-kahf",
    "answers": [
      {
        "answer": "الإماتةِ",
        "t": 0
      },
      {
        "answer": "الغَفلَة",
        "t": 0
      },
      {
        "answer": "الإنامةِ",
        "t": 1
      }
    ]
  },
  {
    "id": 1078,
    "q": "دلَّ قولُه تَعالَى: {فَفَسَقَ عَنْ أَمْرِ رَبِّهِ}:",
    "level": 3,
    "link": "https://www.dorar.net/tafseer/18/15\n",
    "section": "al-kahf",
    "answers": [
      {
        "answer": "أنَّ الفِسقَ غَيرُ مُخرجٍ مِن المِلَّة",
        "t": 0
      },
      {
        "answer": "أنَّ الفِسقَ يَتفرَّعُ مِنه صَغائر وكَبائِر",
        "t": 0
      },
      {
        "answer": "أنَّ الفِسقَ قد يَكونُ ناقِلًا عنِ المِلَّةِ",
        "t": 1
      }
    ]
  },
  {
    "id": 1079,
    "q": "مَعنَى (زكاةً) في قَولِه تَعالَى: {فَأَرَدْنَا أَنْ يُبْدِلَهُمَا رَبُّهُمَا خَيْرًا مِنْهُ زَكَاةً}",
    "level": 3,
    "link": "https://www.dorar.net/tafseer/18/22\n",
    "section": "al-kahf",
    "answers": [
      {
        "answer": "نَقاءً وصَفاءً",
        "t": 0
      },
      {
        "answer": "صَلاحًا وطَهارةً",
        "t": 1
      },
      {
        "answer": "إخراجًا للصَّدَقةِ",
        "t": 0
      }
    ]
  },
  {
    "id": 1072,
    "q": "دلَّ قولُه تَعالَى: {يُحَلَّوْنَ فِيهَا مِنْ أَسَاوِرَ مِنْ ذَهَبٍ وَيَلْبَسُونَ ثِيَابًا خُضْرًا مِنْ سُنْدُسٍ وَإِسْتَبْرَقٍ} على:",
    "level": 3,
    "link": "https://www.dorar.net/tafseer/18/9\n",
    "section": "al-kahf",
    "answers": [
      {
        "answer": "أنَّ الحِليةَ في الجَنَّةِ عامَّةٌ للذُّكورِ والإناثِ",
        "t": 1
      },
      {
        "answer": "أنَّ الحُلِيَّ في الجَنَّةِ مَخصوصٌ بالنِّساءِ",
        "t": 0
      },
      {
        "answer": "أنَّ الذَّهَبَ مُحرَّمٌ على  الرِّجالِ",
        "t": 0
      }
    ]
  },
  {
    "id": 1076,
    "q": "شُبِّهت الحياةُ الدُّنيا بالماءِ في قَولِه تَعالَى: {وَاضْرِبْ لَهُمْ مَثَلَ الْحَيَاةِ الدُّنْيَا كَمَاءٍ أَنزَلْنَاهُ مِنَ السَّمَاءِ}:",
    "level": 3,
    "link": "https://www.dorar.net/tafseer/18/13\n",
    "section": "al-kahf",
    "answers": [
      {
        "answer": "لأنها مُسخَّرةٌ لأهلِها ومُذلَّلةٌ يفعلون بها ما يَشاؤون",
        "t": 0
      },
      {
        "answer": "لأنَّ الماءَ لا يَستقِرُّ في مَوضعٍ",
        "t": 1
      },
      {
        "answer": "تَشبيهًا لها بالثُّبوتِ والاستِقرارِ وعدَمِ التَّغييرِ",
        "t": 0
      }
    ]
  },
  {
    "id": 1061,
    "q": "في قولِه تَعالَى: {فَلَعَلَّكَ بَاخِعٌ نَفْسَكَ عَلَى آثَارِهِمْ إِنْ لَمْ يُؤْمِنُوا بِهَذَا الْحَدِيثِ أَسَفًا} من أوجُهِ البَلاغةِ:\n ",
    "level": 3,
    "link": "https://www.dorar.net/tafseer/18/1\n",
    "section": "al-kahf",
    "answers": [
      {
        "answer": "مجازٌ مُرسَل ٌ",
        "t": 0
      },
      {
        "answer": "إيجازٌ بالحَذفِ",
        "t": 0
      },
      {
        "answer": "تَشبيهٌ تَمثيليٌّ",
        "t": 1
      }
    ]
  },
  {
    "id": 1064,
    "q": "مَعنَى الرَّقيم في قولِه تَعالَى: {أَمْ حَسِبْتَ أَنَّ أَصْحَابَ الْكَهْفِ وَالرَّقِيمِ}:",
    "level": 3,
    "link": "https://www.dorar.net/tafseer/18/3\n",
    "section": "al-kahf",
    "answers": [
      {
        "answer": "الكِتابُ",
        "t": 1
      },
      {
        "answer": "اسمُ القَريَة",
        "t": 0
      },
      {
        "answer": "المِداد",
        "t": 0
      }
    ]
  },
  {
    "id": 1080,
    "q": "أفاد قَولُه تَعالَى: {وَأَمَّا الْغُلَامُ فَكَانَ أَبَوَاهُ مُؤْمِنَيْنِ فَخَشِينَا أَنْ يُرْهِقَهُمَا طُغْيَانًا وَكُفْرًا}:",
    "level": 3,
    "link": "https://www.dorar.net/tafseer/18/22\n",
    "section": "al-kahf",
    "answers": [
      {
        "answer": "حُرمةَ أن يُدفَعَ الشَّرُّ الكَبيرُ بارتِكابِ الشَّرِّ الصَّغيرِ",
        "t": 0
      },
      {
        "answer": "جَوازَ أن يُدفَعَ الشَّرُّ الكَبيرُ بارتِكابِ الشَّرِّ الصَّغيرِ",
        "t": 1
      },
      {
        "answer": "كَراهةَ الفِرارِ مِن ذَنبٍ صَغيرٍ إلى ذَنبٍ كَبيرٍ",
        "t": 0
      }
    ]
  },
  {
    "id": 1067,
    "q": "أُتِي بصيغةِ المُضارعِ في قَولِه تَعالَى: {وَنُقَلِّبُهُمْ ذَاتَ الْيَمِينِ وَذَاتَ الشِّمَالِ} للدَّلالةِ علىِ:",
    "level": 3,
    "link": "https://www.dorar.net/tafseer/18/5\n",
    "section": "al-kahf",
    "answers": [
      {
        "answer": "الثُّبوتِ والاستِقرارِ",
        "t": 0
      },
      {
        "answer": "التجدُّدِ بحسَب الزَّمَنِ المَحكيِّ",
        "t": 1
      },
      {
        "answer": "أنَّ الحدَث قادِمٌ لا مَحالَة",
        "t": 0
      }
    ]
  },
  {
    "id": 1074,
    "q": "الاستفهامُ في قولِه تَعالَى: {أَكَفَرْتَ بِالَّذِي خَلَقَكَ مِنْ تُرَابٍ}:",
    "level": 3,
    "link": "https://www.dorar.net/tafseer/18/11\n",
    "section": "al-kahf",
    "answers": [
      {
        "answer": "للتَّأكيد",
        "t": 0
      },
      {
        "answer": "للتَّعَجُّبِ والإنكارِ",
        "t": 1
      },
      {
        "answer": "للتَّقريرِ",
        "t": 0
      }
    ]
  },
  {
    "id": 1063,
    "q": "من إعراباتِ (قيِّمًا) في قولِه تَعالَى: {قَيِّمًا لِيُنْذِرَ بَأْسًا شَدِيدًا}:",
    "level": 3,
    "link": "https://www.dorar.net/tafseer/18/1\n",
    "section": "al-kahf",
    "answers": [
      {
        "answer": "حالٌ",
        "t": 1
      },
      {
        "answer": "تمييز ٌ",
        "t": 0
      },
      {
        "answer": "مفعولٌ لأجلِه",
        "t": 0
      }
    ]
  },
  {
    "id": 1070,
    "q": "اختُصَّتِ الوُجوهُ في قَولِه تَعالَى: {وَإِنْ يَسْتَغِيثُوا يُغَاثُوا بِمَاءٍ كَالْمُهْلِ يَشْوِي الْوُجُوهَ}:",
    "level": 3,
    "link": "https://www.dorar.net/tafseer/18/8\n",
    "section": "al-kahf",
    "answers": [
      {
        "answer": "لأنَّها أوَّل خَلْقٍ في الإنسانِ",
        "t": 0
      },
      {
        "answer": "لأنَّها أولُ الأعضاءِ المُتسبِّبةِ في المَعاصي",
        "t": 0
      },
      {
        "answer": "لكَونِ الماءِ عندَ شُربِهم يَقرُبُ حَرُّه من وُجوهِهم",
        "t": 1
      }
    ]
  },
  {
    "id": 1069,
    "q": "دلَّ قولُه تَعالَى: {فَلَا تُمَارِ فِيهِمْ إِلَّا مِرَاءً ظَاهِرًا} على:",
    "level": 3,
    "link": "https://www.dorar.net/tafseer/18/7\n",
    "section": "al-kahf",
    "answers": [
      {
        "answer": "حُرمةِ المُجادَلةِ مُطلقًا",
        "t": 0
      },
      {
        "answer": "حُرمةِ المُجادَلةِ مع أَهلِ الكُفرِ",
        "t": 0
      },
      {
        "answer": "تَحريمِ الجِدالِ بغَيرِ عِلمٍ ولا حُجَّةٍ ظاهِرةٍ",
        "t": 1
      }
    ]
  },
  {
    "id": 1075,
    "q": "تَقليبُ الكفِّ في قولِه تَعالَى: {فَأَصْبَحَ يُقَلِّبُ كَفَّيْهِ} كنايةٌ عن:",
    "level": 3,
    "link": "https://www.dorar.net/tafseer/18/12\n",
    "section": "al-kahf",
    "answers": [
      {
        "answer": "النَّدَمِ",
        "t": 1
      },
      {
        "answer": "الفَرَحِ",
        "t": 0
      },
      {
        "answer": "الخَوفِ",
        "t": 0
      }
    ]
  },
  {
    "id": 1073,
    "q": "مَعنَى (زلَقًا) في قولِه تَعالَى: {فَتُصْبِحَ صَعِيدًا زَلَقًا}:",
    "level": 3,
    "link": "https://www.dorar.net/tafseer/18/11\n",
    "section": "al-kahf",
    "answers": [
      {
        "answer": "مَلْساء",
        "t": 1
      },
      {
        "answer": "صُلبة",
        "t": 0
      },
      {
        "answer": "خَشِنة",
        "t": 0
      }
    ]
  },
  {
    "id": 1066,
    "q": "خُصِّص ذِكرُ الدُّعاءِ دونَ العِبادةِ في قولِه تَعالَى: {لَنْ نَدْعُوَ مِنْ دُونِهِ إِلَهًا} لأنَّ الدُّعاءَ:",
    "level": 3,
    "link": "https://www.dorar.net/tafseer/18/4\n",
    "section": "al-kahf",
    "answers": [
      {
        "answer": "أعمُّ من العبادةِ",
        "t": 0
      },
      {
        "answer": "والعِبادةَ بمعنًى واحدٍ",
        "t": 0
      },
      {
        "answer": "يَشمَلُ الأقوالَ كلَّها من إجراءِ وصْفِ الإلهيةِ على غَيرِ اللهِ",
        "t": 1
      }
    ]
  },
  {
    "id": 1071,
    "q": "خُصَّ الأخضرُ بالذِّكرِ في قَولِه تَعالَى: {وَيَلْبَسُونَ ثِيَابًا خُضْرًا}:",
    "level": 3,
    "link": "https://www.dorar.net/tafseer/18/9\n",
    "section": "al-kahf",
    "answers": [
      {
        "answer": "لأنَّه أوَّلُ الألوانِ إيجادًا",
        "t": 0
      },
      {
        "answer": "لأنَّه أعدَلُ الألوانِ وأنفَعُها عندَ البَصَرِ، وأشدُّ ما يكون راحةً للعَينِ",
        "t": 1
      },
      {
        "answer": "لأنَّ الألوانَ كلَّها تَتَفَرَّعُ منه",
        "t": 0
      }
    ]
  }
]