[
  {
    "id": 337,
    "q": "في قولِه تَعالَى: {‌سَيَقُولُ الَّذِينَ أَشْرَكُواْ لَوْ شَاء اللَّهُ مَا أَشْرَكْنَا وَلاَ آبَاؤُنَا وَلَا حَرَّمْنَا مِن شَيْءٍ}:",
    "level": 2,
    "link": "https: //www.dorar.net/tafseer/6/39",
    "section": "al-anaam",
    "answers": [
      {
        "answer": "ردٌّ على القَدَريَّةِ",
        "t": 1
      },
      {
        "answer": "ردٌّ على الجَبريَّةِ",
        "t": 0
      },
      {
        "answer": "ردٌّ على المُرجِئةِ",
        "t": 0
      }
    ]
  },
  {
    "id": 322,
    "q": "يُستفادُ من قولِه تَعالَى: {فَقَدْ رَحِمَهُ}:",
    "level": 2,
    "link": "https: //www.dorar.net/tafseer/6/5",
    "section": "al-anaam",
    "answers": [
      {
        "answer": "أنَّ المَقصُود بالرحمةِ هنا الجنَّة",
        "t": 0
      },
      {
        "answer": "إثباتُ الرحمةِ للهِ وهي رحمةٌ حقيقيةٌ",
        "t": 1
      },
      {
        "answer": "نَفيُ صفةِ العَذابِ عنِ اللهِ",
        "t": 0
      }
    ]
  },
  {
    "id": 327,
    "q": "بُنيَ الفعلُ (نُهِيتُ) لما لم يُسمَّ فاعلُه في قولِه تَعالَى: {قُلْ إِنِّي نُهِيتُ أَنْ أَعْبُدَ الَّذِينَ تَدْعُونَ مِن دُونِ اللَّهِ}:",
    "level": 2,
    "link": "https: //www.dorar.net/tafseer/6/15",
    "section": "al-anaam",
    "answers": [
      {
        "answer": "للتَّخصيصِ والحَصرِ",
        "t": 0
      },
      {
        "answer": "لتكرارِ ذِكرِه في مُقتَبَلِ الآياتِ",
        "t": 0
      },
      {
        "answer": "للاستغناءِ عن ذِكرِ الفاعِلِ لظهورِ المرادِ",
        "t": 1
      }
    ]
  },
  {
    "id": 329,
    "q": "المرادُ بـ تُؤفَكونَ، في قولِه تَعالَى: {ذَلِكُمُ اللَّهُ فَأَنَّى تُؤْفَكُونَ}:",
    "level": 2,
    "link": "https: //www.dorar.net/tafseer/6/25",
    "section": "al-anaam",
    "answers": [
      {
        "answer": "تُصرَفون عنِ الحقِّ",
        "t": 1
      },
      {
        "answer": "تَعتَرِفون بالحقِّ",
        "t": 0
      },
      {
        "answer": "تَرجِعون إلى ربِّكم",
        "t": 0
      }
    ]
  },
  {
    "id": 335,
    "q": "قدَّمَ اللهُ الضَّأْنَ على المعْزِ في قولِه تَعالَى: {مِّنَ الضَّأْنِ اثْنَيْنِ وَمِنَ الْمَعْزِ اثْنَيْنِ}:",
    "level": 2,
    "link": " \nhttps: //www.dorar.net/tafseer/6/37",
    "section": "al-anaam",
    "answers": [
      {
        "answer": "لأنَّ الضأْنَ أبخَسُ ثمنًا من المعْزِ",
        "t": 0
      },
      {
        "answer": "لانتِشارِه عند العَربِ أكثر مِن انتِشارِ المَعزِ",
        "t": 0
      },
      {
        "answer": "لغَلاءِ ثمنِه، وطيبِ لحمِه، وعِظَمِ الانتفاعِ بصوفِه",
        "t": 1
      }
    ]
  },
  {
    "id": 336,
    "q": "معنى كلمةِ (البالغةُ) في قولِه تَعالَى: {قُلْ فَلِلَّهِ الْحُجَّةُ الْبَالِغَةُ}:",
    "level": 2,
    "link": " \nhttps: //www.dorar.net/tafseer/6/39",
    "section": "al-anaam",
    "answers": [
      {
        "answer": "التي تبلُغُ مُرادَه في ثُبوتِها على مَنِ احتجَّ بها عَليهِ من خَلقِه",
        "t": 1
      },
      {
        "answer": "التي بلَغَت حدَّ الإعْجازِ في البَلاغةِ",
        "t": 0
      },
      {
        "answer": "التي بلَّغَها الأنْبياءُ لأقْوامِهم",
        "t": 0
      }
    ]
  },
  {
    "id": 325,
    "q": "دلَّ قولُه تَعالَى: {وَالَّذِينَ كَذَّبُواْ بِآيَاتِنَا يَمَسُّهُمُ الْعَذَابُ} على:",
    "level": 2,
    "link": "https: //www.dorar.net/tafseer/6/13",
    "section": "al-anaam",
    "answers": [
      {
        "answer": "أنَّ العَذابَ في الآخرةِ عَذابٌ مَعنَوِيٌّ؛ لقولِه: (يَمَسُّهُمُ الْعَذَابُ)",
        "t": 0
      },
      {
        "answer": "أنَّ التكذيبَ بآياتِ اللهِ سببٌ للعقوبةِ في الدُّنيا والآخِرةِ",
        "t": 1
      },
      {
        "answer": "أنَّ آياتِ الله عزَّ وجلَّ نَزلَت لتَثبِيت الرُّسلِ عليهم السَّلامُ",
        "t": 0
      }
    ]
  },
  {
    "id": 332,
    "q": "دلَّ قولُه تَعالَى: {وَقَدْ فَصَّلَ لَكُم مَّا حَرَّمَ عَلَيْكُمْ إِلاَّ مَا اضْطُرِرْتُمْ إِلَيْهِ} على:",
    "level": 2,
    "link": "https: //www.dorar.net/tafseer/6/31",
    "section": "al-anaam",
    "answers": [
      {
        "answer": "يُسرِ الشريعةِ الإسْلاميةِ، فمتى وقَعَتِ الضرورةُ زالَ التحريمُ",
        "t": 1
      },
      {
        "answer": "التَّحذيرِ مِن التَّعدِّي على حُدودِ الله عزَّ وجلَّ",
        "t": 0
      },
      {
        "answer": "أنَّ تَفصِيلَ ما تم تَحريمُه في القُرآن قد اكتَملَ بهذِه الآيةِ",
        "t": 0
      }
    ]
  },
  {
    "id": 334,
    "q": "دلَّ قولُه تَعالَى: {وَلَوْ شَاء اللَّهُ مَا فَعَلُوهُ} على:",
    "level": 2,
    "link": "https: //www.dorar.net/tafseer/6/35",
    "section": "al-anaam",
    "answers": [
      {
        "answer": "أنَّ كلَّ ما فعَلَه المشركونَ هو بقَدَرِ اللهِ",
        "t": 1
      },
      {
        "answer": "أنَّ مَشيئةَ اللهِ للشيءِ أن يقولَ له: كُن. فيكون",
        "t": 0
      },
      {
        "answer": "الإيمانِ بالقَدرِ وأنَّه بيَدِ الله سُبحانه",
        "t": 0
      }
    ]
  },
  {
    "id": 333,
    "q": "مَعنى يُرْدُوهُمْ، في قولِه تَعالَى: {لِيُرْدُوهُمْ وَلِيَلْبِسُواْ عَلَيْهِمْ دِينَهُمْ}:",
    "level": 2,
    "link": " \nhttps: //www.dorar.net/tafseer/6/35",
    "section": "al-anaam",
    "answers": [
      {
        "answer": "يُعامِلوهم بالسُّوءِ",
        "t": 0
      },
      {
        "answer": "يُجازوهم بالإحْسانِ",
        "t": 0
      },
      {
        "answer": "ليُهلِكوهم",
        "t": 1
      }
    ]
  },
  {
    "id": 338,
    "q": "معنى (صدَفَ) في قولِه تَعالَى: {فَمَنْ أَظْلَمُ مِمَّن كَذَّبَ بِآيَاتِ اللَّهِ وَصَدَفَ عَنْهَا}:",
    "level": 2,
    "link": " \nhttps: //www.dorar.net/tafseer/6/41",
    "section": "al-anaam",
    "answers": [
      {
        "answer": "حارَبَها وعاداها",
        "t": 0
      },
      {
        "answer": "سَعَى في تَأوِيلِها",
        "t": 0
      },
      {
        "answer": "أعرَضَ عنها",
        "t": 1
      }
    ]
  },
  {
    "id": 331,
    "q": "دلَّ قولُه تَعالَى: {وَلَا تَأْكُلُواْ مِمَّا لَمْ يُذْكَرِ اسْمُ اللَّهِ عَلَيْهِ}\nعلى أنَّ حُكمَ أكْلِ ما لم يُذكَرِ اسمُ اللهِ عليه:",
    "level": 2,
    "link": "https: //www.dorar.net/tafseer/6/31",
    "section": "al-anaam",
    "answers": [
      {
        "answer": "الجَوازُ",
        "t": 0
      },
      {
        "answer": "الحُرمةُ",
        "t": 1
      },
      {
        "answer": "الكَراهيَةُ",
        "t": 0
      }
    ]
  },
  {
    "id": 340,
    "q": "مَعنى النُّسُكِ في قولِه تَعالَى: {قُلْ إِنَّ صَلَاتِي وَنُسُكِي وَمَحْيَايَ وَمَمَاتِي لِلَّهِ رَبِّ الْعَالَمِينَ}",
    "level": 2,
    "link": "https: //www.dorar.net/tafseer/6/42",
    "section": "al-anaam",
    "answers": [
      {
        "answer": "الذبحُ أوِ العبادةُ",
        "t": 1
      },
      {
        "answer": "الصيامُ",
        "t": 0
      },
      {
        "answer": "مَناسِك الحَجِّ والعُمرَة",
        "t": 0
      }
    ]
  },
  {
    "id": 321,
    "q": "نزَلَ الملائكةُ بسورةِ الأنعامِ وهم:",
    "level": 2,
    "link": "https: //www.dorar.net/tafseer/6",
    "section": "al-anaam",
    "answers": [
      {
        "answer": "يُكبِّرونَ",
        "t": 0
      },
      {
        "answer": "يَستغفرونَ",
        "t": 0
      },
      {
        "answer": "يُسبِّحونَ",
        "t": 1
      }
    ]
  },
  {
    "id": 326,
    "q": "المرادُ بـ (الفِسقِ) في قولِه تَعالَى: {بِمَا كَانُواْ يَفْسُقُونَ}:",
    "level": 2,
    "link": "https: //www.dorar.net/tafseer/6/13",
    "section": "al-anaam",
    "answers": [
      {
        "answer": "الكفرُ",
        "t": 1
      },
      {
        "answer": "الظلمُ",
        "t": 0
      },
      {
        "answer": "الخروجُ عنِ الطاعةِ",
        "t": 0
      }
    ]
  },
  {
    "id": 339,
    "q": "دلَّ قولُه تَعالَى: {وَهَـذَا كِتَابٌ أَنزَلْنَاهُ مُبَارَكٌ فَاتَّبِعُوهُ وَاتَّقُواْ لَعَلَّكُمْ تُرْحَمُونَ} على:",
    "level": 2,
    "link": "https: //www.dorar.net/tafseer/6/41",
    "section": "al-anaam",
    "answers": [
      {
        "answer": "أنَّ المُرادَ مِن الاتِّباعِ هنا هو القِراءَةُ والتِّلاوَة",
        "t": 0
      },
      {
        "answer": "أنَّ علمَ القرآنِ أجَلُّ العلومِ وأبركُها وأوسَعُها",
        "t": 1
      },
      {
        "answer": "أن المقصود ببركة القرآن هي الرحمة لقوله: (تُرْحَمُونَ)",
        "t": 0
      }
    ]
  },
  {
    "id": 323,
    "q": "أفادَ قولُه تَعالَى: {وَيَوْمَ نَحْشُرُهُمْ جَمِيعًا ثُمَّ نَقُولُ...}:",
    "level": 2,
    "link": "https: //www.dorar.net/tafseer/6/7",
    "section": "al-anaam",
    "answers": [
      {
        "answer": "إثباتَ القولِ للهِ، وأنَّه بحروفٍ مسموعةٍ ومعقولةٍ",
        "t": 1
      },
      {
        "answer": "أنَّ (ثُمَّ) هنا للتَّراخِي وتُفيدُ: أنَّ الحِسابَ بعدَ الحَشرِ بفَترةٍ طَويلةٍ",
        "t": 0
      },
      {
        "answer": "أنَّ كلامَ اللهِ وَحيٌ لا بحرفٍ ولا صوتٍ",
        "t": 0
      }
    ]
  },
  {
    "id": 328,
    "q": "المرادُ بالصُّورِ في قولِه تَعالَى: {يَوْمَ يُنفَخُ فِي الصُّورِ}:",
    "level": 2,
    "link": "https: //www.dorar.net/tafseer/6/19",
    "section": "al-anaam",
    "answers": [
      {
        "answer": "القَرنُ الذي يَنفُخُ فيه إسْرافيلُ",
        "t": 1
      },
      {
        "answer": "أَرواحُ المُوتَى يُنفخُ فيهِم للبَعثِ والحِسابِ",
        "t": 0
      },
      {
        "answer": "سد يأجوج ومأجوج",
        "t": 0
      }
    ]
  },
  {
    "id": 330,
    "q": "مَعنى بَصائرُ، في قولِه تَعالَى: {قَدْ جَاءكُم بَصَآئِرُ مِن رَّبِّكُمْ}:",
    "level": 2,
    "link": "https: //www.dorar.net/tafseer/6/27",
    "section": "al-anaam",
    "answers": [
      {
        "answer": "العقلُ الذي يُميِّزُ به الإنْسانُ",
        "t": 0
      },
      {
        "answer": "الحجَجُ البيِّنةُ الظاهرةُ",
        "t": 1
      },
      {
        "answer": "العيونُ التي يُبصِرُ بها الناسُ",
        "t": 0
      }
    ]
  },
  {
    "id": 324,
    "q": "في قولِه تَعالَى: {وَقَالُواْ لَوْلاَ نُزِّلَ عَلَيْهِ آيَةٌ مِّن رَّبِّهِ}:\n ",
    "level": 2,
    "link": "https: //www.dorar.net/tafseer/6/11\n",
    "section": "al-anaam",
    "answers": [
      {
        "answer": "دَلالةٌ على استِكْبارِ المشركين وترَفُّعِهم",
        "t": 1
      },
      {
        "answer": "إِشارةٌ إلى تَواطُؤ جَميعِ المُشرِكينَ على تَكذيبِ الرُّسلِ",
        "t": 0
      },
      {
        "answer": "دلالةٌ على تَوْقيرِ المشركينَ للنبيِّ ﷺ",
        "t": 0
      }
    ]
  }
]