[
  {
    "id": 353,
    "q": "استدَلَّ جماعةٌ منَ اليهودِ بقولِه تَعالَى: {وَلِتُنذِرَ أُمَّ الْقُرَى وَمَنْ حَوْلَهَا}:\n ",
    "level": 3,
    "link": "https: //www.dorar.net/tafseer/6/23",
    "section": "al-anaam",
    "answers": [
      {
        "answer": "على أنَّ اللهَ أرسلَ محمَّدًا إليهم خاصَّةً",
        "t": 0
      },
      {
        "answer": "على أنَّ اللهَ لم يُرسِلْ محمَّدًا إلَّا إلى جَزيرةِ العرَبِ",
        "t": 1
      },
      {
        "answer": "على أنَّ اللهَ أرسَلَ محمَّدًا لأَهلِ مكَّة فقط",
        "t": 0
      }
    ]
  },
  {
    "id": 348,
    "q": "المقصودُ بالأوزارِ، في قولِه تَعالَى: {وَهُمْ يَحْمِلُونَ أَوْزَارَهُمْ عَلَى ظُهُورِهِمْ}:",
    "level": 3,
    "link": "https: //www.dorar.net/tafseer/6/9\n",
    "section": "al-anaam",
    "answers": [
      {
        "answer": "الذُّنوبُ والمعاصي",
        "t": 1
      },
      {
        "answer": "كلُّ ما يُحمَلُ على الظَّهرِ مِن مَتاعٍ وغيرِه",
        "t": 0
      },
      {
        "answer": "ما تَثقُلُ به الصحيفةُ",
        "t": 0
      }
    ]
  },
  {
    "id": 358,
    "q": "الغرَضُ منَ السؤالِ في قولِه تَعالَى: {قُلْ آلذَّكَرَيْنِ حَرَّمَ أَمِ الأُنثَيَيْنِ}:",
    "level": 3,
    "link": "https: //www.dorar.net/tafseer/6/37",
    "section": "al-anaam",
    "answers": [
      {
        "answer": "التَّعجُّب مِن تَمادِيهِم في الكُفرِ",
        "t": 0
      },
      {
        "answer": "تَبكيتُهم وإظهارُ انقِطاعِهم عنِ الجوابِ",
        "t": 1
      },
      {
        "answer": "إِظهارُ حُجَّةِ الأَنبياءِ عليهم السلامُ في مُحاجَّةِ قَومِهِم",
        "t": 0
      }
    ]
  },
  {
    "id": 354,
    "q": "مَعنى قِنْوانٌ، في قولِه تَعالَى: {مِن طَلْعِهَا قِنْوَانٌ}:",
    "level": 3,
    "link": "https: //www.dorar.net/tafseer/6/25\n",
    "section": "al-anaam",
    "answers": [
      {
        "answer": "عُذوقُ النخلِ",
        "t": 1
      },
      {
        "answer": "جذورُ النخلِ",
        "t": 0
      },
      {
        "answer": "سِيقانُ النخلِ",
        "t": 0
      }
    ]
  },
  {
    "id": 342,
    "q": "قدَّمَ السماءَ على الأرضِ في قولِه تَعالَى: {الْحَمْدُ لِلَّهِ الَّذِي خَلَقَ السَّمَاوَاتِ وَالأَرْضَ}:",
    "level": 3,
    "link": "https: //www.dorar.net/tafseer/6/1",
    "section": "al-anaam",
    "answers": [
      {
        "answer": "لشَرَفِها وعُلوِّ مَكانَتِها",
        "t": 1
      },
      {
        "answer": "لأنَّ السماءَ خُلِقَت قبلَ الأرضِ",
        "t": 0
      },
      {
        "answer": "لكِبَرِ حَجمِ السَّماءِ عن الأرضِ",
        "t": 0
      }
    ]
  },
  {
    "id": 345,
    "q": "الاستفهامُ في قولِه تَعالَى: {قُلْ أَغَيْرَ اللَّهِ أَتَّخِذُ وَلِيًّا}:",
    "level": 3,
    "link": "https: //www.dorar.net/tafseer/6/5",
    "section": "al-anaam",
    "answers": [
      {
        "answer": "للتعجُّبِ",
        "t": 0
      },
      {
        "answer": "للإنْكارِ على سبيلِ التَّوبيخِ",
        "t": 1
      },
      {
        "answer": "للتقريرِ الخَبريِّ",
        "t": 0
      }
    ]
  },
  {
    "id": 343,
    "q": "مَعنى قَرْنٍ، في قولِه تَعالَى: {أَلَمْ يَرَوْا كَمْ أَهْلَكْنَا مِن قَبْلِهِم مِّن قَرْنٍ}:",
    "level": 3,
    "link": " \nhttps: //www.dorar.net/tafseer/6/2",
    "section": "al-anaam",
    "answers": [
      {
        "answer": "قومٌ وأُمَّةٌ منَ الناسِ مُقتَرِنون في زمنٍ واحدٍ",
        "t": 1
      },
      {
        "answer": "مائةُ عامٍ منَ الزمنِ",
        "t": 0
      },
      {
        "answer": "العُتاة والظَّالِمُون والجَبَّارُون",
        "t": 0
      }
    ]
  },
  {
    "id": 346,
    "q": "المقصودُ بالنَّهيِ في قولِه تَعالَى: {وَلَا تَكُونَنَّ مِنَ الْمُشْرِكَينَ}:",
    "level": 3,
    "link": "https: //www.dorar.net/tafseer/6/5",
    "section": "al-anaam",
    "answers": [
      {
        "answer": "النَّهيُ عنِ مُتابعَةِ المُشرِكين",
        "t": 0
      },
      {
        "answer": "تأكيدُ الأمرِ بالإسْلامِ، والنهيُ عنِ الشِّركِ",
        "t": 1
      },
      {
        "answer": "النَّهيُ عن مُوالاةِ أَهلِ الكتابِ",
        "t": 0
      }
    ]
  },
  {
    "id": 351,
    "q": "أفادَ قولُه تَعالَى: {أَفَلَا تَتَذَكَّرُونَ}:",
    "level": 3,
    "link": "https: //www.dorar.net/tafseer/6/21",
    "section": "al-anaam",
    "answers": [
      {
        "answer": "التَّنبيهَ على غَفلتِهم",
        "t": 1
      },
      {
        "answer": "التَّوجيهَ إلى الاجتِهادِ",
        "t": 0
      },
      {
        "answer": "التَّحذيرَ مِن المُخالَفَة",
        "t": 0
      }
    ]
  },
  {
    "id": 355,
    "q": "في قولِه تَعالَى: {وَلَوْ شَاء اللَّهُ مَا أَشْرَكُوا} ردٌّ على:",
    "level": 3,
    "link": "https: //www.dorar.net/tafseer/6/27",
    "section": "al-anaam",
    "answers": [
      {
        "answer": "المعتزِلةِ",
        "t": 0
      },
      {
        "answer": "الجبريَّةِ",
        "t": 0
      },
      {
        "answer": "القَدَريَّةِ",
        "t": 1
      }
    ]
  },
  {
    "id": 344,
    "q": "تُعرَبُ (عاقبةُ) في قولِه تَعالَى: {انظُرُواْ كَيْفَ كَانَ عَاقِبَةُ الْمُكَذِّبِينَ}:",
    "level": 3,
    "link": "https: //www.dorar.net/tafseer/6/3",
    "section": "al-anaam",
    "answers": [
      {
        "answer": "فاعلٌ مرفوعٌ",
        "t": 0
      },
      {
        "answer": "مبتدأٌ مرفوعٌ",
        "t": 0
      },
      {
        "answer": "اسمُ كانَ مرفوعٌ",
        "t": 1
      }
    ]
  },
  {
    "id": 359,
    "q": "مَعنى يَنظُرونَ، في قولِه تَعالَى: {هَلْ يَنظُرُونَ إِلَّا أَن تَأْتِيهُمُ الْمَلآئِكَةُ}:",
    "level": 3,
    "link": "https: //www.dorar.net/tafseer/6/41",
    "section": "al-anaam",
    "answers": [
      {
        "answer": "يُبصرونَ",
        "t": 0
      },
      {
        "answer": "يَنتظرونَ",
        "t": 1
      },
      {
        "answer": "يَعلمُون",
        "t": 0
      }
    ]
  },
  {
    "id": 352,
    "q": "في قولِه تَعالَى: {وَلِتُنذِرَ أُمَّ الْقُرَى وَمَنْ حَوْلَهَا} اقتصَرَ على الإنذارِ دونَ التبشيرِ:",
    "level": 3,
    "link": "https: //www.dorar.net/tafseer/6/23",
    "section": "al-anaam",
    "answers": [
      {
        "answer": "لبيانِ تَغْليبِ العَفوِ والمغفرةِ على العذابِ",
        "t": 0
      },
      {
        "answer": "لأنَّ المقصودَ تخويفُ المشركينَ",
        "t": 1
      },
      {
        "answer": "لتَهويلِ الأَمرِ في نُفوسِ المشركينَ",
        "t": 0
      }
    ]
  },
  {
    "id": 356,
    "q": "أفادَ الاستفهامُ في قولِه تَعالَى: {وَمَا لَكُمْ أَلَّا تَأْكُلُواْ مِمَّا ذُكِرَ اسْمُ اللَّهِ عَلَيْهِ}:",
    "level": 3,
    "link": "https: //www.dorar.net/tafseer/6/31",
    "section": "al-anaam",
    "answers": [
      {
        "answer": "التَّقريرَ والتَّوبيخَ",
        "t": 0
      },
      {
        "answer": "الإنكارَ على مَنِ امتنَعَ من ذلك",
        "t": 1
      },
      {
        "answer": "الإنكارَ على مَن فعَلَ ذلك",
        "t": 0
      }
    ]
  },
  {
    "id": 350,
    "q": "سببُ عدمِ تَبيينِ وَجهِ المماثَلةِ في قولِه تَعالَى: {إِلَّا أُمَمٌ أَمْثَالُكُمْ}:",
    "level": 3,
    "link": "https: //www.dorar.net/tafseer/6/11",
    "section": "al-anaam",
    "answers": [
      {
        "answer": "للَفتِ الانتِباهِ وضَربِ المثَلِ للتَّوضيحِ",
        "t": 0
      },
      {
        "answer": "لأجْلِ أنْ نستعمِلَ حواسَّنا وعقولَنا في البحثِ الموصِّلِ إلى ذلك",
        "t": 1
      },
      {
        "answer": "للإجمالِ بعدَ التَّفصيلِ",
        "t": 0
      }
    ]
  },
  {
    "id": 347,
    "q": "الغرَضُ من الاستِفهامِ في قَولِه تَعالَى: {أَيْنَ شُرَكَآؤُكُمُ}:",
    "level": 3,
    "link": "https: //www.dorar.net/tafseer/6/7",
    "section": "al-anaam",
    "answers": [
      {
        "answer": "التَّعجبُ",
        "t": 0
      },
      {
        "answer": "الإنكارُ المُفيدُ للنَّفيِّ",
        "t": 0
      },
      {
        "answer": "التَّوبيخُ والاحتِجاجُ والتَّأنيبُ",
        "t": 1
      }
    ]
  },
  {
    "id": 349,
    "q": "الغرَضُ منَ النداءِ في قولِه تَعالَى: {قَالُواْ يَا حَسْرَتَنَا}:",
    "level": 3,
    "link": "https: //www.dorar.net/tafseer/6/9",
    "section": "al-anaam",
    "answers": [
      {
        "answer": "التَّنبيهُ",
        "t": 0
      },
      {
        "answer": "التندُّمُ والتحسُّرُ",
        "t": 1
      },
      {
        "answer": "الالتِفاتُ",
        "t": 0
      }
    ]
  },
  {
    "id": 357,
    "q": "دلَّ قولُه تَعالَى: {يَا مَعْشَرَ الْجِنِّ وَالإِنسِ أَلَمْ يَأْتِكُمْ رُسُلٌ مِّنكُمْ} على:",
    "level": 3,
    "link": "https: //www.dorar.net/tafseer/6/33",
    "section": "al-anaam",
    "answers": [
      {
        "answer": "أنَّ الجنَّ والإنسَ أُمَّةٌ واحِدةٌ",
        "t": 0
      },
      {
        "answer": "أنَّ الجنَّ مُكلَّفونَ",
        "t": 1
      },
      {
        "answer": "أنَّ الجنَّ غيرُ مكلَّفينَ",
        "t": 0
      }
    ]
  },
  {
    "id": 360,
    "q": "يُستدَلُّ بقولِه تَعالَى: {أَن تَقُولُواْ إِنَّمَا أُنزِلَ الْكِتَابُ عَلَى طَآئِفَتَيْنِ مِن قَبْلِنَا}:",
    "level": 3,
    "link": "https: //www.dorar.net/tafseer/6/41",
    "section": "al-anaam",
    "answers": [
      {
        "answer": "على أنَّ اليهودَ لَيْسوا من أهلِ الكتابِ",
        "t": 0
      },
      {
        "answer": "على أنَّ النَّصارى لَيْسوا من أهلِ الكتابِ",
        "t": 0
      },
      {
        "answer": "على أنَّ المجوسَ لَيْسوا من أهلِ الكتابِ",
        "t": 1
      }
    ]
  },
  {
    "id": 341,
    "q": "نزلَتْ سورةُ الأنْعامِ بمكةَ:",
    "level": 3,
    "link": "https: //www.dorar.net/tafseer/6",
    "section": "al-anaam",
    "answers": [
      {
        "answer": "ظُهرًا",
        "t": 0
      },
      {
        "answer": "صباحًا",
        "t": 0
      },
      {
        "answer": "لَيلًا",
        "t": 1
      }
    ]
  }
]