[
  {
    "id": 307,
    "q": "مَعنى (لَبَسْنَا) في قولِه تَعالَى: {وَلَلَبَسْنَا عَلَيْهِم مَّا يَلْبِسُونَ}",
    "level": 1,
    "link": "https: //www.dorar.net/tafseer/6/3",
    "section": "al-anaam",
    "answers": [
      {
        "answer": "خلَطْنا عَليهِم أو ضلَّلْناهم",
        "t": 1
      },
      {
        "answer": "خلَقْنا لهم ما يَلبَسونَ",
        "t": 0
      },
      {
        "answer": "ألْبَسْناهم ثِيابَهم",
        "t": 0
      }
    ]
  },
  {
    "id": 314,
    "q": "يُستفادُ من قولِه تَعالَى: {إِلَّا أُمَمٌ أَمْثَالُكُم}:",
    "level": 1,
    "link": "https: //www.dorar.net/tafseer/6/11",
    "section": "al-anaam",
    "answers": [
      {
        "answer": "تَوجيهُ المُؤمِنينَ إلى شُكرِ الله عزَّ وجلَّ على نِعمَةِ الإسلامِ",
        "t": 0
      },
      {
        "answer": "أنَّ أُمَّة الإسلامِ سَبقَها أُمَمٌ كثيرةٌ",
        "t": 0
      },
      {
        "answer": "تَنبيهٌ للمسلِمينَ على الرِّفقِ بالحيوانِ",
        "t": 1
      }
    ]
  },
  {
    "id": 310,
    "q": "يُستفادُ من قولِه تَعالَى: {وَمَنْ أَظْلَمُ}:",
    "level": 1,
    "link": "https: //www.dorar.net/tafseer/6/7",
    "section": "al-anaam",
    "answers": [
      {
        "answer": "أنَّ الظُّلمَ درجاتٌ؛ بعضُه أشدُّ من بعضٍ؛ لأنَّ المعاصيَ تَتفاوَتُ",
        "t": 1
      },
      {
        "answer": "أنَّ الظالمينَ يُجزَوْن بجزاءٍ واحدٍ وإنِ اختلَفَ ظلْمُهم",
        "t": 0
      },
      {
        "answer": "أنَّ الظُّلمَ كلَّه بمنزلةٍ واحدةٍ",
        "t": 0
      }
    ]
  },
  {
    "id": 312,
    "q": "دلَّ قولُه تَعالَى: {وَلَوْ رُدُّواْ لَعَادُواْ لِمَا نُهُواْ عَنْهُ} على:",
    "level": 1,
    "link": "https: //www.dorar.net/tafseer/6/9",
    "section": "al-anaam",
    "answers": [
      {
        "answer": "أنَّ الكافرينَ لا يَستَنزِهونَ من الكَذبِ حتى في الآخِرةِ",
        "t": 1
      },
      {
        "answer": "نَدمِ المُشركِينَ على تَفرِيطهِم يومَ القِيامَة",
        "t": 0
      },
      {
        "answer": "رغبةِ المشركينَ في الأعمالِ الصالحةِ",
        "t": 0
      }
    ]
  },
  {
    "id": 313,
    "q": "مَعنى (صُمٌّ) في قولِه تَعالَى: ‌{صُمٌّ وَبُكْمٌ فِي الظُّلُمَاتِ}:",
    "level": 1,
    "link": "https: //www.dorar.net/tafseer/6/11",
    "section": "al-anaam",
    "answers": [
      {
        "answer": "فاقِدونَ حاسَّةَ السَّمعِ",
        "t": 1
      },
      {
        "answer": "الذين لا يَستطِيعُون الكلامَ",
        "t": 0
      },
      {
        "answer": "فاقِدونَ حاسَّةَ البصرِ",
        "t": 0
      }
    ]
  },
  {
    "id": 301,
    "q": "نزلَتْ سورةُ الأنعامِ وحولَها:",
    "level": 1,
    "link": "https: //www.dorar.net/tafseer/6",
    "section": "al-anaam",
    "answers": [
      {
        "answer": "ستونَ ألفَ ملَكٍ",
        "t": 0
      },
      {
        "answer": "سبعونَ ألفَ ملَكٍ",
        "t": 1
      },
      {
        "answer": "خمسونَ ألفَ ملَكٍ",
        "t": 0
      }
    ]
  },
  {
    "id": 304,
    "q": "مَعنى قولِه تَعالَى: {بِرَبِّهِم يَعْدِلُون}:",
    "level": 1,
    "link": "https: //www.dorar.net/tafseer/6/1",
    "section": "al-anaam",
    "answers": [
      {
        "answer": "يَعدِلونَ عن عِبادةِ غَيرِه",
        "t": 0
      },
      {
        "answer": "يَجعَلونَ له عَديلًا منَ الحِجارةِ أو غيرِها",
        "t": 1
      },
      {
        "answer": "يوَحِّدونَه ويَعبُدونَه",
        "t": 0
      }
    ]
  },
  {
    "id": 303,
    "q": "من أهَمِّ مقاصِدِ سورةِ الأنعامِ:",
    "level": 1,
    "link": "https: //www.dorar.net/tafseer/6",
    "section": "al-anaam",
    "answers": [
      {
        "answer": "تَوضِيحُ جميعِ أركانِ الدِّينِ",
        "t": 0
      },
      {
        "answer": "ترسيخُ العَقيدةِ وتَعريفُ الناسِ بربِّهم",
        "t": 1
      },
      {
        "answer": "تَعريفُ الناسِ بنبيِّهم ﷺ",
        "t": 0
      }
    ]
  },
  {
    "id": 315,
    "q": "مَعنى: (نُصَرِّفُ) في قولِه تَعالَى: {انظُرْ كَيْفَ نُصَرِّفُ الآيَاتِ}:",
    "level": 1,
    "link": " \nhttps: //www.dorar.net/tafseer/6/13",
    "section": "al-anaam",
    "answers": [
      {
        "answer": "نَصرِفُ عنها مَن لا يؤمِنُ بها",
        "t": 0
      },
      {
        "answer": "نَجعَلُها كَثيرةً مُتعدِّدةً",
        "t": 0
      },
      {
        "answer": "نُبيِّنُها ونوضِّحُها ونُفسِّرُها",
        "t": 1
      }
    ]
  },
  {
    "id": 316,
    "q": "دلَّ قولُه تَعالَى: {وَمَا نُرْسِلُ الْمُرْسَلِينَ إِلَّا مُبَشِّرِينَ وَمُنذِرِينَ} على:",
    "level": 1,
    "link": " \nhttps: //www.dorar.net/tafseer/6/13",
    "section": "al-anaam",
    "answers": [
      {
        "answer": "أنَّ الأنْبياءَ أُرسِلوا لجميعِ الخَلقِ الإنسِ والجِنِّ",
        "t": 0
      },
      {
        "answer": "أنَّ بعضَ الأُمَمِ كانت رُسلُهم تُبعَث مُبشِّرِين، والبعضُ الآخَر كانت رُسلُهم تُبعَث مُنذِرِين",
        "t": 0
      },
      {
        "answer": "أنَّ الأنْبياءَ إنَّما بُعِثوا مُبشِّرينَ بالثوابِ على الطاعةِ ومُنذِرينَ بالعِقابِ على المَعْصيةِ",
        "t": 1
      }
    ]
  },
  {
    "id": 318,
    "q": "دلَّ قولُه تَعالَى: {لَنَكُونَنَّ مِنَ الشَّاكِرِين} على:",
    "level": 1,
    "link": "https: //www.dorar.net/tafseer/6/17",
    "section": "al-anaam",
    "answers": [
      {
        "answer": "أنَّ التَّسويفَ لا يَنفعُ أَصحابَه",
        "t": 0
      },
      {
        "answer": "أنَّهم لم يَكونوا قبلَ وُقوعِ هذه الشدائدِ شاكِرينَ",
        "t": 1
      },
      {
        "answer": "أنَّ الشُّكرَ من صِفاتِهمُ الدَّائمةِ",
        "t": 0
      }
    ]
  },
  {
    "id": 311,
    "q": "مَعنى: (فَرَّطْنَا) في قولِه تَعالَى: {قَالُواْ يَا حَسْرَتَنَا عَلَى مَا فَرَّطْنَا}:",
    "level": 1,
    "link": " \nhttps: //www.dorar.net/tafseer/6/9",
    "section": "al-anaam",
    "answers": [
      {
        "answer": "نَدِمْنا على عمَلِ السُّوءِ",
        "t": 0
      },
      {
        "answer": "تَرَكْنا وأغفَلْنا وضيَّعْنا",
        "t": 1
      },
      {
        "answer": "أَكَلْنَا مِن المالِ الحرامِ",
        "t": 0
      }
    ]
  },
  {
    "id": 309,
    "q": "دلَّ قولُه تَعالَى: {الَّذِينَ آتَيْنَاهُمُ الْكِتَابَ يَعْرِفُونَهُ كَمَا يَعْرِفُونَ أَبْنَاءهُمُ}\nعلى:",
    "level": 1,
    "link": "https: //www.dorar.net/tafseer/6/7",
    "section": "al-anaam",
    "answers": [
      {
        "answer": "أنَّ اليهودَ والنَّصارى لا يَعرِفونَ صِدقَ نُبوَّةِ محمَّدٍ صلَّى اللهُ عليه وسلَّم",
        "t": 0
      },
      {
        "answer": "أنَّ اليهودَ والنَّصارى يوقِنونَ أنَّه لا نبيَّ بعدَ عيسَى",
        "t": 0
      },
      {
        "answer": "أنَّ الذين أُوتوا التوراةَ والإنجيلَ يَعرِفونَ محمَّدًا كما يعرِفُ الواحدُ منهمُ ابنَه",
        "t": 1
      }
    ]
  },
  {
    "id": 320,
    "q": "مَعنى: \"خَوَّلْنَاكُمْ\" في قولِه تَعالَى: {وَتَرَكْتُم مَّا خَوَّلْنَاكُمْ}:",
    "level": 1,
    "link": " \nhttps: //www.dorar.net/tafseer/6/24",
    "section": "al-anaam",
    "answers": [
      {
        "answer": "تَعاهدتُم عليه",
        "t": 0
      },
      {
        "answer": "ملَّكْناكم وأعْطَيْناكم",
        "t": 1
      },
      {
        "answer": "عاقَبْناكم به",
        "t": 0
      }
    ]
  },
  {
    "id": 306,
    "q": "خصَّ اللهُ السمواتِ والأرضَ بالذِّكرِ في قولِه تَعالَى: {الْحَمْدُ لِلَّهِ الَّذِي خَلَقَ السَّمَاوَاتِ وَالأَرْضَ}:",
    "level": 1,
    "link": " \nhttps: //www.dorar.net/tafseer/6/1",
    "section": "al-anaam",
    "answers": [
      {
        "answer": "لأنَّها أعظَمُ المخلوقاتِ فيما يَرى العبادُ",
        "t": 1
      },
      {
        "answer": "لأنَّها أولُ شيءٍ خلَقَه اللهُ",
        "t": 0
      },
      {
        "answer": "لأنَّها أعظَمُ نِعمةٍ أُنعِمَ بها على الإنسانِ",
        "t": 0
      }
    ]
  },
  {
    "id": 305,
    "q": "دلَّ قولُه تَعالَى: {الْحَمْدُ لِلَّهِ الَّذِي خَلَقَ السَّمَاوَاتِ...} على:",
    "level": 1,
    "link": " \nhttps: //www.dorar.net/tafseer/6/1",
    "section": "al-anaam",
    "answers": [
      {
        "answer": "أنَّ جميعَ المحامِدِ يَستحقُّها النبيُّ صلَّى اللهُ عليه وسلَّم",
        "t": 0
      },
      {
        "answer": "أنَّ جميعَ المحامِدِ يَستحِقُّها اللهُ عزَّ وجلَّ وَحدَه",
        "t": 1
      },
      {
        "answer": "أنَّ الحَمدَ يكونُ للناسِ وللهِ على السَّواءِ",
        "t": 0
      }
    ]
  },
  {
    "id": 319,
    "q": "في قولِه تَعالَى: {قُلْ أَنَدْعُو مِن دُونِ اللَّهِ مَا لَا يَنفَعُنَا وَلَا يَضُرُّنَا}:",
    "level": 1,
    "link": " \nhttps: //www.dorar.net/tafseer/6/19",
    "section": "al-anaam",
    "answers": [
      {
        "answer": "ردٌّ على عَبَدةِ الأصْنامِ",
        "t": 1
      },
      {
        "answer": "ردٌّ على الحُنَفاءِ",
        "t": 0
      },
      {
        "answer": "ردٌّ على الصابِئينَ",
        "t": 0
      }
    ]
  },
  {
    "id": 302,
    "q": "سورةُ الأنعامِ:",
    "level": 1,
    "link": "https: //www.dorar.net/tafseer/6",
    "section": "al-anaam",
    "answers": [
      {
        "answer": "مُختلَفٌ فيها",
        "t": 0
      },
      {
        "answer": "مكيَّةٌ",
        "t": 1
      },
      {
        "answer": "مدنيَّةٌ",
        "t": 0
      }
    ]
  },
  {
    "id": 317,
    "q": "في قولِه تَعالَى: {إِنِ الْحُكْمُ إِلَّا لِلَّهِ}\nردٌّ على:",
    "level": 1,
    "link": "https: //www.dorar.net/tafseer/6/15",
    "section": "al-anaam",
    "answers": [
      {
        "answer": "القَدريَّةِ الذين قالوا: لا قدرَ وأنَّ الأمرَ أُنُفٌ",
        "t": 0
      },
      {
        "answer": "الجَبريَّةِ\nالذين قالوا: إنَّ الإنسانَ مُجبَرٌ على أَفعالِه",
        "t": 0
      },
      {
        "answer": "المُعتزِلةِ الذين يَقولونَ: لا يَشاءُ اللهُ تَعالَى الكفرَ منَ الكافِرِ",
        "t": 1
      }
    ]
  },
  {
    "id": 308,
    "q": "يَقتَضي قولُه تَعالَى: {قُلْ أَغَيْرَ اللَّهِ أَتَّخِذُ وَلِيًّا}:",
    "level": 1,
    "link": "https: //www.dorar.net/tafseer/6/5",
    "section": "al-anaam",
    "answers": [
      {
        "answer": "أنَّه لا وِلايةَ في الإسلامِ؛ فهي مِن عاداتِ الجاهِليَّة",
        "t": 0
      },
      {
        "answer": "الدَّعوةَ إلى أداءِ العبادةِ على وَجهِها الصَّحيحِ",
        "t": 0
      },
      {
        "answer": "تَنزيهَ القلبِ عن الالتفاتِ لغيرِ اللهِ",
        "t": 1
      }
    ]
  }
]