[
  {
    "id": 3034,
    "q": "مات في طَاعونِ عَمْواسَ",
    "level": 3,
    "link": "https://cutt.us/5Idzf\n",
    "section": "kholfa",
    "answers": [
      {
        "answer": "خَمسةٌ وثلاثونَ ألفًا وتُوفيَ فيه عبدُ اللهِ بنُ مَسعودٍ، وأنسُ بنُ مالِكٍ",
        "t": 0
      },
      {
        "answer": "ثلاثونَ ألفًا وتُوفيَ فيه عبدُ اللهِ بنُ عبَّاسٍ، وزَيدُ بنُ ثابِتٍ",
        "t": 0
      },
      {
        "answer": "خَمسةٌ وعِشرونَ ألفًا وتُوفيَ فيه أبو عُبيدةَ بنُ الجَرَّاحِ، ومُعاذُ بنُ جَبلٍ",
        "t": 1
      }
    ]
  },
  {
    "id": 3040,
    "q": "غَزا المُسلِمونَ الأنَدلُسَ بقِيادةِ عبدِ اللهِ بنِ نافعٍ وعبدِ الله بنِ عبدِ القَيسِ سنةَ:",
    "level": 3,
    "link": "https://cutt.us/j1IeO\n",
    "section": "kholfa",
    "answers": [
      {
        "answer": "41 هـ",
        "t": 0
      },
      {
        "answer": "27 هـ",
        "t": 1
      },
      {
        "answer": "35 هـ",
        "t": 0
      }
    ]
  },
  {
    "id": 3043,
    "q": "كان عَقدُ الصُّلحِ بينَ المُسلِمينَ ومَلِكِ النُّوبةِ سَنةَ:",
    "level": 3,
    "link": "https://cutt.us/A1dLJ\n",
    "section": "kholfa",
    "answers": [
      {
        "answer": "29 هـ",
        "t": 0
      },
      {
        "answer": "31 هـ",
        "t": 1
      },
      {
        "answer": "30 هـ",
        "t": 0
      }
    ]
  },
  {
    "id": 3026,
    "q": "لمَّا قتلَ المُسلمونَ خَلقًا كثيرًا من جُيوشِ الأعاجِمِ في مَعركةِ الحُصَيدِ لجؤوا إلى مكانٍ يُقالُ له:",
    "level": 3,
    "link": "https://cutt.us/D83Nv\n",
    "section": "kholfa",
    "answers": [
      {
        "answer": "خَنافِسُ",
        "t": 1
      },
      {
        "answer": "المُصَيَّخُ",
        "t": 0
      },
      {
        "answer": "عَينُ التَّمرِ",
        "t": 0
      }
    ]
  },
  {
    "id": 3041,
    "q": "كان مَقتلُ (يَزدِجَردَ) مَلِكِ السَّاسانيينَ على يَدِ:",
    "level": 3,
    "link": "https://cutt.us/rsfvH\n",
    "section": "kholfa",
    "answers": [
      {
        "answer": "أُمراءِ دَولَتِه",
        "t": 1
      },
      {
        "answer": "المُسلِمينَ",
        "t": 0
      },
      {
        "answer": "الرُّومِ",
        "t": 0
      }
    ]
  },
  {
    "id": 3029,
    "q": "أجْلَى عُمرُ رضيَ اللهُ عنه نَصارَى نَجرانَ إلى الشَّامِ سَنةَ:",
    "level": 3,
    "link": "https://cutt.us/1A3B5\n",
    "section": "kholfa",
    "answers": [
      {
        "answer": "15 هـ",
        "t": 0
      },
      {
        "answer": "17هـ",
        "t": 1
      },
      {
        "answer": "16 هـ",
        "t": 0
      }
    ]
  },
  {
    "id": 3028,
    "q": "كان مِن ضِمنِ سَبيِ مَعركةِ الـمَــذارِ: أبو الحَسنِ البَصريُّ وكان:",
    "level": 3,
    "link": "https://cutt.us/aSoQ9\n",
    "section": "kholfa",
    "answers": [
      {
        "answer": "مَجوسِيًّا",
        "t": 0
      },
      {
        "answer": "يَهودِيًّا",
        "t": 0
      },
      {
        "answer": "نَصرانِيًّا",
        "t": 1
      }
    ]
  },
  {
    "id": 3030,
    "q": "كانت مَعركةُ مَرجِ الصُّفَّرِ:",
    "level": 3,
    "link": "https://cutt.us/qu0Ec\n",
    "section": "kholfa",
    "answers": [
      {
        "answer": "بينَ المسلمينَ والفُرسِ في شَهرِ جُمادَى الآخِرةِ سَنةَ 14 هـ",
        "t": 0
      },
      {
        "answer": "بينَ المسلِمينَ والرُّومِ في شَهرِ جُمادَى الأُولى سَنةَ 13 هـ",
        "t": 1
      },
      {
        "answer": "بينَ المسلِمينَ ونَصارَى العَربِ في شَهرِ جُمادَى الأُولى سَنةَ 12 هـ",
        "t": 0
      }
    ]
  },
  {
    "id": 3038,
    "q": "كان وَالِيًا على الكُوفةِ فَأقامَ بها خمسَ سِنينَ وليس على دارهِ بابٌ:",
    "level": 3,
    "link": "https://cutt.us/XElHy\n",
    "section": "kholfa",
    "answers": [
      {
        "answer": "عبدُ اللهِ بنُ مَسعودٍ",
        "t": 0
      },
      {
        "answer": "الوَليدُ بنُ عُقبةَ",
        "t": 1
      },
      {
        "answer": "سَعدُ بنُ أبي وقَّاصٍ",
        "t": 0
      }
    ]
  },
  {
    "id": 3037,
    "q": "انتصَرَ في معركةِ مَرجِ الصُّفَّرِ:",
    "level": 3,
    "link": "https://www.dorar.net/history/?page=9",
    "section": "kholfa",
    "answers": [
      {
        "answer": "الرُّومُ",
        "t": 1
      },
      {
        "answer": "المسلمونَ",
        "t": 0
      },
      {
        "answer": "الفُرسُ",
        "t": 0
      }
    ]
  },
  {
    "id": 3033,
    "q": "الأناضُولُ هي:",
    "level": 3,
    "link": "https://cutt.us/x1R1I",
    "section": "kholfa",
    "answers": [
      {
        "answer": "بِلادُ التُّركِ",
        "t": 1
      },
      {
        "answer": "بِلادُ الرُّومِ",
        "t": 0
      },
      {
        "answer": "بِلادُ الفُرسِ",
        "t": 0
      }
    ]
  },
  {
    "id": 3044,
    "q": "كان قِتالُ النُّوبةِ بقِيادةِ عبدِ اللهِ بنِ أبي السَّرحِ بسَببِ:",
    "level": 3,
    "link": "https://cutt.us/A1dLJ\n",
    "section": "kholfa",
    "answers": [
      {
        "answer": "أنَّهم هَدَّدوا مِصرَ مِنَ الجَنوبِ",
        "t": 1
      },
      {
        "answer": "أنَّهم قَتَلوا رَسولَ عبدِ اللهِ بنِ أبي السَّرحِ إليهم",
        "t": 0
      },
      {
        "answer": "أنَّهم نَقَضوا الصُّلحَ وتَعاهَدوا معَ القِبطِ ضِدَّ المُسلِمينَ",
        "t": 0
      }
    ]
  },
  {
    "id": 3035,
    "q": "أَكملَ المُسلمونَ فَتْحَ الشامِ في خلافةِ عثمانَ بنِ عفانَ بقيادةِ:",
    "level": 3,
    "link": "https://cutt.us/SCvBv\n",
    "section": "kholfa",
    "answers": [
      {
        "answer": "عَمرِو بنِ العاصِ",
        "t": 0
      },
      {
        "answer": "حَبيبِ بنِ مَسلَمةَ",
        "t": 1
      },
      {
        "answer": "خالدِ بنِ الوَليدِ",
        "t": 0
      }
    ]
  },
  {
    "id": 3045,
    "q": "خَرجَ المسلمونَ لغَزوِ الأندَلُسَ في عَهدِ عُثمانَ بنِ عفَّانَ ومعَهم:",
    "level": 3,
    "link": "https://cutt.us/j1IeO\n",
    "section": "kholfa",
    "answers": [
      {
        "answer": "الأَرمنُ",
        "t": 0
      },
      {
        "answer": "التُّركُ",
        "t": 0
      },
      {
        "answer": "البَربَرُ",
        "t": 1
      }
    ]
  },
  {
    "id": 3036,
    "q": "\"أَتْدرُونَ ما جَرَّأَكُم عليَّ؟ ما جَرَّأكُم عليَّ إلَّا حِلمي، قد فعلَ هذا بِكم عُمرُ فلمَ تَصيحُوا به\" قائلُها هو:",
    "level": 3,
    "link": "https://cutt.us/8qMGN\n",
    "section": "kholfa",
    "answers": [
      {
        "answer": "عليُّ بنُ أبي طالبٍ",
        "t": 0
      },
      {
        "answer": "عُثمانُ بنُ عفَّانَ",
        "t": 1
      },
      {
        "answer": "مُعاوِيةُ بنُ أبي سُفيانَ",
        "t": 0
      }
    ]
  },
  {
    "id": 3027,
    "q": "في مَعركةِ الحُصَيدِ قتلَ القَعقاعُ بيَدِه:",
    "level": 3,
    "link": "https://cutt.us/D83Nv\n",
    "section": "kholfa",
    "answers": [
      {
        "answer": "زُرمهرَ",
        "t": 1
      },
      {
        "answer": "أعبدَ بنَ فَدكيٍّ",
        "t": 0
      },
      {
        "answer": "رُوزْبَهْ",
        "t": 0
      }
    ]
  },
  {
    "id": 3039,
    "q": "كانت بِدايةُ فَتحِ (إفريقيا) وسُقوط (طرابُلُسَ الغربِ) في أيدي المُسلِمين بقِيادةِ",
    "level": 3,
    "link": "https://cutt.us/7bh4s\n",
    "section": "kholfa",
    "answers": [
      {
        "answer": "عبدِ اللهِ بنِ أبي السَّرْحِ",
        "t": 1
      },
      {
        "answer": "سَعدِ بن أبي وقَّاصٍ",
        "t": 0
      },
      {
        "answer": "الوَليدِ بن عُقبةَ",
        "t": 0
      }
    ]
  },
  {
    "id": 3032,
    "q": "آخِرُ مُلوكِ الدَّولةِ السَّاسانيةِ",
    "level": 3,
    "link": "https://cutt.us/syclx\n",
    "section": "kholfa",
    "answers": [
      {
        "answer": "هِرقَلُ",
        "t": 0
      },
      {
        "answer": "يزدجردُ الثالثُ",
        "t": 1
      },
      {
        "answer": "رُستُمُ فرخزاد",
        "t": 0
      }
    ]
  },
  {
    "id": 3031,
    "q": "قام عُثمانُ بنُ عفَّانَ بتَوسِعةِ المَسجِدِ الحَرامِ عامَ:",
    "level": 3,
    "link": "https://cutt.us/8qMGN\n",
    "section": "kholfa",
    "answers": [
      {
        "answer": "40 هـ",
        "t": 0
      },
      {
        "answer": "26 هـ",
        "t": 1
      },
      {
        "answer": "20 هـ",
        "t": 0
      }
    ]
  },
  {
    "id": 3042,
    "q": "بَشَّرَها النبيُّ صلَّى اللهُ عليه وسلَّم بأنَّها تكونُ ممَّن يَغْزو البَحرَ كالمُلوكِ على الأسِرَّةِ",
    "level": 3,
    "link": "https://cutt.us/34r4A\n",
    "section": "kholfa",
    "answers": [
      {
        "answer": "أُمُّ المُؤمِنينَ عائِشةُ بنتُ أبي بكرٍ رضيَ اللهُ عنها",
        "t": 0
      },
      {
        "answer": "رَمْلةُ بنتُ سُفيانَ",
        "t": 0
      },
      {
        "answer": "أمُّ حَرامٍ زَوجةُ عُبادةَ بنِ الصَّامِتِ",
        "t": 1
      }
    ]
  }
]