[
  {
    "id": 2990,
    "q": "أوَّلُ شيءٍ فعلَهُ أبو بكرٍ رضيَ اللهُ عنه بعدَ تَولِّيه الخِلافةَ",
    "level": 1,
    "link": "https://cutt.us/JFecc\n",
    "section": "kholfa",
    "answers": [
      {
        "answer": "إِنفاذُ جَيشِ أُسامةَ",
        "t": 1
      },
      {
        "answer": "تَوزِيعُ الجُيوشِ خارجَ المدينةِ",
        "t": 0
      },
      {
        "answer": "حاربَ المُرتَدِّينَ",
        "t": 0
      }
    ]
  },
  {
    "id": 2998,
    "q": "ما سَلَبُ هُرمُزَ الذي أخَذهُ خالدٌ رضيَ اللهُ عنه؟",
    "level": 1,
    "link": "https://cutt.us/B9q7u\n",
    "section": "kholfa",
    "answers": [
      {
        "answer": "بُردةٌ مِن الحَريرِ الخالِصِ",
        "t": 0
      },
      {
        "answer": "قَلَنسُوةٌ بمئةِ ألفٍ",
        "t": 1
      },
      {
        "answer": "سَيفٌ مُطرَّزٌ بالذَّهَبِ",
        "t": 0
      }
    ]
  },
  {
    "id": 2991,
    "q": "الذي غَسَّل فاطمةَ رضيَ اللهُ عنها:",
    "level": 1,
    "link": "https://cutt.us/awY72\n",
    "section": "kholfa",
    "answers": [
      {
        "answer": "عليٌّ رضيَ اللهُ عنه والحسنُ والحُسينُ",
        "t": 0
      },
      {
        "answer": "عائشةُ وحَفصةُ رضيَ اللهُ عنهما",
        "t": 0
      },
      {
        "answer": "عليٌّ رضيَ اللهُ عنه وأسماءُ بنتُ عُمَيسٍ",
        "t": 1
      }
    ]
  },
  {
    "id": 3004,
    "q": "بعدَ انتِصارِ المُسلِمينَ على الفُرسِ في مَعركةِ المَذارِ: ",
    "level": 1,
    "link": "https://www.dorar.net/history/?page=8",
    "section": "kholfa",
    "answers": [
      {
        "answer": "قَتلَ خالدٌ الفَلَّاحِينَ لأنَّهم لم يَستَجِيبوا إلى الإسلامِ",
        "t": 0
      },
      {
        "answer": "أقَرَّ خالدٌ الفَلَّاحِينَ ومَن أَجابَ إلى الخَراجِ مِن جَميعِ الناسِ",
        "t": 1
      },
      {
        "answer": "عاهَدَ خالدٌ مَن بَقِيَ مِن الفُرسِ على هُدْنةٍ خمسَ سِنينَ",
        "t": 0
      }
    ]
  },
  {
    "id": 2988,
    "q": "ماذا كان مَوقِفُ عُمرَ عندَما رشَّحهُ أبو بكرٍ الصديقُ رضيَ اللهُ عنهما للخِلافةِ؟",
    "level": 1,
    "link": "https://cutt.us/Ug4IE\n",
    "section": "kholfa",
    "answers": [
      {
        "answer": "قَبِلَ التَّرشيحَ",
        "t": 0
      },
      {
        "answer": "رفضَ عُمرُ ذلك وأصرَّ أن تكونَ البيعةُ لأبي بكرٍ الصديقِ رضيَ اللهُ عنهم",
        "t": 1
      },
      {
        "answer": "أحالَهُ إلى أبي عُبيدةَ",
        "t": 0
      }
    ]
  },
  {
    "id": 2993,
    "q": "بَقِيَ مِن نَسلِ النبيِّ صلَّى اللهُ عليه وسلَّم: ",
    "level": 1,
    "link": "https://cutt.us/awY72\n",
    "section": "kholfa",
    "answers": [
      {
        "answer": "نَسلُ عائِشةَ رضيَ اللهُ عنها",
        "t": 0
      },
      {
        "answer": "نَسلُ فاطِمةَ رضيَ اللهُ عنها",
        "t": 1
      },
      {
        "answer": "نَسلُ مَيمونةَ رضيَ اللهُ عنها",
        "t": 0
      }
    ]
  },
  {
    "id": 2999,
    "q": "عَهِدَ إليه أبو بكرٍ رضيَ اللهُ عنه بجَمعِ القُرآنِ الكريم:",
    "level": 1,
    "link": "https://cutt.us/ihMXx\n",
    "section": "kholfa",
    "answers": [
      {
        "answer": "زَيدُ بنُ ثابتٍ رضيَ اللهُ عنه",
        "t": 1
      },
      {
        "answer": "عُمرُ رضيَ اللهُ عنه",
        "t": 0
      },
      {
        "answer": "عُثمانُ رضيَ اللهُ عنه",
        "t": 0
      }
    ]
  },
  {
    "id": 2995,
    "q": "في مَعركةِ بأُلَّيْسَ طَلبَ خالدٌ مُبارزَةَ عبدِ الأسودِ وابنِ أَبجَرَ ومالكِ بنِ قيسٍ فخرَجَ إليه: ",
    "level": 1,
    "link": "https://cutt.us/RNy0J\n",
    "section": "kholfa",
    "answers": [
      {
        "answer": "عبدُ الأسوَدِ",
        "t": 0
      },
      {
        "answer": "ابنُ أبجْرَ",
        "t": 0
      },
      {
        "answer": "مالكُ بنُ قَيسٍ",
        "t": 1
      }
    ]
  },
  {
    "id": 2997,
    "q": "ماذا فعَل الجيشُ الذي جَهَّزَه النبيُّ صلَّى اللهُ عَليهِ وسلَّم ليَبعَثَهُ إلى البَلْقاءِ؟",
    "level": 1,
    "link": "https://cutt.us/JFecc\n",
    "section": "kholfa",
    "answers": [
      {
        "answer": "لم يَنفُذِ الجيشُ بسَببِ وَفاةِ النبيِّ صلَّى اللهُ عليه وسلَّم",
        "t": 1
      },
      {
        "answer": "خرجَ الجيشُ حتَّى وصلَ إلى الشامِ فعَسكَرَ هناك",
        "t": 0
      },
      {
        "answer": "تَجهَّز الجيشُ وانتظَر خالدَ بنَ الوليدِ ليَخرُجَ به",
        "t": 0
      }
    ]
  },
  {
    "id": 2996,
    "q": "كانت وَفاةُ فاطِمةَ رضيَ اللهُ عنها في:",
    "level": 1,
    "link": "https://cutt.us/awY72\n",
    "section": "kholfa",
    "answers": [
      {
        "answer": "شهرِ شعبانَ العامَ الحاديَ عَشرَ الهِجريَّ",
        "t": 1
      },
      {
        "answer": "شهرِ رجبٍ العامَ العاشِرَ الهِجريَّ",
        "t": 0
      },
      {
        "answer": "شهرِ رمضانَ العامَ التاسِعَ الهِجريَّ",
        "t": 0
      }
    ]
  },
  {
    "id": 2987,
    "q": "قرَّرَ أبو بكرٍ رضيَ اللهُ عنه أنَّ أمْرَ الخِلافةِ يجبُ أن يكونَ في قُريشٍ:",
    "level": 1,
    "link": "https://cutt.us/Ug4IE\n",
    "section": "kholfa",
    "answers": [
      {
        "answer": "لأنَّهم أوسَطُ العَربِ نَسبًا ودارًا",
        "t": 1
      },
      {
        "answer": "لأنَّهم أقوَى القَبائلِ",
        "t": 0
      },
      {
        "answer": "لأنَّ القُرآنَ نزَل بلِسانِهم",
        "t": 0
      }
    ]
  },
  {
    "id": 3000,
    "q": "لماذا أمَرَ أبو بكرٍ رضيَ اللهُ عنه بجَمعِ القرآنِ؟",
    "level": 1,
    "link": "https://cutt.us/ihMXx\n",
    "section": "kholfa",
    "answers": [
      {
        "answer": "لأنَّ بعضَ الناسِ أخْطَؤوا في القراءةِ",
        "t": 0
      },
      {
        "answer": "لأنَّ نُصوصًا منه ضاعَتْ",
        "t": 0
      },
      {
        "answer": "لموتِ عددٍ كبيرٍ من حَفَظةِ القرآنِ في اليمامةِ",
        "t": 1
      }
    ]
  },
  {
    "id": 2986,
    "q": "كيف آلَتِ البَيْعةُ إلى أبي بكرٍ رضيَ اللهُ عنه؟",
    "level": 1,
    "link": "https://cutt.us/Ug4IE\n",
    "section": "kholfa",
    "answers": [
      {
        "answer": "بايَعَه عُمرُ رضيَ اللهُ عنه، ثم بايَعَه أَهلُ السَّقيفةِ، ثم بايَعهُ الناسُ في اليومِ الثاني البَيْعةَ العامَّةَ",
        "t": 1
      },
      {
        "answer": "رَشَّحَهُ أبو عُبيدةَ بنُ الجَرَّاحِ وقَبِلَ أبو بكرٍ، ثم بايَعهُ المُسلِمونَ",
        "t": 0
      },
      {
        "answer": "استَخلَفَهُ رَسولُ اللهِ صلَّى اللهُ عليه وسلَّم",
        "t": 0
      }
    ]
  },
  {
    "id": 2989,
    "q": "مَنِ الذي أَمَّرهُ الرَّسولُ صلَّى اللهُ عليه وسلَّم على الجيشِ الذي جهَّزهُ قبلَ مَوتِه إلى البَلقاءِ؟ ",
    "level": 1,
    "link": "https://cutt.us/JFecc\n",
    "section": "kholfa",
    "answers": [
      {
        "answer": "أُسامةُ بنُ زيدٍ رضيَ اللهُ عنه",
        "t": 1
      },
      {
        "answer": "أبو بكرٍ رضيَ اللهُ عنه",
        "t": 0
      },
      {
        "answer": "عُمرُ رضيَ اللهُ عنه",
        "t": 0
      }
    ]
  },
  {
    "id": 2992,
    "q": "تُوفِّيَت فاطمةُ رضيَ اللهُ عنها:",
    "level": 1,
    "link": "https://cutt.us/awY72\n",
    "section": "kholfa",
    "answers": [
      {
        "answer": "بعدَ مَوتِ النبيِّ صلَّى اللهُ عليه وسلَّم بسَنَتينِ",
        "t": 0
      },
      {
        "answer": "بعدَ مَوتِ النبيِّ صلَّى اللهُ عليه وسلَّم بخَمسةِ أَشهُرٍ",
        "t": 1
      },
      {
        "answer": "قبلَ مَوتِ النبيِّ صلَّى اللهُ عليه وسلَّم بشَهرٍ",
        "t": 0
      }
    ]
  },
  {
    "id": 3001,
    "q": "قابَلَ الصَّحابةُ رضيَ اللهُ عنهم أمْرَ أبي بكرٍ رضيَ اللهُ عنه بجَمعِ القُرآنِ؟",
    "level": 1,
    "link": "https://cutt.us/ihMXx\n",
    "section": "kholfa",
    "answers": [
      {
        "answer": "رَفضُوا في البِدايةِ ثم شَرحَ اللهُ صُدُورَهم له",
        "t": 1
      },
      {
        "answer": "رَحَّبُوا به مِن فَوْرِهم",
        "t": 0
      },
      {
        "answer": "رَفضُوه رفضًا قاطِعًا",
        "t": 0
      }
    ]
  },
  {
    "id": 3003,
    "q": "نَجا بَعضُ الفُرسِ في مَعركةِ المَذارِ بسَببِ:",
    "level": 1,
    "link": "https://cutt.us/aSoQ9\n",
    "section": "kholfa",
    "answers": [
      {
        "answer": "قُوَّتِهم وكَثرةِ أَسلِحتِهم وعُدَّتِهم",
        "t": 0
      },
      {
        "answer": "رُكوبِ الفُرسِ السُّفُنَ، فمَنعت المِياهُ المُسلمينَ مِن طَلَبِهم",
        "t": 1
      },
      {
        "answer": "خِيانةِ بعضِ جَيشِ المُسلِمينَ",
        "t": 0
      }
    ]
  },
  {
    "id": 3002,
    "q": "كيف جَمعَ زَيدٌ القُرآنَ؟",
    "level": 1,
    "link": "https://www.dorar.net/history/?page=8",
    "section": "kholfa",
    "answers": [
      {
        "answer": "جَمعَهُ مِن حِفظِه هو وعُمرُ وعليٌّ رضيَ اللهُ عنهم",
        "t": 0
      },
      {
        "answer": "كان يَحفظُ كلَّ ما يَسمعُ مِنه، ثم يَكتُبه في صَحيفَتِه",
        "t": 0
      },
      {
        "answer": "كان يَتتبَّعُ القُرآنَ ويَجمَعُه مِن الرِّقاعِ والأكتافِ والعُسُبِ وصُدورِ الرِّجالِ",
        "t": 1
      }
    ]
  },
  {
    "id": 2994,
    "q": "أوَّلُ أَهلِ بَيتِ النبيِّ صلَّى اللهُ عليه وسلَّم  لُحوقًا به بعدَ مَوتِه:",
    "level": 1,
    "link": "https://cutt.us/awY72\n",
    "section": "kholfa",
    "answers": [
      {
        "answer": "عائِشةُ رضيَ اللهُ عنها",
        "t": 0
      },
      {
        "answer": "أُم سَلمةَ رضيَ اللهُ عنها",
        "t": 0
      },
      {
        "answer": "فاطِمةُ رضيَ اللهُ عنها",
        "t": 1
      }
    ]
  },
  {
    "id": 3005,
    "q": "أوَّلُ امرأةٍ يُغطَّى نَعشُها في الإسلامِ",
    "level": 1,
    "link": "https://cutt.us/awY72\n",
    "section": "kholfa",
    "answers": [
      {
        "answer": "خَديجةُ بنتُ خُويلِدٍ رضيَ اللهُ عنها",
        "t": 0
      },
      {
        "answer": "عائِشةُ رضيَ اللهُ عنها",
        "t": 0
      },
      {
        "answer": "فاطِمةُ بنتُ النبيِّ صلَّى اللهُ عليه وسلَّم",
        "t": 1
      }
    ]
  }
]