[
  {
    "id": 3012,
    "q": "المُشكِلةُ التي قابلَت خالدًا والجُنودَ عندَما مالوا إلى كاظِمةَ:",
    "level": 2,
    "link": "https://cutt.us/AG3qt\n",
    "section": "kholfa",
    "answers": [
      {
        "answer": "أنَّه تَفاجأَ بجَيشٍ كَبيرٍ جِدًّا لهُرمُزَ",
        "t": 0
      },
      {
        "answer": "أنَّهم نَزلُوا على غيرِ ماءٍ",
        "t": 1
      },
      {
        "answer": "أنَّهم لم يَجِدوا الفُرسَ",
        "t": 0
      }
    ]
  },
  {
    "id": 3022,
    "q": "كان على جَمْعِ العَجمِ في مَعركةِ عَينِ التَّمرِ",
    "level": 2,
    "link": "https://cutt.us/fxd2u\n",
    "section": "kholfa",
    "answers": [
      {
        "answer": "عَقَّةُ بنُ أبي عَقَّةَ",
        "t": 0
      },
      {
        "answer": "مِهرانُ بن بَهْرامَ",
        "t": 1
      },
      {
        "answer": "الزِّبْرِقانُ بنُ بدرٍ",
        "t": 0
      }
    ]
  },
  {
    "id": 3008,
    "q": "كيف فُتِحَت أمغيشيا؟",
    "level": 2,
    "link": "https://cutt.us/ubcCw\n",
    "section": "kholfa",
    "answers": [
      {
        "answer": "بدونِ قِتالٍ",
        "t": 1
      },
      {
        "answer": "بقِتالٍ شَديدٍ",
        "t": 0
      },
      {
        "answer": "بنُزولِ أَهلِها على رأيِ خالِدٍ",
        "t": 0
      }
    ]
  },
  {
    "id": 3017,
    "q": "قام عُمرُ بإجْلاءِ اليَهودِ مِن خَيبَرَ إلى:",
    "level": 2,
    "link": "https://cutt.us/1A3B5\n",
    "section": "kholfa",
    "answers": [
      {
        "answer": "العِراقِ",
        "t": 0
      },
      {
        "answer": "الشَّامِ",
        "t": 1
      },
      {
        "answer": "مِصرَ",
        "t": 0
      }
    ]
  },
  {
    "id": 3018,
    "q": "كان رَدُّ فِعلِ أَهلِ الحِيرةِ بعدَ مُحاصَرةِ خالدٍ لهم أنْ:",
    "level": 2,
    "link": "https://cutt.us/gd569\n",
    "section": "kholfa",
    "answers": [
      {
        "answer": "أبَوْا إلَّا المُنابَذةَ",
        "t": 1
      },
      {
        "answer": "قَبِلوا الجِزيةَ",
        "t": 0
      },
      {
        "answer": "أرْسَلوا يَطلُبونَ المَددَ منَ الشامِ",
        "t": 0
      }
    ]
  },
  {
    "id": 3009,
    "q": "لماذا سُمِّيَت مَعركةُ ذاتِ السَّلاسِلِ بهذا الاسمِ؟",
    "level": 2,
    "link": "https://cutt.us/AG3qt\n",
    "section": "kholfa",
    "answers": [
      {
        "answer": "لأنَّ المُسلِمينَ كانوا يَربِطونَ خُيولَهم في السَّلاسِل لعَدمِ تَوَفُّرِ الحِبالِ",
        "t": 0
      },
      {
        "answer": "لأنَّ الفُرسَ كانوا مُقَيَّدينَ في السَّلاسِلِ",
        "t": 1
      },
      {
        "answer": "لأنَّ خالدَ بنَ الوليدِ رضيَ اللهُ عنه أخَذَ معَه سَلاسِلَ ليَأسِرَ فيها الفُرسَ",
        "t": 0
      }
    ]
  },
  {
    "id": 3015,
    "q": "فَتَحَ بَلدةَ أمغيشيا:",
    "level": 2,
    "link": "https://cutt.us/ubcCw\n",
    "section": "kholfa",
    "answers": [
      {
        "answer": "خالدُ بنُ الوَليدِ رضيَ اللهُ عنه",
        "t": 1
      },
      {
        "answer": "عَمرُو بنُ العاصِ رضيَ اللهُ عنه",
        "t": 0
      },
      {
        "answer": "أبو عُبيدةَ بنُ الجرَّاحِ رضيَ اللهُ عنه",
        "t": 0
      }
    ]
  },
  {
    "id": 3007,
    "q": "تَخلَّفَ عليٌّ رضيَ اللهُ عنه عنِ البَيْعةِ لأبي بكرٍ رضيَ اللهُ عنه لأنَّه",
    "level": 2,
    "link": "https://cutt.us/lHUag\n",
    "section": "kholfa",
    "answers": [
      {
        "answer": "كان رافِضًا لها",
        "t": 0
      },
      {
        "answer": "انشَغلَ بتَجهيزِ وتَكفِينِ النبيِّ صلَّى اللهُ عليه وسلَّم",
        "t": 1
      },
      {
        "answer": "كان مَريضًا",
        "t": 0
      }
    ]
  },
  {
    "id": 3014,
    "q": "أين بَقِيَ المُصحفُ الذي جَمعَهُ زيدٌ رضيَ اللهُ عنه؟",
    "level": 2,
    "link": "https://cutt.us/ihMXx\n",
    "section": "kholfa",
    "answers": [
      {
        "answer": "عندَ أبي بكرٍ رضيَ اللهُ عنه مدَّةَ خِلافَتِه",
        "t": 1
      },
      {
        "answer": "عندَ عليٍّ رضيَ اللهُ عنه حتَّى بعثَ به إلى الشامِ",
        "t": 0
      },
      {
        "answer": "عندَ عُمرَ رضيَ اللهُ عنه حتَّى استُشهِدَ",
        "t": 0
      }
    ]
  },
  {
    "id": 3019,
    "q": "لمَّا رَأى خالدٌ كِيسَ السُّمِّ في يَدِ خادِمِ عَمرِو بن عبدِ المسيحِ، سألَه خالدٌ فأجابَ بـ:",
    "level": 2,
    "link": "https://cutt.us/gd569\n",
    "section": "kholfa",
    "answers": [
      {
        "answer": "أنَّ الموتَ أحبُّ إليَّه مِن مَكروهٍ يُدخِلُه على قَومِه",
        "t": 1
      },
      {
        "answer": "أنه أرادَ أن يَخدعَ به خالِدًا فيَقتُلَه",
        "t": 0
      },
      {
        "answer": "أنه تخَوَّف مِن غَدرِ خالدٍ فاحتاطَ لنَفسِه",
        "t": 0
      }
    ]
  },
  {
    "id": 3020,
    "q": "صَبَرَ المُشرِكونَ أمامَ خالدِ بنِ الوليدِ في مَعركةِ أُلَّيسَ لأنَّهم:",
    "level": 2,
    "link": "https://cutt.us/nvK8F\n",
    "section": "kholfa",
    "answers": [
      {
        "answer": "كانوا يَترقَّبونَ مَوتَ خالدِ بنِ الوليدِ لأنَّه كان مريضًا",
        "t": 0
      },
      {
        "answer": "كانوا أكثرَ عددًا وقوَّةً",
        "t": 0
      },
      {
        "answer": "كانوا يَتوقَّعونَ قُدومَ بهمنَ جاذوَيْهِ مَددًا لهم",
        "t": 1
      }
    ]
  },
  {
    "id": 3006,
    "q": "أخبَرَ أبو بكرٍ رضيَ اللهُ عنه الأنصارَ بأنَّ أمْرَ الخِلافة يجِبُ أنْ يكونَ في:",
    "level": 2,
    "link": "https://cutt.us/lHUag\n",
    "section": "kholfa",
    "answers": [
      {
        "answer": "المُهاجِرينَ",
        "t": 0
      },
      {
        "answer": "الأنصارِ",
        "t": 0
      },
      {
        "answer": "قُريشٍ",
        "t": 1
      }
    ]
  },
  {
    "id": 3021,
    "q": "لمَّا قصدَ خالدٌ عَينَ التَّمرِ كان بها جَمعٌ عظيمٌ فكان على جَمعِ العَربِ:",
    "level": 2,
    "link": "https://cutt.us/fxd2u\n",
    "section": "kholfa",
    "answers": [
      {
        "answer": "عَقَّةُ بنُ أبي عَقَّةَ",
        "t": 1
      },
      {
        "answer": "الزِّبْرِقانُ بنُ بدرٍ",
        "t": 0
      },
      {
        "answer": "مِهرانُ بن بَهْرامَ",
        "t": 0
      }
    ]
  },
  {
    "id": 3025,
    "q": "ظَنَّ الفُرسُ أنَّ خالدًا قد غادَرَ العِراقَ مُتوجِّهًا إلى الجَزيرةِ العربيةِ فأرادُوا:",
    "level": 2,
    "link": "https://cutt.us/D83Nv\n",
    "section": "kholfa",
    "answers": [
      {
        "answer": "أنْ يَقتُلوه هو ومَن مَعَه من بَقِيَّة الجَيشِ",
        "t": 0
      },
      {
        "answer": "طَرْدَ قُوَّاتِه مِنَ العِراقِ واستِعادةَ الأراضي التي فَتحَها المُسلِمونَ",
        "t": 1
      },
      {
        "answer": "الخُروجَ خَلفَه إلى الجَزيرةِ العربيةِ",
        "t": 0
      }
    ]
  },
  {
    "id": 3023,
    "q": "لمَّا ضَربَ خالدٌ في مَعركةِ عَينِ التَّمرِ  أَعناقَ أَهلِ الحِصنِ أَجمعينَ وجدَ في بِيعَتِهم:",
    "level": 2,
    "link": "https://cutt.us/fxd2u\n",
    "section": "kholfa",
    "answers": [
      {
        "answer": "خَمسِينَ امراةً مِن أَجملِ نِسائِهم",
        "t": 0
      },
      {
        "answer": "ثَلاثِينَ قِسِّيسًا مِن أَكابِرِ قَساوِسَتِهم",
        "t": 0
      },
      {
        "answer": "أَربعِينَ غُلامًا يَتعلَّمُونَ الإِنجيلَ",
        "t": 1
      }
    ]
  },
  {
    "id": 3013,
    "q": "ماذا فعلَ خالدٌ بالفَتحِ والأخماسِ بعدَ انتِصارِه في مَعركةِ ذاتِ السَّلاسِلِ؟",
    "level": 2,
    "link": "https://cutt.us/AG3qt\n",
    "section": "kholfa",
    "answers": [
      {
        "answer": "وَزَّعَها على الجَيشِ",
        "t": 0
      },
      {
        "answer": "بَعثَ بها إلى أبي بكرٍ رضيَ اللهُ عنه",
        "t": 1
      },
      {
        "answer": "قَسَمَها فيمَن دخَلَ الإسلامَ مِن أهلِ الفُرسِ",
        "t": 0
      }
    ]
  },
  {
    "id": 3016,
    "q": "لماذا بايَعَ عليٌّ رضيَ اللهُ عنه أبا بكرٍ رضيَ اللهُ عنه بَيْعةً ثانِيةً بعدَ وَفاةِ فاطِمةَ رضيَ اللهُ عنها؟",
    "level": 2,
    "link": "https://cutt.us/lHUag",
    "section": "kholfa",
    "answers": [
      {
        "answer": "لأنَّه لم يكُنْ بايَعَ مِن قبلُ لانشِغالِه",
        "t": 0
      },
      {
        "answer": "تأكيدًا للبَيْعةِ الأُولى وحَسمًا لمادَّةِ الفِتنةِ",
        "t": 1
      },
      {
        "answer": "لأنَّه رفضَ أن يُبايِعَ أحدًا خارِجَ بَيتِ النبوَّةِ",
        "t": 0
      }
    ]
  },
  {
    "id": 3024,
    "q": "كان هُرمُزُ معَ العَربِ:",
    "level": 2,
    "link": "https://cutt.us/AG3qt\n",
    "section": "kholfa",
    "answers": [
      {
        "answer": "عَديمَ المُجاوَرةِ",
        "t": 0
      },
      {
        "answer": "سَيِّئَ المُجاوَرةِ",
        "t": 1
      },
      {
        "answer": "حَسَنَ المُجاوَرةِ",
        "t": 0
      }
    ]
  },
  {
    "id": 3010,
    "q": "الذي قَدِمَ لمُسانَدةِ المُثَنَّى في مَعركةِ ذاتِ السَّلاسِلِ؟",
    "level": 2,
    "link": "https://cutt.us/AG3qt",
    "section": "kholfa",
    "answers": [
      {
        "answer": "أبو عُبيدةَ بنُ الجَرَّاحِ",
        "t": 0
      },
      {
        "answer": "عليُّ بنُ أبي طالِبٍ",
        "t": 0
      },
      {
        "answer": "خالدُ بنُ الوَليدِ",
        "t": 1
      }
    ]
  },
  {
    "id": 3011,
    "q": "كانت وِجهةُ آخرِ جَيشٍ جَهَّزهُ الرَّسولُ صلَّى اللهُ عليه وسلَّم قبلَ مَوتِه إلى:",
    "level": 2,
    "link": "https://cutt.us/JFecc\n",
    "section": "kholfa",
    "answers": [
      {
        "answer": "البَلْقاءِ",
        "t": 1
      },
      {
        "answer": "فارِسَ",
        "t": 0
      },
      {
        "answer": "الرُّومِ",
        "t": 0
      }
    ]
  }
]