[
  {
    "id": 5845,
    "q": "المَقصُودُ بفِتنَةِ القَبرِ في حَديثِ النبيِّ صلَّى الله عليه وسلَّم: (أُوحِيَ إلَيَّ أنَّكُم تُفتَنونَ في قُبورِكُم):",
    "level": 2,
    "link": "https://dorar.net/aqeeda/1716",
    "section": "akhir",
    "answers": [
      {
        "answer": "فِتنَةُ المَلَكينِ مُنكَرٍ ونَكيرٍ",
        "t": 1
      },
      {
        "answer": "فِتنَةُ عَذابِ القَبرِ",
        "t": 0
      },
      {
        "answer": "فِتنَةُ ضَمَّةِ القَبرِ",
        "t": 0
      }
    ]
  },
  {
    "id": 5849,
    "q": "مِن أَهمِّيةِ مَعرِفَة عَلاماتِ السَّاعة:",
    "level": 2,
    "link": "https://dorar.net/aqeeda/1764",
    "section": "akhir",
    "answers": [
      {
        "answer": "تَحذيرُ الله تعالى لِعِبادِه عن الغَفلةِ والرُّكونِ إلَى المُلهِيَاتِ",
        "t": 1
      },
      {
        "answer": "مَعرِفَة حَقيقَةِ نِهايَة العالَم وفَناءِ الدُّنيا",
        "t": 0
      },
      {
        "answer": "الاستِبشارُ بظُهورِ الدِّينِ وتَمكينِ المُؤمِنينَ في الأَرضِ",
        "t": 0
      }
    ]
  },
  {
    "id": 5841,
    "q": "الإيمانُ باليَومِ الآخِرِ يَتضمَّن:",
    "level": 2,
    "link": "https://dorar.net/aqeeda/1664",
    "section": "akhir",
    "answers": [
      {
        "answer": "الإيمانَ بأَشراطِ السَّاعَةِ",
        "t": 1
      },
      {
        "answer": "الإيمانَ بالأَنبِياءِ والرُّسُلِ",
        "t": 0
      },
      {
        "answer": "الإيمانَ بالكُتُبِ المُنزَّلَةِ",
        "t": 0
      }
    ]
  },
  {
    "id": 5857,
    "q": "عَن أنسِ بن مالِكٍ رَضِيَ اللهُ عَنه قال: قال رَسولُ الله صلَّى اللهُ عليه وسلَّم: (إنَّ من أشراطِ السَّاعةِ الفُحشَ والتَّفَحُّشَ) نصَّ ابنُ الأثير على أن الفُحش هو:",
    "level": 2,
    "link": "https://dorar.net/aqeeda/1826",
    "section": "akhir",
    "answers": [
      {
        "answer": "كُلُّ ما يَشتَدُّ قُبحُه مِنَ الذُّنوبِ والمَعاصي",
        "t": 1
      },
      {
        "answer": "كلُّ ما عُدَّ مِن الكَبائرِ وجاءَت فيه عُقوبَةٌ صَريحَة",
        "t": 0
      },
      {
        "answer": "ما خالَفَ أَصلَ الفِطرَةِ مِثل اللُّواط",
        "t": 0
      }
    ]
  },
  {
    "id": 5848,
    "q": "أَرواحُ المُؤمِنينَ بعدَ المَوتِ تكونُ:",
    "level": 2,
    "link": "https://dorar.net/aqeeda/1743",
    "section": "akhir",
    "answers": [
      {
        "answer": "طُيورًا تَعْلُقُ في شَجرِ الجنَّة",
        "t": 1
      },
      {
        "answer": "قَنادِيلَ مُعلَّقةً في سَقفِ الجنَّة",
        "t": 0
      },
      {
        "answer": "سابِحَةً تحتَ العَرشِ في أعلى الجنَّة",
        "t": 0
      }
    ]
  },
  {
    "id": 5854,
    "q": "المراد في قولِ رَسول الله صلَّى اللهُ عليه وسلَّم: (لا تَقومُ السَّاعةُ حَتَّى تَأخُذَ أمَّتي بأخذِ القُرونِ قَبلَها):",
    "level": 2,
    "link": "https://dorar.net/aqeeda/1800",
    "section": "akhir",
    "answers": [
      {
        "answer": "اليَهودُ والنَّصارَى",
        "t": 1
      },
      {
        "answer": "المَجُوسُ",
        "t": 0
      },
      {
        "answer": "أَهلُ الجاهِليَّةِ الأُولَى",
        "t": 0
      }
    ]
  },
  {
    "id": 5860,
    "q": "عَن عائشةَ رَضِيَ الله عَنها أنَّ النَّبيَّ صلَّى اللهُ عليه وسلَّم قال: أوَّلُ النَّاسِ هلاكًا:",
    "level": 2,
    "link": "https://dorar.net/aqeeda/1862",
    "section": "akhir",
    "answers": [
      {
        "answer": "أَشَدُّهُم إِيمانًا",
        "t": 0
      },
      {
        "answer": "قُرَيشٌ",
        "t": 1
      },
      {
        "answer": "بَنُو إِسرائِيلَ",
        "t": 0
      }
    ]
  },
  {
    "id": 5859,
    "q": "ما هي أعظَمُ الفِتَنِ في تاريخِ البَشريَّةِ قاطِبةً؟",
    "level": 2,
    "link": "https://dorar.net/aqeeda/1874",
    "section": "akhir",
    "answers": [
      {
        "answer": "فِتنَةُ الهَرْجِ (القَتلِ)",
        "t": 0
      },
      {
        "answer": "فِتنَةُ يَأجُوجَ ومَأجُوجَ",
        "t": 0
      },
      {
        "answer": "فِتنَةُ المَسيحِ الدَّجَّالِ",
        "t": 1
      }
    ]
  },
  {
    "id": 5853,
    "q": "في آخِرِ الزَّمانِ تُهدَمُ الكَعبَةُ على يَدِ من؟",
    "level": 2,
    "link": "https://dorar.net/aqeeda/1796",
    "section": "akhir",
    "answers": [
      {
        "answer": "ذو السُّويقَتينِ الحَبَشي",
        "t": 1
      },
      {
        "answer": "ذو الخَلَصَةِ طاغِيَة دَوْسٍ",
        "t": 0
      },
      {
        "answer": "الجَهْجَاه القَحطانِي",
        "t": 0
      }
    ]
  },
  {
    "id": 5858,
    "q": "قال رَسولُ الله صلَّى اللهُ عليه وسلَّم: ليَشرَبنَّ ناسٌ من أمَّتي الخَمرَ يُسَمُّونَها:",
    "level": 2,
    "link": "https://dorar.net/aqeeda/1830",
    "section": "akhir",
    "answers": [
      {
        "answer": "المَاءَ",
        "t": 0
      },
      {
        "answer": "بغَيرِ اسمِها",
        "t": 1
      },
      {
        "answer": "نَبِيذًا",
        "t": 0
      }
    ]
  },
  {
    "id": 5843,
    "q": "يُسَنُّ عند حُضُورِ المَوتِ:",
    "level": 2,
    "link": "https://dorar.net/aqeeda/1695",
    "section": "akhir",
    "answers": [
      {
        "answer": "الإكثارُ مِن قِراءَةِ القُرآنِ لحُضُورِ المَلائكَةِ",
        "t": 0
      },
      {
        "answer": "توجيهُ المُحتَضَرِ إلى القِبلةِ",
        "t": 0
      },
      {
        "answer": "تَلقِينُ المَيِّتِ: لا إلهَ إلَّا اللهُ",
        "t": 1
      }
    ]
  },
  {
    "id": 5855,
    "q": "عن النَّبيِّ صلَّى اللهُ عليه وسلَّم أنه قال (يَتَقارَبُ الزَّمانُ، ويَنقُصُ العَمَلُ، ويُلقى الشُّحُّ) قال المظهريُّ إنَّ المُرادَ بإلقاءِ الشُّحِّ أن:",
    "level": 2,
    "link": "https://dorar.net/aqeeda/1818",
    "section": "akhir",
    "answers": [
      {
        "answer": "يُتَلَقَّى الشُّحُّ ويُتَعَلَّمُ ويُتَواصى عليه ويُدعى إليهِ",
        "t": 0
      },
      {
        "answer": "يُلقى البُخلُ في القُلوبِ حَتَّى يُحِبُّوا الْمالَ",
        "t": 1
      },
      {
        "answer": "يَبخَلَ العالِمُ بعِلمِه، ويَبخَلَ الصَّانِعُ بصِناعَتِه، ويَبخَلَ الغَنيُّ بمالِه",
        "t": 0
      }
    ]
  },
  {
    "id": 5851,
    "q": "قَالَ النَّبِىُّ صلَّى اللهُ عليه وسلَّم: (لَا تَقُومُ السَّاعَةُ حَتَّى يُقْبَضَ الْعِلْمُ، وَتَكْثُرَ الزَّلَازِلُ، وَيَتَقَارَبَ الزَّمَانُ، وَتَظْهَرَ الْفِتَنُ) المَقصُودُ بظُهُورِ الفِتَنِ:",
    "level": 2,
    "link": "https://dorar.net/aqeeda/1780",
    "section": "akhir",
    "answers": [
      {
        "answer": "كَثرَةُ الحُروبِ ومَوتُ الرِّجالِ وسِيادَةُ النِّساءِ",
        "t": 0
      },
      {
        "answer": "خُروجُ يَأجُوجَ ومَأجُوجَ",
        "t": 0
      },
      {
        "answer": "كَثرَةُ الفِتَنِ واشتِهارُها وعَدَمُ التَّكاتُمِ بها",
        "t": 1
      }
    ]
  },
  {
    "id": 5850,
    "q": "انشِقاقُ القَمَرِ كانَ آيةً على شَيئينِ:",
    "level": 2,
    "link": "https://dorar.net/aqeeda/1772",
    "section": "akhir",
    "answers": [
      {
        "answer": "صِدْقِ الرَّسولِ صلَّى الله عليه وسلَّم، واقتِرابِ السَّاعةِ",
        "t": 1
      },
      {
        "answer": "اقتِرابِ السَّاعةِ، ونِهايَةِ تَكذِيبِ قُريشٍ للنبيِّ صلَّى الله عليه وسلَّم",
        "t": 0
      },
      {
        "answer": "صِدْقِ النبيِّ صلَّى الله عليه وسلَّم، وزَوالِ مُلكِ فارِس والرُّوم",
        "t": 0
      }
    ]
  },
  {
    "id": 5842,
    "q": "من أدِلَّةِ القُرآنِ على وُقوعِ سَكَراتِ المَوتِ؛ قَولُ الله تعالى:",
    "level": 2,
    "link": "https://dorar.net/aqeeda/1691",
    "section": "akhir",
    "answers": [
      {
        "answer": "{حَتَّى إِذَا جَاءَ أَحَدَكُمُ الْمَوْتُ تَوَفَّتْهُ رُسُلُنَا وَهُمْ لَا يُفَرِّطُونَ}",
        "t": 0
      },
      {
        "answer": "{أَيْنَمَا تَكُونُوا يُدْرِكْكُمُ الْمَوْتُ وَلَوْ كُنْتُمْ فِي بُرُوجٍ مُشَيَّدَةٍ}",
        "t": 0
      },
      {
        "answer": "{وَلَوْ تَرَى إِذِ الظَّالِمُونَ فِي غَمَرَاتِ الْمَوْتِ وَالْمَلائِكَةُ بَاسِطُو أَيْدِيهِمْ أَخْرِجُوا أَنْفُسَكُمُ}",
        "t": 1
      }
    ]
  },
  {
    "id": 5844,
    "q": "البُشرَى التي تُبشِّرُها المَلائِكةُ للمُؤمِنينَ في قولِ الله تعالى: {أَلَّا تَخَافُوا وَلَا تَحْزَنُوا وَأَبْشِرُوا بِالْجَنَّةِ الَّتِي كُنْتُمْ تُوعَدُونَ} تكونُ عندَ:",
    "level": 2,
    "link": "https://dorar.net/aqeeda/1705",
    "section": "akhir",
    "answers": [
      {
        "answer": "النَّفْخِ في الصُّورِ",
        "t": 0
      },
      {
        "answer": "القِيامَةِ",
        "t": 0
      },
      {
        "answer": "الاحتِضارِ",
        "t": 1
      }
    ]
  },
  {
    "id": 5852,
    "q": "قال رَسولُ الله صلَّى اللهُ عليه وسلَّم: (لا تَقومُ السَّاعةُ حَتَّى يَتَباهى النَّاسُ في الْمَساجِدِ) المَقصُودُ مِن التَّباهِي في المَساجِد:",
    "level": 2,
    "link": "https://dorar.net/aqeeda/1792",
    "section": "akhir",
    "answers": [
      {
        "answer": "جَعْلُها أماكِن للسَّمَرِ والمُفاخَرَةِ والتَّباهِي بَدلًا مِن جَعْلِها للعِبادَة",
        "t": 0
      },
      {
        "answer": "زَخرفَتُها وتَزيِينُها وتَشيِيدُ بِنائِها",
        "t": 1
      },
      {
        "answer": "اتِّخاذُ مَنابِرها للشِّعرِ والشُّعراءِ",
        "t": 0
      }
    ]
  },
  {
    "id": 5856,
    "q": "قَولُ النَّبيِّ صلَّى اللهُ عليه وسلَّم: (إنَّ بَعدَكم قَومًا  يَشهَدونَ ولا يُستَشهَدونَ): قِيلَ: إنَّه مَحمولٌ على:",
    "level": 2,
    "link": "https://dorar.net/aqeeda/1822",
    "section": "akhir",
    "answers": [
      {
        "answer": "شَهادةِ الزُّورِ",
        "t": 1
      },
      {
        "answer": "الإِشراكِ بالله",
        "t": 0
      },
      {
        "answer": "عُقوقِ الوَالدَينِ",
        "t": 0
      }
    ]
  },
  {
    "id": 5846,
    "q": "ضَمَّةُ القَبرِ تكونُ:",
    "level": 2,
    "link": "https://dorar.net/aqeeda/1714",
    "section": "akhir",
    "answers": [
      {
        "answer": "لجَميعِ العِبادِ مُؤمِنهِم وكافِرهِم",
        "t": 1
      },
      {
        "answer": "للمُؤمِنينَ فقط",
        "t": 0
      },
      {
        "answer": "للكافِرينَ فقط",
        "t": 0
      }
    ]
  },
  {
    "id": 5847,
    "q": "مِن الذين لا تَشمَلُهم فِتنةُ القَبرِ:",
    "level": 2,
    "link": "https://dorar.net/aqeeda/1716",
    "section": "akhir",
    "answers": [
      {
        "answer": "الشُّهداءُ",
        "t": 1
      },
      {
        "answer": "العُلماءُ",
        "t": 0
      },
      {
        "answer": "البارُّ بوَالِدَيهِ",
        "t": 0
      }
    ]
  }
]