[
  {
    "id": 5830,
    "q": "هَلِ العَذابُ في البَرزَخِ على الرُّوحِ أم على البَدَنِ؟",
    "level": 1,
    "link": "https://dorar.net/aqeeda/1749",
    "section": "akhir",
    "answers": [
      {
        "answer": "على الرُّوحِ والبَدَنِ جميعا",
        "t": 1
      },
      {
        "answer": "على البَدَنِ",
        "t": 0
      },
      {
        "answer": "على الرُّوحِ",
        "t": 0
      }
    ]
  },
  {
    "id": 5835,
    "q": "من عَلاماتِ السَّاعة الصغرى: تَعظيمُ النَّاسِ لـ:",
    "level": 1,
    "link": "https://dorar.net/aqeeda/1782",
    "section": "akhir",
    "answers": [
      {
        "answer": "للتَّوراةِ والإِنجيلِ وتَركُهُم القُرآنَ",
        "t": 0
      },
      {
        "answer": "لكِتابٍ غَيرِ كِتابِ الله",
        "t": 1
      },
      {
        "answer": "للسَّحَرَةِ والكُهَّانِ",
        "t": 0
      }
    ]
  },
  {
    "id": 5827,
    "q": "قال الله تعالى: {وَلَوْ تَرَى إِذِ الظَّالِمُونَ فِي غَمَرَاتِ الْمَوْتِ وَالْمَلائِكَةُ بَاسِطُو أَيْدِيهِمْ أَخْرِجُوا أَنْفُسَكُمُ الْيَوْمَ تُجْزَوْنَ عَذَابَ الْهُونِ} قال ابنُ القَيِّمِ (عَذَاب الْهُونِ) المرادُ به:",
    "level": 1,
    "link": "https://dorar.net/aqeeda/1707",
    "section": "akhir",
    "answers": [
      {
        "answer": "عَذابُ الدُّنيا",
        "t": 0
      },
      {
        "answer": "عَذابُ جَهنَّم",
        "t": 0
      },
      {
        "answer": "عَذابُ البَرْزَخ",
        "t": 1
      }
    ]
  },
  {
    "id": 5836,
    "q": "عن أبي هُرَيرةَ رَضِيَ اللهُ عنه أنَّ النَّبيَّ صلَّى اللهُ عليه وسلَّم قال: (يَتَقارَبُ الزَّمانُ، ويَنقُصُ العَمَلُ...) المَقصُودُ بنُقصانِ العَمَلِ:",
    "level": 1,
    "link": "https://dorar.net/aqeeda/1790",
    "section": "akhir",
    "answers": [
      {
        "answer": "نُقصانُ الأَجرِ لقِلَّةِ الإِخلاصِ وكَثرةِ الرِّياءِ",
        "t": 0
      },
      {
        "answer": "قِلَّةُ الرَّغبَةِ في الطَّاعاتِ واشتِغالُ النَّاسِ بالدُّنيا والسَّعيُ فيها",
        "t": 1
      },
      {
        "answer": "انعِدامُ البَركَةِ مِن الوَقتِ فلا يكادُ المَرءُ يَفعَلُ شَيئًا",
        "t": 0
      }
    ]
  },
  {
    "id": 5831,
    "q": "أوَّلُ أَشراطِ السَّاعةِ الصُّغرَى وُقوعًا:",
    "level": 1,
    "link": "https://dorar.net/aqeeda/1768",
    "section": "akhir",
    "answers": [
      {
        "answer": "بَعثَةُ النبيِّ صلَّى الله عليه وسلَّم",
        "t": 1
      },
      {
        "answer": "هِجرَةُ النبيِّ صلَّى الله عليه وسلَّم",
        "t": 0
      },
      {
        "answer": "مَوتُ النبيِّ صلَّى الله عليه وسلَّم",
        "t": 0
      }
    ]
  },
  {
    "id": 5824,
    "q": "يُؤخَذُ مِن حَديثِ النبيِّ صلَّى الله عليه وسلَّم: (كُنْ في الدُّنيا كأنَّكَ غَريبٌ أو عابرُ سَبيلٍ):",
    "level": 1,
    "link": "https://dorar.net/aqeeda/1681",
    "section": "akhir",
    "answers": [
      {
        "answer": "أنَّ الدُّنيا دارُ عُبورٍ والآخِرة دارُ القَرارِ",
        "t": 1
      },
      {
        "answer": "أنَّ الدِّينَ بَدأَ غَريبًا وسيعُودُ غَريبًا كما بَدأ",
        "t": 0
      },
      {
        "answer": "أنَ الدُّنيا سِجنُ المُؤمِنِ وجَنَّةُ الكافِر",
        "t": 0
      }
    ]
  },
  {
    "id": 5821,
    "q": "الإيمانُ باليَومِ الآخِرِ:",
    "level": 1,
    "link": "https://dorar.net/aqeeda/1666",
    "section": "akhir",
    "answers": [
      {
        "answer": "سُنَّةٌ مُؤَكَّدةٌ",
        "t": 0
      },
      {
        "answer": "فَرضُ كِفايَة",
        "t": 0
      },
      {
        "answer": "رُكنٌ مِن أَركانِ الإيمانِ",
        "t": 1
      }
    ]
  },
  {
    "id": 5829,
    "q": "مِن المَعصُومِينَ مِن فِتنةِ القَبرِ وعَذابِه:",
    "level": 1,
    "link": "https://dorar.net/aqeeda/1730",
    "section": "akhir",
    "answers": [
      {
        "answer": "مَن ماتَ بداءِ البَطنِ",
        "t": 1
      },
      {
        "answer": "مَن ماتَت وزَوجُها عنها راضٍ",
        "t": 0
      },
      {
        "answer": "مَن أَحصَى أَسماءَ الله تعالى",
        "t": 0
      }
    ]
  },
  {
    "id": 5834,
    "q": "قال رَسولُ الله صلَّى اللهُ عليه وسلَّم: (لا تَقومُ السَّاعةُ حَتَّى تَخرُجَ نارٌ مِن أرضِ الحِجازِ، تُضيءُ أعناقَ الإبِلِ ببُصْرَى) قال العُلماءُ: إنَّ هذه العَلامَة ظَهرَت عام:",
    "level": 1,
    "link": "https://dorar.net/aqeeda/1776",
    "section": "akhir",
    "answers": [
      {
        "answer": "329هـ",
        "t": 0
      },
      {
        "answer": "578هـ",
        "t": 0
      },
      {
        "answer": "654هـ",
        "t": 1
      }
    ]
  },
  {
    "id": 5838,
    "q": "قال رَسولُ الله صلَّى اللهُ عليه وسلَّم : (لا تَقومُ السَّاعةُ حتى تَظهَرَ الفِتَنُ، ويَكثُرَ الكَذِبُ) كَثرةُ الكَذبِ أمرٌ قد استفحَلَ بين الناسِ؛ ومن ذلك:",
    "level": 1,
    "link": "https://dorar.net/aqeeda/1820",
    "section": "akhir",
    "answers": [
      {
        "answer": "ظُهورُ السَّلاطِين الكذَّابِين",
        "t": 0
      },
      {
        "answer": "كَذبَة أبريل",
        "t": 1
      },
      {
        "answer": "استِحلالُ الكَذبِ",
        "t": 0
      }
    ]
  },
  {
    "id": 5822,
    "q": "مِن أَسبابِ تَخصِيصِ اليَومِ الآخِرِ بمَزيدٍ مِن العِنايةِ والتَّعظيمِ في القُرآنِ:",
    "level": 1,
    "link": "https://dorar.net/aqeeda/1668",
    "section": "akhir",
    "answers": [
      {
        "answer": "شِدَّةُ إنكارِ المُشرِكينَ لِليَومِ الآخِرِ، وانحِرافُ عَقيدةِ الإيمانِ باليَومِ الآخِرِ لدى أهلِ الكِتابِ",
        "t": 1
      },
      {
        "answer": "أنَّ الإِيمانَ باليَومِ الآخِر لم يكُن في شَرائعِ الأَنبِياءِ قَبلَنا",
        "t": 0
      },
      {
        "answer": "إِبطالُ عَقائِدِ الجاهِليَّةِ، وخُرافاتِ أَهلِ الأَوثانِ",
        "t": 0
      }
    ]
  },
  {
    "id": 5832,
    "q": "كان انشِقاقُ القَمرِ:",
    "level": 1,
    "link": "https://dorar.net/aqeeda/1772",
    "section": "akhir",
    "answers": [
      {
        "answer": "في المَدينَةِ بعدَ الهِجرَةِ",
        "t": 0
      },
      {
        "answer": "في مكَّة قبلَ الهِجرَةِ",
        "t": 1
      },
      {
        "answer": "أَثناءَ هِجرَةِ النبيِّ صلَّى الله عليه وسلَّم من مكَّة إلى المَدينَةِ",
        "t": 0
      }
    ]
  },
  {
    "id": 5833,
    "q": "قال رسول الله صلَّى الله عليه وسلَّم: (اعْدُد سِتًّا بين يَديِ السَّاعةِ: مَوْتِي، ثم فَتحُ بَيتِ المَقدِسِ، ثم مُوتَانٌ يَأخذُ فيكم كَقُعاصِ الغَنمِ...) فَسَّرَ العُلماءُ المَوتانَ بأنَّه:",
    "level": 1,
    "link": "https://dorar.net/aqeeda/1774",
    "section": "akhir",
    "answers": [
      {
        "answer": "الزَّلازِلُ والبَراكِينُ والحَوادِثُ الكَونِيَّة الكَبيرَة",
        "t": 0
      },
      {
        "answer": "السِّحْرُ",
        "t": 0
      },
      {
        "answer": "طاعُونُ عَمْواس",
        "t": 1
      }
    ]
  },
  {
    "id": 5823,
    "q": "من ثَمَراتِ الإيمانِ باليَومِ الآخِرِ:",
    "level": 1,
    "link": "https://dorar.net/aqeeda/1670",
    "section": "akhir",
    "answers": [
      {
        "answer": "شُكرُ اللهِ تعالى على عنايتِه ببني آدَمَ",
        "t": 0
      },
      {
        "answer": "محبَّةُ الرُّسُلِ وتوقيرُهم، والثَّناءُ عليهم بما يَليقُ بهم",
        "t": 0
      },
      {
        "answer": "الانكِفافُ عَنِ المَعاصي",
        "t": 1
      }
    ]
  },
  {
    "id": 5839,
    "q": "قول تعالى: {فَارْتَقِبْ يَوْمَ تَأْتِي السَّمَاءُ بِدُخَانٍ مُبِينٍ} المَقصُودُ بالدُّخانِ الذي هو مِن عَلاماتِ السَّاعَةِ:",
    "level": 1,
    "link": "https://dorar.net/aqeeda/1866",
    "section": "akhir",
    "answers": [
      {
        "answer": "خَيالٌ يُخيَّلُ للنَّاسِ مِن شِدَّةِ الجُوعِ كما حَدَثَ لقُريشٍ",
        "t": 0
      },
      {
        "answer": "النَّارُ التي خَرجَت بالحِجازِ فأَضاءَت أَعناقَ الإِبِلِ بِبُصْرَى",
        "t": 0
      },
      {
        "answer": "دُخانٌ ظاهِرٌ واضِحٌ",
        "t": 1
      }
    ]
  },
  {
    "id": 5840,
    "q": "أَصلُ يَأجوجَ ومَأجوجَ:",
    "level": 1,
    "link": "https://dorar.net/aqeeda/1962",
    "section": "akhir",
    "answers": [
      {
        "answer": "قَبِيلٌ مِن نَسْلِ إِبليسَ لهُما خَواصُّ الجِنِّ وأَشكالُ الإِنسِ",
        "t": 0
      },
      {
        "answer": "قَبِيلتانِ مِن البَشرِ من ولَدِ آدَمَ وحَوَّاءَ",
        "t": 1
      },
      {
        "answer": "خَلْقٌ خاصٌّ لا يَعلمُ حَقيقَتَهُم إلا اللهُ",
        "t": 0
      }
    ]
  },
  {
    "id": 5826,
    "q": "تكونُ التَّوبةُ مَقبولةً عند الله تعالى حين تتوفَّرُ شُروطُها، ومنها:",
    "level": 1,
    "link": "https://dorar.net/aqeeda/1697",
    "section": "akhir",
    "answers": [
      {
        "answer": "أن تكونَ في الرَّخاءِ لا في الشِّدَّةِ",
        "t": 0
      },
      {
        "answer": "أن يَسبِقَها عَملٌ صالِحٌ",
        "t": 0
      },
      {
        "answer": "أن تكونَ قَبلَ حُضورِ الموتِ",
        "t": 1
      }
    ]
  },
  {
    "id": 5828,
    "q": "مَن ماتَ فأَكلَتُه السِّباعُ أو الحِيتانُ في الماءِ ولم يُدفَن في قَبرٍ:",
    "level": 1,
    "link": "https://dorar.net/aqeeda/1716",
    "section": "akhir",
    "answers": [
      {
        "answer": "يُفتَنُ بعدَ مَوتِه مِثل فِتنَة القَبرِ",
        "t": 1
      },
      {
        "answer": "يُفتَنُ يومَ القِيامَة بعدَ حَشرِ الخَلائقِ",
        "t": 0
      },
      {
        "answer": "لا تَجرِي عليه فِتنَةُ القَبرِ",
        "t": 0
      }
    ]
  },
  {
    "id": 5837,
    "q": "قال رَسولُ الله صلَّى اللهُ عليه وسلَّم: (إذا ضُيِّعَتِ الأمانةُ فانتَظِرِ السَّاعةَ) كيف تكونُ إِضاعَةُ الأَمانَة؟",
    "level": 1,
    "link": "https://dorar.net/aqeeda/1808",
    "section": "akhir",
    "answers": [
      {
        "answer": "بالطَّمعِ؛ حيث يَفشُو الطَّمعُ في الناسِ فلا يكادُ أَحدٌ يُؤدِّي الأَمانَة",
        "t": 0
      },
      {
        "answer": "بمَوْتِ العُلماءِ",
        "t": 0
      },
      {
        "answer": "بإسنادِ الأَمرِ إلى غيرِ أَهلِه",
        "t": 1
      }
    ]
  },
  {
    "id": 5825,
    "q": "سَكَراتُ الموتِ هي: شِدَّتُه وغَشْيَتُه التي تُصِيبُ المُحتَضَرَ بسَبَبِ:",
    "level": 1,
    "link": "https://dorar.net/aqeeda/1689",
    "section": "akhir",
    "answers": [
      {
        "answer": "نَزعِ الرُّوحِ",
        "t": 1
      },
      {
        "answer": "حُضُورِ المَلائكَةِ",
        "t": 0
      },
      {
        "answer": "عَذابِ القَبرِ",
        "t": 0
      }
    ]
  }
]