[
  {
    "id": 5871,
    "q": "عَن أبي مالِكٍ الأشعَريِّ أنَّه سَمِعَ النَّبيَّ صلَّى اللهُ عليه وسلَّم يَقولُ: (ليَكونَنَّ في أمَّتي أقوامٌ يَستَحِلُّونَ الحِرَ) المقصود بـ(الحِر):",
    "level": 3,
    "link": "https://dorar.net/aqeeda/1828",
    "section": "akhir",
    "answers": [
      {
        "answer": "الخَمر",
        "t": 0
      },
      {
        "answer": "الزِّنا",
        "t": 1
      },
      {
        "answer": "الرِّبا",
        "t": 0
      }
    ]
  },
  {
    "id": 5879,
    "q": "المَهدِي هو:",
    "level": 3,
    "link": "https://dorar.net/aqeeda/1858",
    "section": "akhir",
    "answers": [
      {
        "answer": "رجلٌ يَخرُجُ بعدَ نُزولِ عيسى عليه السَّلامُ",
        "t": 0
      },
      {
        "answer": "رجلٌ يَخرُجُ قَبلَ نُزولِ عيسى عليه السَّلامُ",
        "t": 1
      },
      {
        "answer": "عيسى عليه السَّلام",
        "t": 0
      }
    ]
  },
  {
    "id": 5874,
    "q": "عَن أبى هُرَيرةَ رَضِيَ الله عَنه عَنِ النَّبي صلَّى اللهُ عليه وسلَّم قال: إذا اقتَرَبَ الزَّمانُ:",
    "level": 3,
    "link": "https://dorar.net/aqeeda/1842",
    "section": "akhir",
    "answers": [
      {
        "answer": "لا يَبقَى على ظَهرِ الأَرضِ كافِرٌ",
        "t": 0
      },
      {
        "answer": "لَم تَكُد رُؤيا الْمُسْلِمِ تَكذِبُ",
        "t": 1
      },
      {
        "answer": "رُفِعَت الأَقلامُ وجَفَّت الصُّحُفُ",
        "t": 0
      }
    ]
  },
  {
    "id": 5869,
    "q": "في قَولِ الرَّسولِ صلَّى اللهُ عليه وسلَّم: (مِن أشراطِ السَّاعةِ أن يُلتَمَسَ العِلمُ عِندَ الأصاغِرِ) ذكر ابنُ عثيمين أن الأصاغرَ هم:",
    "level": 3,
    "link": "https://dorar.net/aqeeda/1788",
    "section": "akhir",
    "answers": [
      {
        "answer": "صغارُ السنِّ فقط",
        "t": 0
      },
      {
        "answer": "الأصاغرُ في العلمِ",
        "t": 0
      },
      {
        "answer": "الأصاغرُ في العلمِ وفي السنِّ",
        "t": 1
      }
    ]
  },
  {
    "id": 5876,
    "q": "أَخبرَ النبيُّ صلَّى الله عليه وسلَّم أنَّ الفُراتَ سَوفَ يَحسِرُ عن جَبلٍ مِن ذَهبٍ، وأَوْصَى مَن حَضَرَهُ:",
    "level": 3,
    "link": "https://dorar.net/aqeeda/1848",
    "section": "akhir",
    "answers": [
      {
        "answer": "ألَّا يأخُذَ مِنه شَيئًا",
        "t": 1
      },
      {
        "answer": "ألَّا يَتركَهُ للفُرسِ والرُّومِ",
        "t": 0
      },
      {
        "answer": "أن يُقاتِلَ دُونَه فإنَّه مَالُ الله",
        "t": 0
      }
    ]
  },
  {
    "id": 5872,
    "q": "عن رَسولِ الله صلَّى اللهُ عليه وسلَّم أنَّه قال: بينَ يَديِ السَّاعةِ مُوْتانٌ شَديدٌ، وبَعدَه سَنَواتُ:",
    "level": 3,
    "link": "https://dorar.net/aqeeda/1832",
    "section": "akhir",
    "answers": [
      {
        "answer": "الفِتَنِ",
        "t": 0
      },
      {
        "answer": "الزَّلازِلِ",
        "t": 1
      },
      {
        "answer": "القَحْطِ",
        "t": 0
      }
    ]
  },
  {
    "id": 5863,
    "q": "هل يَحضُر الشَّيطانُ عندَ مَوتِ العَبدِ المُؤمِنِ؟",
    "level": 3,
    "link": "https://dorar.net/aqeeda/1699",
    "section": "akhir",
    "answers": [
      {
        "answer": "لا يَحضُر؛ بسَببِ وُجودِ مَلائكَةِ المَوتِ",
        "t": 0
      },
      {
        "answer": "يَحضُر حتَّى لا يَفلِتَ مِنه العَبدُ؛ فيُضِلَّه في اعتِقادِه، أو يحول بَينَه وبَينَ التَّوبةِ",
        "t": 1
      },
      {
        "answer": "يَحضُر في صُورَةِ مَلَكٍ فيَختَبِرَ إِيمانَ العَبدِ",
        "t": 0
      }
    ]
  },
  {
    "id": 5870,
    "q": "ممَّا أخبَر بهِ النبيُّ صلَّى الله عليه وسلَّم عن آخِرِ الزَّمانِ: أن يأتِيَ على النَّاسِ زَمانٌ لا يُبالِي المَرءُ:",
    "level": 3,
    "link": "https://dorar.net/aqeeda/1816",
    "section": "akhir",
    "answers": [
      {
        "answer": "بما أخذَ الْمالَ أمِن حَلالٍ أم من حِرامٍ",
        "t": 1
      },
      {
        "answer": "بما تَركَ مِن دِينِه لإِصلاحِ دُنياهُ",
        "t": 0
      },
      {
        "answer": "بأن ينَكحَ أُمَّهُ وأُختَهُ وعَمَّتَه وخالَتَهُ",
        "t": 0
      }
    ]
  },
  {
    "id": 5875,
    "q": "قال رَسولُ الله صلَّى اللهُ عليه وسلَّم: (لا تَقومُ السَّاعةُ حَتَّى يُقبَضَ العِلمُ، وتَكثُرَ الزَّلازِلُ، ويَتَقارَبَ الزَّمانُ) مِن أَقوالِ أَهلِ العِلمِ في مَعنَى تَقارُبِ الزَّمانِ:",
    "level": 3,
    "link": "https://dorar.net/aqeeda/1844",
    "section": "akhir",
    "answers": [
      {
        "answer": "تَقارُبُ الشَّمسُ والقَمرُ لأنَّهُما آلَتَا الزَّمانِ",
        "t": 0
      },
      {
        "answer": "كَثرةُ الفِتَنِ التي تُلهِي المُؤمِن فلا يَكادُ يَشعُر بالزَّمانِ",
        "t": 0
      },
      {
        "answer": "قِلَّةُ البَركةِ في الزَّمانِ",
        "t": 1
      }
    ]
  },
  {
    "id": 5862,
    "q": "سَكَراتُ المَوتِ تَكونُ:",
    "level": 3,
    "link": "https://dorar.net/aqeeda/1693",
    "section": "akhir",
    "answers": [
      {
        "answer": "للإِنسِ والجِنِّ دُونَ البَهائمِ",
        "t": 0
      },
      {
        "answer": "لجَميعِ المَخلُوقاتِ",
        "t": 1
      },
      {
        "answer": "لِبَنِي آدمَ فقط",
        "t": 0
      }
    ]
  },
  {
    "id": 5864,
    "q": "مِن خَصائِصِ الأَنبياءِ عندَ المَوتِ:",
    "level": 3,
    "link": "https://dorar.net/aqeeda/1709",
    "section": "akhir",
    "answers": [
      {
        "answer": "أنَّهم لا تَأخُذُهُم سَكَراتِ المَوتِ",
        "t": 0
      },
      {
        "answer": "قَبضُ الله سُبحانَه أَرواحَهُم بنَفسِه",
        "t": 0
      },
      {
        "answer": "تَخييرُهُم بَينَ البَقاءِ في الدُّنيا وبَينَ المَوتِ",
        "t": 1
      }
    ]
  },
  {
    "id": 5868,
    "q": "من عَلاماتِ السَّاعة الصُّغرَى:",
    "level": 3,
    "link": "https://dorar.net/aqeeda/1798",
    "section": "akhir",
    "answers": [
      {
        "answer": "إِمارَةُ النِّساءِ",
        "t": 0
      },
      {
        "answer": "تَوَقُّفُ الجِزيَةِ والخَراجِ",
        "t": 1
      },
      {
        "answer": "استِحلالُ المُسلِمينَ أَكلَ الخِنزيرِ",
        "t": 0
      }
    ]
  },
  {
    "id": 5866,
    "q": "ثَبتَ في الحَديثِ الصَّحيحِ أنَّ مِن أَشراطِ السَّاعةِ: خُروجَ الدَّجَّالِينَ أَدعِياءِ النُّبُوَّة، وأنَّ عَدَدهُم:",
    "level": 3,
    "link": "https://dorar.net/aqeeda/1778",
    "section": "akhir",
    "answers": [
      {
        "answer": "ثَلاثُونَ دجَّالًا",
        "t": 1
      },
      {
        "answer": "خَمسَةٌ وأَربعُونَ دجَّالًا",
        "t": 0
      },
      {
        "answer": "سَبعُونَ دجَّالًا",
        "t": 0
      }
    ]
  },
  {
    "id": 5873,
    "q": "عن رَسولِ الله صلَّى اللهُ عليه وسلَّم أنَّه قال عن أَشراطِ السَّاعةِ: (إنَّ بينَ يَدَيها فِتنةً وهرْجًا.. ويُلقَى بينَ النَّاسِ التَّناكُرُ) مَعنَى التَّناكُر:",
    "level": 3,
    "link": "https://dorar.net/aqeeda/1834",
    "section": "akhir",
    "answers": [
      {
        "answer": "لا يَكادُ أحَدٌ أن يَعرِفَ أحَدًا",
        "t": 1
      },
      {
        "answer": "لا يُنكِرُونَ مُنكرًا ولا يَعرِفُونَ مَعرُوفًا",
        "t": 0
      },
      {
        "answer": "يُنكِرُ الرَّجلُ وَلدَهُ، ويُنكِرُ الوَلدُ آبَاهُ",
        "t": 0
      }
    ]
  },
  {
    "id": 5865,
    "q": "مَذهَبُ أَهلِ السُّنَّةِ والجَماعَةِ في الأَرواحِ أنَّها:",
    "level": 3,
    "link": "https://dorar.net/aqeeda/1734",
    "section": "akhir",
    "answers": [
      {
        "answer": "باقِيةٌ لا تَفنَى",
        "t": 1
      },
      {
        "answer": "فانِيَةٌ لا تَبقَى",
        "t": 0
      },
      {
        "answer": "مُعَلَّقةٌ بعدَ المَوتِ",
        "t": 0
      }
    ]
  },
  {
    "id": 5878,
    "q": "عَن أبي هُرَيرةَ رَضِيَ الله عَنه، عَنِ النَّبيِّ صلَّى اللهُ عليه وسلَّم قال: لا تَذهَبُ الأيَّامُ واللَّيالي حَتَّى يَملِكَ رَجُلٌ يُقالُ لَه:",
    "level": 3,
    "link": "https://dorar.net/aqeeda/1854",
    "section": "akhir",
    "answers": [
      {
        "answer": "الجَهْجَاهُ",
        "t": 1
      },
      {
        "answer": "قَحْطانُ",
        "t": 0
      },
      {
        "answer": "شَاهَانْ شَاهْ",
        "t": 0
      }
    ]
  },
  {
    "id": 5877,
    "q": "أَخبرَ الصَّادِقُ المَصدُوق صلَّى الله عليه وسلَّم أنَّه: لا تَقومُ السَّاعةُ حَتَّى تَعودَ أرضُ العَرَبِ:",
    "level": 3,
    "link": "https://dorar.net/aqeeda/1852",
    "section": "akhir",
    "answers": [
      {
        "answer": "للجاهِلِيَّةِ الأُولَى",
        "t": 0
      },
      {
        "answer": "فتَسُوقُها قُريشٌ بِعَصاهَا",
        "t": 0
      },
      {
        "answer": "مُروجًا وأنهارًا",
        "t": 1
      }
    ]
  },
  {
    "id": 5867,
    "q": "قال رَسولُ الله صلَّى اللهُ عليه وسلَّم: (مِن أشراطِ السَّاعةِ أن يُرفَعَ العِلمُ ويَثبُتَ الجَهْلُ) رَفعُ العِلمِ معناه:",
    "level": 3,
    "link": "https://dorar.net/aqeeda/1786",
    "section": "akhir",
    "answers": [
      {
        "answer": "مَوتُ العُلماءِ",
        "t": 1
      },
      {
        "answer": "مَحْوُهُ مِن الصُّدورِ",
        "t": 0
      },
      {
        "answer": "نِسيانُ القُرآنِ الكَريمِ",
        "t": 0
      }
    ]
  },
  {
    "id": 5880,
    "q": "عَن زينَبَ بنتِ جَحشٍ رَضِيَ الله عَنها أنَّ رَسولَ الله صلَّى اللهُ عليه وسلَّم دَخَلَ عليها يَومًا فَزِعًا يَقولُ: (لا إلَه إلَّا اللهُ، ويْلٌ للعَرَبِ من شَرٍّ قَدِ اقتَرَبَ) المَقصُودُ بالشَّرِّ هو:",
    "level": 3,
    "link": "https://dorar.net/aqeeda/1967",
    "section": "akhir",
    "answers": [
      {
        "answer": "الرِّدَّةُ التي حَدثَت في عَهدِ أبي بَكرٍ رَضِيَ اللهُ عنه",
        "t": 0
      },
      {
        "answer": "مقتلُ عمرَ بنِ الخطَّابِ رَضيَ اللهُ عنه",
        "t": 0
      },
      {
        "answer": "الثَّغرَةُ التي فُتِحَت مِن رَدْمِ يَأجوجَ ومَأجوجَ",
        "t": 1
      }
    ]
  },
  {
    "id": 5861,
    "q": "الواجِبُ على العَبدِ الاستِعدادُ لِلمَوتِ قَبلَ نُزولِه وذلك يكون بـ:",
    "level": 3,
    "link": "https://dorar.net/aqeeda/1683",
    "section": "akhir",
    "answers": [
      {
        "answer": "الإِيمانِ بالبَعثِ بعدَ المَوتِ وأنَّ الله يَبعَثُ مَن في القُبورِ",
        "t": 0
      },
      {
        "answer": "الرَّضا بالقَضاءِ والقَدَرِ",
        "t": 0
      },
      {
        "answer": "المُبادَرةِ إلى الأَعمالِ الصَّالِحةِ",
        "t": 1
      }
    ]
  }
]