[
  {
    "id": 5442,
    "q": "هَاروتُ ومَاروتُ؛ هما:",
    "level": 3,
    "link": "https://www.dorar.net/aqeeda/1085",
    "section": "e-mlaeka",
    "answers": [
      {
        "answer": "جِنِّيانِ مِن الشَّياطِين",
        "t": 0
      },
      {
        "answer": "ابْنَا آدمَ الذي قَتلَ أَحدُهما الآخَرَ",
        "t": 0
      },
      {
        "answer": "مَلَكانِ أُنزِلَا إلى الأرضِ فِتنةً وابتِلاءً",
        "t": 1
      }
    ]
  },
  {
    "id": 5460,
    "q": "يجِبُ على المُؤمِنينَ تجاه المَلائكَة:",
    "level": 3,
    "link": "https://www.dorar.net/aqeeda/1220",
    "section": "e-mlaeka",
    "answers": [
      {
        "answer": "الإيمانُ بنُبُوَّتِهِم",
        "t": 0
      },
      {
        "answer": "مَحبَّتُهُم ومُوالاتُهم",
        "t": 1
      },
      {
        "answer": "الدُّعاءُ لهم",
        "t": 0
      }
    ]
  },
  {
    "id": 5446,
    "q": "خَلَق اللهُ تَعالى جِبْريلَ، وله عَدَدٌ منَ الأجنِحةِ؛ وهي:",
    "level": 3,
    "link": "https://www.dorar.net/aqeeda/1103",
    "section": "e-mlaeka",
    "answers": [
      {
        "answer": "سِتُّ مِئةِ جَناحٍ",
        "t": 1
      },
      {
        "answer": "ألفُ جَناحٍ",
        "t": 0
      },
      {
        "answer": "خَمسونَ جَناحًا",
        "t": 0
      }
    ]
  },
  {
    "id": 5448,
    "q": "طَعامُ المَلائكةِ هو:",
    "level": 3,
    "link": "https://www.dorar.net/aqeeda/1111",
    "section": "e-mlaeka",
    "answers": [
      {
        "answer": "العَسَلُ والسَّمْنُ",
        "t": 0
      },
      {
        "answer": "العَظْمُ والوَبَرُ",
        "t": 0
      },
      {
        "answer": "لا يَأكُلونَ ولا يَشرَبونَ",
        "t": 1
      }
    ]
  },
  {
    "id": 5453,
    "q": "مَلَكُ المَوتِ المُوكَّلُ بقَبضِ الأرواحِ",
    "level": 3,
    "link": "https://www.dorar.net/aqeeda/1156",
    "section": "e-mlaeka",
    "answers": [
      {
        "answer": "يَتولَّى قَبْضَها بنَفسِه",
        "t": 0
      },
      {
        "answer": "يَتولَّى قَبْضَها مَن تحتَ طاعَتِه مِن مَردَةِ الجِنِّ",
        "t": 0
      },
      {
        "answer": "يَتولَّى قَبْضَها أعوانُه، ثمَّ يُسلِّمونها إليه،\nفيَقبِضُها مِنهم",
        "t": 1
      }
    ]
  },
  {
    "id": 5459,
    "q": "لا تَدخُلُ المَلائكةُ بَيتًا فيه:",
    "level": 3,
    "link": "https://www.dorar.net/aqeeda/1218",
    "section": "e-mlaeka",
    "answers": [
      {
        "answer": "كَلبٌ أو صورةٌ",
        "t": 1
      },
      {
        "answer": "أَوانِي الذَّهبِ والفِضَّة",
        "t": 0
      },
      {
        "answer": "فُرُشُ الحَريرِ",
        "t": 0
      }
    ]
  },
  {
    "id": 5456,
    "q": "من أعْمالِ المَلائكةِ أنَّهُم:",
    "level": 3,
    "link": "https://www.dorar.net/aqeeda/1192",
    "section": "e-mlaeka",
    "answers": [
      {
        "answer": "يَدعون بالمَغفِرَة لمنَ ارتكَبَ الإثمَ حتى يَتوبَ",
        "t": 0
      },
      {
        "answer": "يَسكُنونَ بُيوتَ المُؤمِنينَ لحِفظِها مِن الشَّياطِين",
        "t": 0
      },
      {
        "answer": "يُبشِّرونَ الأنبياءَ وسائِرَ المُؤمِنينَ بالخَيرِ من عِندِ ربِّهم",
        "t": 1
      }
    ]
  },
  {
    "id": 5441,
    "q": "مالكٌ؛ هو اسمُ:",
    "level": 3,
    "link": "https://www.dorar.net/aqeeda/1162",
    "section": "e-mlaeka",
    "answers": [
      {
        "answer": "مَلَكِ المَوتِ",
        "t": 0
      },
      {
        "answer": "خازِنِ النَّارِ",
        "t": 1
      },
      {
        "answer": "خازِنِ الجنَّةِ",
        "t": 0
      }
    ]
  },
  {
    "id": 5452,
    "q": "المَلائكةُ المُوكَّلونَ بحِفظِ العِبادِ في حِلِّهم وارْتِحالِهم؛ هم:",
    "level": 3,
    "link": "https://www.dorar.net/aqeeda/1148",
    "section": "e-mlaeka",
    "answers": [
      {
        "answer": "الكُروبِيُّونَ",
        "t": 0
      },
      {
        "answer": "حَمَلةُ العَرشِ",
        "t": 0
      },
      {
        "answer": "المُعقِّباتُ",
        "t": 1
      }
    ]
  },
  {
    "id": 5449,
    "q": "يُقدَّرُ عددُ المَلائكةِ بـــ",
    "level": 3,
    "link": "https://www.dorar.net/aqeeda/1117",
    "section": "e-mlaeka",
    "answers": [
      {
        "answer": "مِئةِ ألفٍ",
        "t": 0
      },
      {
        "answer": "عَشَرةِ آلافٍ",
        "t": 0
      },
      {
        "answer": "لا يَعلَمُ عدَدَهم إلَّا اللهُ تَعالى",
        "t": 1
      }
    ]
  },
  {
    "id": 5443,
    "q": "اسمُ مَلَكِ المَوتِ؛ هو:",
    "level": 3,
    "link": "https://www.dorar.net/aqeeda/1088",
    "section": "e-mlaeka",
    "answers": [
      {
        "answer": "إسْرافيلُ",
        "t": 0
      },
      {
        "answer": "غَيرُ مَعروفٍ باسمِه",
        "t": 1
      },
      {
        "answer": "عَزْرائيلُ",
        "t": 0
      }
    ]
  },
  {
    "id": 5451,
    "q": "يَدخُلُ كلَّ يَومٍ إلى البَيتِ المَعمورِ:",
    "level": 3,
    "link": "https://www.dorar.net/aqeeda/1122",
    "section": "e-mlaeka",
    "answers": [
      {
        "answer": "عَشَرةُ آلافٍ منَ المَلائكةِ",
        "t": 0
      },
      {
        "answer": "مِئةُ ألفٍ منَ المَلائكةِ",
        "t": 0
      },
      {
        "answer": "سَبعونَ ألفًا منَ المَلائكةِ، ثمَّ لا يَعودونَ إليه",
        "t": 1
      }
    ]
  },
  {
    "id": 5444,
    "q": "اسمُ خازِنِ الجنَّةِ؛ هو:",
    "level": 3,
    "link": "https://www.dorar.net/aqeeda/1090",
    "section": "e-mlaeka",
    "answers": [
      {
        "answer": "غَيرُ مَعروفٍ باسمِه",
        "t": 1
      },
      {
        "answer": "مالِكٌ",
        "t": 0
      },
      {
        "answer": "رِضْوانٌ",
        "t": 0
      }
    ]
  },
  {
    "id": 5455,
    "q": "إذا صَلَّى أحدٌ منَ المُؤمِنينَ أو سلَّم على النَّبيِّ ﷺ؛ فإنَّه:",
    "level": 3,
    "link": "https://www.dorar.net/aqeeda/1190",
    "section": "e-mlaeka",
    "answers": [
      {
        "answer": "تُبلِّغُه هذا السَّلامَ جَماعةٌ منَ المَلائكةِ السَّيَّاحينَ",
        "t": 1
      },
      {
        "answer": "يَبلُغُه هذا السَّلامُ يوم القِيامَة بإذنِ الله",
        "t": 0
      },
      {
        "answer": "يُبلِّغُه اللهُ ربُّ العالَمينَ وَحدَه",
        "t": 0
      }
    ]
  },
  {
    "id": 5450,
    "q": "هل تَموتُ المَلائكةُ؟",
    "level": 3,
    "link": "https://www.dorar.net/aqeeda/1119",
    "section": "e-mlaeka",
    "answers": [
      {
        "answer": "لا يَموتونَ مُطلقًا",
        "t": 0
      },
      {
        "answer": "يَموتونَ كما يَموتُ كُلُّ حيٍّ في هذا الكَونِ، ولا يَبقَى إلَّا اللهُ تَعالى",
        "t": 1
      },
      {
        "answer": "يَموتُونَ كلَّ يَومٍ ويَخلقُ اللهُ سُبحانه غَيرَهُم",
        "t": 0
      }
    ]
  },
  {
    "id": 5445,
    "q": "اسمُ المَلائكةِ الذين هم حَولَ العَرشِ؛ هو:",
    "level": 3,
    "link": "https://www.dorar.net/aqeeda/1092",
    "section": "e-mlaeka",
    "answers": [
      {
        "answer": "لا تُعرَفُ أسماؤُهُم",
        "t": 1
      },
      {
        "answer": "النَّبيُّونَ",
        "t": 0
      },
      {
        "answer": "الكُروبِيُّونَ",
        "t": 0
      }
    ]
  },
  {
    "id": 5458,
    "q": "من أعمالِ المَلائكةِ أنَّهم:",
    "level": 3,
    "link": "https://www.dorar.net/aqeeda/1204",
    "section": "e-mlaeka",
    "answers": [
      {
        "answer": "يَحرُسونَ بُيوتَ المُؤمِنينَ مِن الشَّياطين",
        "t": 0
      },
      {
        "answer": "يَحرُسونَ مكَّةَ والمَدينةَ منَ الدَّجَّالِ",
        "t": 1
      },
      {
        "answer": "يَحرُسونَ دِيارَ المُسلِميَن مِن أَعدائِهم",
        "t": 0
      }
    ]
  },
  {
    "id": 5454,
    "q": "المَلائكةُ السَّيَّاحونَ الذين يَبحَثونَ عن حِلَقِ الذِّكرِ ويَشهَدونَ الجُمَعَ والجَماعاتِ هم عِبارةٌ عن:",
    "level": 3,
    "link": "https://www.dorar.net/aqeeda/1152",
    "section": "e-mlaeka",
    "answers": [
      {
        "answer": "جَماعة منَ المَلائكةِ يَتَعاقَبونَ في النَّاسِ، فتَأتي طائِفةٌ مِنهُم، وتَذهَبُ أُخرى، ويَجتَمِعونَ في صَلاةِ الصُّبحِ وصَلاةِ العَصرِ",
        "t": 1
      },
      {
        "answer": "عِصابة مِن  المَلائكةِ المُوكَّلةِ بالجهادِ مع المُؤمنِينَ في حُروبِهم",
        "t": 0
      },
      {
        "answer": "جَمع من المَلائكةِ ثابِتٍ لا يَتغيَّرُ لأنَّهُم موُكَّلُون بذلك",
        "t": 0
      }
    ]
  },
  {
    "id": 5447,
    "q": "رَأى النَّبيُّ ﷺ جِبْريلَ عليه السَّلامُ في صورَتِه الحَقيقيَّةِ",
    "level": 3,
    "link": "https://www.dorar.net/aqeeda/1101",
    "section": "e-mlaeka",
    "answers": [
      {
        "answer": "مرَّتَينِ",
        "t": 1
      },
      {
        "answer": "مرَّةً واحِدةً",
        "t": 0
      },
      {
        "answer": "مرَّاتٍ عَديدةً",
        "t": 0
      }
    ]
  },
  {
    "id": 5457,
    "q": "قد تَشهَدُ المَلائكةُ:",
    "level": 3,
    "link": "https://www.dorar.net/aqeeda/1198",
    "section": "e-mlaeka",
    "answers": [
      {
        "answer": "جَنازةَ المُنافِقينَ لتَعذِيبهِم",
        "t": 0
      },
      {
        "answer": "جَنازةَ مَن لم تَبلُغْه دَعوةُ رَبِّ العَالَمينَ ليُبلِّغُونَهُم",
        "t": 0
      },
      {
        "answer": "جَنازةَ مَن مات منَ العِبادِ المُؤمِنينَ الصَّالِحينَ",
        "t": 1
      }
    ]
  }
]