[
  {
    "id": 5429,
    "q": "تَتعبَّدُ المَلائكةُ لرَبِّهم على هَيئة:",
    "level": 2,
    "link": "https://www.dorar.net/aqeeda/1132",
    "section": "e-mlaeka",
    "answers": [
      {
        "answer": "صُفوف مُتَراصَّة بَعضُها إلى جِوارِ بَعضٍ",
        "t": 1
      },
      {
        "answer": "جَماعات مُتتالِيَة",
        "t": 0
      },
      {
        "answer": "فَرديَّة كلٌّ على حِدَة",
        "t": 0
      }
    ]
  },
  {
    "id": 5436,
    "q": "من أعْمالِ المَلائكةِ:",
    "level": 2,
    "link": "https://www.dorar.net/aqeeda/1168",
    "section": "e-mlaeka",
    "answers": [
      {
        "answer": "مَحبَّةُ المُؤمِنينَ وتَسديدُهم وتَأيِيدُهم",
        "t": 1
      },
      {
        "answer": "جَميعُ أَعمالِ البِرِّ",
        "t": 0
      },
      {
        "answer": "حَجُّ بَيتِ الله الحَرامِ",
        "t": 0
      }
    ]
  },
  {
    "id": 5432,
    "q": "نَقَل بَعضُ أهلِ العِلمِ الإجماعَ على أنَّ المَلَكَ المُوكَّلَ بالنَّفخِ في الصُّورِ؛ هو:",
    "level": 2,
    "link": "https://www.dorar.net/aqeeda/1140",
    "section": "e-mlaeka",
    "answers": [
      {
        "answer": "إسْرافيلُ",
        "t": 1
      },
      {
        "answer": "جَبْرائيلُ",
        "t": 0
      },
      {
        "answer": "عَزْرائيلُ",
        "t": 0
      }
    ]
  },
  {
    "id": 5426,
    "q": "خُلِقَتِ المَلائكةُ في صُورةٍ:",
    "level": 2,
    "link": "https://www.dorar.net/aqeeda/1105",
    "section": "e-mlaeka",
    "answers": [
      {
        "answer": "قَبيحةٍ",
        "t": 0
      },
      {
        "answer": "آدَمِيَّة",
        "t": 0
      },
      {
        "answer": "جَميلةٍ كَريمةٍ",
        "t": 1
      }
    ]
  },
  {
    "id": 5422,
    "q": "جَبْرائيلُ ومِيكائيلُ وإسْرافيلُ؛ هم:",
    "level": 2,
    "link": "https://www.dorar.net/aqeeda/1079",
    "section": "e-mlaeka",
    "answers": [
      {
        "answer": "مَلائكةٌ مُوكَّلةُ بالوَحيِ",
        "t": 0
      },
      {
        "answer": "رُؤَساءُ المَلائكةِ",
        "t": 1
      },
      {
        "answer": "أكبر المَلائكةِ سِنًّا",
        "t": 0
      }
    ]
  },
  {
    "id": 5438,
    "q": "من عِباداتِ المَلائكةِ التي يَقومونَ بها، أنَّهُم:",
    "level": 2,
    "link": "https://www.dorar.net/aqeeda/1168",
    "section": "e-mlaeka",
    "answers": [
      {
        "answer": "يَصومونَ في رَمَضانَ",
        "t": 0
      },
      {
        "answer": "يُصلُّونَ على المُؤمِنينَ ويَدْعونَ لهم بالرَّحمةِ والمَغفِرةِ",
        "t": 1
      },
      {
        "answer": "يَقرؤُونَ القُرآنَ",
        "t": 0
      }
    ]
  },
  {
    "id": 5421,
    "q": "مَعنى الإيمانِ بالمَلائكةِ؛ هو:",
    "level": 2,
    "link": "https://www.dorar.net/aqeeda/1068",
    "section": "e-mlaeka",
    "answers": [
      {
        "answer": "الإيمانُ بوُجودِهم، وما عَلِمْنا من أسْمائِهم، وصِفاتِهم، وأعْمالِهم",
        "t": 1
      },
      {
        "answer": "العملُ بمثلِ عَملِهشم والتَّخَلُّق بأَخلاقِهِم",
        "t": 0
      },
      {
        "answer": "اتِّباعُهم وقَبولُ دَعوتِهم",
        "t": 0
      }
    ]
  },
  {
    "id": 5439,
    "q": "من وَظائفِ بعضِ المَلائكةِ أنَّهم",
    "level": 2,
    "link": "https://www.dorar.net/aqeeda/1180",
    "section": "e-mlaeka",
    "answers": [
      {
        "answer": "يُصلُّون مع المُصلِّين صَلاتي الفَجرِ والعِشاء",
        "t": 0
      },
      {
        "answer": "يَنتَظِرُون دُعاءَ المُؤمِنينَ ليقُولوا: آمين",
        "t": 0
      },
      {
        "answer": "يَسيحونَ في الأرضِ بَحثًا عن حِلَقِ الذِّكرِ ومَجالِسِ العِلمِ",
        "t": 1
      }
    ]
  },
  {
    "id": 5424,
    "q": "كان النَّبيُّ ﷺ يَرَى جِبْريلَ عليه السَّلامُ",
    "level": 2,
    "link": "https://www.dorar.net/aqeeda/1107",
    "section": "e-mlaeka",
    "answers": [
      {
        "answer": "كُلَّ مرَّةٍ في صُورتِه الحَقيقِيَّةِ الَّتي خَلَقه اللهُ تَعالى عَليها",
        "t": 0
      },
      {
        "answer": "في هَيئَةِ سَحابٍ يَنزلُ على الأَرضِ",
        "t": 0
      },
      {
        "answer": "أحيانًا في صُورتِه الحَقيقِيَّةِ، وأحيانًا يَراهُ في صورةٍ أُخرَى؛ كدِحْيةَ الكَلْبيِّ، أو أعرابِيٍّ",
        "t": 1
      }
    ]
  },
  {
    "id": 5430,
    "q": "تَحُجُّ المَلائكةُ في السَّماءِ إلى:",
    "level": 2,
    "link": "https://www.dorar.net/aqeeda/1122",
    "section": "e-mlaeka",
    "answers": [
      {
        "answer": "سِدرةِ المُنتَهى",
        "t": 0
      },
      {
        "answer": "البَيتِ المَعمورِ",
        "t": 1
      },
      {
        "answer": "السَّماءِ السَّابعةِ",
        "t": 0
      }
    ]
  },
  {
    "id": 5437,
    "q": "تُصلِّي المَلائكةُ على:",
    "level": 2,
    "link": "https://www.dorar.net/aqeeda/1174",
    "section": "e-mlaeka",
    "answers": [
      {
        "answer": "المُؤمِنينَ الَّذين يَنتَظِرونَ صَلاةَ الجَماعةِ",
        "t": 1
      },
      {
        "answer": "الذين يَمشونَ في الطُّرُقاتِ يَبتَغونَ الرِّزقَ",
        "t": 0
      },
      {
        "answer": "البارِّ بوَالِدَيْهِ",
        "t": 0
      }
    ]
  },
  {
    "id": 5428,
    "q": "تَسكُنُ المَلائكةُ في:",
    "level": 2,
    "link": "https://www.dorar.net/aqeeda/1115",
    "section": "e-mlaeka",
    "answers": [
      {
        "answer": "الجِبالِ",
        "t": 0
      },
      {
        "answer": "السَّماءِ",
        "t": 1
      },
      {
        "answer": "البِحارِ",
        "t": 0
      }
    ]
  },
  {
    "id": 5434,
    "q": "يَتولَّى خِزانةَ الجَنَّةِ منَ المَلائكةِ:",
    "level": 2,
    "link": "https://www.dorar.net/aqeeda/1160",
    "section": "e-mlaeka",
    "answers": [
      {
        "answer": "عددٌ منَ المَلائكةِ يُطلَقُ عليهِمُ اسمُ: \"خَزَنةِ الجَنَّةِ\" ولا يَعلَمُ عدَدَهُم إلَّا اللهُ",
        "t": 1
      },
      {
        "answer": "ثَلاثةٌ منَ المَلائكةِ",
        "t": 0
      },
      {
        "answer": "مَلَكٌ واحِدٌ",
        "t": 0
      }
    ]
  },
  {
    "id": 5423,
    "q": "مُنكَرٌ ونَكيرٌ؛ هما:",
    "level": 2,
    "link": "https://www.dorar.net/aqeeda/1158",
    "section": "e-mlaeka",
    "answers": [
      {
        "answer": "مَلَكانِ مُوَكَّلانِ بالقَطْرِ",
        "t": 0
      },
      {
        "answer": "مَلَكانِ مُوكَّلانِ بحَشرِ النَّاسِ يومَ القِيامةِ",
        "t": 0
      },
      {
        "answer": "مَلَكانِ مُوكَّلانِ بفِتنةِ القَبرِ، وسُؤالِ العَبدِ عن ربِّه ودينِه ونَبِيِّه",
        "t": 1
      }
    ]
  },
  {
    "id": 5433,
    "q": "المَلائكةُ المُوَكَّلونَ بكِتابةِ أعْمالِ العِبادِ منَ الخَيرِ والشَّرِّ؛ همُ:",
    "level": 2,
    "link": "https://www.dorar.net/aqeeda/1150",
    "section": "e-mlaeka",
    "answers": [
      {
        "answer": "الحَفَظةُ",
        "t": 1
      },
      {
        "answer": "الرُّؤساءُ الثَّلاثةُ (جِبْريلُ، ومِيكائيلُ، وإسْرافيلُ)",
        "t": 0
      },
      {
        "answer": "الخَزَنَةُ",
        "t": 0
      }
    ]
  },
  {
    "id": 5435,
    "q": "عَدَدُ زَبانيةِ جَهنَّمَ",
    "level": 2,
    "link": "https://www.dorar.net/aqeeda/1162",
    "section": "e-mlaeka",
    "answers": [
      {
        "answer": "سِتَّةَ عَشَرَ",
        "t": 0
      },
      {
        "answer": "تِسعةَ عَشَرَ",
        "t": 1
      },
      {
        "answer": "ثَلاثونَ",
        "t": 0
      }
    ]
  },
  {
    "id": 5440,
    "q": "من أعْمالِ المَلائكةِ أنَّهم",
    "level": 2,
    "link": "https://www.dorar.net/aqeeda/1182",
    "section": "e-mlaeka",
    "answers": [
      {
        "answer": "يُسجِّلونَ أسماءَ الذين يَحضُرونَ إلى صَلاةِ الجمُعةِ قبلَ أن يَرتقيَ الخَطيبُ المِنبَرَ",
        "t": 1
      },
      {
        "answer": "يَكُونُونَ في الصُّفوفِ الأُولَى مع جُيوشِ المُسلِمينَ",
        "t": 0
      },
      {
        "answer": "يَنصُرونَ المَظلومَ الذي لا ناصِرَ له",
        "t": 0
      }
    ]
  },
  {
    "id": 5427,
    "q": "جِنسُ المَلائكةِ:",
    "level": 2,
    "link": "https://www.dorar.net/aqeeda/1109",
    "section": "e-mlaeka",
    "answers": [
      {
        "answer": "منَ الإناثِ",
        "t": 0
      },
      {
        "answer": "منَ الذُّكورِ",
        "t": 0
      },
      {
        "answer": "لا يُوصَفونَ بالذُّكورةِ ولا الأُنوثةِ",
        "t": 1
      }
    ]
  },
  {
    "id": 5431,
    "q": "مِمَّا تَتميَّزُ به المَلائكةُ؛ أنَّهُم:",
    "level": 2,
    "link": "https://www.dorar.net/aqeeda/1128",
    "section": "e-mlaeka",
    "answers": [
      {
        "answer": "مُتشابِهُون جَميعًا",
        "t": 0
      },
      {
        "answer": "أطْلعَهمُ اللهُ تَعالى على العِلمِ الَّذي يَحتاجونَ إليهِ فيما وَكَّلَهم به",
        "t": 1
      },
      {
        "answer": "عُلِّموا الأشياءَ كُلَّها",
        "t": 0
      }
    ]
  },
  {
    "id": 5425,
    "q": "الجِنُّ: مأخوذٌ مِنَ الاجتنانِ، وهو:",
    "level": 2,
    "link": "https://www.dorar.net/aqeeda/1230",
    "section": "e-mlaeka",
    "answers": [
      {
        "answer": "التستُّرُ والاستخفاءُ",
        "t": 1
      },
      {
        "answer": "حَرارَةُ النَّارِ",
        "t": 0
      },
      {
        "answer": "السُّرعةُ في التَّحرُّك",
        "t": 0
      }
    ]
  }
]