[
  {
    "id": 5418,
    "q": "المَلائكةُ يُؤمِّنونَ على دَعوةِ:",
    "level": 1,
    "link": "https://www.dorar.net/aqeeda/1176",
    "section": "e-mlaeka",
    "answers": [
      {
        "answer": "الَّذي يَدْعو لأخيهِ بظَهرِ الغَيبِ",
        "t": 1
      },
      {
        "answer": "الضُّعَفاءِ والمَساكينِ",
        "t": 0
      },
      {
        "answer": "المَظلومينَ",
        "t": 0
      }
    ]
  },
  {
    "id": 5408,
    "q": "المَلائكةُ خَلقٌ من خَلقِ اللهِ تَعالى؛ وهم:",
    "level": 1,
    "link": "https://www.dorar.net/aqeeda/1122",
    "section": "e-mlaeka",
    "answers": [
      {
        "answer": "يَعصونَ، ثمَّ يَتوبونَ من فَورِهم",
        "t": 0
      },
      {
        "answer": "يَعصونَ كما يَعصي بَنو آدَمَ",
        "t": 0
      },
      {
        "answer": "لا يَعصونَ اللهَ تَعالى مُطلقًا؛ ويَدلُّ عليه قَولُه تَعالى: {‌لَا ‌يَعْصُونَ ‌اللَّهَ ‌مَا أَمَرَهُمْ وَيَفْعَلُونَ مَا يُؤْمَرُونَ} [التحريم: 6]",
        "t": 1
      }
    ]
  },
  {
    "id": 5417,
    "q": "يَطوفُ بَعضُ المَلائكةِ في الطُّرُقاتِ يَبحَثونَ عن:",
    "level": 1,
    "link": "https://www.dorar.net/aqeeda/1152",
    "section": "e-mlaeka",
    "answers": [
      {
        "answer": "المُتحابِّينَ في الله",
        "t": 0
      },
      {
        "answer": "حِلَقِ الذِّكرِ ومَجالسِ العِلمِ",
        "t": 1
      },
      {
        "answer": "المُتصَدِّقينَ منَ المُؤمِنينَ",
        "t": 0
      }
    ]
  },
  {
    "id": 5412,
    "q": "اسمُ المَلَكِ المُوكَّلِ بالقَطرِ والنَّباتِ؛ هو:",
    "level": 1,
    "link": "https://www.dorar.net/aqeeda/1138",
    "section": "e-mlaeka",
    "answers": [
      {
        "answer": "مِيكائيلُ",
        "t": 1
      },
      {
        "answer": "إسْرافيلُ",
        "t": 0
      },
      {
        "answer": "جَبْرائيلُ",
        "t": 0
      }
    ]
  },
  {
    "id": 5405,
    "q": "خَلَق اللهُ تَعالى المَلائكةَ:",
    "level": 1,
    "link": "https://www.dorar.net/aqeeda/1099",
    "section": "e-mlaeka",
    "answers": [
      {
        "answer": "بالتَّزامُنِ مَع وَقتِ خَلقِ آدمَ -عَليهِ السَّلامُ-",
        "t": 0
      },
      {
        "answer": "بعدَ خَلقِ آدمَ -عَليهِ السَّلامُ-",
        "t": 0
      },
      {
        "answer": "قبلَ خَلقِ آدمَ -عَليهِ السَّلامُ- بزَمانٍ",
        "t": 1
      }
    ]
  },
  {
    "id": 5411,
    "q": "المَلَكُ الَّذي كان يَنزِلُ بالوَحيِ مِن عندِ ربِّ العَالَمينَ إلى النَّبيِّ مُحمَّدٍ ﷺ؛ هو:",
    "level": 1,
    "link": "https://www.dorar.net/aqeeda/1136",
    "section": "e-mlaeka",
    "answers": [
      {
        "answer": "ميكائيلُ",
        "t": 0
      },
      {
        "answer": "جَبْرائيلُ",
        "t": 1
      },
      {
        "answer": "إسْرافيلُ",
        "t": 0
      }
    ]
  },
  {
    "id": 5401,
    "q": "لفظُ المَلائكةِ مُشتَقٌّ منَ",
    "level": 1,
    "link": "https://www.dorar.net/aqeeda/1061",
    "section": "e-mlaeka",
    "answers": [
      {
        "answer": "المِلْكِ أي: العِباد",
        "t": 0
      },
      {
        "answer": "المأْلُكةِ والمِألَكةِ؛ بمَعنى: الرِّسالةِ",
        "t": 1
      },
      {
        "answer": "اللَّوْكِ؛ بمعنَى الطَّاعَة",
        "t": 0
      }
    ]
  },
  {
    "id": 5413,
    "q": "اسمُ خَزَنةِ النَّارِ:",
    "level": 1,
    "link": "https://www.dorar.net/aqeeda/1162",
    "section": "e-mlaeka",
    "answers": [
      {
        "answer": "الكُروبِيُّونَ",
        "t": 0
      },
      {
        "answer": "الحَفَظةُ",
        "t": 0
      },
      {
        "answer": "الزَّبانِيةُ",
        "t": 1
      }
    ]
  },
  {
    "id": 5406,
    "q": "هل تَشعُرُ المَلائكةُ بما يَشعُرُ به بَنو آدمَ منَ التعَبِ والنصَبِ؟",
    "level": 1,
    "link": "https://www.dorar.net/aqeeda/1113",
    "section": "e-mlaeka",
    "answers": [
      {
        "answer": "نَعَم",
        "t": 0
      },
      {
        "answer": "قد يَشعُرونَ في بَعضِ الأحوالِ",
        "t": 0
      },
      {
        "answer": "لا يَتعَبونَ ولا يَنصَبونَ ولا يَمَلُّونَ مُطلقًا",
        "t": 1
      }
    ]
  },
  {
    "id": 5420,
    "q": "المَلائكةُ تَستغفِرُ",
    "level": 1,
    "link": "https://www.dorar.net/aqeeda/1178",
    "section": "e-mlaeka",
    "answers": [
      {
        "answer": "للقَانِتِينَ",
        "t": 0
      },
      {
        "answer": "لواصِلِ الرَّحِم",
        "t": 0
      },
      {
        "answer": "للمُؤمِنينَ",
        "t": 1
      }
    ]
  },
  {
    "id": 5410,
    "q": "تَجيءُ المَلائكةُ يومَ القِيامةِ حين يَقومُ النَّاسُ من قُبورِهم للحِسابِ على هَيئةِ:",
    "level": 1,
    "link": "https://www.dorar.net/aqeeda/1132",
    "section": "e-mlaeka",
    "answers": [
      {
        "answer": "صُفوفٍ، يَأتُونَ صَفًّا بعدَ صَفٍّ",
        "t": 1
      },
      {
        "answer": "جُنُود مُحارِبِين",
        "t": 0
      },
      {
        "answer": "زَرافاتٍ ووُحْدانًا",
        "t": 0
      }
    ]
  },
  {
    "id": 5402,
    "q": "أجسادُ المَلائكةِ مَخلوقةٌ منَ",
    "level": 1,
    "link": "https://www.dorar.net/aqeeda/1097",
    "section": "e-mlaeka",
    "answers": [
      {
        "answer": "النُّورِ",
        "t": 1
      },
      {
        "answer": "النَّارِ",
        "t": 0
      },
      {
        "answer": "الطِّينِ",
        "t": 0
      }
    ]
  },
  {
    "id": 5416,
    "q": "من أسْماءِ جَبرائيلَ -عَليهِ السَّلامُ-:",
    "level": 1,
    "link": "https://www.dorar.net/aqeeda/1223",
    "section": "e-mlaeka",
    "answers": [
      {
        "answer": "رُوحُ القُدُسِ",
        "t": 1
      },
      {
        "answer": "مَلَكُ المَوتِ",
        "t": 0
      },
      {
        "answer": "رَقيبٌ",
        "t": 0
      }
    ]
  },
  {
    "id": 5404,
    "q": "جِبريلُ ومِيكائيلُ هما:",
    "level": 1,
    "link": "https://www.dorar.net/aqeeda/1074",
    "section": "e-mlaeka",
    "answers": [
      {
        "answer": "منَ المَلائكةِ",
        "t": 1
      },
      {
        "answer": "أَنبياء للمَلائِكَة",
        "t": 0
      },
      {
        "answer": "مِن الرُّسُل السَّماوِيَّة",
        "t": 0
      }
    ]
  },
  {
    "id": 5414,
    "q": "من صِفاتِ المَلائكةِ خَزَنةِ النَّارِ أنَّهُم:",
    "level": 1,
    "link": "https://www.dorar.net/aqeeda/1162",
    "section": "e-mlaeka",
    "answers": [
      {
        "answer": "ذَوُو وُجوهٍ بَشوشةٍ ضاحِكةٍ",
        "t": 0
      },
      {
        "answer": "غِلاظٌ شِدادٌ لا يَعصُونَ اللهَ تَعالى، ولا يُخالِفونَ أمْرَه",
        "t": 1
      },
      {
        "answer": "مُخبِتونَ لَيِّنونَ",
        "t": 0
      }
    ]
  },
  {
    "id": 5407,
    "q": "كيف تنامُ المَلائكةُ؟",
    "level": 1,
    "link": "https://www.dorar.net/aqeeda/1113",
    "section": "e-mlaeka",
    "answers": [
      {
        "answer": "يَنامونَ بينَ وَقتِ الضُّحى والظَّهيرةِ",
        "t": 0
      },
      {
        "answer": "لا تَنامُ المَلائكةُ ولا تَتعَبُ مُطلقًا؛ بدَليلِ قَولِه تَعالى: {يُسَبِّحُونَ اللَّيْلَ وَالنَّهَارَ لَا يَفْتُرُونَ} [الأنبياء: 20]",
        "t": 1
      },
      {
        "answer": "يَنامون وَقتَ السَّحَرِ",
        "t": 0
      }
    ]
  },
  {
    "id": 5403,
    "q": "حُكمُ الإيمانِ بالمَلائكةِ",
    "level": 1,
    "link": "https://www.dorar.net/aqeeda/1066",
    "section": "e-mlaeka",
    "answers": [
      {
        "answer": "رُكنٌ من أركانِ الإيمانِ",
        "t": 1
      },
      {
        "answer": "فَرضُ كِفايَة",
        "t": 0
      },
      {
        "answer": "واجِبٌ",
        "t": 0
      }
    ]
  },
  {
    "id": 5415,
    "q": "المَلَكُ المُوكَّلُ بنُصرةِ الأنبياءِ وتَأيِيدِهم وإهْلاكِ أعدائِهِم؛ هو:",
    "level": 1,
    "link": "https://www.dorar.net/aqeeda/1164",
    "section": "e-mlaeka",
    "answers": [
      {
        "answer": "مِيكائيلُ",
        "t": 0
      },
      {
        "answer": "جَبْرائيلُ",
        "t": 1
      },
      {
        "answer": "إسْرافيلُ",
        "t": 0
      }
    ]
  },
  {
    "id": 5409,
    "q": "من الصِّفاتِ الَّتي تَتحلَّى بها المَلائكةُ:",
    "level": 1,
    "link": "https://www.dorar.net/aqeeda/1126",
    "section": "e-mlaeka",
    "answers": [
      {
        "answer": "الشَّهامَةُ",
        "t": 0
      },
      {
        "answer": "الحَياءُ",
        "t": 1
      },
      {
        "answer": "الوَقارُ",
        "t": 0
      }
    ]
  },
  {
    "id": 5419,
    "q": "تَصيحُ الدِّيَكةُ إذا رأَتْ:",
    "level": 1,
    "link": "https://www.dorar.net/aqeeda/1176",
    "section": "e-mlaeka",
    "answers": [
      {
        "answer": "إنسانًا",
        "t": 0
      },
      {
        "answer": "شَيطانًا",
        "t": 0
      },
      {
        "answer": "مَلَكًا",
        "t": 1
      }
    ]
  }
]