[
  {
    "id": 1962,
    "q": "إذا طلَّق المدخولَ بها ثلاثَ تطليقاتٍ بألفاظٍ متكررةٍ، كأن يقولَ: أنت طالقٌ، أنت طالقٌ، أنت طالقٌ:",
    "level": 2,
    "link": "https://www.dorar.net/feqhia/4571/الفرع-الأول:-الطلاق-بثلاث-تطليقات-بألفاظ-متكررة",
    "section": "figh-talag",
    "answers": [
      {
        "answer": "وقَع ثلاثًا باتفاقِ المذاهبِ الفقهيةِ الأربعةِ",
        "t": 1
      },
      {
        "answer": "لا يقعُ",
        "t": 0
      },
      {
        "answer": "يقعُ اثنتينِ",
        "t": 0
      }
    ]
  },
  {
    "id": 1945,
    "q": "الطَّلاق الصُّوريُ (طلاق المصْلحة):",
    "level": 2,
    "link": "https://www.dorar.net/feqhia/4544/المبحث-الرابع:-الطلاق-الصوري-طلاق-المصلحة",
    "section": "figh-talag",
    "answers": [
      {
        "answer": "يقعُ قضاءً لا ديانةً",
        "t": 1
      },
      {
        "answer": "لا يقعُ",
        "t": 0
      },
      {
        "answer": "يقعُ",
        "t": 0
      }
    ]
  },
  {
    "id": 1959,
    "q": "إذا طلَّق الرجُلُ امرأتَه غيرَ المدخولِ بها طلقةً واحدةً، فإنها:",
    "level": 2,
    "link": "0https://www.dorar.net/feqhia/4559/المطلب-الأول:-طلاق-غير-المدخول-بها-طلقة-واحدة",
    "section": "figh-talag",
    "answers": [
      {
        "answer": "لا تَعتدُّ وتَحِل له بالمراجَعةِ",
        "t": 0
      },
      {
        "answer": "لا تَعتدُّ، ولا تَحِل إلا بعقدٍ جَديدٍ",
        "t": 1
      },
      {
        "answer": "تعتدُّ شَهرين",
        "t": 0
      }
    ]
  },
  {
    "id": 1946,
    "q": "إذا طلَّق الرجُلُ امرأتَه غيرَ المدخولِ بها طلقةً واحدةً، فإنها:",
    "level": 2,
    "link": "https://www.dorar.net/feqhia/4559/المطلب-الأول:-طلاق-غير-المدخول-بها-طلقة-واحدة",
    "section": "figh-talag",
    "answers": [
      {
        "answer": "تَعتدُّ شَهرينِ",
        "t": 0
      },
      {
        "answer": "لا تَعتدُّ وتَحِل له بالمراجَعةِ",
        "t": 0
      },
      {
        "answer": "لا تَعتدُّ ولا تَحِلُّ إلا بعقدٍ جديدٍ",
        "t": 1
      }
    ]
  },
  {
    "id": 1958,
    "q": "إذا طلَّق الرجُلُ امرأتَه في وقت حيْضِها أو في طُهرٍ جامعَها فيه:",
    "level": 2,
    "link": "https://www.dorar.net/feqhia/4553/المطلب-الأول:-حكم-طلاق-الحائض-والطَّلاق-في-طهر-جامعها-فيه",
    "section": "figh-talag",
    "answers": [
      {
        "answer": "فهو طلاقٌ سُنِّي",
        "t": 0
      },
      {
        "answer": "فهو طلاقٌ محرَّمٌ",
        "t": 1
      },
      {
        "answer": "ليس بطَلاقٍ",
        "t": 0
      }
    ]
  },
  {
    "id": 1950,
    "q": "طلاقُ الغضبانِ غضبًا مُعتادًا:",
    "level": 2,
    "link": "https://www.dorar.net/feqhia/4504/الفرع-الثالث:-طلاق-الغضبان#t-1",
    "section": "figh-talag",
    "answers": [
      {
        "answer": "يقعُ بالإجماع",
        "t": 1
      },
      {
        "answer": "يقعُ رجعيًّا فقطْ",
        "t": 0
      },
      {
        "answer": "لا يقعُ بالإجماع",
        "t": 0
      }
    ]
  },
  {
    "id": 1953,
    "q": "طلاقُ الهازلِ:",
    "level": 2,
    "link": "https://www.dorar.net/feqhia/4513/الفرع-الأول:-طلاق-الهازل",
    "section": "figh-talag",
    "answers": [
      {
        "answer": "يقعُ",
        "t": 1
      },
      {
        "answer": "إنْ نَوَى طَلاقًا يَقعُ وإلَّا فلا",
        "t": 0
      },
      {
        "answer": "لا يقعُ",
        "t": 0
      }
    ]
  },
  {
    "id": 1957,
    "q": "إذا طلَّق الرجُلُ امرأتَه وهي حاملٌ، فإنه:",
    "level": 2,
    "link": "https://www.dorar.net/feqhia/4550/المطلب-الثاني:-طلاق-الحامل",
    "section": "figh-talag",
    "answers": [
      {
        "answer": "جائِزٌ",
        "t": 1
      },
      {
        "answer": "محرَّمٌ",
        "t": 0
      },
      {
        "answer": "طلاقٌ بِدعي",
        "t": 0
      }
    ]
  },
  {
    "id": 1956,
    "q": "إذا طلَّق الرجُلُ امرأتَه في طُهرٍ لم يجامعْها فيه، فهو طلاقٌ:",
    "level": 2,
    "link": "https://www.dorar.net/feqhia/4548/المطلب-الأول:-الطلاق-في-طهر-لم-يجامعها-فيه",
    "section": "figh-talag",
    "answers": [
      {
        "answer": "بِدعيٌّ",
        "t": 0
      },
      {
        "answer": "سُنِّي بالإجماعِ",
        "t": 1
      },
      {
        "answer": "محرَّمٌ لا يقعُ",
        "t": 0
      }
    ]
  },
  {
    "id": 1961,
    "q": "مِن أقوال العلماءِ في حكمِ طلاقِ الثلاثِ في حقِّ غيرِ المدخولِ بها بلفظِ: أنتِ طالقٌ وطالقٌ وطالقٌ:",
    "level": 2,
    "link": "https://www.dorar.net/feqhia/4568/الفرع-الثالث:-الطلاق-بألفاظ-متكررة-مع-العطف",
    "section": "figh-talag",
    "answers": [
      {
        "answer": "لا يقعُ",
        "t": 0
      },
      {
        "answer": "لا يقعُ إلا طلقةً واحدةً",
        "t": 1
      },
      {
        "answer": "يقعُ طلقتينِ",
        "t": 0
      }
    ]
  },
  {
    "id": 1951,
    "q": "طلاقُ السَّكران المعذورِ بسُكرِه:",
    "level": 2,
    "link": "https://www.dorar.net/feqhia/4506/الفرع-الرابع:-طلاق-السكران#t-1",
    "section": "figh-talag",
    "answers": [
      {
        "answer": "يقعُ",
        "t": 0
      },
      {
        "answer": "لا يقعُ",
        "t": 1
      },
      {
        "answer": "مكروهٌ",
        "t": 0
      }
    ]
  },
  {
    "id": 1948,
    "q": "إذا طلَّق الرجُلُ امرأتَه بعِوَضٍ، فهو طلاقٌ:",
    "level": 2,
    "link": "https://www.dorar.net/feqhia/4601/المبحث-الثاني:-الطلاق-بعوض",
    "section": "figh-talag",
    "answers": [
      {
        "answer": "محرَّمٌ",
        "t": 0
      },
      {
        "answer": "بائنٌ",
        "t": 1
      },
      {
        "answer": "رَجعيٌّ",
        "t": 0
      }
    ]
  },
  {
    "id": 1955,
    "q": "مَن أخطأ فسبَق لسانُه بالطَّلاقِ:",
    "level": 2,
    "link": "https://www.dorar.net/feqhia/4515/الفرع-الثاني:-طلاق-المخطئ",
    "section": "figh-talag",
    "answers": [
      {
        "answer": "يقعُ بالإجماع",
        "t": 0
      },
      {
        "answer": "يقعُ قضاءً لا دينًا",
        "t": 0
      },
      {
        "answer": "لا يقعُ بالاتِّفاق",
        "t": 1
      }
    ]
  },
  {
    "id": 1943,
    "q": "طلاقُ الوَليِّ عن الصَّبي والمجنون:",
    "level": 2,
    "link": "https://www.dorar.net/feqhia/4490/المطلب-الثاني:-حكم-الطلاق-بالولي",
    "section": "figh-talag",
    "answers": [
      {
        "answer": "لا يصِحُّ",
        "t": 1
      },
      {
        "answer": "يجوزُ عن الصَّبي",
        "t": 0
      },
      {
        "answer": "يجوزُ عن المجنون",
        "t": 0
      }
    ]
  },
  {
    "id": 1954,
    "q": "طلاقُ مَن أدخَل على نفسِه السُّكرَ باختيارِه:",
    "level": 2,
    "link": "https://www.dorar.net/feqhia/4506/الفرع-الرابع:-طلاق-السكران#t-2",
    "section": "figh-talag",
    "answers": [
      {
        "answer": "لا يقعُ طلاقُه بالإجماعِ",
        "t": 0
      },
      {
        "answer": "يقعُ في الطَّلقة الأُولى فقطْ",
        "t": 0
      },
      {
        "answer": "يقعُ باتِّفاق المذاهبِ الفقهيةِ الأربعةِ",
        "t": 1
      }
    ]
  },
  {
    "id": 1960,
    "q": "إذا طُلِّقت غيرُ المدخولِ بها ثلاثَ تطليقاتٍ بألفاظٍ متكرِّرة:",
    "level": 2,
    "link": "https://www.dorar.net/feqhia/4566/الفرع-الثاني:-الطلاق-بثلاث-تطليقات-بألفاظ-متكررة%C2%A0",
    "section": "figh-talag",
    "answers": [
      {
        "answer": "يقعُ طلقةً واحدةً",
        "t": 1
      },
      {
        "answer": "وقَع طلقتينِ",
        "t": 0
      },
      {
        "answer": "وقَع الطَّلاق ثلاثًا، ولا تَحِل له حتَّى تَنكِح غيرَه",
        "t": 0
      }
    ]
  },
  {
    "id": 1949,
    "q": "التَّعيين في الرَّجعةِ للزَّوجة:",
    "level": 2,
    "link": "https://www.dorar.net/feqhia/4651/الفرع-الأول:-ما-يشترط-في-الزوجة-المرتجعة#t-6",
    "section": "figh-talag",
    "answers": [
      {
        "answer": "يُستحبُّ",
        "t": 0
      },
      {
        "answer": "لا يُشترَط",
        "t": 0
      },
      {
        "answer": "يُشترَط",
        "t": 1
      }
    ]
  },
  {
    "id": 1952,
    "q": "طلاقُ المكرَهِ:",
    "level": 2,
    "link": "https://www.dorar.net/feqhia/4510/المطلب-الثالث:-من-شروط-الطَّلاق:-الاختيار-حكم-طلاق-المكره",
    "section": "figh-talag",
    "answers": [
      {
        "answer": "يقعُ رَجعِيًّا لا بائِنًا",
        "t": 0
      },
      {
        "answer": "يقعُ",
        "t": 0
      },
      {
        "answer": "لا يقعُ",
        "t": 1
      }
    ]
  },
  {
    "id": 1947,
    "q": "إذا طلَّق الرجُلُ امرأتَه بلا عِوَضٍ ولا ما يَقْتضي بَينونتَها، فإنه:",
    "level": 2,
    "link": "https://www.dorar.net/feqhia/4599/المبحث-الأول:-الطلاق-بدون-عوض",
    "section": "figh-talag",
    "answers": [
      {
        "answer": "يَحِق له الرَّجعةُ إذا كانت في عِدتها",
        "t": 1
      },
      {
        "answer": "لا يَحِق له الرَّجعةُ",
        "t": 0
      },
      {
        "answer": "يَثبت خيارُ الرَّجعةِ للزوجةِ دون الزَّوج",
        "t": 0
      }
    ]
  },
  {
    "id": 1944,
    "q": "توثيقُ الطَّلاق في المحاكمِ:",
    "level": 2,
    "link": "https://www.dorar.net/feqhia/4484/مطلب:-حكم-توثيق-الطلاق-أمام-المحاكم-الوضعية-في-البلاد-غير-الإسلامي",
    "section": "figh-talag",
    "answers": [
      {
        "answer": "واجبٌ",
        "t": 0
      },
      {
        "answer": "بِدعةٌ",
        "t": 0
      },
      {
        "answer": "لا بأسَ به",
        "t": 1
      }
    ]
  }
]