[
  {
    "id": 1966,
    "q": "النِّية في الطَّلاق الصريحِ:",
    "level": 3,
    "link": "https://www.dorar.net/feqhia/4523/الفرع-الأول:-النية-في-الطلاق-الصريح",
    "section": "figh-talag",
    "answers": [
      {
        "answer": "لا تُشترَط",
        "t": 1
      },
      {
        "answer": "تُشترَط",
        "t": 0
      },
      {
        "answer": "تُشترَط بائِنًا لا رَجعِيًّا",
        "t": 0
      }
    ]
  },
  {
    "id": 1980,
    "q": "إذا وقَعت الفُرقةُ باللِّعان:",
    "level": 3,
    "link": "https://www.dorar.net/feqhia/4618/المبحث-الخامس:-الفرقة-بسبب-اللعان",
    "section": "figh-talag",
    "answers": [
      {
        "answer": "يَسقُط نصفُ المهرِ",
        "t": 0
      },
      {
        "answer": "يَسقُط المهرُ",
        "t": 0
      },
      {
        "answer": "وجَب الصَّداق كاملًا على الملاعِنِ بعْد دخولِه",
        "t": 1
      }
    ]
  },
  {
    "id": 1963,
    "q": "الطَّلاق تحْت تأثيرِ المخدِّر العلاجيِّ:",
    "level": 3,
    "link": "https://www.dorar.net/feqhia/4508/الفرع-الخامس:-الطلاق-تحت-تأثير-المخدر-العلاجي",
    "section": "figh-talag",
    "answers": [
      {
        "answer": "يقعُ إذا كانت الطَّلقة الأُولى أو الثانية فقطْ",
        "t": 0
      },
      {
        "answer": "لا يقعُ بالإجماعِ",
        "t": 1
      },
      {
        "answer": "يقعُ بالإجماع",
        "t": 0
      }
    ]
  },
  {
    "id": 1970,
    "q": "إذا كانتْ صِيغةُ الطَّلاق مضافةً إلى مستقبلٍ، كأن يقول: أنت طالقٌ غدًا، أو الشهرَ القادمَ:",
    "level": 3,
    "link": "https://www.dorar.net/feqhia/4538/الفرع-الثاني:-الطلاق-بالصيغة-المضافة-إلى-زمن#t-2",
    "section": "figh-talag",
    "answers": [
      {
        "answer": "وقَع الطَّلاق في الزمنِ المعيَّن",
        "t": 1
      },
      {
        "answer": "لم يقعِ الطَّلاق",
        "t": 0
      },
      {
        "answer": "وقَع في الحال",
        "t": 0
      }
    ]
  },
  {
    "id": 1981,
    "q": "رَجعةُ المرتدِّ زمانَ الرِّدةِ:",
    "level": 3,
    "link": "https://www.dorar.net/feqhia/4642/الفرع-الأول:-من-شروط-الزوج-المرتجع:-الإسلام",
    "section": "figh-talag",
    "answers": [
      {
        "answer": "تَجوز",
        "t": 0
      },
      {
        "answer": "لا تَصِح",
        "t": 1
      },
      {
        "answer": "تَجوز إنْ رُجِي عودتُه",
        "t": 0
      }
    ]
  },
  {
    "id": 1971,
    "q": "طلاقُ الأعجميِّ وغيرِه إذا طلَّق بغيرِ العربيةِ:",
    "level": 3,
    "link": "https://www.dorar.net/feqhia/4542/المبحث-الثالث:-الطلاق-بلسان-العجم",
    "section": "figh-talag",
    "answers": [
      {
        "answer": "يقعُ في الطلقةِ الثالثةِ فقطْ",
        "t": 0
      },
      {
        "answer": "لا يقعُ مطلقًا",
        "t": 0
      },
      {
        "answer": "يقعُ بالإجماع",
        "t": 1
      }
    ]
  },
  {
    "id": 1969,
    "q": "إذا أضاف الطَّلاق إلى زمانٍ ماضٍ، كأن يقولَ:  طالقٌ من الشَّهر الماضي:",
    "level": 3,
    "link": "https://www.dorar.net/feqhia/4538/الفرع-الثاني:-الطلاق-بالصيغة-المضافة-إلى-زمن#t-1",
    "section": "figh-talag",
    "answers": [
      {
        "answer": "لم يقعِ الطَّلاقُ",
        "t": 0
      },
      {
        "answer": "وقَع في الشَّهر نفسِه بعْد سنةٍ",
        "t": 0
      },
      {
        "answer": "وقَع في الحالِ",
        "t": 1
      }
    ]
  },
  {
    "id": 1978,
    "q": "إذا تَسبَّبت المرأةُ في الفُرقة قبلَ الدخولِ:",
    "level": 3,
    "link": "https://www.dorar.net/feqhia/4614/المطلب-الأول:-الفرقة-بالطَّلاق-بسبب-من-قبل-الزوجة-قبل-الدخول",
    "section": "figh-talag",
    "answers": [
      {
        "answer": "فلها ثلثُ المهْر",
        "t": 0
      },
      {
        "answer": "فلها نِصفُ المهرِ",
        "t": 0
      },
      {
        "answer": "فلا مهْرَ لها",
        "t": 1
      }
    ]
  },
  {
    "id": 1968,
    "q": "تفويضُ الرَّجُلِ للزَّوجةِ في الطَّلاق:",
    "level": 3,
    "link": "https://www.dorar.net/feqhia/4494/المطلب-الرابع:-حكم-الطلاق-بالتفويض",
    "section": "figh-talag",
    "answers": [
      {
        "answer": "لا يصِحُّ بالإجماع",
        "t": 0
      },
      {
        "answer": "يصِحُّ في الطلقةِ الأُولى فقطْ",
        "t": 0
      },
      {
        "answer": "يصِحُّ بالاتفاقِ",
        "t": 1
      }
    ]
  },
  {
    "id": 1973,
    "q": "طلاقُ المريضِ مرَضَ الموتِ:",
    "level": 3,
    "link": "https://www.dorar.net/feqhia/4594/المبحث-الثاني:-طلاق-المريض-مرض-الموت-طلاق-الفار",
    "section": "figh-talag",
    "answers": [
      {
        "answer": "يقعُ رجعيًّا لا بائنًا",
        "t": 0
      },
      {
        "answer": "لا يقعُ",
        "t": 0
      },
      {
        "answer": "يقعُ",
        "t": 1
      }
    ]
  },
  {
    "id": 1977,
    "q": "إذا وقَعت الفُرقةُ بعد الدخولِ:",
    "level": 3,
    "link": "https://www.dorar.net/feqhia/4611/المبحث-الثالث:-الفرقة-بالطَّلاق-بعد-العقد-وبعد-الدخول",
    "section": "figh-talag",
    "answers": [
      {
        "answer": "وجَب الصَّداق كاملًا",
        "t": 1
      },
      {
        "answer": "وجَب نِصفُ الصَّداق والمتْعة",
        "t": 0
      },
      {
        "answer": "وجَب ضِعفُ الصَّداق",
        "t": 0
      }
    ]
  },
  {
    "id": 1972,
    "q": "إذا طلَّق الرجُلُ امرأتَه ثلاثًا، ثم انقضَت عدتُها، ونكحَت زوجًا غيرَه ودخَل بها، ثم فارَقَها وانقَضَت عدتُها؛ فإنْ نكَحها الأولُ؛ فإنها:",
    "level": 3,
    "link": "https://www.dorar.net/feqhia/4589/المبحث-الثالث:-إذا-طلقت-ثلاثا-فتزوجت-غيره،-ثم-تزوجها-الأول",
    "section": "figh-talag",
    "answers": [
      {
        "answer": "تَرِجع بما بقِيَ عليها",
        "t": 0
      },
      {
        "answer": "تَرجع بطلقةٍ واحدةٍ فقطْ بالإجماع",
        "t": 0
      },
      {
        "answer": "رجَعت إليه على ثلاثِ تطليقاتٍ جديدةٍ بالإجماع",
        "t": 1
      }
    ]
  },
  {
    "id": 1965,
    "q": "إذا طلَّق امرأتَه وشكَّ في عددِ الطلقاتِ، فإنه:",
    "level": 3,
    "link": "https://www.dorar.net/feqhia/4517/الفرع-الثالث:-الشك-في-الطَّلاق#t-3",
    "section": "figh-talag",
    "answers": [
      {
        "answer": "يقعُ ثلاثًا",
        "t": 0
      },
      {
        "answer": "يقعُ طلقتينِ",
        "t": 0
      },
      {
        "answer": "يَبْني على الأقل",
        "t": 1
      }
    ]
  },
  {
    "id": 1974,
    "q": "طلاقُ المفقودِ إنْ ثبَت ببيِّنةٍ، فإنه:",
    "level": 3,
    "link": "https://www.dorar.net/feqhia/4596/المبحث-الثالث:-طلاق-المفقود",
    "section": "figh-talag",
    "answers": [
      {
        "answer": "لا يقعُ بالإجماع",
        "t": 0
      },
      {
        "answer": "يقعُ إذا كان في الطلقة الثالثةِ",
        "t": 0
      },
      {
        "answer": "يقعُ باتِّفاق المذاهبِ الفقهيةِ الأربعةِ",
        "t": 1
      }
    ]
  },
  {
    "id": 1964,
    "q": "إذا علَّق الطَّلاق على شرطٍ، وشكَّ في وجودِ الشرطِ، فإنه:",
    "level": 3,
    "link": "https://www.dorar.net/feqhia/4517/الفرع-الثالث:-الشك-في-الطَّلاق#t-2",
    "section": "figh-talag",
    "answers": [
      {
        "answer": "لا يقعُ",
        "t": 1
      },
      {
        "answer": "يقعُ طَلقة واحِدَة",
        "t": 0
      },
      {
        "answer": "يقعُ ثلاثَ طلقاتٍ",
        "t": 0
      }
    ]
  },
  {
    "id": 1967,
    "q": "إذا شكَّ الرجلُ هل طلَّق امرأتَه أو لا، فإنَّه:",
    "level": 3,
    "link": "https://www.dorar.net/feqhia/4517/الفرع-الثالث:-الشك-في-الطَّلاق#t-1",
    "section": "figh-talag",
    "answers": [
      {
        "answer": "تقعُ طلقةً",
        "t": 0
      },
      {
        "answer": "لا يلزمُه الطَّلاقُ بالإجماعِ",
        "t": 1
      },
      {
        "answer": "تقعُ ثلاثًا",
        "t": 0
      }
    ]
  },
  {
    "id": 1982,
    "q": "مَذهبُ الحنابلةِ في رَجعةِ الصَّبيِّ المميِّز:",
    "level": 3,
    "link": "https://www.dorar.net/feqhia/4644/الفرع-الثاني:-من-شروط-الزوج-المرتجع:-البلوغ",
    "section": "figh-talag",
    "answers": [
      {
        "answer": "لا تَصِح",
        "t": 0
      },
      {
        "answer": "يُجبَر على الرَّجعة",
        "t": 0
      },
      {
        "answer": "تَصِح",
        "t": 1
      }
    ]
  },
  {
    "id": 1976,
    "q": "إذا خَلا الرجلُ بامرأتِه بعْد العقد، فإنَّ للمرأةِ:",
    "level": 3,
    "link": "https://www.dorar.net/feqhia/4609/المبحث-الثاني:-الفرقة-بالطَّلاق-بعد-العقد-والخلوة-وقبل-الدخول",
    "section": "figh-talag",
    "answers": [
      {
        "answer": "المهرَ كاملًا",
        "t": 1
      },
      {
        "answer": "نصفَ المهرِ",
        "t": 0
      },
      {
        "answer": "رُبعَ المهرِ",
        "t": 0
      }
    ]
  },
  {
    "id": 1975,
    "q": "إذا طلَّق الرجُلُ امرأتَه بلا عِوَضٍ ولا ما يَقْتضي بَينونتَها، فإنه:",
    "level": 3,
    "link": "https://www.dorar.net/feqhia/4599/المبحث-الأول:-الطلاق-بدون-عوض",
    "section": "figh-talag",
    "answers": [
      {
        "answer": "لا يحِقُّ له الرَّجعةُ",
        "t": 0
      },
      {
        "answer": "يَثبُت خيارُ الرَّجعة للزوجةِ دون الزَّوج",
        "t": 0
      },
      {
        "answer": "يَحِقُّ له الرَّجعةُ إذا كانت في عدتِها",
        "t": 1
      }
    ]
  },
  {
    "id": 1979,
    "q": "إذا تسبَّبت المرأةُ في الفُرقةِ بعْد الدخولِ:",
    "level": 3,
    "link": "https://www.dorar.net/feqhia/4616/المطلب-الثاني:-الفرقة-بالطَّلاق-بسبب-من-قبل-الزوجة-بعد-الدخول",
    "section": "figh-talag",
    "answers": [
      {
        "answer": "لا يَسقُط المهرُ",
        "t": 1
      },
      {
        "answer": "يَسقُط نصفُ المهر",
        "t": 0
      },
      {
        "answer": "يَسقُط المهرُ عن الزَّوج",
        "t": 0
      }
    ]
  }
]