[
  {
    "id": 5667,
    "q": "لا تُطلَقُ كَلِمةُ (ربٍّ) على غيرِ اللهِ إلَّا إذا كانَتْ",
    "level": 2,
    "link": "https://dorar.net/aqeeda/203",
    "section": "t-rab",
    "answers": [
      {
        "answer": "مُضافةً أو مُعرَّفةً",
        "t": 0
      },
      {
        "answer": "مُضافةً وغيرَ مُعرَّفةٍ",
        "t": 1
      },
      {
        "answer": "غيرَ مُضافةٍ أو غيرَ مُعرَّفةٍ",
        "t": 0
      }
    ]
  },
  {
    "id": 5670,
    "q": "قال اللهُ عزَّ وجلَّ: ﴿وَإِذَا مَسَّ الْإِنْسَانَ الضُّرُّ دَعَانَا لِجَنْبِهِ أَوْ قَاعِدًا أَوْ قَائِمًا﴾ المَقصودُ بالإنسانِ هنا",
    "level": 2,
    "link": "https://dorar.net/aqeeda/219",
    "section": "t-rab",
    "answers": [
      {
        "answer": "الكُفَّارُ",
        "t": 0
      },
      {
        "answer": "المُسلِمون",
        "t": 0
      },
      {
        "answer": "المُسلِمون والكُفَّارُ",
        "t": 1
      }
    ]
  },
  {
    "id": 5662,
    "q": "مَعرِفةُ اللهِ عزَّ وجلَّ",
    "level": 2,
    "link": "https://dorar.net/aqeeda/192",
    "section": "t-rab",
    "answers": [
      {
        "answer": "واجِبةٌ بالآياتِ والإجماعِ",
        "t": 1
      },
      {
        "answer": "واجِبةٌ بالآياتِ وَحْدَها",
        "t": 0
      },
      {
        "answer": "مُستحبَّةُ",
        "t": 0
      }
    ]
  },
  {
    "id": 5671,
    "q": "ورَدَ التَّكليفُ أوَّلًا بتَوحيدِ",
    "level": 2,
    "link": "https://dorar.net/aqeeda/194",
    "section": "t-rab",
    "answers": [
      {
        "answer": "الأُلوهيَّةِ",
        "t": 1
      },
      {
        "answer": "الأسماءِ والصِّفاتِ",
        "t": 0
      },
      {
        "answer": "الرُّبوبيَّةِ",
        "t": 0
      }
    ]
  },
  {
    "id": 5680,
    "q": "(اشتِراطُ النَّظَرِ والاستِدلالِ بالعَقلِ لحُصولِ العِلمِ بالصَّانِعِ) قائِلُ هذا هُم",
    "level": 2,
    "link": "https://dorar.net/aqeeda/234",
    "section": "t-rab",
    "answers": [
      {
        "answer": "الشِّيعةُ",
        "t": 0
      },
      {
        "answer": "مُتكلِّمُو المُعتَزِلةِ ونَحوهِم منَ المُتكَلِّمين",
        "t": 1
      },
      {
        "answer": "كلُّ المُتكلِّمين",
        "t": 0
      }
    ]
  },
  {
    "id": 5665,
    "q": "التَّوحيدُ الذي أنكَرَه المُبتَدِعةُ من الجَهميَّةِ والمُعتَزِلةِ والمُشبِّهةِ هو:",
    "level": 2,
    "link": "https://dorar.net/aqeeda/196",
    "section": "t-rab",
    "answers": [
      {
        "answer": "تَوحيدُ الرُّبوبيَّةِ",
        "t": 0
      },
      {
        "answer": "تَوحيدُ الأُلوهيَّةِ",
        "t": 0
      },
      {
        "answer": "توحيدُ الأسماءِ والصِّفاتِ",
        "t": 1
      }
    ]
  },
  {
    "id": 5674,
    "q": "قال تعالى: ﴿هَذَا بَلَاغٌ لِلنَّاسِ وَلِيُنْذَرُوا بِهِ وَلِيَعْلَمُوا أَنَّمَا هُوَ إِلَهٌ وَاحِدٌ﴾ في هذه الآيَةِ أخبَر سُبحانَه أنَّه ضَمَّن كِتابَه منَ البَراهينِ على أنَّه",
    "level": 2,
    "link": "https://dorar.net/aqeeda/232",
    "section": "t-rab",
    "answers": [
      {
        "answer": "ربُّ العالَمين",
        "t": 0
      },
      {
        "answer": "المُستحِقُّ للأُلوهيَّةِ وَحْدَه",
        "t": 1
      },
      {
        "answer": "المُتفَرِّدُ بصِفاتِ الكَمالِ",
        "t": 0
      }
    ]
  },
  {
    "id": 5676,
    "q": "قال تعالى: ﴿فَأَقِمْ وَجْهَكَ لِلدِّينِ حَنِيفًا فِطْرَتَ اللَّهِ الَّتِي فَطَرَ النَّاسَ عَلَيْهَا لَا تَبْدِيلَ لِخَلْقِ اللَّهِ﴾ هذا يُسمَّى ميثاقَ",
    "level": 2,
    "link": "https://dorar.net/aqeeda/272",
    "section": "t-rab",
    "answers": [
      {
        "answer": "الخَلْقِ",
        "t": 0
      },
      {
        "answer": "الحَنيفِيَّةِ",
        "t": 0
      },
      {
        "answer": "الفِطرةِ",
        "t": 1
      }
    ]
  },
  {
    "id": 5661,
    "q": "العلمُ بوحدانيَّةِ اللهِ عزَّ وجلَّ",
    "level": 2,
    "link": "https://dorar.net/aqeeda/192",
    "section": "t-rab",
    "answers": [
      {
        "answer": "يُكتفَى به وَحْدَه",
        "t": 0
      },
      {
        "answer": "لا بُدَّ مَعَه من عِبادَتِه وَحْدَه",
        "t": 1
      },
      {
        "answer": "لا بُدَّ مَعَه منَ الدَّعوةِ إلى اللهِ عزَّ وجلَّ",
        "t": 0
      }
    ]
  },
  {
    "id": 5678,
    "q": "وُجودُ اللهِ صفةٌ للهِ",
    "level": 2,
    "link": "https://dorar.net/aqeeda/234",
    "section": "t-rab",
    "answers": [
      {
        "answer": "بإجماعِ المُسلمِين وعند العُقَلاءِ منَ المُشركِين إلَّا المُلْحِدين",
        "t": 1
      },
      {
        "answer": "بإجماعِ المُسلِمين والمُشركِين",
        "t": 0
      },
      {
        "answer": "بإجماعِ المُسلِمين وَحْدَهم",
        "t": 0
      }
    ]
  },
  {
    "id": 5669,
    "q": "قال اللهُ عزَّ وجلَّ: ﴿وَمَا يُؤْمِنُ أَكْثَرُهُمْ بِاللَّهِ إِلَّا وَهُمْ مُشْرِكُونَ﴾ مَعنَى الإيمانِ هنا",
    "level": 2,
    "link": "https://dorar.net/aqeeda/210",
    "section": "t-rab",
    "answers": [
      {
        "answer": "الإقرارُ بتَوحيدِ الأسماءِ والصِّفاتِ",
        "t": 0
      },
      {
        "answer": "الإقرارُ بتَوحيدِ الرُّبوبيَّةِ",
        "t": 1
      },
      {
        "answer": "الإقرارُ بتَوحيدِ الألوهيَّةِ",
        "t": 0
      }
    ]
  },
  {
    "id": 5675,
    "q": "الميثاقُ الَّذي أخَذَه اللهُ على بني آدَمَ حينَ أخرَجَهُم من ظَهرِ أبيهِم آدمَ هوَ إقرارٌ",
    "level": 2,
    "link": "https://dorar.net/aqeeda/272",
    "section": "t-rab",
    "answers": [
      {
        "answer": "بالأُلوهيَّةِ",
        "t": 0
      },
      {
        "answer": "بالرُّبوبيَّةِ",
        "t": 1
      },
      {
        "answer": "بإفرادِهِ تَعالَى بصِفاتِ الجَلالِ والكَمالِ",
        "t": 0
      }
    ]
  },
  {
    "id": 5666,
    "q": "تَوحيدُ العِبادةِ",
    "level": 2,
    "link": "https://dorar.net/aqeeda/196",
    "section": "t-rab",
    "answers": [
      {
        "answer": "هو تَوحيدُ الأُلوهيَّةِ",
        "t": 1
      },
      {
        "answer": "هو تَوحيدُ الرُّبوبيَّةِ",
        "t": 0
      },
      {
        "answer": "هو توحيدُ الأسماءِ والصِّفاتِ",
        "t": 0
      }
    ]
  },
  {
    "id": 5664,
    "q": "الإقرارُ بالرُّبوبيَّةِ أمرٌ",
    "level": 2,
    "link": "https://dorar.net/aqeeda/194",
    "section": "t-rab",
    "answers": [
      {
        "answer": "واجِبٌ",
        "t": 0
      },
      {
        "answer": "فطرِيٌّ",
        "t": 1
      },
      {
        "answer": "ضَروريٌّ",
        "t": 0
      }
    ]
  },
  {
    "id": 5677,
    "q": "أتَتْ فاطِمةُ رضي الله عنها النَّبيَّ صلى الله عليه وسلم تَسأَلُه خادِمًا",
    "level": 2,
    "link": "https://dorar.net/aqeeda/234",
    "section": "t-rab",
    "answers": [
      {
        "answer": "لم يُعطِها وأرشَدَها إلى دُعاءٍ تَقولُه",
        "t": 1
      },
      {
        "answer": "أعطاها خادِمَينِ",
        "t": 0
      },
      {
        "answer": "أعطاها خادِمًا",
        "t": 0
      }
    ]
  },
  {
    "id": 5672,
    "q": "اعتِقادُ مُتصرِّفٍ مع اللهِ عزَّ وجلَّ في أيِّ شيءٍ يتعلَّقُ بتَدبيرِ الكَونِ هذا يُضادُّ تَوحيدَ",
    "level": 2,
    "link": "https://dorar.net/aqeeda/228",
    "section": "t-rab",
    "answers": [
      {
        "answer": "الأسماءِ والصِّفاتِ",
        "t": 0
      },
      {
        "answer": "الأُلوهيَّةِ",
        "t": 0
      },
      {
        "answer": "الرُّبوبيَّةِ",
        "t": 1
      }
    ]
  },
  {
    "id": 5673,
    "q": "قال اللهُ عزَّ وجلَّ: ﴿وَجَحَدُوا بِهَا وَاسْتَيْقَنَتْهَا أَنْفُسُهُمْ ظُلْمًا وَعُلُوًّا فَانْظُرْ كَيْفَ كَانَ عَاقِبَةُ الْمُفْسِدِينَ﴾ المَقصودُ بالَّذين جَحَدوا في هذه الآيةِ:",
    "level": 2,
    "link": "https://dorar.net/aqeeda/270",
    "section": "t-rab",
    "answers": [
      {
        "answer": "كفَّارُ قُريشٍ",
        "t": 0
      },
      {
        "answer": "فِرعَونُ وقَومُه",
        "t": 1
      },
      {
        "answer": "مُشرِكو أهلِ الكِتابِ",
        "t": 0
      }
    ]
  },
  {
    "id": 5668,
    "q": "تَوحيدُ الرُّبوبيَّةِ هو",
    "level": 2,
    "link": "https://dorar.net/aqeeda/205",
    "section": "t-rab",
    "answers": [
      {
        "answer": "الإقرارُ بأنَّهُ سُبحانَه الخالِقُ والرَّازِقُ ونَحوُه",
        "t": 1
      },
      {
        "answer": "الإقرارُ بأسمائه وصِفاتِه",
        "t": 0
      },
      {
        "answer": "إفرادُهُ سُبحانَه بالعِبادةِ",
        "t": 0
      }
    ]
  },
  {
    "id": 5663,
    "q": "أوَّلُ ما افتَرَضَ اللهُ على عبادِه",
    "level": 2,
    "link": "https://dorar.net/aqeeda/192",
    "section": "t-rab",
    "answers": [
      {
        "answer": "مَعرفةُ اللهِ والإقرارُ به فَقَط",
        "t": 0
      },
      {
        "answer": "مَعرِفةُ اللهِ والإقرارُ به وطاعَتُه",
        "t": 1
      },
      {
        "answer": "طاعتُه في الأمرِ والنَّهيِ فَقَط",
        "t": 0
      }
    ]
  },
  {
    "id": 5679,
    "q": "من هو قائل: (مَن وَصَف اللهَ بشيءٍ ممَّا وَصَف به نَفْسَه في كِتابِه أو حَدَّث عَنهُ رَسولُه ﷺ كان كافِرًا أوْ منَ المُشبِّهةِ)",
    "level": 2,
    "link": "https://dorar.net/aqeeda/234",
    "section": "t-rab",
    "answers": [
      {
        "answer": "المُتَكَلِّمون",
        "t": 0
      },
      {
        "answer": "الجَهمُ بنُ صَفْوانَ",
        "t": 1
      },
      {
        "answer": "الصُّوفيَّةُ",
        "t": 0
      }
    ]
  }
]