[
  {
    "id": 5691,
    "q": "التَّوحيدُ القَوليُّ",
    "level": 3,
    "link": "https://dorar.net/aqeeda/236",
    "section": "t-rab",
    "answers": [
      {
        "answer": "هو توحيدُ الرُّبوبيَّةِ",
        "t": 0
      },
      {
        "answer": "هو تَوحيدُ الأُلوهيَّةِ",
        "t": 0
      },
      {
        "answer": "هو تَوحيدُ الرُّبوبيَّةِ والأسماءِ والصِّفاتِ",
        "t": 1
      }
    ]
  },
  {
    "id": 5682,
    "q": "التَّوحيدُ الإرادِيُّ الطَّلَبيُّ",
    "level": 3,
    "link": "https://dorar.net/aqeeda/236",
    "section": "t-rab",
    "answers": [
      {
        "answer": "هو تَوحيدُ الأسماءِ والصِّفاتِ",
        "t": 0
      },
      {
        "answer": "هو تَوحيدُ الأُلوهيَّةِ",
        "t": 1
      },
      {
        "answer": "هو تَوحيدُ الرُّبوبيَّةِ",
        "t": 0
      }
    ]
  },
  {
    "id": 5690,
    "q": "عِبادتُه سُبحانَه وتَعالَى مَطلوبةٌ",
    "level": 3,
    "link": "https://dorar.net/aqeeda/232",
    "section": "t-rab",
    "answers": [
      {
        "answer": "لذاتِها ويُكتَفَى بها وَحْدَها",
        "t": 0
      },
      {
        "answer": "لغَيرِها ولا يُكتَفَى بها وَحْدَها",
        "t": 0
      },
      {
        "answer": "لذاتِها ولا يُكتَفَى بها وَحْدَها بل مَعَها العلمُ",
        "t": 1
      }
    ]
  },
  {
    "id": 5694,
    "q": "التَّوحيدُ المُنجِّي منَ الشِّركِ هو تَوحيدُ",
    "level": 3,
    "link": "https://dorar.net/aqeeda/252",
    "section": "t-rab",
    "answers": [
      {
        "answer": "الأُلوهيةِ",
        "t": 1
      },
      {
        "answer": "الرُّبوبِيَّةِ",
        "t": 0
      },
      {
        "answer": "الأسماءِ والصِّفاتِ",
        "t": 0
      }
    ]
  },
  {
    "id": 5695,
    "q": "دَلالَةُ الشَّرعِ على رُبوبِيَّتِه سُبحانَه تتَّضِحُ من وَجهَينِ",
    "level": 3,
    "link": "https://dorar.net/aqeeda/263",
    "section": "t-rab",
    "answers": [
      {
        "answer": "المُعجِزاتِ،  والأحكامِ المُتضمِّنةِ لمَصالِحِ الخَلقِ",
        "t": 1
      },
      {
        "answer": "الفِطرَةِ، والمُعجِزاتِ",
        "t": 0
      },
      {
        "answer": "العُلومِ، والأحكامِ المُتضمِّنةِ لمَصالِحِ الخَلقِ",
        "t": 0
      }
    ]
  },
  {
    "id": 5689,
    "q": "لا بُدَّ من مَوجودٍ قديمٍ غنيٍّ عمَّا سِواهُ هذا مَعلومٌ بضَرورةِ",
    "level": 3,
    "link": "https://dorar.net/aqeeda/234",
    "section": "t-rab",
    "answers": [
      {
        "answer": "النَّصِّ",
        "t": 0
      },
      {
        "answer": "الدَّلالةِ",
        "t": 0
      },
      {
        "answer": "العَقلِ",
        "t": 1
      }
    ]
  },
  {
    "id": 5686,
    "q": "أخَذَ اللهُ تَبارَك وتَعالَى المِيثاقَ مِن",
    "level": 3,
    "link": "https://dorar.net/aqeeda/234",
    "section": "t-rab",
    "answers": [
      {
        "answer": "ضِلعٍ مِن أَضلاعِ آدمَ",
        "t": 0
      },
      {
        "answer": "ظَهرِ آدَمَ",
        "t": 1
      },
      {
        "answer": "قَلبِ آدمَ",
        "t": 0
      }
    ]
  },
  {
    "id": 5696,
    "q": "دَلالةُ العَقلِ على رُبوبِيَّتِه سُبحانَه يُمكِنُ تَقسيمُها إلى نَوعَينِ",
    "level": 3,
    "link": "https://dorar.net/aqeeda/265",
    "section": "t-rab",
    "answers": [
      {
        "answer": "آياتِ اللهِ في خَلقِ النَّفسِ البَشَريَّةِ، وآياتِ اللهِ في خَلقِ الكَونِ",
        "t": 1
      },
      {
        "answer": "آياتِ اللهِ في خَلقِ المَلائكةِ، وآياتِ اللهِ في خَلقِ الكونِ",
        "t": 0
      },
      {
        "answer": "آياتِ اللهِ في خَلقِ الكَونِ، وآياتِ اللهِ في خَلقِ الجِنِّ",
        "t": 0
      }
    ]
  },
  {
    "id": 5681,
    "q": "العلمُ بوحدانيَّةِ اللهِ عزَّ وجلَّ مطلوبٌ",
    "level": 3,
    "link": "https://dorar.net/aqeeda/232",
    "section": "t-rab",
    "answers": [
      {
        "answer": "لغَيرِه ولا يُكتَفَى به وَحْدَه",
        "t": 0
      },
      {
        "answer": "لذاتِه ولا يُكتَفَى به وَحْدَه بل مَعَه العِبادةُ",
        "t": 1
      },
      {
        "answer": "لذاتِه ويُكتَفَى به وَحْدَه",
        "t": 0
      }
    ]
  },
  {
    "id": 5699,
    "q": "قال تعالى: ﴿أَمْ خُلِقُوا مِنْ غَيْرِ شَيْءٍ أَمْ هُمُ الْخَالِقُونَ ﴾ هذا المَقامُ في إثباتِ",
    "level": 3,
    "link": "https://dorar.net/aqeeda/234",
    "section": "t-rab",
    "answers": [
      {
        "answer": "مَادَّةِ خَلْقِ بنِي آدمَ",
        "t": 0
      },
      {
        "answer": "صِفاتِ الكَمالِ للهِ عزَّ وجلَّ",
        "t": 0
      },
      {
        "answer": "الرُّبوبيَّةِ وتَوحيدِ الأُلوهيَّةِ",
        "t": 1
      }
    ]
  },
  {
    "id": 5700,
    "q": "(العالَمُ كان في الأزَلِ أجزاءً مَبثوثةً تَتحرَّكُ على غَيرِ استِقامةٍ واصطَكَّتِ اتِّفاقًا فحَصَل العالَمُ بالشَّكلِ الَّذي تَراهُ). هذا قَولُ",
    "level": 3,
    "link": "https://dorar.net/aqeeda/234",
    "section": "t-rab",
    "answers": [
      {
        "answer": "شِرْذِمةٌ قَليلةٌ منَ الدَّهريَّةِ",
        "t": 1
      },
      {
        "answer": "أهلِ الكِتابِ",
        "t": 0
      },
      {
        "answer": "المُشرِكين",
        "t": 0
      }
    ]
  },
  {
    "id": 5693,
    "q": "أوَّلُ ما يتعلَّقُ القَلبُ يتعلَّقُ بتَوحيدِ",
    "level": 3,
    "link": "https://dorar.net/aqeeda/247",
    "section": "t-rab",
    "answers": [
      {
        "answer": "الأُلوهيَّةِ",
        "t": 0
      },
      {
        "answer": "الأسماءِ والصِّفاتِ",
        "t": 0
      },
      {
        "answer": "الرُّبوبيَّةِ",
        "t": 1
      }
    ]
  },
  {
    "id": 5687,
    "q": "في الوُجودِ ما هو قَديمٌ واجِبٌ بنَفسِه وما هو مُحدَثٌ مُمكِنٌ يَقبَلُ الوُجودَ والعَدَمَ هذا مَعلومٌ",
    "level": 3,
    "link": "https://dorar.net/aqeeda/234",
    "section": "t-rab",
    "answers": [
      {
        "answer": "بالنَّصِّ",
        "t": 0
      },
      {
        "answer": "بالضَّرورةِ",
        "t": 1
      },
      {
        "answer": "بالعَقلِ",
        "t": 0
      }
    ]
  },
  {
    "id": 5688,
    "q": "العِبادةُ لا تُقبَلُ شَرعًا إلَّا بشَرطَينِ",
    "level": 3,
    "link": "https://dorar.net/aqeeda/236",
    "section": "t-rab",
    "answers": [
      {
        "answer": "الأوَّلُ الإخلاصُ للهِ والثَّاني تَحقيقُ التَّوحيدِ",
        "t": 0
      },
      {
        "answer": "الأوَّلُ الإخلاصُ للهِ والثَّاني مُتابعةُ رَسولِه صلى الله عليه وسلم",
        "t": 1
      },
      {
        "answer": "الأوَّلُ الإخلاصُ للهِ والثَّاني الإيمانُ به",
        "t": 0
      }
    ]
  },
  {
    "id": 5685,
    "q": "العِلمُ النَّافعُ يدُلُّ على أمرَينِ",
    "level": 3,
    "link": "https://dorar.net/aqeeda/232",
    "section": "t-rab",
    "answers": [
      {
        "answer": "أحدُهُما: مَعرِفةُ اللهِ، والثَّاني: المَعرِفةُ بما يُحِبُّه ويَرضاهُ",
        "t": 1
      },
      {
        "answer": "أحدُهُما: العِبادَة، والثَّاني: صِحَّة العِبادَة",
        "t": 0
      },
      {
        "answer": "أحدُهُما: الإيمانُ، والثَّاني: العَملُ",
        "t": 0
      }
    ]
  },
  {
    "id": 5698,
    "q": "التَّوحيدُ العِلميُّ الخبَريُّ",
    "level": 3,
    "link": "https://dorar.net/aqeeda/236",
    "section": "t-rab",
    "answers": [
      {
        "answer": "هو تَوحيدُ الرُّبوبيَّةِ والأُلوهيَّةِ",
        "t": 0
      },
      {
        "answer": "هو تَوحيدُ الرُّبوبيَّةِ والأَسماءِ والصِّفاتِ",
        "t": 1
      },
      {
        "answer": "هو تَوحيدُ الأُلوهيَّةِ والأسماءِ والصِّفاتِ",
        "t": 0
      }
    ]
  },
  {
    "id": 5684,
    "q": "مَعرِفةُ حَقيقةِ ذاتِ اللهِ عزَّ وجلَّ وحَقيقةِ صِفاتِه",
    "level": 3,
    "link": "https://dorar.net/aqeeda/232",
    "section": "t-rab",
    "answers": [
      {
        "answer": "غيرُ مَطلوبٍ منَّا والوُصولُ إليها مُستَحيلٌ",
        "t": 1
      },
      {
        "answer": "مُستحَبَّةٌ لمَعرفَةِ آلائهِ في خَلقِه",
        "t": 0
      },
      {
        "answer": "ركُنٌ مِن أَركانِ الإيمانِ به سُبحانه",
        "t": 0
      }
    ]
  },
  {
    "id": 5683,
    "q": "الدَّليلُ على رُبوبِيَّتِه سُبحانَه",
    "level": 3,
    "link": "https://dorar.net/aqeeda/257",
    "section": "t-rab",
    "answers": [
      {
        "answer": "الفِطرةُ والشَّرعُ والحِسُّ والعَقلُ",
        "t": 1
      },
      {
        "answer": "القَلبُ واللِّسانُ والجَوارحُ",
        "t": 0
      },
      {
        "answer": "العِلمُ واليَقينُ والإِقرارُ والقَبُولُ",
        "t": 0
      }
    ]
  },
  {
    "id": 5697,
    "q": "العِلمُ بأنَّ وُجودَ العالَمِ عن صَانِعَين مُتماثِلَين مُمتَنِعٌ لذاتِه مَعلومٌ بُطلانُه بصَريحِ",
    "level": 3,
    "link": "https://dorar.net/aqeeda/265",
    "section": "t-rab",
    "answers": [
      {
        "answer": "النَّظَرِ",
        "t": 0
      },
      {
        "answer": "النَّقلِ",
        "t": 0
      },
      {
        "answer": "العَقلِ",
        "t": 1
      }
    ]
  },
  {
    "id": 5692,
    "q": "كَلِمةُ ربٍّ بالإضافةِ تُقالُ",
    "level": 3,
    "link": "https://dorar.net/aqeeda/243",
    "section": "t-rab",
    "answers": [
      {
        "answer": "للهِ وَحْدَه",
        "t": 0
      },
      {
        "answer": "للهِ ولغَيرِ اللهِ مُطْلَقًا",
        "t": 0
      },
      {
        "answer": "للهِ ولغَيرِ اللهِ بحَسَبِ الإضافةِ",
        "t": 1
      }
    ]
  }
]