[
  {
    "id": 5642,
    "q": "مَن مات وهُو يَعلَمُ أنَّه لا إلهَ إلَّا اللهُ",
    "level": 1,
    "link": "https://dorar.net/aqeeda/192",
    "section": "t-rab",
    "answers": [
      {
        "answer": "غُفِرَ ذَنبُه",
        "t": 0
      },
      {
        "answer": "دخَل الجنةَ",
        "t": 1
      },
      {
        "answer": "كان من أهلِ الأعرافِ",
        "t": 0
      }
    ]
  },
  {
    "id": 5655,
    "q": "أشرَفُ العُلومِ وأكرَمُها على اللهِ تعالى",
    "level": 1,
    "link": "https://dorar.net/aqeeda/192",
    "section": "t-rab",
    "answers": [
      {
        "answer": "علمُ التَّفسيرِ",
        "t": 0
      },
      {
        "answer": "علمُ التَّوحيدِ",
        "t": 1
      },
      {
        "answer": "علمُ الفِقهِ",
        "t": 0
      }
    ]
  },
  {
    "id": 5658,
    "q": "قولُه تَعالَى: ﴿إِيَّاكَ نَعْبُدُ وَإِيَّاكَ نَسْتَعِينُ﴾ يدلُّ على تَوحيدِ",
    "level": 1,
    "link": "https://dorar.net/aqeeda/196",
    "section": "t-rab",
    "answers": [
      {
        "answer": "الرُّبوبيَّةِ",
        "t": 0
      },
      {
        "answer": "الأسماءِ والصِّفاتِ",
        "t": 0
      },
      {
        "answer": "الأُلوهيَّةِ",
        "t": 1
      }
    ]
  },
  {
    "id": 5647,
    "q": "التَّوحيدُ الذي لا يُنكِرُه المُشرِكون",
    "level": 1,
    "link": "https://dorar.net/aqeeda/205",
    "section": "t-rab",
    "answers": [
      {
        "answer": "تَوحيدُ الأسماءِ والصِّفاتِ",
        "t": 0
      },
      {
        "answer": "تَوحيدُ الأُلوهيَّةِ",
        "t": 0
      },
      {
        "answer": "تَوحيدُ الرُّبوبيَّةِ",
        "t": 1
      }
    ]
  },
  {
    "id": 5648,
    "q": "أعظَمُ الذُّنوبِ عند اللهِ عزَّ وجلَّ",
    "level": 1,
    "link": "https://dorar.net/aqeeda/2397",
    "section": "t-rab",
    "answers": [
      {
        "answer": "شُرْبُ الخمرِ",
        "t": 0
      },
      {
        "answer": "الإشراكُ باللهِ",
        "t": 1
      },
      {
        "answer": "قَتلُ النفسِ ظُلمًا",
        "t": 0
      }
    ]
  },
  {
    "id": 5660,
    "q": "من أسْماءِ اللهِ تَعالَى المَلِكُ وهو دليلٌ على توحيدِ",
    "level": 1,
    "link": "https://dorar.net/aqeeda/196",
    "section": "t-rab",
    "answers": [
      {
        "answer": "الرُّبوبِيَّةِ",
        "t": 1
      },
      {
        "answer": "الأُلوهِيَّةِ",
        "t": 0
      },
      {
        "answer": "الأسماءِ والصِّفاتِ",
        "t": 0
      }
    ]
  },
  {
    "id": 5656,
    "q": "قال صلى الله عليه وسلم: مَن عَمِل عَمَلًا ليسَ عَلَيهِ أَمْرُنا فهُوَ:",
    "level": 1,
    "link": "https://dorar.net/aqeeda/196",
    "section": "t-rab",
    "answers": [
      {
        "answer": "غافِلٌ",
        "t": 0
      },
      {
        "answer": "رَدٌّ",
        "t": 1
      },
      {
        "answer": "فاسِقٌ",
        "t": 0
      }
    ]
  },
  {
    "id": 5653,
    "q": "كلُّ مَخلوقٍ كبيرٍ أو صغيرٍ هو آيةٌ من آياتِ اللهِ العَظيمةِ الدَّالَّةِ على",
    "level": 1,
    "link": "https://dorar.net/aqeeda/225",
    "section": "t-rab",
    "answers": [
      {
        "answer": "وَحدانِيَّتِه",
        "t": 0
      },
      {
        "answer": "أُلوهيَّتِه",
        "t": 0
      },
      {
        "answer": "رُبوبِيَّتِه",
        "t": 1
      }
    ]
  },
  {
    "id": 5645,
    "q": "تَوحيدُ الأُلوهيَّةِ",
    "level": 1,
    "link": "https://dorar.net/aqeeda/196",
    "section": "t-rab",
    "answers": [
      {
        "answer": "هو الإيمانُ بأنَّ اللهَ خَلَقَنا ورَزَقَنا",
        "t": 0
      },
      {
        "answer": "هو الإيمانُ بأنَّه مُدبِّرُ أُمورِ الكَونِ",
        "t": 0
      },
      {
        "answer": "هو الإخلاصُ للهِ في العِبادةِ",
        "t": 1
      }
    ]
  },
  {
    "id": 5659,
    "q": "قولُه تَعالَى: ﴿لَيْسَ كَمِثْلِهِ شَيْءٌ وَهُوَ السَّمِيعُ الْبَصِيرُ﴾ يدلُّ على تَوحيدِ",
    "level": 1,
    "link": "https://dorar.net/aqeeda/196",
    "section": "t-rab",
    "answers": [
      {
        "answer": "الأسماءِ والصِّفاتِ",
        "t": 1
      },
      {
        "answer": "الرُّبوبيَّة",
        "t": 0
      },
      {
        "answer": "الأُلوهيَّةِ",
        "t": 0
      }
    ]
  },
  {
    "id": 5641,
    "q": "أوَّلُ ما يجبُ على الإنسانِ مَعرِفَتُه",
    "level": 1,
    "link": "https://dorar.net/aqeeda/192",
    "section": "t-rab",
    "answers": [
      {
        "answer": "دينُه",
        "t": 0
      },
      {
        "answer": "اللهُ عزَّ وجلَّ",
        "t": 1
      },
      {
        "answer": "نَبيُّه صلى الله عليه وسلم",
        "t": 0
      }
    ]
  },
  {
    "id": 5649,
    "q": "لم يَذكُرِ اللهُ جُحودَ الصَّانعِ إلَّا عن",
    "level": 1,
    "link": "https://dorar.net/aqeeda/210",
    "section": "t-rab",
    "answers": [
      {
        "answer": "أَهلِ السَّبتِ",
        "t": 0
      },
      {
        "answer": "إبليس",
        "t": 0
      },
      {
        "answer": "فِرعونَ",
        "t": 1
      }
    ]
  },
  {
    "id": 5644,
    "q": "وُجودُ اللهِ مَعلومٌ منَ الدِّينِ",
    "level": 1,
    "link": "https://dorar.net/aqeeda/194",
    "section": "t-rab",
    "answers": [
      {
        "answer": "بالضَّرورةِ",
        "t": 1
      },
      {
        "answer": "بالعَقلِ",
        "t": 0
      },
      {
        "answer": "بالنَّصِّ",
        "t": 0
      }
    ]
  },
  {
    "id": 5646,
    "q": "حقُّ اللهِ على العبادِ",
    "level": 1,
    "link": "https://dorar.net/aqeeda/196",
    "section": "t-rab",
    "answers": [
      {
        "answer": "أن يُؤدُّوا زَكاةَ أَموالِهم",
        "t": 0
      },
      {
        "answer": "أن يَعبدُوه ولا يُشركِوا به شيئًا",
        "t": 1
      },
      {
        "answer": "أن يَتَّقُوا الله في السِّرِّ والعَلَن",
        "t": 0
      }
    ]
  },
  {
    "id": 5657,
    "q": "في قولِه تَعالَى: ﴿هُوَ ‌الْأَوَّلُ ‌وَالْآخِرُ وَالظَّاهِرُ وَالْبَاطِنُ وَهُوَ بِكُلِّ شَيْءٍ عَلِيمٌ﴾",
    "level": 1,
    "link": "https://dorar.net/aqeeda/194",
    "section": "t-rab",
    "answers": [
      {
        "answer": "أربعةُ أسماءٍ للهِ عزَّ وجلَّ",
        "t": 0
      },
      {
        "answer": "ستَّةُ أسماءٍ لله عزَّ وجلَّ",
        "t": 0
      },
      {
        "answer": "خَمسةُ أسماءٍ لله عزَّ وجلَّ",
        "t": 1
      }
    ]
  },
  {
    "id": 5650,
    "q": "التَّوحيدُ الذي اجتَمعَت عَليهِ الخَلائقُ مُؤمِنُها وكافِرُها",
    "level": 1,
    "link": "https://dorar.net/aqeeda/212",
    "section": "t-rab",
    "answers": [
      {
        "answer": "تَوحيدُ الأسماءِ والصِّفاتِ",
        "t": 0
      },
      {
        "answer": "تَوحيدُ الأُلوهيَّةِ",
        "t": 0
      },
      {
        "answer": "تَوحيدُ الرُّبوبيَّةِ",
        "t": 1
      }
    ]
  },
  {
    "id": 5651,
    "q": "الكَلِمةُ الفارقةُ بين الكُفرِ والإسلامِ",
    "level": 1,
    "link": "https://dorar.net/aqeeda/212",
    "section": "t-rab",
    "answers": [
      {
        "answer": "لا خالِقَ إلَّا اللهُ",
        "t": 0
      },
      {
        "answer": "لا ربَّ إلَّا اللهُ",
        "t": 0
      },
      {
        "answer": "لا إلهَ إلَّا اللهُ",
        "t": 1
      }
    ]
  },
  {
    "id": 5652,
    "q": "أرسَل اللهُ نَبيَّه صلَّى اللهُ عليهِ وسلَّمَ بمُعجِزةٍ ظاهِرةٍ بيِّنة باقِيةٍ وهي",
    "level": 1,
    "link": "https://dorar.net/aqeeda/856",
    "section": "t-rab",
    "answers": [
      {
        "answer": "شَقُّ القَمَرِ",
        "t": 0
      },
      {
        "answer": "رِحلةُ الإسراءِ والمِعراج",
        "t": 0
      },
      {
        "answer": "القُرآنُ الكريمُ",
        "t": 1
      }
    ]
  },
  {
    "id": 5643,
    "q": "كلُّ مَولودٍ يُولَدُ على",
    "level": 1,
    "link": "https://dorar.net/aqeeda/192",
    "section": "t-rab",
    "answers": [
      {
        "answer": "عَجزِ الذَّنَب",
        "t": 0
      },
      {
        "answer": "الفِطرةِ",
        "t": 1
      },
      {
        "answer": "بِرِّ الوالدَينِ",
        "t": 0
      }
    ]
  },
  {
    "id": 5654,
    "q": "قولُه تَعالَى: (مَا عَلِمْتُ لَكُمْ مِنْ إِلَهٍ غَيْرِي) قائِلُ هذه العِبارةِ هو",
    "level": 1,
    "link": "https://dorar.net/aqeeda/230",
    "section": "t-rab",
    "answers": [
      {
        "answer": "فِرعونُ",
        "t": 1
      },
      {
        "answer": "مُسيلِمَةُ الكَذَّابُ",
        "t": 0
      },
      {
        "answer": "النَّمرودُ",
        "t": 0
      }
    ]
  }
]