[
  {
    "id": 565,
    "q": "قالَ تَعالَى: {إِنَّ الَّذِينَ آمَنُوا وَعَمِلُوا الصَّالِحَاتِ يَهْدِيهِمْ رَبُّهُمْ بِإِيمَانِهِمْ}، جُعِلَ الإيمانُ وَحدَه سَبَبَ الهِداية:",
    "level": 2,
    "link": "https://dorar.net/tafseer/10/4",
    "section": "yoonus",
    "answers": [
      {
        "answer": "لِأنَّ الإيمانَ يَشملُ الإقرارَ والقَولَ والعَملَ فجمعَ كلَّ الجَوارِح",
        "t": 0
      },
      {
        "answer": "لِأنَّه هو الباعِثُ النَّفسيُّ لها",
        "t": 1
      },
      {
        "answer": "لِأنَّ أساسَ الدِّينِ هو الإيمانُ وبدُونِه يَحبطُ العَملُ",
        "t": 0
      }
    ]
  },
  {
    "id": 567,
    "q": "قَولُه تعالى: {فَنَذَرُ الَّذِينَ لَا يَرْجُونَ لِقَاءَنَا فِي طُغْيَانِهِمْ يَعْمَهُونَ}، معنى {يَعْمَهُونَ} :",
    "level": 2,
    "link": "https://dorar.net/tafseer/10/5",
    "section": "yoonus",
    "answers": [
      {
        "answer": "يَستَمِرُّونَ",
        "t": 0
      },
      {
        "answer": "يَتَرَدَّدونَ ويَتَحَيَّرونَ",
        "t": 1
      },
      {
        "answer": "يُصِيبُهم العَمَى",
        "t": 0
      }
    ]
  },
  {
    "id": 564,
    "q": "سَمَّى سُبحانَه الشَّمسَ سِراجًا وضياءً:",
    "level": 2,
    "link": "https://dorar.net/tafseer/10/3",
    "section": "yoonus",
    "answers": [
      {
        "answer": "مِن بابِ التَّعبيرِ  بالسَّببِ عن المُسبِّب",
        "t": 0
      },
      {
        "answer": "لأنَّها تُسرَجُ باللَّيلِ وتُضِيءُ بالنَّهارِ فجَمعَت بينهُما",
        "t": 0
      },
      {
        "answer": "لِأنَّ فيها مَعَ الإنارة والإشراقِ تَسخينًا وإحراقًا، فَهي بِالنَّارِ أشبَهُ",
        "t": 1
      }
    ]
  },
  {
    "id": 561,
    "q": "في قوله تعالى: {أَكَانَ لِلنَّاسِ عَجَبًا أَنْ أَوْحَيْنَا إِلَى رَجُلٍ مِنْهُمْ}، تَقديمُ خَبَرِ (كانَ) على اسمِها:",
    "level": 2,
    "link": "https://dorar.net/tafseer/10/1",
    "section": "yoonus",
    "answers": [
      {
        "answer": "لِلِاهتِمامِ بِه",
        "t": 1
      },
      {
        "answer": "لِلتَّأكيدِ",
        "t": 0
      },
      {
        "answer": "لِلِاستِفهامِ",
        "t": 0
      }
    ]
  },
  {
    "id": 571,
    "q": "قَولُه تعالى: {قُلْ لَوْ شَاءَ اللَّهُ مَا تَلَوْتُهُ عَلَيْكُمْ وَلَا أَدْرَاكُمْ بِهِ}، معنى (أَدْرَاكُمْ):",
    "level": 2,
    "link": "https://dorar.net/tafseer/10/7",
    "section": "yoonus",
    "answers": [
      {
        "answer": "أَعلَمكُم وأخبَرَكم",
        "t": 1
      },
      {
        "answer": "بَارَكَكُم وهَداكُم",
        "t": 0
      },
      {
        "answer": "سَأَلَكُم وطالَبَكُم",
        "t": 0
      }
    ]
  },
  {
    "id": 568,
    "q": "قَولُه تعالى: {ثُمَّ جَعَلْنَاكُمْ خَلَائِفَ فِي الْأَرْضِ}، معنى {خَلَائِفَ}:",
    "level": 2,
    "link": "https://dorar.net/tafseer/10/6",
    "section": "yoonus",
    "answers": [
      {
        "answer": "خُلَفاءَ",
        "t": 0
      },
      {
        "answer": "سُكَّانًا يَخلُفُ بَعضُكم بَعضًا",
        "t": 1
      },
      {
        "answer": "مُستَمِرِّينَ",
        "t": 0
      }
    ]
  },
  {
    "id": 569,
    "q": "قَوله: {وَلَقَدْ أَهْلَكْنَا الْقُرُونَ مِنْ قَبْلِكُمْ}، فيه:",
    "level": 2,
    "link": "https://dorar.net/tafseer/10/6",
    "section": "yoonus",
    "answers": [
      {
        "answer": "التَّعبيرُ بجَمعِ القِلَّة للتَّحقيرِ والتَّوبيخ",
        "t": 0
      },
      {
        "answer": "تَوكيد التَّهديد والوَعيد",
        "t": 1
      },
      {
        "answer": "إِيثارُ الجُملةِ الاسميَّة لإفادَةِ التَّخصيص",
        "t": 0
      }
    ]
  },
  {
    "id": 563,
    "q": "قَوله تَعالَى: {لِيَجْزِيَ الَّذِينَ آمَنُوا وَعَمِلُوا الصَّالِحَاتِ بِالْقِسْطِ}، لَمْ يُعَيِّنِ اللَّه تَعالَى ثَوابَ المُؤمِنينَ وجَزاءَهم:",
    "level": 2,
    "link": "https://dorar.net/tafseer/10/2",
    "section": "yoonus",
    "answers": [
      {
        "answer": "لِأنَّه تَعالَى يَتَوَلَّى إثابة المُؤمِنينَ بِما يَليقُ بِلُطفِه وكَرَمِه",
        "t": 1
      },
      {
        "answer": "لشَحْذِ أَذهانِهم في تَخيُّلِ عَطاءِ الله عزَّ وجلَّ",
        "t": 0
      },
      {
        "answer": "لأنَّ الجنَّة فيها ما لا عَينٌ رأتْ ولا أُذنٌ سَمِعَت",
        "t": 0
      }
    ]
  },
  {
    "id": 575,
    "q": "في قَولِه تعالى: {فَلَمَّا أَنْجَاهُمْ إِذَا هُمْ يَبْغُونَ فِي الْأَرْضِ}؛ زيادة (في الأرضِ) لِلدَّلالة على:",
    "level": 2,
    "link": "https://dorar.net/tafseer/10/9",
    "section": "yoonus",
    "answers": [
      {
        "answer": "تَعيينِ بَغيِهم على الأرضِ",
        "t": 0
      },
      {
        "answer": "شُمول بَغيِهم لِأقطارِها",
        "t": 1
      },
      {
        "answer": "قَصرِ بَغيِهم في الأرضِ",
        "t": 0
      }
    ]
  },
  {
    "id": 562,
    "q": "قَوله تعالى: {وَبَشِّرِ الَّذِينَ آمَنُوا أَنَّ لَهُمْ قَدَمَ صِدْقٍ عِنْدَ رَبِّهِمْ}، أي: سابِقةً ومَنزِلةً رَفيعة؛ سُمِّيتْ قَدَمًا:",
    "level": 2,
    "link": "https://dorar.net/tafseer/10/1",
    "section": "yoonus",
    "answers": [
      {
        "answer": "لِلدَّلالة على صِدقِهم",
        "t": 0
      },
      {
        "answer": "لِأنَّ السَّبقَ بِها",
        "t": 1
      },
      {
        "answer": "إشارةً إلى سَعيِهم عليها في سَبيلِ الله بالدُّنيا",
        "t": 0
      }
    ]
  },
  {
    "id": 579,
    "q": "قَولُه تعالى: {فَإِنْ فَعَلْتَ فَإِنَّكَ إِذًا مِنَ الظَّالِمِينَ}، المَقصود بِالفِعلِ هو:",
    "level": 2,
    "link": "https://dorar.net/tafseer/10/34",
    "section": "yoonus",
    "answers": [
      {
        "answer": "الشِّرك",
        "t": 1
      },
      {
        "answer": "المَعصية",
        "t": 0
      },
      {
        "answer": "تَرْك الدَّعوة",
        "t": 0
      }
    ]
  },
  {
    "id": 578,
    "q": "قَوله تعالى: {لَقَدْ جَاءَكَ الْحَقُّ مِنْ رَبِّكَ}، جُملة مُستَأنِفة استِئنافًا بَيانيًّا، وقُرِنَتِ الجُملة بِحَرفَيِ التَّأكيدِ، وهُما:",
    "level": 2,
    "link": "https://dorar.net/tafseer/10/31",
    "section": "yoonus",
    "answers": [
      {
        "answer": "(مِنْ) و (قَدْ)",
        "t": 0
      },
      {
        "answer": "لام القَسَمِ و(قَدْ)",
        "t": 1
      },
      {
        "answer": "(مِنْ) ولام القَسَمِ",
        "t": 0
      }
    ]
  },
  {
    "id": 580,
    "q": "«كُنتُ خَلفَ رَسولِ اللَّه ﷺ يَومًا، فَقالَ: يا غُلامُ، إنِّي أُعَلِّمُكَ كَلِمات: احفَظِ اللَّهَ يَحفَظْكَ، احفَظِ اللَّهَ تَجِدْه تُجاهَكَ:» القائِل هو:",
    "level": 2,
    "link": "https://dorar.net/tafseer/10/34",
    "section": "yoonus",
    "answers": [
      {
        "answer": "مُعاذ بن جَبَل",
        "t": 0
      },
      {
        "answer": "عَبد اللَّه بن عُمَر",
        "t": 0
      },
      {
        "answer": "عَبد اللَّه بن عَبَّاس",
        "t": 1
      }
    ]
  },
  {
    "id": 572,
    "q": "قَوله تَعالَى: {فَمَنْ أَظْلَمُ مِمَّنِ افْتَرَى عَلَى اللَّهِ كَذِبًا أَوْ كَذَّبَ بِآيَاتِهِ}، المَقصود مِن قوله: {أَوْ كَذَّبَ بِآيَاتِهِ}:",
    "level": 2,
    "link": "https://dorar.net/tafseer/10/7",
    "section": "yoonus",
    "answers": [
      {
        "answer": "إِخبارُهم بما يَسوءُهُم يومَ القِيامَة",
        "t": 0
      },
      {
        "answer": "إلحاقُ الوَعيدِ الشَّديدِ بهم",
        "t": 1
      },
      {
        "answer": "تَهديهُم بالعَذابِ رجاءَ أن يَتوقَّفُوا عن تَكذيبِ النبيِّ ﷺ",
        "t": 0
      }
    ]
  },
  {
    "id": 577,
    "q": "قَولُه تعالى: {فَلَا تَكُونَنَّ مِنَ الْمُمْتَرِينَ}، معنى {الْمُمْتَرِينَ}:",
    "level": 2,
    "link": "https://dorar.net/tafseer/10/31",
    "section": "yoonus",
    "answers": [
      {
        "answer": "المُكَذِّبينَ",
        "t": 0
      },
      {
        "answer": "الكُفَّارُ",
        "t": 0
      },
      {
        "answer": "المُتَرَدِّدينَ",
        "t": 1
      }
    ]
  },
  {
    "id": 576,
    "q": "قَولُه تعالى: {وَلَقَدْ بَوَّأْنَا بَنِي إِسْرَائِيلَ مُبَوَّأَ صِدْقٍ} أي:",
    "level": 2,
    "link": "https://dorar.net/tafseer/10/31",
    "section": "yoonus",
    "answers": [
      {
        "answer": "رِزقًا كثيرًا مُباركًا",
        "t": 0
      },
      {
        "answer": "كِتابًا صادِقًا؛ والمَقصُود: التَّوراة",
        "t": 0
      },
      {
        "answer": "مُنزَلًا مَحمودًا مُختارًا",
        "t": 1
      }
    ]
  },
  {
    "id": 570,
    "q": "قَوله تعالى: {وَمَا كَانُوا لِيُؤْمِنُوا}، الضَّمير عائِد على:",
    "level": 2,
    "link": "https://dorar.net/tafseer/10/6",
    "section": "yoonus",
    "answers": [
      {
        "answer": "أهلِ الكِتابِ",
        "t": 0
      },
      {
        "answer": "المُنافِقينَ",
        "t": 0
      },
      {
        "answer": "أهل مَكَّة",
        "t": 1
      }
    ]
  },
  {
    "id": 566,
    "q": "قَولُه تعالى: {وَرَضُوا بِالْحَيَاةِ الدُّنْيَا}، فيه مَحذوف، تَقديرُه:",
    "level": 2,
    "link": "https://dorar.net/tafseer/10/4",
    "section": "yoonus",
    "answers": [
      {
        "answer": "وَرَضُوا بِالحَياةِ الدُّنيا تَكذيبًا بالآخِرة",
        "t": 0
      },
      {
        "answer": "وَرَضُوا بالحَياةِ الدُّنيا مِنَ الآخِرة",
        "t": 1
      },
      {
        "answer": "وَرَضُوا بالحَياةِ الدُّنيا فَرَحًا بها",
        "t": 0
      }
    ]
  },
  {
    "id": 574,
    "q": "قَولُه تعالى: {وَيَعْبُدُونَ مِنْ دُونِ اللَّهِ مَا لَا يَضُرُّهُمْ وَلَا يَنْفَعُهُمْ} قَدَّمَ (ما لا يَضُرُّهم) على (ما لا يَنفَعُهم):",
    "level": 2,
    "link": "https://dorar.net/tafseer/10/8#tt9",
    "section": "yoonus",
    "answers": [
      {
        "answer": "لِأنَّ دَفعَ الضُّرِّ أَشَقُّ مِن جَلبِ النَّفعِ",
        "t": 0
      },
      {
        "answer": "لِأنَّ العِبادة تُقامُ لِلمَعبودِ خَوفًا مِن العِقابِ أوَّلًا، ثُمَّ رَجاءً لِلثَّوابِ بعد ذلك",
        "t": 1
      },
      {
        "answer": "لِأنَّ مَضرَّةَ الدُّنيا تَسبِقُ نَعيمَ الجِنانِ في الآخرةِ",
        "t": 0
      }
    ]
  },
  {
    "id": 573,
    "q": "قَوله: {إِنَّهُ لَا يُفْلِحُ الْمُجْرِمُونَ}، فيه تَأكيد الجُملة بِحَرفِ التَّأكيدِ (إنَّ)؛ وذلك:",
    "level": 2,
    "link": "https://dorar.net/tafseer/10/7#tt9",
    "section": "yoonus",
    "answers": [
      {
        "answer": "لِبَيانِ حَصرِ العُقوبَةِ على المُجرِمينَ تَشنِيعًا عليهم",
        "t": 0
      },
      {
        "answer": "للِتَأكيدِ التَّخصِيصِي",
        "t": 0
      },
      {
        "answer": "لِشُمولِ المُجْرِمُونَ وعُمومه لِلمُخاطَبِينَ",
        "t": 1
      }
    ]
  }
]