[
  {
    "id": 555,
    "q": "قَوله تعالى: {قُلْ أَتُنَبِّئُونَ اللَّهَ بِمَا لَا يَعْلَمُ فِي السَّمَوَاتِ وَلَا فِي الْأَرْضِ}، استِفهام على سَبيلِ:",
    "level": 1,
    "link": "https://dorar.net/tafseer/10/8#tt9",
    "section": "yoonus",
    "answers": [
      {
        "answer": "التَّقرير",
        "t": 0
      },
      {
        "answer": "التَّعَجُّب",
        "t": 0
      },
      {
        "answer": "التَّهَكم والتَّوبيخ",
        "t": 1
      }
    ]
  },
  {
    "id": 544,
    "q": "«لا إلَهَ إلَّا اللَّه العَظيم الحَليم، لا إلَهَ إلَّا اللَّه رَبُّ العَرشِ العَظيم، لا إلَهَ إلَّا اللَّه رَبُّ السَّمَواتِ، ورَبُّ الأرضِ، ورَبُّ العَرشِ الكَريم»، هذا الدُّعاء يُقالُ عِندَ:",
    "level": 1,
    "link": "https://dorar.net/tafseer/10/4",
    "section": "yoonus",
    "answers": [
      {
        "answer": "الاستِسقاءِ",
        "t": 0
      },
      {
        "answer": "الكَرْبِ",
        "t": 1
      },
      {
        "answer": "النَّومِ",
        "t": 0
      }
    ]
  },
  {
    "id": 556,
    "q": "قَولُه تعالى: {حَتَّى إِذَا أَخَذَتِ الْأَرْضُ زُخْرُفَهَا}، معنى {زُخْرُفَهَا} :",
    "level": 1,
    "link": "https://dorar.net/tafseer/10/10",
    "section": "yoonus",
    "answers": [
      {
        "answer": "ما أُمِرَت بِه",
        "t": 0
      },
      {
        "answer": "حُسْنَها وبَهاءَها",
        "t": 1
      },
      {
        "answer": "مَكانَها بين الكَواكِب",
        "t": 0
      }
    ]
  },
  {
    "id": 550,
    "q": "قَولُه تعالى: {فَقَدْ لَبِثْتُ فِيكُمْ عُمُرًا مِنْ قَبْلِهِ}، لَبِثَ النبيُّ ﷺ قبْلَ البعثةِ في قُريشٍ:",
    "level": 1,
    "link": "https://dorar.net/tafseer/10/7",
    "section": "yoonus",
    "answers": [
      {
        "answer": "خَمسينَ سَنةً",
        "t": 0
      },
      {
        "answer": "أربَعينَ سَنةً",
        "t": 1
      },
      {
        "answer": "خَمسًا وأربَعينَ سَنةً",
        "t": 0
      }
    ]
  },
  {
    "id": 558,
    "q": "قَولُه تعالى: {وَمَا تُغْنِي الْآيَاتُ وَالنُّذُرُ عَنْ قَوْمٍ لَا يُؤْمِنُونَ}، المُراد بِالنُّذُرِ:",
    "level": 1,
    "link": "https://dorar.net/tafseer/10/33",
    "section": "yoonus",
    "answers": [
      {
        "answer": "الرُّسُلُ المُنذِرونَ",
        "t": 1
      },
      {
        "answer": "التَّحذير في الكُتُبِ المُنَزَّلة",
        "t": 0
      },
      {
        "answer": "الآيات الكَونية",
        "t": 0
      }
    ]
  },
  {
    "id": 545,
    "q": "قَولُه تعالى: {وَإِذَا مَسَّ الْإِنْسَانَ الضُّرُّ دَعَانَا لِجَنْبِهِ}، مَعنَى (دَعانا لِجَنبِه):",
    "level": 1,
    "link": "https://dorar.net/tafseer/10/5",
    "section": "yoonus",
    "answers": [
      {
        "answer": "سَألَنا وهو مُضطَجِع على جَنبِه",
        "t": 1
      },
      {
        "answer": "سَألنا لِكَشفِ ضُرِّه",
        "t": 0
      },
      {
        "answer": "سَألَنا أن نَكونَ بقُرْبه",
        "t": 0
      }
    ]
  },
  {
    "id": 546,
    "q": "قَولُه تعالى: {وَجَاءَتْهُمْ رُسُلُهُمْ بِالْبَيِّنَاتِ} معنى (البَيِّنات):",
    "level": 1,
    "link": "https://dorar.net/tafseer/10/6",
    "section": "yoonus",
    "answers": [
      {
        "answer": "العَذابُ المُبِين",
        "t": 0
      },
      {
        "answer": "المُعجِزات والبَراهين الواضِحة",
        "t": 1
      },
      {
        "answer": "الكُتُب التي أَوحَى اللهُ إليهم",
        "t": 0
      }
    ]
  },
  {
    "id": 552,
    "q": "قَوله تعالى: {إِنِّي أَخَافُ إِنْ عَصَيْتُ رَبِّي عَذَابَ يَوْمٍ عَظِيمٍ}، فيه إيراد اليَومِ بِالتَّنوينِ التَّفخيميِّ، ووَصفه بِالعِظَمِ:",
    "level": 1,
    "link": "https://dorar.net/tafseer/10/7#tt9",
    "section": "yoonus",
    "answers": [
      {
        "answer": "لِلَفْتِ الانتباهِ المُؤْذِن بالتَّحذيرِ",
        "t": 0
      },
      {
        "answer": "للتَّخصيصِ والحَصرِ",
        "t": 0
      },
      {
        "answer": "لِتَهويلِ ما فيه مِنَ العَذابِ وتَفظيعِه",
        "t": 1
      }
    ]
  },
  {
    "id": 549,
    "q": "قَولُه تعالى: {قُلْ لَوْ شَاءَ اللَّهُ مَا تَلَوْتُهُ عَلَيْكُمْ}، المَتلُوُّ هو:",
    "level": 1,
    "link": "https://dorar.net/tafseer/10/7",
    "section": "yoonus",
    "answers": [
      {
        "answer": "التَّوراة",
        "t": 0
      },
      {
        "answer": "القُرآن الكَريم",
        "t": 1
      },
      {
        "answer": "الإنجيل",
        "t": 0
      }
    ]
  },
  {
    "id": 559,
    "q": "قَولُه تعالى: {قُلْ فَانْتَظِرُوا إِنِّي مَعَكُمْ مِنَ الْمُنْتَظِرِينَ}، أي: انْتَظِروا:",
    "level": 1,
    "link": "https://dorar.net/tafseer/10/33",
    "section": "yoonus",
    "answers": [
      {
        "answer": "عَذابَ اللَّه تعالى",
        "t": 1
      },
      {
        "answer": "فتحَ مكَّة",
        "t": 0
      },
      {
        "answer": "نَصْرَ المُؤمِنينَ",
        "t": 0
      }
    ]
  },
  {
    "id": 551,
    "q": "قَولُه تعالى: {إِنَّهُ لَا يُفْلِحُ الْمُجْرِمُونَ}، المَقصود بِقَولِهِ: (المُجرِمونَ):",
    "level": 1,
    "link": "https://dorar.net/tafseer/10/7",
    "section": "yoonus",
    "answers": [
      {
        "answer": "المُنافِقونَ",
        "t": 0
      },
      {
        "answer": "أهلُ الكِتابِ",
        "t": 0
      },
      {
        "answer": "الكافِرونَ",
        "t": 1
      }
    ]
  },
  {
    "id": 542,
    "q": "قَولُه تعالى: {وَقَدَّرَهُ مَنَازِلَ}، مَعناه:",
    "level": 1,
    "link": "https://dorar.net/tafseer/10/3",
    "section": "yoonus",
    "answers": [
      {
        "answer": "تَقديرُ مَسيرِ الأَرضِ في الكَونِ لظُهورِ اختِلاف الفُصولِ",
        "t": 0
      },
      {
        "answer": "إِنزالُ الشَّمسِ مَنازِلها مِن المشرقِ والمغربِ لتَعاقُبِ اللَّيلِ والنَّهارِ",
        "t": 0
      },
      {
        "answer": "قَدَّرَ اللَّه مَسِير القَمَرِ في مَنازِلَ يَنزِلُ في كُلِّ يَوم ولَيلة مَنزِلًا مِنها",
        "t": 1
      }
    ]
  },
  {
    "id": 547,
    "q": "قَولُه تعالى: {ثُمَّ جَعَلْنَاكُمْ خَلَائِفَ فِي الْأَرْضِ}، الخِطاب مُوَجَّهٌ:",
    "level": 1,
    "link": "https://dorar.net/tafseer/10/6",
    "section": "yoonus",
    "answers": [
      {
        "answer": "لذُرِّيَّةِ آدمَ عليه السَّلامُ",
        "t": 0
      },
      {
        "answer": "لِأُمَّة النَّبيِّ مُحَمَّد ﷺ",
        "t": 1
      },
      {
        "answer": "لبَنِي إِسرائيلَ",
        "t": 0
      }
    ]
  },
  {
    "id": 560,
    "q": "قَولُه تعالى: {ثُمَّ نُنَجِّي رُسُلَنَا وَالَّذِينَ آمَنُوا} أي:",
    "level": 1,
    "link": "https://dorar.net/tafseer/10/33",
    "section": "yoonus",
    "answers": [
      {
        "answer": "مِن عَذابِنا الواقِعِ على قَومِهم",
        "t": 1
      },
      {
        "answer": "مِن عَذابِ يَومِ القيامة",
        "t": 0
      },
      {
        "answer": "مِنَ الِابتِلاءاتِ والمِحَنِ",
        "t": 0
      }
    ]
  },
  {
    "id": 553,
    "q": "قَولُه تعالى: {وَيَقُولُونَ هَؤُلَاءِ شُفَعَاؤُنَا عِنْدَ اللَّهِ}، القائِلونَ هُم:",
    "level": 1,
    "link": "https://dorar.net/tafseer/10/8",
    "section": "yoonus",
    "answers": [
      {
        "answer": "أهلُ الكِتابِ",
        "t": 0
      },
      {
        "answer": "المُنافِقونَ",
        "t": 0
      },
      {
        "answer": "المُشرِكونَ",
        "t": 1
      }
    ]
  },
  {
    "id": 554,
    "q": "قَول اللَّه تَعالَى: {وَمَا كَانَ النَّاسُ إِلَّا أُمَّةً وَاحِدَةً فَاخْتَلَفُوا}، فيه إخبارٌ بِأنَّ الحَقَّ واحِد، وأنَّ ذلك الِاختِلافَ:",
    "level": 1,
    "link": "https://dorar.net/tafseer/10/8#tt9",
    "section": "yoonus",
    "answers": [
      {
        "answer": "مَذمومٌ",
        "t": 1
      },
      {
        "answer": "مَشرُوعٌ",
        "t": 0
      },
      {
        "answer": "فِطرِيٌّ",
        "t": 0
      }
    ]
  },
  {
    "id": 557,
    "q": "قوله تعالى: {وَيَجْعَلُ الرِّجْسَ عَلَى الَّذِينَ لَا يَعْقِلُونَ} الرِّجسُ هو:",
    "level": 1,
    "link": "https://dorar.net/tafseer/10/32",
    "section": "yoonus",
    "answers": [
      {
        "answer": "العَذاب",
        "t": 1
      },
      {
        "answer": "النَّجَسُ",
        "t": 0
      },
      {
        "answer": "الخَوفُ",
        "t": 0
      }
    ]
  },
  {
    "id": 541,
    "q": "{الر} هذه الحُروف المُقَطَّعة الَّتي افتُتِحَتْ بِها هذه السُّورة وغَيرها:",
    "level": 1,
    "link": "https://dorar.net/tafseer/10/1",
    "section": "yoonus",
    "answers": [
      {
        "answer": "لِبَيانِ مَعنًى السُّوَر",
        "t": 0
      },
      {
        "answer": "لِبَيانِ إعجازِ القُرآنِ",
        "t": 1
      },
      {
        "answer": "لِبَيانِ مَدلولِ السُّوَرِ",
        "t": 0
      }
    ]
  },
  {
    "id": 548,
    "q": "قَولُه تعالى: {قُلْ مَا يَكُونُ لِي أَنْ أُبَدِّلَهُ مِنْ تِلْقَاءِ نَفْسِي}، المَأمور بِالقَولِ هو:",
    "level": 1,
    "link": "https://dorar.net/tafseer/10/7",
    "section": "yoonus",
    "answers": [
      {
        "answer": "مُحَمَّد ﷺ",
        "t": 1
      },
      {
        "answer": "موسى عليه السَّلامُ",
        "t": 0
      },
      {
        "answer": "إبراهيم عليه السَّلامُ",
        "t": 0
      }
    ]
  },
  {
    "id": 543,
    "q": "قَولُه تعالى: {إِنَّ الَّذِينَ لَا يَرْجُونَ لِقَاءَنَا وَرَضُوا بِالْحَيَاةِ الدُّنْيَا}، مَعنَى (لا يَرجونَ):",
    "level": 1,
    "link": "https://dorar.net/tafseer/10/4",
    "section": "yoonus",
    "answers": [
      {
        "answer": "لا يَستَعِدُّونَ",
        "t": 0
      },
      {
        "answer": "لا يُريدُونَ",
        "t": 0
      },
      {
        "answer": "لا يَتَوَقَّعونَ",
        "t": 1
      }
    ]
  }
]