[
  {
    "id": 591,
    "q": "الإذْن في قَولِه تَعالَى: {وَمَا كَانَ لِنَفْسٍ أَنْ تُؤْمِنَ إِلَّا بِإِذْنِ اللَّهِ}، إذَنٌ:",
    "level": 3,
    "link": "https://dorar.net/tafseer/10/32",
    "section": "yoonus",
    "answers": [
      {
        "answer": "قَدَريٌّ",
        "t": 1
      },
      {
        "answer": "شَرعيٌّ",
        "t": 0
      },
      {
        "answer": "كَونيٌّ",
        "t": 0
      }
    ]
  },
  {
    "id": 592,
    "q": "قَوله تَعالَى: {وَلَوْ شَاءَ رَبُّكَ لَآمَنَ مَنْ فِي الْأَرْضِ كُلُّهُمْ جَمِيعًا}، التَّأكيد بـ(كُلُّهُمْ)؛ لِلتَّنصيصِ على:",
    "level": 3,
    "link": "https://dorar.net/tafseer/10/32",
    "section": "yoonus",
    "answers": [
      {
        "answer": "التَّأكيد",
        "t": 0
      },
      {
        "answer": "التَّعيين",
        "t": 0
      },
      {
        "answer": "العُموم",
        "t": 1
      }
    ]
  },
  {
    "id": 594,
    "q": "قَال اللَّه تَعالَى: {قُلْ يَا أَيُّهَا النَّاسُ إِنْ كُنْتُمْ فِي شَكٍّ مِنْ دِينِي}، وهُم كُفَّارٌ يَعتَقِدونَ بُطْلان ما جاءَ بِه:",
    "level": 3,
    "link": "https://dorar.net/tafseer/10/34",
    "section": "yoonus",
    "answers": [
      {
        "answer": "لِأنَّهم لَمَّا رَأوُا الآيات اضطَرَبوا وشَكُّوا في أمرِه ﷺ",
        "t": 1
      },
      {
        "answer": "لِأنَّه لا يَجوزُ لهُم مُجَرَّد الشَّكِّ فَكَيفَ بِالكُفرِ؟!",
        "t": 0
      },
      {
        "answer": "لِأنَّه حَتَّى لَو كانَ فيهم شَكٌّ يَجِبُ أنْ يَزولَ",
        "t": 0
      }
    ]
  },
  {
    "id": 600,
    "q": "قوله تعالى: {قَدْ جَاءَكُمُ الْحَقُّ مِنْ رَبِّكُمْ} وَصف الحَقِّ بـ{مِنْ رَبِّكُمْ}:",
    "level": 3,
    "link": "https://dorar.net/tafseer/10/34",
    "section": "yoonus",
    "answers": [
      {
        "answer": "تَنويهٌ بِأنَّه حَقٌّ مُبينٌ، لا يَخلِطُه باطِل ولا رَيْبَ؛ فَهو مَعصومٌ مِن ذلك",
        "t": 1
      },
      {
        "answer": "لتَشريفِ الحَقِّ بنِسبَتِه إلى الله تبارك وتعالى",
        "t": 0
      },
      {
        "answer": "تَأكيدٌ على صِدقِ النَّبيِّ صلَّى اللهُ عليه وسلَّم",
        "t": 0
      }
    ]
  },
  {
    "id": 584,
    "q": "قَوْل اللَّه تَعالَى: {وَإِذَا مَسَّ الْإِنْسَانَ الضُّرُّ}، جاءَ (الضُّرُّ) بِالألِف واللَّامِ:",
    "level": 3,
    "link": "https://dorar.net/tafseer/10/5",
    "section": "yoonus",
    "answers": [
      {
        "answer": "لِلتَّعريفِ",
        "t": 0
      },
      {
        "answer": "للعُموم والشُّمول",
        "t": 0
      },
      {
        "answer": "لِأنَّه إشارة إلى ما تَقَدَّمَ مِنَ الشَّرِّ",
        "t": 1
      }
    ]
  },
  {
    "id": 590,
    "q": "قَوله: {وَلَا تَكُونَنَّ مِنَ الَّذِينَ كَذَّبُوا بِآيَاتِ اللَّهِ}، هذا النَّهي مِن بابِ:",
    "level": 3,
    "link": "https://dorar.net/tafseer/10/31",
    "section": "yoonus",
    "answers": [
      {
        "answer": "التَّهييج والإلهاب",
        "t": 1
      },
      {
        "answer": "التَّحذيرِ",
        "t": 0
      },
      {
        "answer": "التَّعظيم",
        "t": 0
      }
    ]
  },
  {
    "id": 597,
    "q": "قَوله تعالى: {وَأَنْ أَقِمْ وَجْهَكَ لِلدِّينِ حَنِيفًا}، اللَّام في (لِلدِّينِ):",
    "level": 3,
    "link": "https://dorar.net/tafseer/10/34",
    "section": "yoonus",
    "answers": [
      {
        "answer": "لِلشُّمولِ",
        "t": 0
      },
      {
        "answer": "لِلعِلَّة",
        "t": 1
      },
      {
        "answer": "لِلتَّعريفِ",
        "t": 0
      }
    ]
  },
  {
    "id": 598,
    "q": "قَوله تعالى: {وَلَا تَكُونَنَّ مِنَ الْمُشْرِكِينَ}، تَأكيد الفِعلِ المَنهي عَنه بِنونِ التَّوكيدِ:",
    "level": 3,
    "link": "https://dorar.net/tafseer/10/34",
    "section": "yoonus",
    "answers": [
      {
        "answer": "لِلمُبالَغة في النَّهيِ عن الشِّرك",
        "t": 1
      },
      {
        "answer": "لِلتَّأكيدِ على خُطورةِ الشِّرك",
        "t": 0
      },
      {
        "answer": "لِلنهي عن عُمومِ الشِّرك",
        "t": 0
      }
    ]
  },
  {
    "id": 585,
    "q": "قَوله تعالى: {وَإِذَا مَسَّ الْإِنْسَانَ الضُّرُّ}، وَصْف لِلمُستَقبَلِ، وقَوله تعالى: {فَلَمَّا كَشَفْنَا}، لِلماضي:",
    "level": 3,
    "link": "https://dorar.net/tafseer/10/5",
    "section": "yoonus",
    "answers": [
      {
        "answer": "لبَيان أنَّه هَكَذا كانَ فيما مَضَى، وهَكَذا يَكونُ في المُستَقبَلِ",
        "t": 1
      },
      {
        "answer": "لِلدَّلالة على أنَّه مُتَحقَّقٌ لا مَحالة",
        "t": 0
      },
      {
        "answer": "للإشارةِ إلى قولِه تعالى: {وَتِلْكَ الْأَيَّامُ نُدَاوِلُهَا بَيْنَ النَّاسِ}",
        "t": 0
      }
    ]
  },
  {
    "id": 589,
    "q": "قَوله: {إِنَّ رُسُلَنَا يَكْتُبُونَ مَا تَمْكُرُونَ}، جاء {تَمْكُرُونَ} بِالتَّاء على الخِطابِ:",
    "level": 3,
    "link": "https://dorar.net/tafseer/10/9",
    "section": "yoonus",
    "answers": [
      {
        "answer": "مُبالَغة لَهم في الإعلامِ بِحال مَكرهم",
        "t": 1
      },
      {
        "answer": "ليَشملَ جَميعَ أَنواعِ المكرِ الناتِج عنهُم",
        "t": 0
      },
      {
        "answer": "لِلدلالةِ على تَجدُّدِ مَكرِهم واستِمرارِه",
        "t": 0
      }
    ]
  },
  {
    "id": 581,
    "q": "قالَ اللَّه تَعالَى: {أَنْ أَنْذِرِ النَّاسَ وَبَشِّرِ الَّذِينَ آمَنُوا أَنَّ لَهُمْ قَدَمَ صِدْقٍ}، قَدَّمَ الإنذار على التَّبشيرِ:",
    "level": 3,
    "link": "https://dorar.net/tafseer/10/1",
    "section": "yoonus",
    "answers": [
      {
        "answer": "لِأنَّ التَّخليةَ مُقَدَّمة على التَّحليةِ، وإزالة ما لا يَنبَغي مُقَدَّم في الرُّتبة على فِعل ما يَنبَغي",
        "t": 1
      },
      {
        "answer": "لِأنَّ الخَوفَ مِن المَضارِّ أوْلَى في التَّقديمِ لِلوُصولِ إلى المَنافِعِ",
        "t": 0
      },
      {
        "answer": "لِأنَّ الخِطابَ في أوَّلِه مُوجَّهٌ لِلكُفَّارِ، فَقَدَّمَ الإنذار على التَّبشيرِ",
        "t": 0
      }
    ]
  },
  {
    "id": 588,
    "q": "لَمَّا كانَ يَومُ فَتْحِ مَكَّة أمَّنَ رَسولُ اللَّه صلَّى اللهُ عليه وسلَّم النَّاسَ، إلَّا أربَعة نَفَر؛ هُم:",
    "level": 3,
    "link": "https://dorar.net/tafseer/10/9",
    "section": "yoonus",
    "answers": [
      {
        "answer": "عِكرِمة بن أبي جَهل، وعَبد اللَّه بن خَطَل، وأبو سُفيان، وعَبد اللَّه بن سَعد بن أبي السَّرح",
        "t": 0
      },
      {
        "answer": "عَمرو بن العاص، وعَبد اللَّه بن خَطَل، ومَقيس بن صُبابة، وعَبد اللَّه بن سَعد بن أبي السَّرح",
        "t": 0
      },
      {
        "answer": "عِكرِمة بن أبي جَهل، وعَبد اللَّه بن خَطَل، ومَقيس بن صُبابة، وعَبد اللَّه بن سَعد بن أبي السَّرح",
        "t": 1
      }
    ]
  },
  {
    "id": 599,
    "q": "قَوله تعالى: {وَهُوَ خَيْرُ الْحَاكِمِينَ}، ثَناء وتَذييل؛ لِما فيه مِن:",
    "level": 3,
    "link": "https://dorar.net/tafseer/10/34",
    "section": "yoonus",
    "answers": [
      {
        "answer": "العُموم",
        "t": 1
      },
      {
        "answer": "الكَمال",
        "t": 0
      },
      {
        "answer": "التَّعظيمِ",
        "t": 0
      }
    ]
  },
  {
    "id": 586,
    "q": "قوله تعالى: {وَإِذَا تُتْلَى عَلَيْهِمْ آيَاتُنَا بَيِّنَاتٍ} بُنِيَ {تُتْلَى} للمفعول:",
    "level": 3,
    "link": "https://dorar.net/tafseer/10/7",
    "section": "yoonus",
    "answers": [
      {
        "answer": "لبَيان أنَّ جَميعَ آياتِ القُرآنِ مُعجزةٌ",
        "t": 0
      },
      {
        "answer": "إيذانًا بِتَكذيبِهم عِندَ تِلاوة أيِّ تالٍ يتلوها",
        "t": 1
      },
      {
        "answer": "إشارةً إلى عَظيمِ أَجرِ التِّلاوةِ",
        "t": 0
      }
    ]
  },
  {
    "id": 595,
    "q": "قَوله: {يَا أَيُّهَا النَّاسُ إِنْ كُنْتُمْ فِي شَكٍّ مِنْ دِينِي}، فيه إيثار الخِطَاب باسْم الجِنس مُصَدَّرًا بِحَرف التَّنبيه:",
    "level": 3,
    "link": "https://dorar.net/tafseer/10/34",
    "section": "yoonus",
    "answers": [
      {
        "answer": "لِأنَّ النَّبيَّ صلَّى اللهُ عليه وسلَّم خاتَم الأَنبياءِ والرُّسُل",
        "t": 0
      },
      {
        "answer": "تَعميمًا لِلتَّبليغِ، وإظهارًا لِكَمالِ العِناية بِشَأن ما بُلِّغوا به",
        "t": 1
      },
      {
        "answer": "لِأنَّهم ِالوَحْي جاءَ عامًّا للثَّقلَينِ: الإنسِ والجِنِّ",
        "t": 0
      }
    ]
  },
  {
    "id": 593,
    "q": "قوله تعالى: {ثُمَّ نُنَجِّي رُسُلَنَا وَالَّذِينَ آمَنُوا} في صِيغة الِاستِقبال {نُنَجِّي} لِحِكاية الأحوالِ الماضيةِ:",
    "level": 3,
    "link": "https://dorar.net/tafseer/10/33",
    "section": "yoonus",
    "answers": [
      {
        "answer": "تَحفيز لِلمُؤمِنينَ",
        "t": 0
      },
      {
        "answer": "تَهويل لِأمرِها بِاستِحضار صُوَرِها",
        "t": 1
      },
      {
        "answer": "دَليل على الِاستِمرارِ",
        "t": 0
      }
    ]
  },
  {
    "id": 582,
    "q": "قَولُه تعالى: {إِلَيْهِ مَرْجِعُكُمْ}، فيه تَقديم الجار والمَجرور (إلَيهِ)؛ لِإفادة:",
    "level": 3,
    "link": "https://dorar.net/tafseer/10/2",
    "section": "yoonus",
    "answers": [
      {
        "answer": "الجَزم",
        "t": 0
      },
      {
        "answer": "العُموم",
        "t": 0
      },
      {
        "answer": "القَصر",
        "t": 1
      }
    ]
  },
  {
    "id": 583,
    "q": "قَوله تعالى: {يُفَصِّلُ الْآيَاتِ لِقَوْمٍ يَعْلَمُونَ}، جُملة مُستَأنِفة ابتِدائية مَسوقة..",
    "level": 3,
    "link": "https://dorar.net/tafseer/10/3",
    "section": "yoonus",
    "answers": [
      {
        "answer": "لِلحَثِّ على العِلم",
        "t": 0
      },
      {
        "answer": "لِتَبيينِ النِّعمة",
        "t": 0
      },
      {
        "answer": "لِلِامتِنانِ بِالنِّعمة",
        "t": 1
      }
    ]
  },
  {
    "id": 587,
    "q": "قوله تعالى: {وَإِذَا أَذَقْنَا النَّاسَ رَحْمَةً مِنْ بَعْدِ ضَرَّاءَ مَسَّتْهُمْ إِذَا لَهُمْ مَكْرٌ فِي آيَاتِنَا}، أي..",
    "level": 3,
    "link": "https://dorar.net/tafseer/10/9",
    "section": "yoonus",
    "answers": [
      {
        "answer": "وَإذا أنزَلنا المطر على النَّاسِ مِن بَعدِ القَحْطِ والجَفافِ إذا هُم يَنسبُون الخيرَ والمطرَ للنُّجومِ والكواكبِ مِن دُونِ الله سُبحانه",
        "t": 0
      },
      {
        "answer": "وَإذا فَرَّجنا عَنِ المُشرِكينَ ورَحِمناهم، مِن بَعدِ بَلاءٍ أصابَهم، سَعَوْا بِكُلِّ حيلة بِالباطِلِ؛ لِإبطالِ آياتنا ورَدِّها وتَكذيبِها",
        "t": 1
      },
      {
        "answer": "وَإذا أذَقنا النَّاسَ نِعمة مِن بَعدِ بَلاءٍ إذا هُم يُنكِرونَ نِعَمَنا التي أَسبَغناهُم بها",
        "t": 0
      }
    ]
  },
  {
    "id": 596,
    "q": "تَقديمُ تَرْكِ عِبادة الآخرين على عِبادَتِه تَعالَى في قَولِه تعالى: {فَلَا أَعْبُدُ الَّذِينَ تَعْبُدُونَ مِنْ دُونِ اللَّهِ وَلَكِنْ أَعْبُدُ اللَّهَ}:",
    "level": 3,
    "link": "https://dorar.net/tafseer/10/34",
    "section": "yoonus",
    "answers": [
      {
        "answer": "لِأنَّهم كانوا يَعرِفون المِلةَ الحَنِيفيَّة",
        "t": 0
      },
      {
        "answer": "لِتَقَدُّم التَّخلية على التَّحليةِ",
        "t": 1
      },
      {
        "answer": "لِأنَّ الفعلَ مُقدَّمٌ على الترْك",
        "t": 0
      }
    ]
  }
]