[
  {
    "id": 3283,
    "q": "قامتِ الدولةُ العثمانيةُ لأوَّلِ مرةٍ في تاريخِها بالاستِدانةِ من الخارجِ؛",
    "level": 3,
    "link": "https://www.dorar.net/history/?page=232",
    "section": "osmany",
    "answers": [
      {
        "answer": "وذلك لتَغطيةِ نفقاتِ حَربِها ضِدَّ روسيا\n ",
        "t": 1
      },
      {
        "answer": "للقيامِ بتَحديثِ الجيشِ العثمانيِّ",
        "t": 0
      },
      {
        "answer": "لتَغْطيةِ نَفقةِ السلطانِ وحاشيتِه",
        "t": 0
      }
    ]
  },
  {
    "id": 3270,
    "q": "تراجَع السلطانُ مرادٌ الثالثُ عن غزوِ المغرِبِ؛",
    "level": 3,
    "link": "https://www.dorar.net/history/?page=191",
    "section": "osmany",
    "answers": [
      {
        "answer": "لقَبولِ المنصورِ سلطانِ المغربِ عَقدَ تحالُفٍ عسكريٍّ ضِدَّ الإسْبانِ ",
        "t": 1
      },
      {
        "answer": "لانشغالِه بتمرُّدِ والي مصرَ سِنانٍ باشا",
        "t": 0
      },
      {
        "answer": "وذلك بعدَ أن توصَّل إلى شِبهِ اتِّفاقٍ عَسكريٍّ معَ الملِكِ الإسْبانيِّ",
        "t": 0
      }
    ]
  },
  {
    "id": 3267,
    "q": "من نتائجِ مُعاهَدةِ إستانبولَ بينَ الدولةِ العثمانيةِ والبُندقيةِ:",
    "level": 3,
    "link": "https://www.dorar.net/history/?page=186",
    "section": "osmany",
    "answers": [
      {
        "answer": "إمدادُ البُندقيةِ العثمانيِّينَ في حَملتِهم على إسْبانيا",
        "t": 0
      },
      {
        "answer": "عدمُ انضِمامِ البُندقيةِ إلى الإمبراطورِ الألماني شارل كوينت",
        "t": 1
      },
      {
        "answer": "دخولُ البُندقيةِ تحتَ الحُكمِ العثمانيِّ",
        "t": 0
      }
    ]
  },
  {
    "id": 3274,
    "q": "قامَ القائدُ إبراهيمُ بنُ عُفَيصانَ بحملةٍ عسكريةٍ على الكويتِ؛",
    "level": 3,
    "link": "https://www.dorar.net/history/?page=213",
    "section": "osmany",
    "answers": [
      {
        "answer": "لتعرُّضِ آلِ صباحٍ لقَوافِلِهم التجاريةِ",
        "t": 0
      },
      {
        "answer": "ليَكسِبوا الشرعيةَ الدينيةَ من الدولةِ العثمانيةِ",
        "t": 0
      },
      {
        "answer": "لأهميَّةِ الكوَيتِ التي تعَدُّ ميناءً لتموينِ نجدٍ",
        "t": 1
      }
    ]
  },
  {
    "id": 3284,
    "q": "عزَلَ السلطانُ عبدُ الحميدِ الثاني رئيسَ الوزراءِ مدحت باشا من مَنصبِه؛",
    "level": 3,
    "link": "https://www.dorar.net/history/?page=235",
    "section": "osmany",
    "answers": [
      {
        "answer": "لإسرافِه في المُحرَّمات مِن الشُّرب والنِّساء",
        "t": 0
      },
      {
        "answer": "بتُهمةِ اغْتيالِ عَمِّه السلطانِ عبدِ العزيزِ",
        "t": 0
      },
      {
        "answer": "لتوجُّهاتِه الغربيَّةِ والماسونيَّةِ",
        "t": 1
      }
    ]
  },
  {
    "id": 3275,
    "q": "أمرَتِ الجمهوريةُ الفرنسيَّةُ بونابرتَ بالمسيرِ إلى مصرَ لفَتحِها بغيرِ إعْلانِ حربٍ على الدولةِ العَليَّةِ، وأوْصَتْه بكِتمانِ الأمرِ؛",
    "level": 3,
    "link": "https://www.dorar.net/history/?page=214",
    "section": "osmany",
    "answers": [
      {
        "answer": "حتى يُفاجأَ العثمانيونَ بالأمرِ وقد تمَّ، فيَكونوا تحتَ الأمرِ الواقِعِ",
        "t": 0
      },
      {
        "answer": "حتى لا تعلَمَ به إنكلترا فتَسْعى في إحباطِه",
        "t": 1
      },
      {
        "answer": "حتى لا يحاولَ البرتغاليونَ مَنعَهم لحمايةِ مَصالحِهم في القرنِ الإفريقيِّ",
        "t": 0
      }
    ]
  },
  {
    "id": 3278,
    "q": "خرَجَت حملةٌ بحْريةٌ كُبرى من بومبايَ في 16 محرَّمٍ 1235هـ؛",
    "level": 3,
    "link": "https://www.dorar.net/history/?page=222",
    "section": "osmany",
    "answers": [
      {
        "answer": "للاسْتيلاءِ على اليمَنِ وعُمانَ",
        "t": 0
      },
      {
        "answer": "للتحَكُّمِ والسيطرةِ على مَضيقِ بابِ المندَبِ",
        "t": 0
      },
      {
        "answer": "لإجْبارِ شيوخِ ساحلِ الخليجِ (الساحلِ المهادِنِ) وأمرائِه على الدخولِ في معاهَداتِ الصُّلحِ البحْريِّ",
        "t": 1
      }
    ]
  },
  {
    "id": 3273,
    "q": "أعلَنَت الدولُ الأوربيةُ الحربَ على الدولةِ العثمانيةِ، واستمرَّت هذه الحربُ حتى عامِ 1686م، وعُرِفت هذه السنواتُ في التاريخ العثمانيِّ بـ:",
    "level": 3,
    "link": "https://www.dorar.net/history/?page=198",
    "section": "osmany",
    "answers": [
      {
        "answer": "سنواتِ القَحْط",
        "t": 0
      },
      {
        "answer": "سنواتِ الجهادِ",
        "t": 0
      },
      {
        "answer": "سنواتِ المُصيبةِ",
        "t": 1
      }
    ]
  },
  {
    "id": 3272,
    "q": "نتيجةً للمعاهدةٍ معَ الصَّفويينَ اضْطرَّت الدولةُ العثمانيةُ أن تترُكَ للدَّولةِ الصَّفويةِ:",
    "level": 3,
    "link": "https://www.dorar.net/history/?page=194",
    "section": "osmany",
    "answers": [
      {
        "answer": "جميعَ الأقاليمِ والبُلدانِ والقِلاعِ والحُصونِ التي فتَحَها العُثمانيونَ في عَهدِ سليمانَ الأولِ ",
        "t": 1
      },
      {
        "answer": "جَزيرةَ قُبرُص",
        "t": 0
      },
      {
        "answer": "جميعَ بُلدانِ الشمالِ الإفريقي",
        "t": 0
      }
    ]
  },
  {
    "id": 3285,
    "q": "شرطُ اعترافِ الحُلفاءِ بدولةِ تُركيا الحديثةِ",
    "level": 3,
    "link": "https://www.dorar.net/history/?page=246",
    "section": "osmany",
    "answers": [
      {
        "answer": "تنازُلُ السلطانِ عنِ العَرشِ",
        "t": 0
      },
      {
        "answer": "تَنصيبُ مصطفى كمال رئيسًا للوزراءِ",
        "t": 0
      },
      {
        "answer": "إلغاءُ السلطنةِ (الخلافةِ) وإعلانُ تُركيا دولةً عَلمانيةً",
        "t": 1
      }
    ]
  },
  {
    "id": 3269,
    "q": "بموجِبِ مُعاهَدةِ أماسيا بينَ الخليفةِ سليمانَ القانونيِّ والدولةِ الصَّفويةِ بإيرانَ؛ لتَثبيتِ الحدودِ بينَ الدولَتَينِ",
    "level": 3,
    "link": "https://www.dorar.net/history/?page=188",
    "section": "osmany",
    "answers": [
      {
        "answer": "تخَلَّى الصَّفويونَ عن حُقوقِهم بالعراقِ، واعتَرَفوا بها على أنَّها جزءٌ من الدولةِ العثمانيةِ",
        "t": 1
      },
      {
        "answer": "وُضِعَت تبريزُ عاصمةُ الصَّفويينَ تحتَ الحُكمِ العثمانيِّ",
        "t": 0
      },
      {
        "answer": "اعترَفَ القانونيُّ بالحدودِ الجديدةِ للصَّفويينَ",
        "t": 0
      }
    ]
  },
  {
    "id": 3280,
    "q": "قامَتْ فَرنسا باحتلالِ الجزائرِ، وكان سببُ ذلك: ",
    "level": 3,
    "link": "https://www.dorar.net/history/?page=224",
    "section": "osmany",
    "answers": [
      {
        "answer": "رفْضَ \"الباشا حسينٍ\" تقديمَ اعتذارٍ إلى قُنصلِ فَرنسا",
        "t": 1
      },
      {
        "answer": "محاولةً منها لبَسطِ نُفوذِها على البحرِ المتوسطِ",
        "t": 0
      },
      {
        "answer": "مبادَرَتَها إنجلترا قبلَ أنْ تحتَلَّها",
        "t": 0
      }
    ]
  },
  {
    "id": 3266,
    "q": "كان الصراعُ بينَ شارلَ الخامسِ، وبينَ ببليربكيةِ الجزائرِ بمثابةِ:",
    "level": 3,
    "link": "https://www.dorar.net/history/?page=184",
    "section": "osmany",
    "answers": [
      {
        "answer": "فتحِ جبهةٍ حربيةٍ جديدةٍ ضدَّ الدولةِ العثمانيةِ في الشمالِ الإفريقيِّ",
        "t": 1
      },
      {
        "answer": "قطعِ للعَلائقِ التجاريةِ بينَ الدولةِ الرومانيةِ والشمالِ الإفريقيِّ",
        "t": 0
      },
      {
        "answer": "فتحٍ جديدٍ للدولةِ الرومانيةِ المقدَّسةِ في الشمالِ الأفريقيِّ",
        "t": 0
      }
    ]
  },
  {
    "id": 3276,
    "q": "نَفى محمَّد علي باشا عُمر مكرم نقيبَ الأشْرافِ إلى دمياطَ؛",
    "level": 3,
    "link": "https://www.dorar.net/history/?page=219",
    "section": "osmany",
    "answers": [
      {
        "answer": "للقضاءِ على الزَّعامةِ الشعبيةِ التي كان يتزعَّمُها عمر مكرم",
        "t": 1
      },
      {
        "answer": "لأنَّه خرَج عن طاعتِه، وهيَّج عليه الشعبَ",
        "t": 0
      },
      {
        "answer": "لأنَّه تواصَلَ معَ البابِ العالي لإقالةِ محمَّد علي باشا",
        "t": 0
      }
    ]
  },
  {
    "id": 3268,
    "q": "كان تحرَّك العثمانيونَ لضمِّ ليبيا بسبب،",
    "level": 3,
    "link": "https://www.dorar.net/history/?page=187",
    "section": "osmany",
    "answers": [
      {
        "answer": "الاستِغاثاتِ التي وجَّهها سكَّانُ ليبيا إلى السلطانِ العُثمانيِّ باعتبارِه خَليفةً للمُسلِمينَ",
        "t": 1
      },
      {
        "answer": "محاربةِ البرتغالِ في المحيطِ الهِنديِّ والإسْبانِ في البحرِ المتوسِّطِ",
        "t": 0
      },
      {
        "answer": "إرادةِ السُّلطان لضَمِّ الشمالِ الإفريقيِّ بأكْملِه",
        "t": 0
      }
    ]
  },
  {
    "id": 3277,
    "q": "استطاعَ الشيخُ عثمانُ دان فوديو أنْ يؤسِّسَ دولةَ تَكرورَ في سوكوتو في غربِ إفريقيا؛",
    "level": 3,
    "link": "https://www.dorar.net/history/?page=221",
    "section": "osmany",
    "answers": [
      {
        "answer": "لكنْ سُرعانَ ما هبَّ الإنجليزُ للتدخُّلِ فيها بعدَ وفاتِه",
        "t": 1
      },
      {
        "answer": "وسقَطَت في حياتِه على يدِ أقْوى ملوكِ الهوسةِ الملكِ نافتا",
        "t": 0
      },
      {
        "answer": "واستطاعَ أبناؤُه أنْ يَسيروا على دربِ والدِهم، وأن يوسِّعوا مملكتَهم",
        "t": 0
      }
    ]
  },
  {
    "id": 3281,
    "q": "كانت أهمَّ دعائِمِ دولةِ محمَّد علي العَصريةِ: ",
    "level": 3,
    "link": "https://www.dorar.net/history/?page=225",
    "section": "osmany",
    "answers": [
      {
        "answer": "سياستُه في التوسطِ بينَ الشرقِ والغربِ",
        "t": 0
      },
      {
        "answer": "سياستُه العسكريةُ التي تعتمِدُ على توسيعِ رُقعةِ الدولةِ",
        "t": 0
      },
      {
        "answer": "سياستُه التعليميَّةُ والتثقيفيةُ الحديثةُ",
        "t": 1
      }
    ]
  },
  {
    "id": 3271,
    "q": "بَدَأ تَعاطي الدُّخانِ من قِبَلِ الجنودِ:",
    "level": 3,
    "link": "https://www.dorar.net/history/?page=193",
    "section": "osmany",
    "answers": [
      {
        "answer": "فماتَ بسَببِ الدُّخانِ أكثرُ مِن سِتمِئة جُندي",
        "t": 0
      },
      {
        "answer": "فانهزمُوا في مَعركةِ مَلاذكرد",
        "t": 0
      },
      {
        "answer": "فأصدَرَ المُفْتي فَتْوى بمَنعِه ",
        "t": 1
      }
    ]
  },
  {
    "id": 3279,
    "q": "ما قامَ به السلطانُ محمودٌ من استبدالِ الطربوشِ بالعِمامةِ وفرْضِ اللِّباسِ الأُوربيِّ على كلِّ موظَّفي الدولةِ؛ العسكريِّينَ منهم والمدنيِّينَ:",
    "level": 3,
    "link": "https://www.dorar.net/history/?page=223",
    "section": "osmany",
    "answers": [
      {
        "answer": "يدُلُّ على شِدَّةِ انحِيازِه للحضارةِ الغربيةِ",
        "t": 0
      },
      {
        "answer": "يدُلُّ على شعورهِ العميقِ بالهزيمةِ النفْسيَّةِ",
        "t": 1
      },
      {
        "answer": "يدُلُّ على إدراكِه لأهميَّةِ التطوُّرِ العُمرانيِّ والعسكريِّ",
        "t": 0
      }
    ]
  },
  {
    "id": 3282,
    "q": "اعترَضَت إنجلترا بشدَّةٍ على فرمانِ عَقدِ امتيازِ قناةِ السوَيسِ الأوَّلِ؛",
    "level": 3,
    "link": "https://www.dorar.net/history/?page=231",
    "section": "osmany",
    "answers": [
      {
        "answer": "خوفًا على تَعطيلِ طَريقِ رأسِ الرَّجاءِ الصالحِ",
        "t": 0
      },
      {
        "answer": "لأنَّها ستُمنَعُ من المرورِ في قناةِ السوَيسِ",
        "t": 0
      },
      {
        "answer": "خوفًا على مصالحِها في الهندِ",
        "t": 1
      }
    ]
  }
]