[
  {
    "id": 3247,
    "q": "عزمَ السلطانُ سليمانُ القانونيُّ السَّفرَ بسائرِ جُنودِه إلى إسْبانيا للاسْتيلاءِ عليها",
    "level": 2,
    "link": "https://www.dorar.net/history/?page=185",
    "section": "osmany",
    "answers": [
      {
        "answer": "فبعَث إلى سِنان باشا والي مِصرَ ليَقودَ تلك الحَملةَ",
        "t": 0
      },
      {
        "answer": "فاسْتَدعى خيرَ الدينِ بَرْبروسَّا، ومنحَه لقبَ قبودان باشا وزيرِ بحْريةٍ",
        "t": 1
      },
      {
        "answer": "فبَدأَ بتَجهيزِ حملةٍ بنفْسِه لتَحْقيقِ هذا الهدَفِ",
        "t": 0
      }
    ]
  },
  {
    "id": 3258,
    "q": "وقَّعتِ الدولةُ العُثمانيةُ مُعاهَدةَ \"زيشتوفي\" معَ ألمانيا؛ لإنهاءِ الحربِ بينَهما",
    "level": 2,
    "link": "https://www.dorar.net/history/?page=212",
    "section": "osmany",
    "answers": [
      {
        "answer": "ونقضَ الألمانُ العهدَ، وأعْلَنوا الحربَ مرةً ثانيةً على الدولةِ العُثمانيةِ",
        "t": 0
      },
      {
        "answer": "لكنَّهم لم يَنسَحبوا عن بِلغرادَ ورومانيا، فلم يوفوا ببُنودِ المعاهَدةِ",
        "t": 0
      },
      {
        "answer": "وكانت تلك آخِرَ حربٍ بينَ الجيوشِ الألمانيةِ والجيوشِ العثمانيةِ في التاريخِ",
        "t": 1
      }
    ]
  },
  {
    "id": 3255,
    "q": "تحوَّلَت حركةُ التجارةِ من البَصرةِ إلى الكوَيتِ؛",
    "level": 2,
    "link": "https://www.dorar.net/history/?page=210",
    "section": "osmany",
    "answers": [
      {
        "answer": "بسببِ حِصارِ الفُرسِ للبَصرةِ، واحْتِلالِهم إيَّاها لمدةِ أربعِ سَنواتٍ",
        "t": 1
      },
      {
        "answer": "لأنَّ ميناءَ الكوَيتِ كان تحت سَيطرةِ الأميرِ سَعيدٍ",
        "t": 0
      },
      {
        "answer": "لاحْتلالِ البُرتغاليِّينَ البَصرةَ",
        "t": 0
      }
    ]
  },
  {
    "id": 3256,
    "q": "تَمَّ الصُّلحُ في مدينةِ قينارجةَ في بلغاريا بينَ العُثمانيينَ والرُّوسِ، ومن أسوأِ نتائجِه:",
    "level": 2,
    "link": "https://www.dorar.net/history/?page=211",
    "section": "osmany",
    "answers": [
      {
        "answer": "تَخلِّي الدولةِ العُثمانيةِ عنِ الصِّربِ",
        "t": 0
      },
      {
        "answer": "اعترافُ الدولةِ العُثمانيةِ بانضِمامِ القَرمِ نهائيًّا إلى روسيا",
        "t": 1
      },
      {
        "answer": "دَفعُ غرامةِ الحربِ التي تمَّ الاتِّفاقُ عليها",
        "t": 0
      }
    ]
  },
  {
    "id": 3261,
    "q": "قامَ الأُسطولانِ البريطانيُّ والرُّوسيُّ بتَحطيمِ الأُسطولِ المصريِّ في معركةِ نَفارينَ؛",
    "level": 2,
    "link": "https://www.dorar.net/history/?page=224",
    "section": "osmany",
    "answers": [
      {
        "answer": "لئلَّا يقِفَ محمَّد علي معَ السلطانِ العثمانيِّ قوةً واحدةً",
        "t": 0
      },
      {
        "answer": "لخَشيةِ كلا الأُسطولَينِ من ازديادِ نُفوذِ محمَّد علي باشا",
        "t": 1
      },
      {
        "answer": "لئلَّا يُخمِدَ الثورةَ التي اشتعَلَت في بلادِ الـمُورةِ ضدَّ الدولةِ العثمانيةِ",
        "t": 0
      }
    ]
  },
  {
    "id": 3264,
    "q": "تمَّ إنشاءُ المحاكِمِ المختَلَطةِ في مصرَ؛",
    "level": 2,
    "link": "https://www.dorar.net/history/?page=235",
    "section": "osmany",
    "answers": [
      {
        "answer": "حيث أرادتِ الدولةُ المصريةُ أنْ تخفِّفَ مِن استبدادِ نظامِ الامتيازاتِ الذي كان يتمتَّعُ به الأجنبيُّ",
        "t": 1
      },
      {
        "answer": "للتَّخفيفِ من العِبءِ القَضائيِّ على الدولةِ",
        "t": 0
      },
      {
        "answer": "للتسْويةِ بينَ أهلِ المِلَلِ كلِّها في التحاكُمِ أمامَ محكَمةٍ واحدةٍ",
        "t": 0
      }
    ]
  },
  {
    "id": 3249,
    "q": "أسفَرَت مُعاهَدةُ إستانبولَ معَ الدولةِ الصَّفويةِ عن:",
    "level": 2,
    "link": "https://www.dorar.net/history/?page=192",
    "section": "osmany",
    "answers": [
      {
        "answer": "الاعتِرافِ بالسيادةِ العُثمانيةِ على العِراقِ كلِّه",
        "t": 0
      },
      {
        "answer": "اعترافِ الصَّفويِّينَ باحْترامِ حُريةِ المذهَبِ السُّنيِّ، ووافَقَت على عدَمِ سَبِّ الصحابةِ",
        "t": 1
      },
      {
        "answer": "مُبادَلةِ الأَسْرى بينَ الجانِبَينِ فقط",
        "t": 0
      }
    ]
  },
  {
    "id": 3259,
    "q": "كان القَصدُ منَ الحملةِ الفَرنسيةِ على مصرَ ",
    "level": 2,
    "link": "https://www.dorar.net/history/?page=214",
    "section": "osmany",
    "answers": [
      {
        "answer": "منعَ مرورِ تجارةِ الإنجليزِ من مصرَ إلى الهندِ",
        "t": 1
      },
      {
        "answer": "جَعْلَ مصرَ مَركزًا رئيسًا للحملاتِ العسكريةِ الفَرنسيةِ في الشرقِ",
        "t": 0
      },
      {
        "answer": "      التوسُّعَ الاستعماريَّ في مقابِلَ التوسُّعِ الإنجليزيِّ   ",
        "t": 0
      }
    ]
  },
  {
    "id": 3250,
    "q": "ذُكِرَ أنَّ السلطانَ محمَّدًا الثالثَ بدأَ حُكمَه بقَتلِ تِسعةَ عَشرَ أخًا من إخْوتِه الذُّكورِ",
    "level": 2,
    "link": "https://www.dorar.net/history/?page=192",
    "section": "osmany",
    "answers": [
      {
        "answer": "هذا غيرُ صحيحٍ، ومحاوَلةُ تَشْويهٍ من أعداءِ الدولةِ",
        "t": 1
      },
      {
        "answer": "الصحيح أنَّه قتَل ثلاثةً فقط ",
        "t": 0
      },
      {
        "answer": "صحيح؛ لأنه علم أنهم يدبرون لقتله",
        "t": 0
      }
    ]
  },
  {
    "id": 3251,
    "q": "تحصَّلتْ هولَنْدا على امْتيازاتٍ سنةَ 1013هـ؛",
    "level": 2,
    "link": "https://www.dorar.net/history/?page=193",
    "section": "osmany",
    "answers": [
      {
        "answer": "فوطَّدت للنَّصارى ليَقوموا بثَورةٍ داخلَ الدولةِ العُثمانيةِ",
        "t": 0
      },
      {
        "answer": "لتتحَصَّلَ على امتيازِ حَفرِ قَناةٍ بينَ البَحرينِ الأحمرِ والأبيضِ",
        "t": 0
      },
      {
        "answer": "فاستَغلَّت ذلك في نَشرِ الدُّخانِ داخِلَ ديارِ الإسْلامِ",
        "t": 1
      }
    ]
  },
  {
    "id": 3253,
    "q": "كان شيخُ الإسلامِ فَيضُ اللهِ أفْندي يَميلُ إلى التغلُّبِ والتحَكُّمِ في كافَّةِ الأمورِ، والصدرُ يريدُ مُراعاةَ حقوقِ مَقامِ الصدارةِ العُظمى فوَقَعت فِتنةٌ انتَهَت",
    "level": 2,
    "link": "https://www.dorar.net/history/?page=202",
    "section": "osmany",
    "answers": [
      {
        "answer": "بإذْعانِ رامي محمد باشا لشيخِ الإسْلامِ",
        "t": 0
      },
      {
        "answer": "بإقالةِ رامي محمد باشا عن مَنصِبِ الصدرِ",
        "t": 0
      },
      {
        "answer": "بقَتلِ شَيخِ الإسْلامِ فَيضِ اللهِ أفَنْدي",
        "t": 1
      }
    ]
  },
  {
    "id": 3260,
    "q": "استطاعَ محمَّد علي باشا التفرُّدَ بالحُكمِ بشَيئينِ:",
    "level": 2,
    "link": "https://www.dorar.net/history/?page=216",
    "section": "osmany",
    "answers": [
      {
        "answer": "بإخْراجِ الفَرنسيينَ من مصرَ، والتخلُّصِ من رُؤُوس الفِتنَة",
        "t": 0
      },
      {
        "answer": "بتخَلُّصِه من المماليكِ في حادِثةِ القَلعةِ، وضَربِ العلماءِ بعضِهم ببعضٍ",
        "t": 1
      },
      {
        "answer": "بالتخلُّصِ من شيوخ القبائل، وبناءِ تِرسانةِ الأسلحةِ",
        "t": 0
      }
    ]
  },
  {
    "id": 3257,
    "q": "خضَعَت ماليزيا للاحْتلالِ البريطانيِّ بسبب، ",
    "level": 2,
    "link": "https://www.dorar.net/history/?page=211",
    "section": "osmany",
    "answers": [
      {
        "answer": "ضَعفِ سَلاطينِها",
        "t": 1
      },
      {
        "answer": "تَسليمِ شَعبِها له",
        "t": 0
      },
      {
        "answer": "تفرُّقِ إماراتِها",
        "t": 0
      }
    ]
  },
  {
    "id": 3262,
    "q": "أصدَرَ السلطانُ العثمانيُّ \"فرمانَ مصرَ\" الذي نصَّ على:",
    "level": 2,
    "link": "https://www.dorar.net/history/?page=228",
    "section": "osmany",
    "answers": [
      {
        "answer": "تَسليمِ مصرَ للانْتدابِ البريطانيِّ",
        "t": 0
      },
      {
        "answer": "تَولِّي محمَّد علي إمارةَ الحجِّ   ",
        "t": 0
      },
      {
        "answer": "إعطاءِ محمَّد علي باشا ولايةَ مصرَ والسودانِ وِراثيًّا",
        "t": 1
      }
    ]
  },
  {
    "id": 3246,
    "q": "قُتِل ماجلَّانَ بسببِ:",
    "level": 2,
    "link": "https://www.dorar.net/history/?page=183",
    "section": "osmany",
    "answers": [
      {
        "answer": "إجبارِه الناسَ على التنصيرِ",
        "t": 1
      },
      {
        "answer": "عَسفِه مع السكانِ",
        "t": 0
      },
      {
        "answer": "سَلبِ خَيراتِ البلادِ التي فتَحَها",
        "t": 0
      }
    ]
  },
  {
    "id": 3254,
    "q": "قام عَلي بك الكبيرُ بالثورةِ على الدولةِ العُثمانيةِ",
    "level": 2,
    "link": "https://www.dorar.net/history/?page=208",
    "section": "osmany",
    "answers": [
      {
        "answer": "لضَعفِ إدارةِ الدولةِ في ذلك الوقتِ",
        "t": 0
      },
      {
        "answer": "لتسلُّطِ المماليكِ على البابِ العالي واستِصْدارِهم أوامرَ غيرَ سليمةٍ",
        "t": 0
      },
      {
        "answer": "بسببِ الإيقاعِ به عندَ السلطانِ، فطلَبَ السلطانُ رأسَه، فقتَل الرسُلَ وأعلَنَ استقلالَه بمصرَ ",
        "t": 1
      }
    ]
  },
  {
    "id": 3263,
    "q": "أمَرَ الخِديوي إسماعيلُ باشا وزيرَ معارِفِه علي باشا مبارك بإنشاءِ دارِ العلومِ عامَ:",
    "level": 2,
    "link": "https://www.dorar.net/history/?page=234",
    "section": "osmany",
    "answers": [
      {
        "answer": "1865م",
        "t": 0
      },
      {
        "answer": "1872م",
        "t": 1
      },
      {
        "answer": "1881م",
        "t": 0
      }
    ]
  },
  {
    "id": 3248,
    "q": "السببُ الرئيسُ في موقِعةِ ليبانتو البحْريةِ:",
    "level": 2,
    "link": "https://www.dorar.net/history/?page=190",
    "section": "osmany",
    "answers": [
      {
        "answer": "فتحُ السلطانِ سَليمٍ الثاني لجزيرةِ قُبرصَ معَ أنَّها لم تكُنْ مُزعِجةً له",
        "t": 1
      },
      {
        "answer": "اسْتِردادُ العُثمانيِّينَ تونسَ وجَعلُها ولايةً عُثمانيةً",
        "t": 0
      },
      {
        "answer": "محاوَلةُ العُثمانيِّينَ اسْتِردادَ جزيرةِ رودسَ",
        "t": 0
      }
    ]
  },
  {
    "id": 3252,
    "q": "سَيطَرَ الجيشُ الانْكِشاريُّ على السلطانِ مرادٍ الرابعِ في أولِ أمرِه؛",
    "level": 2,
    "link": "https://www.dorar.net/history/?page=195",
    "section": "osmany",
    "answers": [
      {
        "answer": "لصِغرِ سِنِّه",
        "t": 1
      },
      {
        "answer": "لتدَخُّلِ والدتِه في شؤونِ الحُكمِ",
        "t": 0
      },
      {
        "answer": "لضَعفِه في إدارةِ الدولةِ",
        "t": 0
      }
    ]
  },
  {
    "id": 3265,
    "q": "من أسوأِ ما ترتَّب على الثورةِ العُرابيةِ:",
    "level": 2,
    "link": "https://www.dorar.net/history/?page=237",
    "section": "osmany",
    "answers": [
      {
        "answer": "تدخُّلُ بريطانيا عسكريًّا في مصرَ وبَدءُ الاحْتلالِ ",
        "t": 1
      },
      {
        "answer": "محاولةُ النُّوبةِ الاستقلالَ عن مصرَ نهائيًّا",
        "t": 0
      },
      {
        "answer": "استبدادُ الخِديوي أكثَرَ ممَّا كان",
        "t": 0
      }
    ]
  }
]