[
  {
    "id": 3243,
    "q": "انتهَتِ الدولةُ السعوديةُ الأُولى سنةَ 1233هـ، على يدِ:",
    "level": 1,
    "link": "https://www.dorar.net/history/?page=222",
    "section": "osmany",
    "answers": [
      {
        "answer": "محمَّد علي باشا ",
        "t": 0
      },
      {
        "answer": "أحمد طوسون باشا ابنِ محمَّد علي باشا",
        "t": 0
      },
      {
        "answer": "إبراهيمَ باشا ابنِ محمَّد علي باشا",
        "t": 1
      }
    ]
  },
  {
    "id": 3238,
    "q": "أُجريَت أولُ تجربةٍ ناجحةٍ على استخدامِ الغوَّاصةِ في الدولةِ العثمانيةِ في عهدِ:",
    "level": 1,
    "link": "https://www.dorar.net/history/?page=213",
    "section": "osmany",
    "answers": [
      {
        "answer": "السلطانِ عبدِ الحميدِ الثاني",
        "t": 0
      },
      {
        "answer": "السلطانِ عبدِ الحميدِ الأولِ",
        "t": 0
      },
      {
        "answer": "السلطانِ أحمدَ الثالثِ",
        "t": 1
      }
    ]
  },
  {
    "id": 3244,
    "q": "تم إنشاءُ أوَّلِ وَزارةٍ للمعارفِ في مصرَ والعالمِ العربيِّ، باسمِ:",
    "level": 1,
    "link": "https://www.dorar.net/history/?page=226",
    "section": "osmany",
    "answers": [
      {
        "answer": "نِظارةِ المعارِفِ",
        "t": 0
      },
      {
        "answer": "ديوانِ المدارِسِ",
        "t": 1
      },
      {
        "answer": "وزارةِ العُلوم",
        "t": 0
      }
    ]
  },
  {
    "id": 3242,
    "q": "تنازَعَ كلٌّ منَ البُرتغاليِّينَ والفَرنسيِّينَ والإنجليزِ على مِنطقة السِّنغالِ، وآلَتْ في النهايةِ إلى:",
    "level": 1,
    "link": "https://www.dorar.net/history/?page=222",
    "section": "osmany",
    "answers": [
      {
        "answer": "البرتغالِ",
        "t": 0
      },
      {
        "answer": "فَرنسا",
        "t": 1
      },
      {
        "answer": "إنجلترا",
        "t": 0
      }
    ]
  },
  {
    "id": 3240,
    "q": "جاء محمَّد علي باشا إلى مصرَ معَ الجنودِ الذين جاؤوا:",
    "level": 1,
    "link": "https://www.dorar.net/history/?page=216",
    "section": "osmany",
    "answers": [
      {
        "answer": "لإخْراجِ الفَرنسيينَ منها",
        "t": 1
      },
      {
        "answer": "لكَسرِ شَوْكةِ المماليكِ فيها",
        "t": 0
      },
      {
        "answer": "لتَوْطيدِ حُكمِه فيها",
        "t": 0
      }
    ]
  },
  {
    "id": 3237,
    "q": "تمكَّنَت البحريةُ العثمانيةُ في موانئِ الجزائرِ من مُهاجمةِ وتَشْتيتِ 75 سفينةً حربيةً: ",
    "level": 1,
    "link": "https://www.dorar.net/history/?page=211",
    "section": "osmany",
    "answers": [
      {
        "answer": "صِربِيَّة",
        "t": 0
      },
      {
        "answer": "إسبانيةً ",
        "t": 1
      },
      {
        "answer": "أَلمانِيَّة",
        "t": 0
      }
    ]
  },
  {
    "id": 3229,
    "q": "كانت أولُ محاولةٍ لليهودِ للاسْتيطانِ في فِلَسطينَ هجرتهم إلى:",
    "level": 1,
    "link": "https://www.dorar.net/history/?page=192",
    "section": "osmany",
    "answers": [
      {
        "answer": "مدينةِ القُدسِ",
        "t": 0
      },
      {
        "answer": "مدينةِ الخليلِ بفِلسطينَ",
        "t": 0
      },
      {
        "answer": "مدينةِ الطورِ بسَيناءَ",
        "t": 1
      }
    ]
  },
  {
    "id": 3231,
    "q": "أنشأَ عبدُ اللهِ الصائغُ أولَ مَطبَعةٍ تطبَعُ بالحروفِ العربية سنةَ 1114هـ في: ",
    "level": 1,
    "link": "https://www.dorar.net/history/?page=202",
    "section": "osmany",
    "answers": [
      {
        "answer": "لُبنانَ",
        "t": 0
      },
      {
        "answer": "إستانبولَ ",
        "t": 0
      },
      {
        "answer": "حلَبَ",
        "t": 1
      }
    ]
  },
  {
    "id": 3227,
    "q": "خاضَ الأُسطولُ العُثمانيُّ معركةً بحْريةً معَ الأسطولِ البُرتغاليِّ:",
    "level": 1,
    "link": "https://www.dorar.net/history/?page=185",
    "section": "osmany",
    "answers": [
      {
        "answer": "قريبًا مِن جَزيرةِ صَقلِّيَّة",
        "t": 0
      },
      {
        "answer": "عندَ مَضيقِ هُرمُزَ",
        "t": 0
      },
      {
        "answer": "قُربَ جزيرةِ ديو الواقعةِ في المحيطِ الهنديِّ",
        "t": 1
      }
    ]
  },
  {
    "id": 3226,
    "q": "قُتل ماجلَّانُ على يدِ: ",
    "level": 1,
    "link": "https://www.dorar.net/history/?page=183",
    "section": "osmany",
    "answers": [
      {
        "answer": "نَصارَى القَلعَة",
        "t": 0
      },
      {
        "answer": "مُسلمي الفِلبينَ",
        "t": 1
      },
      {
        "answer": "وَفدِ أَنطاكيا",
        "t": 0
      }
    ]
  },
  {
    "id": 3239,
    "q": "توقَّفتِ المطبعةُ الأهليَّةُ في بولاقَ بالقاهرةِ:",
    "level": 1,
    "link": "https://www.dorar.net/history/?page=215",
    "section": "osmany",
    "answers": [
      {
        "answer": "بانتهاءِ الحملةِ الفَرنسيةِ عامَ 1801م",
        "t": 1
      },
      {
        "answer": "برجوعِ نابليونَ إلى فَرنسا",
        "t": 0
      },
      {
        "answer": "بمَقتَلِ كليبرَ على يدِ سُليمانَ الحَلبيِّ",
        "t": 0
      }
    ]
  },
  {
    "id": 3230,
    "q": "بعدَ محاصرةٍ دامَت 6 سنواتٍ استَعادَ مَلِكُ العَلويِّينَ إسماعيلُ السَّعديُّ من الإنجليزِ:",
    "level": 1,
    "link": "https://www.dorar.net/history/?page=199",
    "section": "osmany",
    "answers": [
      {
        "answer": "مُرَّاكِشَ",
        "t": 0
      },
      {
        "answer": "طَنجةَ ",
        "t": 1
      },
      {
        "answer": "فاسَ",
        "t": 0
      }
    ]
  },
  {
    "id": 3232,
    "q": "مَن هُم الذين ارتَكبُوا مَذبحةً كَبيرةً ضدَّ الأتْراكِ في مدينةِ تريبوليجةَ، راحَ ضَحيَّتَها 8 آلافِ مَدنيٍّ: ",
    "level": 1,
    "link": "https://www.dorar.net/history/?page=203",
    "section": "osmany",
    "answers": [
      {
        "answer": "الصِّربُ",
        "t": 0
      },
      {
        "answer": "التجارُ البنادِقةُ",
        "t": 0
      },
      {
        "answer": "الثوَّارُ اليونانيُّونَ",
        "t": 1
      }
    ]
  },
  {
    "id": 3234,
    "q": "في الدولةِ العُثمانيةِ سنةَ 1147هـ تمَّ افتِتاحُ: ",
    "level": 1,
    "link": "https://www.dorar.net/history/?page=205",
    "section": "osmany",
    "answers": [
      {
        "answer": "مدرسةِ الهندسةِ الإمبراطوريةِ",
        "t": 1
      },
      {
        "answer": "مدرسةِ الجِهاديةِ",
        "t": 0
      },
      {
        "answer": "مدرسةِ الطبِّ والصيدلةِ",
        "t": 0
      }
    ]
  },
  {
    "id": 3233,
    "q": "اسْتَوْلى الأفْغانُ على بلادِ فارسَ بقيادةِ:",
    "level": 1,
    "link": "https://www.dorar.net/history/?page=204",
    "section": "osmany",
    "answers": [
      {
        "answer": "كركينَ",
        "t": 0
      },
      {
        "answer": "أُويسٍ حاكمِ قَندهارَ",
        "t": 0
      },
      {
        "answer": "محمودِ بنِ أُويسٍ",
        "t": 1
      }
    ]
  },
  {
    "id": 3245,
    "q": "انْتَهى النِّزاعُ بينَ بريطانيا وفرنسا وإيطاليا على الصومالِ بـ: ",
    "level": 1,
    "link": "https://www.dorar.net/history/?page=238",
    "section": "osmany",
    "answers": [
      {
        "answer": "باستِحواذِ إيطاليا عليها",
        "t": 0
      },
      {
        "answer": "بتَقسيمِها بينَها",
        "t": 1
      },
      {
        "answer": "باحتِلالِ فَرنسا لها",
        "t": 0
      }
    ]
  },
  {
    "id": 3228,
    "q": "كانت عاصمةَ الدولةِ الصَّفويةِ وفتَحها العُثمانيونَ ",
    "level": 1,
    "link": "https://www.dorar.net/history/?page=192",
    "section": "osmany",
    "answers": [
      {
        "answer": "مدينةَ شيرازَ",
        "t": 0
      },
      {
        "answer": "مدينةَ تِبريزَ",
        "t": 1
      },
      {
        "answer": "مدينةَ كابُلَ",
        "t": 0
      }
    ]
  },
  {
    "id": 3235,
    "q": "تمَّ اتِّفاقٌ تاريخيٌّ بينَ الشيخِ محمَّدِ بنِ عبدِ الوهَّابِ والأميرِ محمدِ بنِ سعودٍ أميرِ الدرعيَّةِ 1157هـ عُرِف بـــــ:",
    "level": 1,
    "link": "https://www.dorar.net/history/?page=205",
    "section": "osmany",
    "answers": [
      {
        "answer": "اتِّفاقِ الدرعيَّةِ",
        "t": 1
      },
      {
        "answer": "اتِّفاقِ الرياضِ",
        "t": 0
      },
      {
        "answer": "اتِّفاقِ نَجدٍ",
        "t": 0
      }
    ]
  },
  {
    "id": 3236,
    "q": "كانت تَبعيَّةُ الكُوَيتِ للدولةِ العُثمانيةِ:",
    "level": 1,
    "link": "https://www.dorar.net/history/?page=207",
    "section": "osmany",
    "answers": [
      {
        "answer": "تَبعيَّةً فِعليَّةً",
        "t": 0
      },
      {
        "answer": "تَبعيَّةً دينيَّةً",
        "t": 1
      },
      {
        "answer": "تَبعيَّةً قانونيَّةً ",
        "t": 0
      }
    ]
  },
  {
    "id": 3241,
    "q": "أسفَرَت مُعاهدةُ دَمنهورَ بينَ محمَّد علي والإنجليزِ عن:",
    "level": 1,
    "link": "https://www.dorar.net/history/?page=218",
    "section": "osmany",
    "answers": [
      {
        "answer": "تدخُّلِ إنجلترا في شؤونِ مصرَ الداخليةِ",
        "t": 0
      },
      {
        "answer": "جلاءِ حملةِ فريزرَ عن مصرَ بعدَ فشلِها الذريعِ",
        "t": 1
      },
      {
        "answer": "دخولِ مصرَ تحتَ الحمايةِ البريطانيةِ",
        "t": 0
      }
    ]
  }
]