[
  {
    "id": 52,
    "q": "من صِفاتِ الذينَ أنعمَ اللهُ تعالى عليهم",
    "level": 3,
    "link": "https://dorar.net/tafseer/1/1",
    "section": "al-faatihah",
    "answers": [
      {
        "answer": "أنَّهم يَسْكنونَ في القُرى دونَ الباديةِ",
        "t": 0
      },
      {
        "answer": "أنَّهم لَيْسوا كالنَّصارى، ومَن سلَكَ طريقتَهم ممَّن جهِلوا الحقَّ",
        "t": 1
      },
      {
        "answer": "أنَّهم لا يَمْشونَ في الأسْواقِ",
        "t": 0
      }
    ]
  },
  {
    "id": 47,
    "q": "في قولِه: {اهْدِنَا الصِّرَاطَ}  فِعلُ أمرٍ، المقصودُ به",
    "level": 3,
    "link": "https://dorar.net/tafseer/1/1#tt9",
    "section": "al-faatihah",
    "answers": [
      {
        "answer": "الالتِماسُ والدُّعاءُ، لا حقيقةُ الأمرِ",
        "t": 1
      },
      {
        "answer": "الأمْر التَّعبُّدِي ",
        "t": 0
      },
      {
        "answer": "إظْهارُ الاستِضْعافِ",
        "t": 0
      }
    ]
  },
  {
    "id": 48,
    "q": "وصْفُ اللهِ سُبحانَه نَفْسَه بالرُّبوبيَّةِ التي تَعني أنَّه السيِّدُ، المالِكُ، والتي قد يُفهَمُ منها معنى الجَبَروتِ والقَهرِ؛ جاء وصفُه بالرَّحمةِ بعدَها:",
    "level": 3,
    "link": "https://dorar.net/tafseer/1/1#tt7",
    "section": "al-faatihah",
    "answers": [
      {
        "answer": "للإنذارِ",
        "t": 0
      },
      {
        "answer": "للترغيب",
        "t": 0
      },
      {
        "answer": "لينبسِطَ أملُ العبدِ في العفوِ إنْ زلَّ، ويَقْوَى رجاؤُه إنْ هفَا",
        "t": 1
      }
    ]
  },
  {
    "id": 41,
    "q": "منَ القِراءاتِ المتَواتِرةِ {مَلِكِ يَوْمِ الدِّينِ} ومعنى {مَلِكِ}",
    "level": 3,
    "link": "https://dorar.net/tafseer/1/1#tt7",
    "section": "al-faatihah",
    "answers": [
      {
        "answer": "المتصرِّفُ بالقولِ أمرًا ونَهيًا فيمَن هو مَلِكٌ عليهم",
        "t": 1
      },
      {
        "answer": "المتَّصِفُ بالرحمةِ",
        "t": 0
      },
      {
        "answer": "المتفضِّلُ على عِبادِه بالسترِ",
        "t": 0
      }
    ]
  },
  {
    "id": 43,
    "q": "قولُه تعالى: (إِيَّاكَ) يُفيدُ: ",
    "level": 3,
    "link": "https://dorar.net/tafseer/1/1#tt9",
    "section": "al-faatihah",
    "answers": [
      {
        "answer": "الاستِثْناءَ المنقَطِعَ",
        "t": 0
      },
      {
        "answer": "القَصرَ والاختِصاصَ",
        "t": 1
      },
      {
        "answer": "الالتِماسَ والدُّعاءَ",
        "t": 0
      }
    ]
  },
  {
    "id": 56,
    "q": "لماذا سُمِّيتِ الفاتحةُ بالقُرآنِ العَظيمِ؟",
    "level": 3,
    "link": "https://dorar.net/tafseer/1#tt1",
    "section": "al-faatihah",
    "answers": [
      {
        "answer": "لأنَّها يُقرَأُ بها في الصَّلاةِ",
        "t": 0
      },
      {
        "answer": "لافْتِتاحِها بالحَمدِ للهِ ربِّ العالَمينَ",
        "t": 0
      },
      {
        "answer": "لتَضمُّنِها جميعَ علومِ القُرآنِ",
        "t": 1
      }
    ]
  },
  {
    "id": 55,
    "q": "من حِكَمِ تقديمِ المَغضُوبِ عَلَيهِمْ -وهمُ اليهودُ- على الضَّالِّينَ -وهمُ النَّصارى-: ",
    "level": 3,
    "link": "https://dorar.net/tafseer/1/1",
    "section": "al-faatihah",
    "answers": [
      {
        "answer": "لأنَّ اليَهودَ أكثرُ عَددًا",
        "t": 0
      },
      {
        "answer": "لأنَّ اليَهودَ سابِقونَ على النَّصارى في الزمنِ",
        "t": 1
      },
      {
        "answer": "النَّصارى أضعَفُ منَ اليَهودِ",
        "t": 0
      }
    ]
  },
  {
    "id": 51,
    "q": "مُناسَبةُ افْتِتاحِ القرآنِ بسورةِ الفاتحةِ",
    "level": 3,
    "link": "https://dorar.net/tafseer/1#tt1",
    "section": "al-faatihah",
    "answers": [
      {
        "answer": "لأنَّها تَنزِلُ من سورِ القرآنِ منزلةَ دِيباجةِ الخُطبةِ أو الكتابِ",
        "t": 1
      },
      {
        "answer": "لأنَّه يُشرَعُ عَقِبَه التأمينُ",
        "t": 0
      },
      {
        "answer": "لأنَّها السَّبعُ المثاني",
        "t": 0
      }
    ]
  },
  {
    "id": 42,
    "q": "قدَّم (الْمَغْضِوبِ عَلَيْهِمْ) على (الضَّالِّينَ)",
    "level": 3,
    "link": "https://dorar.net/tafseer/1/1#tt9",
    "section": "al-faatihah",
    "answers": [
      {
        "answer": "لأنَّهم حاربُوا دَعوةَ رَسولِ الله ﷺ أوَّلًا",
        "t": 0
      },
      {
        "answer": "لأنَّهم أشَدُّ مخالَفةً للحقِّ من الضالِّينَ",
        "t": 1
      },
      {
        "answer": "لأنَّهم يَقتُلونَ الأنْبياءَ بغيرِ حقٍّ",
        "t": 0
      }
    ]
  },
  {
    "id": 44,
    "q": "في قولِه: {صِرَاطَ الَّذِينَ أَنْعَمْتَ عَلَيْهِمْ}\nتَصريحٌ بعدَ إبْهامٍ، وتَفْصيلٌ بعدَ إجْمالٍ، وفائدتُه:",
    "level": 3,
    "link": "https://dorar.net/tafseer/1/1#tt9",
    "section": "al-faatihah",
    "answers": [
      {
        "answer": "تَشويقُ النَّفسِ، وتَهيئتُها؛ لتتلقَّى التفسيرَ والتفْصيلَ",
        "t": 1
      },
      {
        "answer": "التَّنبِيهُ والتَّحْذيرُ ",
        "t": 0
      },
      {
        "answer": "الحثُّ والتَّرغِيب",
        "t": 0
      }
    ]
  },
  {
    "id": 54,
    "q": "اللَّامُ في: (للهِ) في قولِه تعالى: {الْحَمْدُ لِلَّهِ رَبِّ الْعَالَمِينَ} تُفيدُ:",
    "level": 3,
    "link": "https://www.dorar.net/tafseer/1/1#tt18",
    "section": "al-faatihah",
    "answers": [
      {
        "answer": "التَّجدُّد والاستِمرار",
        "t": 0
      },
      {
        "answer": "الاستحقاقَ والاختِصاصَ",
        "t": 1
      },
      {
        "answer": "المُبالغَة",
        "t": 0
      }
    ]
  },
  {
    "id": 57,
    "q": "منَ الأدلَّةِ على أنَّ سورةَ الفاتحةِ مَكيَّةٌ",
    "level": 3,
    "link": "https://dorar.net/tafseer/1#tt1",
    "section": "al-faatihah",
    "answers": [
      {
        "answer": "أنَّ فيها ذِكرَ الصِّراطِ",
        "t": 0
      },
      {
        "answer": "أنَّ الصلاةَ لا تصِحُّ إلَّا بها، وقد شُرِعتِ الصَّلاةُ بمكَّةَ، أي: قبلَ الهجرةِ",
        "t": 1
      },
      {
        "answer": "أنَّ فيها ذِكرَ اليَهودِ والنَّصارى",
        "t": 0
      }
    ]
  },
  {
    "id": 60,
    "q": "قال اللهُ تعالى: {الْحَمْدُ لِلَّهِ رَبِّ الْعَالَمِينَ}، أصْلُ كلمةِ (ربِّ) في اللُّغةِ:",
    "level": 3,
    "link": "https://dorar.net/tafseer/1/1",
    "section": "al-faatihah",
    "answers": [
      {
        "answer": "المُلكُ التام بِلا مُنازِع",
        "t": 0
      },
      {
        "answer": "إصْلاحُ الشيءِ والقيامُ عليه",
        "t": 1
      },
      {
        "answer": "النماء والازدهار",
        "t": 0
      }
    ]
  },
  {
    "id": 49,
    "q": "إيثارُ ذِكرِ إلهيَّتِه سُبحانَه ورُبوبيَّتِه ورحمتِه ومُلكِه في أوَّلِ سورةِ الفاتحةِ على ذِكرِ سائرِ الصِّفاتِ",
    "level": 3,
    "link": "https://dorar.net/tafseer/1/1#tt7",
    "section": "al-faatihah",
    "answers": [
      {
        "answer": "لأنَّ هذه الصِّفاتِ الأربعَ مُستلزِمةٌ لجميعِ صِفاتِ كَمالِه عزَّ وجلَّ",
        "t": 1
      },
      {
        "answer": "للإنذارِ والترهيبِ",
        "t": 0
      },
      {
        "answer": "لبَيانِ شِدةِ انْتِقامِه",
        "t": 0
      }
    ]
  },
  {
    "id": 50,
    "q": "من مَقاصِدِ سورةِ الفاتحةِ",
    "level": 3,
    "link": "https://dorar.net/tafseer/1#tt1",
    "section": "al-faatihah",
    "answers": [
      {
        "answer": "الحثُّ على الصدَقاتِ",
        "t": 0
      },
      {
        "answer": "التعريفُ بالمعبودِ تبارَكَ وتعالى",
        "t": 1
      },
      {
        "answer": "تَفْصيلُ أحْكامِ الصلاةِ",
        "t": 0
      }
    ]
  },
  {
    "id": 53,
    "q": "قولُه تعالى: {إِيَّاكَ نَعْبُدُ وَإِيَّاكَ نَسْتَعِينُ}: ",
    "level": 3,
    "link": "https://dorar.net/tafseer/1/1",
    "section": "al-faatihah",
    "answers": [
      {
        "answer": "فيه كِنايةٌ عن صِدقِ الدُّعاءِ",
        "t": 0
      },
      {
        "answer": "فيه الْتِفاتٌ من ضَميرِ الغَيبةِ إلى ضَميرِ الخِطابِ",
        "t": 1
      },
      {
        "answer": "فيه تَصريحٌ بعدَ إبْهامٍ",
        "t": 0
      }
    ]
  },
  {
    "id": 45,
    "q": "يجوزُ أنْ يكونَ قولُه تعالى: {صِرَاطَ الَّذِينَ} عَطفَ بَيانٍ، وفائدتُه:",
    "level": 3,
    "link": "https://dorar.net/tafseer/1/1#tt9",
    "section": "al-faatihah",
    "answers": [
      {
        "answer": "الإطْنابُ",
        "t": 0
      },
      {
        "answer": "التوكيدُ اللفظيُّ",
        "t": 0
      },
      {
        "answer": "الإيضاحُ",
        "t": 1
      }
    ]
  },
  {
    "id": 59,
    "q": "قال اللهُ تعالى: {الرَّحْمَنِ الرَّحِيمِ} هذان الاسمان مَعْناهما:",
    "level": 3,
    "link": "https://dorar.net/tafseer/1/1",
    "section": "al-faatihah",
    "answers": [
      {
        "answer": "كِلاهما بمعنًى، وهو أنَّهما يَعْنيانِ: ذي الرَّحمةِ الواسِعةِ لجميعِ الخَلقِ",
        "t": 0
      },
      {
        "answer": "الرَّحمنُ: أي واسِع الرَّحمَة، والرَّحيمُ: أي دَائم الرَّحمَة",
        "t": 0
      },
      {
        "answer": "الرَّحْمَنُ: ذو الرَّحمةِ الواسِعةِ لجميعِ خَلقِه، والرَّحِيمُ: ذو رحمةٍ خاصَّةٍ",
        "t": 1
      }
    ]
  },
  {
    "id": 58,
    "q": "في افْتِتاحِ القُرآنِ بسورةِ الفاتحةِ",
    "level": 3,
    "link": "https://dorar.net/tafseer/1#tt1",
    "section": "al-faatihah",
    "answers": [
      {
        "answer": "مُشاكَلةٌ",
        "t": 0
      },
      {
        "answer": "بَراعةُ استِهْلالٍ",
        "t": 1
      },
      {
        "answer": "طِباقٌ",
        "t": 0
      }
    ]
  },
  {
    "id": 46,
    "q": "تناسُبُ الفَواصِلِ، وتوافُقُ رُؤوسِ الآياتِ في الفاتحةِ: هو مِن",
    "level": 3,
    "link": "https://dorar.net/tafseer/1/1#tt9",
    "section": "al-faatihah",
    "answers": [
      {
        "answer": "بَراعةِ الاستِهْلالِ",
        "t": 0
      },
      {
        "answer": "حُسنِ الكَلامِ، وممَّا تتشنَّفُ به الأسماعُ",
        "t": 1
      },
      {
        "answer": "مُراعاةِ الترتيبِ",
        "t": 0
      }
    ]
  }
]