[
  {
    "id": 20,
    "q": "من أسْماءِ سورةِ الفاتحةِ:",
    "level": 1,
    "link": "https://dorar.net/tafseer/1#tt1",
    "section": "al-faatihah",
    "answers": [
      {
        "answer": "فاتحةُ الكِتابِ",
        "t": 1
      },
      {
        "answer": "أمُّ السوَرِ",
        "t": 0
      },
      {
        "answer": "نورُ الهدايةِ",
        "t": 0
      }
    ]
  },
  {
    "id": 12,
    "q": "من فَضائلِها",
    "level": 1,
    "link": "https://dorar.net/tafseer/1#tt1",
    "section": "al-faatihah",
    "answers": [
      {
        "answer": "حُصولُ السَّعةُ في الرِّزقِ",
        "t": 0
      },
      {
        "answer": "حُصولُ المناجاةِ في الصَّلاةِ بينَ العَبدِ وربِّه",
        "t": 1
      },
      {
        "answer": "النَّجاةُ من عَذابِ القَبرِ",
        "t": 0
      }
    ]
  },
  {
    "id": 18,
    "q": "من خَصائصِ سورةِ الفاتحةِ",
    "level": 1,
    "link": "https://dorar.net/tafseer/1#tt1",
    "section": "al-faatihah",
    "answers": [
      {
        "answer": "أنَّه لا صَلاةَ لِمَن لم يَقْرأْ بها",
        "t": 1
      },
      {
        "answer": "أنَّها تعصِمُ من فِتنةِ الدجَّالِ",
        "t": 0
      },
      {
        "answer": "أنَّ قِراءَتَها تَفتحُ أَبوابَ الخيرِ",
        "t": 0
      }
    ]
  },
  {
    "id": 8,
    "q": "من فَضائلِ سورةِ الفاتحةِ",
    "level": 1,
    "link": "https://dorar.net/tafseer/1#tt2",
    "section": "al-faatihah",
    "answers": [
      {
        "answer": "أنَّها تُعينُ على قيامِ الليلِ",
        "t": 0
      },
      {
        "answer": "أنَّها رُقْيةٌ شافيةٌ",
        "t": 1
      },
      {
        "answer": "أنَّها تَزيدُ في الرِّزقِ",
        "t": 0
      }
    ]
  },
  {
    "id": 1,
    "q": "معنى الربِّ هو:",
    "level": 1,
    "link": "https://www.dorar.net/tafseer/1/1#tt7",
    "section": "al-faatihah",
    "answers": [
      {
        "answer": "المُستحِقُّ للحَمدِ",
        "t": 0
      },
      {
        "answer": "الذي لا يُعبَدُ سِواهُ",
        "t": 0
      },
      {
        "answer": "السيِّدُ، والمالِكُ، والمصلِحُ، والصَّاحبُ، والمُرَبِّي، والخالِقُ",
        "t": 1
      }
    ]
  },
  {
    "id": 6,
    "q": "المقصودُ بالضَّالِّينَ في قولِه تعالى: {غَيْرِ الْمَغْضُوبِ عَلَيْهِمْ وَلَا الضَّالِّينَ} هُم:",
    "level": 1,
    "link": "https://www.dorar.net/tafseer/1/1#tt4",
    "section": "al-faatihah",
    "answers": [
      {
        "answer": "المرتَدُّونَ الذين آمنُوا ثم كَفرُوا فطَبعَ اللهُ على قُلوبِهم",
        "t": 0
      },
      {
        "answer": "النَّصارى ومَن سلَك طريقتَهم ممَّن جهِلوا الحقَّ، فعبَدوا اللهَ تعالى بغَيرِ عِلمٍ",
        "t": 1
      },
      {
        "answer": "الذين قال الله فيهم: {الَّذِينَ ضَلَّ سَعْيُهُمْ فِي الْحَيَاةِ الدُّنْيَا وَهُمْ يَحْسَبُونَ أَنَّهُمْ يُحْسِنُونَ صُنْعًا}",
        "t": 0
      }
    ]
  },
  {
    "id": 9,
    "q": "مِن صِفاتِ الذينَ أنعَمَ اللهُ تعالى عليهمُ المذكورةِ في سورةِ الفاتحةِ:",
    "level": 1,
    "link": "https://dorar.net/tafseer/1/1#tt7",
    "section": "al-faatihah",
    "answers": [
      {
        "answer": "أنَّهم لَيسوا كاليَهودِ",
        "t": 1
      },
      {
        "answer": "أنَّهم منَ الصَّابِرينَ",
        "t": 0
      },
      {
        "answer": "أنَّهم لَيسوا منَ المنافِقينَ",
        "t": 0
      }
    ]
  },
  {
    "id": 3,
    "q": "الرَّحْمَنِ الرَّحِيمِ:",
    "level": 1,
    "link": "https://www.dorar.net/tafseer/1/1#tt4",
    "section": "al-faatihah",
    "answers": [
      {
        "answer": "اسْمانِ مُشتَقَّانِ منَ الرَّحمةِ على وَجهِ المُبالَغةِ، والرَحيمٌ أشَدُّ مُبالَغةً من الرَحمنَ",
        "t": 0
      },
      {
        "answer": "اسْمانِ مُشتَقَّانِ منَ الرَّحمةِ على وَجهِ المُبالَغةِ، والرَحمنُ تدُلُّ على الرَحيمٍ، دونَ فَرقٍ بَينَهما",
        "t": 0
      },
      {
        "answer": "اسْمانِ مُشتَقَّانِ منَ الرَّحمةِ على وَجهِ المُبالَغةِ، والرَحمنُ أشدُّ مُبالَغةً من الرَحيمٍ",
        "t": 1
      }
    ]
  },
  {
    "id": 19,
    "q": "معنى: {مَالِكِ يَوْمِ الدِّينِ}",
    "level": 1,
    "link": "https://dorar.net/tafseer/1/1#tt4",
    "section": "al-faatihah",
    "answers": [
      {
        "answer": "المتصرِّفُ في جميعِ خلْقِه بالفِعلِ فقطْ",
        "t": 0
      },
      {
        "answer": "المتصرِّفُ في جميعِ خلْقِه بالقَولِ فقطْ",
        "t": 0
      },
      {
        "answer": "المتصرِّفُ في جميعِ خلْقِه بالقَولِ والفِعلِ",
        "t": 1
      }
    ]
  },
  {
    "id": 17,
    "q": "في قولُه صلَّى اللهُ عليه وسلَّمَ: \"وما يُدْريكَ أنَّها رُقْيةٌ؟\" يُقصَدُ بها:",
    "level": 1,
    "link": "https://dorar.net/tafseer/1#tt1",
    "section": "al-faatihah",
    "answers": [
      {
        "answer": "المعوِّذتان",
        "t": 0
      },
      {
        "answer": "سورةُ الفاتحة",
        "t": 1
      },
      {
        "answer": "سورةُ الإخْلاص",
        "t": 0
      }
    ]
  },
  {
    "id": 10,
    "q": "في قولِه تعالى: {إِيَّاكَ نَعبُدُ} تَبرُّؤٌ منَ الشِّركِ، وفي قولِه: {وَإِيَّاكَ نَسْتَعِينُ} تَبرُّؤٌ من:",
    "level": 1,
    "link": "https://dorar.net/tafseer/1/1#tt7",
    "section": "al-faatihah",
    "answers": [
      {
        "answer": "العَشيرةِ",
        "t": 0
      },
      {
        "answer": "النِّفاق",
        "t": 0
      },
      {
        "answer": "الحَوْلِ والقوَّةِ",
        "t": 1
      }
    ]
  },
  {
    "id": 4,
    "q": "المقصودُ بالذينَ أنعَمَ اللهُ عليهم في قولِه تعالى: {صِرَاطَ الَّذِينَ أَنْعَمْتَ عَلَيْهِمْ} هُم:",
    "level": 1,
    "link": "https://www.dorar.net/tafseer/1/1#tt4",
    "section": "al-faatihah",
    "answers": [
      {
        "answer": "أَصحابَ النَّعَمِ مِن الإبِلِ والبَقرِ والغَنمِ",
        "t": 0
      },
      {
        "answer": "كلُّ مَن وسَّعَ اللهُ عليهم في الدُّنيا من خَيرٍ",
        "t": 0
      },
      {
        "answer": "الذينَ علِموا الحقَّ وعمِلوا به؛ امتثالًا لِمَا أمَر اللهُ عزَّ وجلَّ، واجْتِنابًا لِمَا نَهى عنه",
        "t": 1
      }
    ]
  },
  {
    "id": 16,
    "q": "من أسْماءِ سورةِ الفاتحةِ الثابِتةِ:",
    "level": 1,
    "link": "https://dorar.net/tafseer/1#tt1",
    "section": "al-faatihah",
    "answers": [
      {
        "answer": "أمُّ القُرآنِ",
        "t": 1
      },
      {
        "answer": "قَلبُ القُرآنِ",
        "t": 0
      },
      {
        "answer": "المُنجيةُ",
        "t": 0
      }
    ]
  },
  {
    "id": 7,
    "q": "من أسْماءِ سورةِ الفاتحةِ",
    "level": 1,
    "link": "https://dorar.net/tafseer/1#tt2",
    "section": "al-faatihah",
    "answers": [
      {
        "answer": "أُمُّ الكِتابِ",
        "t": 1
      },
      {
        "answer": "فاتحةُ الخيرِ",
        "t": 0
      },
      {
        "answer": "أُمُّ المعاني",
        "t": 0
      }
    ]
  },
  {
    "id": 5,
    "q": "المقصودُ بالمغضوبِ عليهم في قولِه تعالى: {غَيْرِ الْمَغْضُوبِ عَلَيْهِمْ} هُم:",
    "level": 1,
    "link": "https://www.dorar.net/tafseer/1/1#tt4",
    "section": "al-faatihah",
    "answers": [
      {
        "answer": "اليَهودُ ومَن سلَك طَريقتَهم في ترْكِ العمَلِ بالحقِّ بعدَ مَعرفتِه",
        "t": 1
      },
      {
        "answer": "المُشرِكون مِن اليَهود والنَّصارى والمَجُوس",
        "t": 0
      },
      {
        "answer": "المنافِقونَ ومَن سلَك طَريقَهم في إِظهارِ الإسلامِ وإبطانِ الكُفرِ",
        "t": 0
      }
    ]
  },
  {
    "id": 11,
    "q": "لماذا سُمِّيتِ الفاتحةُ  (السَّبع المَثانيَ)",
    "level": 1,
    "link": "https://dorar.net/tafseer/1#tt1",
    "section": "al-faatihah",
    "answers": [
      {
        "answer": "لأنَّه يُثْنَى عليها",
        "t": 0
      },
      {
        "answer": "لأنَّ عدَدَ آياتِها سَبعُ آياتٍ",
        "t": 1
      },
      {
        "answer": "لأنَّها سابعُ سورةٍ نزلَتْ منَ القُرآنِ الكريمِ",
        "t": 0
      }
    ]
  },
  {
    "id": 2,
    "q": "الحَمْدُ هو:",
    "level": 1,
    "link": "https://www.dorar.net/tafseer/1/1#tt4",
    "section": "al-faatihah",
    "answers": [
      {
        "answer": "إِثباتُ النِّعمِ للهِ عزَّ وجلَّ وَحْدَه لا شَريكَ له",
        "t": 0
      },
      {
        "answer": "وَصفُ المحمودِ سُبحانَه بالكَمال، معَ محبَّتِه، وتَعظيمِه جلَّ وعَلا",
        "t": 1
      },
      {
        "answer": "شُكرُ اللهِ على نِعَمِه الباطِنةِ والظاهِرةِ",
        "t": 0
      }
    ]
  },
  {
    "id": 14,
    "q": "معنى الصِّراطِ",
    "level": 1,
    "link": "https://dorar.net/tafseer/1/1",
    "section": "al-faatihah",
    "answers": [
      {
        "answer": "الثَّباتُ",
        "t": 0
      },
      {
        "answer": "النَّجاةُ",
        "t": 0
      },
      {
        "answer": "الطَّريقُ",
        "t": 1
      }
    ]
  },
  {
    "id": 13,
    "q": "من مَوْضوعاتِ سورةِ الفاتحةِ",
    "level": 1,
    "link": "https://dorar.net/tafseer/1#tt1",
    "section": "al-faatihah",
    "answers": [
      {
        "answer": "الاعْتِناءُ بالفُقَراءِ والمساكينِ",
        "t": 0
      },
      {
        "answer": "تجنُّبُ طَريقِ الغاوِينَ منَ المغضوبِ عليهم والضَّالِّينَ.",
        "t": 1
      },
      {
        "answer": "الدَّعوةُ إلى التَّوحيدِ",
        "t": 0
      }
    ]
  },
  {
    "id": 15,
    "q": "المقصودُ بـالعالَمينَ",
    "level": 1,
    "link": "https://dorar.net/tafseer/1/1",
    "section": "al-faatihah",
    "answers": [
      {
        "answer": "الملائكةُ",
        "t": 0
      },
      {
        "answer": "كلُّ مَن سِوى اللهِ تعالى، مِن جميعِ أصْنافِ المخلوقاتِ في كلِّ مكانٍ وزمانٍ",
        "t": 1
      },
      {
        "answer": "الجِنُّ والإنْسُ",
        "t": 0
      }
    ]
  }
]