[
  {
    "id": 23,
    "q": "مُناسَبةُ افْتِتاحِ القُرآنِ بسورةِ الفاتحةِ:",
    "level": 2,
    "link": "https://dorar.net/tafseer/1#tt2",
    "section": "al-faatihah",
    "answers": [
      {
        "answer": "لأنَّها الشافيةُ الكافيةُ",
        "t": 0
      },
      {
        "answer": "لأنَّ فيها إجْمالَ ما يَحْويهِ القُرآنُ مُفصَّلًا",
        "t": 1
      },
      {
        "answer": "لأنَّها افتُتِحتْ بالحَمدِ",
        "t": 0
      }
    ]
  },
  {
    "id": 35,
    "q": "من أهَمِّ مَوْضوعاتِ سورةِ الفاتحةِ",
    "level": 2,
    "link": "https://dorar.net/tafseer/1#tt1",
    "section": "al-faatihah",
    "answers": [
      {
        "answer": "ذِكرُ صِفاتِ الصابِرينَ",
        "t": 0
      },
      {
        "answer": "ذِكرُ اليومِ الآخِرِ",
        "t": 1
      },
      {
        "answer": "ذِكرُ مَنازِلِ أهْلِ الإيمانِ",
        "t": 0
      }
    ]
  },
  {
    "id": 27,
    "q": "قولُه: {الْحَمْدُ لِلَّهِ رَبِّ الْعَالَمِينَ} جُملةٌ اسْميةٌ، وهي تدُلُّ على:",
    "level": 2,
    "link": "https://dorar.net/tafseer/1/1#tt7",
    "section": "al-faatihah",
    "answers": [
      {
        "answer": "المُبالغَة في الفِعْلِ",
        "t": 0
      },
      {
        "answer": "دَيمومةِ الحمْدِ واستِمْرارِه وثَباتِه",
        "t": 1
      },
      {
        "answer": "التَّقديمِ والتأخيرِ",
        "t": 0
      }
    ]
  },
  {
    "id": 28,
    "q": "قُدِّمتِ العِبادةُ على الاسْتِعانةِ في قولِه: {إِيَّاكَ نَعْبُدُ وَإِيَّاكَ نَسْتَعِينُ}",
    "level": 2,
    "link": "https://dorar.net/tafseer/1/1#tt7",
    "section": "al-faatihah",
    "answers": [
      {
        "answer": "لأنَّ العِبادةَ من أسْبابِ حُصولِ الإعانةِ وإجابةِ الحاجةِ",
        "t": 1
      },
      {
        "answer": "لأنَّ الاسْتِعانةَ سَببٌ للعِبادةِ",
        "t": 0
      },
      {
        "answer": "مُراعاةً لفَواصِلِ الآياتِ",
        "t": 0
      }
    ]
  },
  {
    "id": 32,
    "q": "قال بعضُ السَّلفِ: الفاتحةُ سرُّ القُرآنِ، وسرُّها هذه الكَلمةِ:",
    "level": 2,
    "link": "https://dorar.net/tafseer/1/1",
    "section": "al-faatihah",
    "answers": [
      {
        "answer": "{إِيَّاكَ نَعْبُدُ وَإيَّاكَ نَسْتَعِينُ}",
        "t": 1
      },
      {
        "answer": "{صِرَاطَ الَّذِينَ أَنْعَمْتَ عَلَيْهِمْ}",
        "t": 0
      },
      {
        "answer": "{اهْدِنَا الصِّرَاطَ الْمُسْتَقِيمَ}",
        "t": 0
      }
    ]
  },
  {
    "id": 39,
    "q": "من أسْماءِ سورةِ الفاتحةِ",
    "level": 2,
    "link": "https://dorar.net/tafseer/1#tt1",
    "section": "al-faatihah",
    "answers": [
      {
        "answer": "القُرآنُ الكريمُ",
        "t": 0
      },
      {
        "answer": "القُرآنُ العَظيمُ",
        "t": 1
      },
      {
        "answer": "المعظَّمةُ",
        "t": 0
      }
    ]
  },
  {
    "id": 34,
    "q": "مِن أسْماءِ سورةِ الفاتحةِ",
    "level": 2,
    "link": "https://dorar.net/tafseer/1#tt2",
    "section": "al-faatihah",
    "answers": [
      {
        "answer": "فاتحةُ الخيرِ",
        "t": 0
      },
      {
        "answer": "أُمُّ المعاني",
        "t": 0
      },
      {
        "answer": "سورةُ الحَمدِ",
        "t": 1
      }
    ]
  },
  {
    "id": 30,
    "q": "من خَصائصِ سورةِ الفاتحةِ أنَّها:",
    "level": 2,
    "link": "https://dorar.net/tafseer/1#tt1",
    "section": "al-faatihah",
    "answers": [
      {
        "answer": "لم يُؤْتَها نَبيٌّ قبلَ النبيِّ محمَّدٍ صلَّى اللهُ عليه وسلَّمَ",
        "t": 1
      },
      {
        "answer": "نزَلَت على جَميعِ الأنْبياءِ",
        "t": 0
      },
      {
        "answer": "نزَلَت على أُولي العَزمِ منَ الرُّسلِ والأنْبياءِ",
        "t": 0
      }
    ]
  },
  {
    "id": 25,
    "q": "قالَ اللهُ تعالى: {اهْدِنَا الصِّرَاطَ الْمُسْتَقِيمَ} معنى الصِّراطِ في اللُّغةِ:",
    "level": 2,
    "link": "https://dorar.net/tafseer/1/1#tt7",
    "section": "al-faatihah",
    "answers": [
      {
        "answer": "الأنْوارُ",
        "t": 0
      },
      {
        "answer": "الطَّريقُ",
        "t": 1
      },
      {
        "answer": "البَرزَخُ",
        "t": 0
      }
    ]
  },
  {
    "id": 38,
    "q": "في قولِه تعالى: {يَوْمِ الدِّينِ}:",
    "level": 2,
    "link": "https://dorar.net/tafseer/1/1",
    "section": "al-faatihah",
    "answers": [
      {
        "answer": "إثْباتُ عَظَمةِ اللهِ",
        "t": 0
      },
      {
        "answer": "إثْباتُ الحقِّ",
        "t": 0
      },
      {
        "answer": "إثباتُ البَعثِ والجَزاءِ",
        "t": 1
      }
    ]
  },
  {
    "id": 37,
    "q": "ما معنى لفظِ الجلالةِ (اللهِ)؟",
    "level": 2,
    "link": "https://dorar.net/tafseer/1/1",
    "section": "al-faatihah",
    "answers": [
      {
        "answer": "المأْلوهُ أو الإله؛ أي: المعبودُ",
        "t": 1
      },
      {
        "answer": "الخالقُ",
        "t": 0
      },
      {
        "answer": "الرَّبُّ",
        "t": 0
      }
    ]
  },
  {
    "id": 21,
    "q": "من أهَمِّ مَقاصِدِ سورةِ الفاتحةِ:",
    "level": 2,
    "link": "https://dorar.net/tafseer/1#tt2",
    "section": "al-faatihah",
    "answers": [
      {
        "answer": "بيانُ طَريقِ العُبوديَّةِ",
        "t": 1
      },
      {
        "answer": "الصبرُ على البَلاءِ",
        "t": 0
      },
      {
        "answer": "بيانُ أحْوالِ النَّاسِ يومَ القيامةِ",
        "t": 0
      }
    ]
  },
  {
    "id": 36,
    "q": "اشتَمَلتْ سورةُ الفاتحةِ على",
    "level": 2,
    "link": "https://dorar.net/tafseer/1#tt1",
    "section": "al-faatihah",
    "answers": [
      {
        "answer": "صِفاتِ اللهِ عزَّ وجلَّ",
        "t": 1
      },
      {
        "answer": "أَركانِ الإيمانِ",
        "t": 0
      },
      {
        "answer": "مَنهجِ الدَّعوةِ إلى الله",
        "t": 0
      }
    ]
  },
  {
    "id": 26,
    "q": "قولُه تعالى: {الْحَمْدُ لِلَّهِ رَبِّ الْعَالَمِينَ}، فيه تَقديمُ:",
    "level": 2,
    "link": "https://dorar.net/tafseer/1/1#tt7",
    "section": "al-faatihah",
    "answers": [
      {
        "answer": "وصْفِ اللهِ تعالى بالأُلوهيَّةِ على وَصفِه بالرُّبوبيَّةِ",
        "t": 1
      },
      {
        "answer": "صِفةُ الكَمالِ",
        "t": 0
      },
      {
        "answer": "حقِّ اللهِ على حقِّ العِبادِ",
        "t": 0
      }
    ]
  },
  {
    "id": 22,
    "q": "من مَوْضوعاتِ سورةِ الفاتحةِ:",
    "level": 2,
    "link": "https://dorar.net/tafseer/1#tt2",
    "section": "al-faatihah",
    "answers": [
      {
        "answer": "ذِكرُ صِفاتِ المنافِقينَ",
        "t": 0
      },
      {
        "answer": "إفْرادُ اللهِ تعالى بالعِبادةِ",
        "t": 1
      },
      {
        "answer": "بيانُ فَضيلةِ الصبرِ",
        "t": 0
      }
    ]
  },
  {
    "id": 40,
    "q": "المرادُ بـ: {الدِّينِ} في قولِه تعالى: {يَوْمِ الدِّينِ}",
    "level": 2,
    "link": "https://dorar.net/tafseer/1/1",
    "section": "al-faatihah",
    "answers": [
      {
        "answer": "الحَشرُ",
        "t": 0
      },
      {
        "answer": "الجَزاءُ والحِسابُ",
        "t": 1
      },
      {
        "answer": "البَعْثُ والنُّشورُ",
        "t": 0
      }
    ]
  },
  {
    "id": 29,
    "q": "في قولِه: {إِيَّاكَ نَعْبُدُ وإِيَّاكَ نَسْتَعِينُ} تَكرارُ (إيَّاكَ):",
    "level": 2,
    "link": "https://dorar.net/tafseer/1/1#tt7",
    "section": "al-faatihah",
    "answers": [
      {
        "answer": "لأنَّ الفِعلَيْنِ مختَلِفانِ، فاحْتاجَ كلُّ واحدٍ منهما إلى تأْكيدٍ واهْتمامٍ",
        "t": 1
      },
      {
        "answer": "لأنَّ فيه استِغراقًا في الثَّناءِ",
        "t": 0
      },
      {
        "answer": "مِن بابِ الإلحاحِ في الدُّعاءِ",
        "t": 0
      }
    ]
  },
  {
    "id": 33,
    "q": "حَديثُ ((المغضوبُ عليهمُ: اليَهودُ)) مَن راوي الحَديثِ منَ الصحابةِ؟",
    "level": 2,
    "link": "https://dorar.net/tafseer/1/1",
    "section": "al-faatihah",
    "answers": [
      {
        "answer": "ابنُ عُمرَ",
        "t": 0
      },
      {
        "answer": "عَديُّ بنُ حاتمٍ",
        "t": 1
      },
      {
        "answer": "عَمرُو بنُ العاصِ",
        "t": 0
      }
    ]
  },
  {
    "id": 24,
    "q": "أخَصُّ أوْصافِ اليَهودِ:",
    "level": 2,
    "link": "https://dorar.net/tafseer/1/1#tt9",
    "section": "al-faatihah",
    "answers": [
      {
        "answer": "قَتلُهم للأَنبياءِ والرُّسُل",
        "t": 0
      },
      {
        "answer": "نَقضُ العَهدِ",
        "t": 0
      },
      {
        "answer": "أنهم مغضوبٌ عليهم",
        "t": 1
      }
    ]
  },
  {
    "id": 31,
    "q": "نزَلَت سورةُ الفاتحةِ على قَولِ الجُمهورِ:",
    "level": 2,
    "link": "https://dorar.net/tafseer/1#tt1",
    "section": "al-faatihah",
    "answers": [
      {
        "answer": "في المدينةِ",
        "t": 0
      },
      {
        "answer": "في مكَّةَ",
        "t": 1
      },
      {
        "answer": "بينَ مكَّةَ والمدينةِ أثْناءَ الهِجرةِ",
        "t": 0
      }
    ]
  }
]