[
  {
    "id": 4344,
    "q": "قال اللهُ تَعالَى: {وَاتَّبِعْ مَا يُوحَى إِلَيْكَ مِنْ رَبِّكَ فيه} يُستفادُ منه:",
    "level": 2,
    "link": "https://dorar.net/tafseer/33/1",
    "section": "al-ahzab",
    "answers": [
      {
        "answer": "عُلُوِّ مَنزِلَةِ جِبريلَ عليه السَّلامُ",
        "t": 0
      },
      {
        "answer": "زجْرٌ عنِ اتِّباعِ مراسِمِ الجاهِليَّةِ",
        "t": 1
      },
      {
        "answer": "تَنبِيهُ المُسلِمينَ إلى مُخالَفةِ أَهلِ الكتاب",
        "t": 0
      }
    ]
  },
  {
    "id": 4360,
    "q": "قَولُه تَعالَى: {فَلَا تَخْضَعْنَ بِالْقَوْلِ} هل هذه الآيةُ خاصَّةٌ بزَوجاتِ النبيِّ أم عامَّةٌ؟",
    "level": 2,
    "link": "https://dorar.net/tafseer/33/10",
    "section": "al-ahzab",
    "answers": [
      {
        "answer": "خاصَّة بزَوجاتِ النبيِّ ﷺ",
        "t": 0
      },
      {
        "answer": "كانت خاصَّة ثم نَسَخَتهَا وعَمَّمَتْهَا آياتٌ أُخْرَى",
        "t": 0
      },
      {
        "answer": "عَامَّة لنساء الأُمَّة",
        "t": 1
      }
    ]
  },
  {
    "id": 4347,
    "q": "في قَولِه تَعالَى: {النَّبِيُّ أَوْلَى بِالْمُؤْمِنِينَ مِنْ أَنْفُسِهِمْ} هذه الأولويَّةُ تتضَمَّنُ:",
    "level": 2,
    "link": "https://dorar.net/tafseer/33/2",
    "section": "al-ahzab",
    "answers": [
      {
        "answer": "فَضلَ الإيمانِ ونِسبَةَ المُؤمِنينَ إلى النبيِّ ﷺ تَشرِيفًا لهُم",
        "t": 0
      },
      {
        "answer": "أن يكونَ الرَّسولُ أحَبَّ إلى العبدِ مِن نفْسِه",
        "t": 1
      },
      {
        "answer": "وُجوبَ حُبِّ الأَنصارِ",
        "t": 0
      }
    ]
  },
  {
    "id": 4346,
    "q": "مَن هو الذي تَبنَّاهُ أبو حُذَيفةَ بنُ عُتبةَ، وأنكَحَه بنتَ أخيه هندَ بنتَ الوليدِ:",
    "level": 2,
    "link": "https://dorar.net/tafseer/33/2",
    "section": "al-ahzab",
    "answers": [
      {
        "answer": "عِكْرِمةُ مَولَى أبي حُذَيفةَ",
        "t": 0
      },
      {
        "answer": "سَالِمٌ مَولَى أبي حُذَيفَةَ",
        "t": 1
      },
      {
        "answer": "نَافِعٌ مَولَى أبي حُذَيفةَ",
        "t": 0
      }
    ]
  },
  {
    "id": 4358,
    "q": "قال تَعالَى: {وَيُعَذِّبَ الْمُنَافِقِينَ إِنْ شَاءَ أَوْ يَتُوبَ عليهمْ} في تَعليقِ التَّعذيبِ على المَشيئةِ:",
    "level": 2,
    "link": "https://dorar.net/tafseer/33/7",
    "section": "al-ahzab",
    "answers": [
      {
        "answer": "تَحذِيرٌ مِن عَذابِ الله عزَّ وجلَّ",
        "t": 0
      },
      {
        "answer": "تَنبيهٌ لهم بسَعةِ رَحمةِ اللهِ وأنَّه لا يَقطَعُ رَجاءَهم في السَّعيِ إلى مَغفرةِ ما أتَوْهُ بأنْ يَتوبوا",
        "t": 1
      },
      {
        "answer": "رَدٌّ على الخَوارِجِ الذين يَنفونَ إِرادةَ الله عزَّ وجل عن أَفعالِ العِبادِ",
        "t": 0
      }
    ]
  },
  {
    "id": 4348,
    "q": "قَولُ الله تَعالَى: {وَأَزْوَاجُهُ أُمَّهَاتُهُمْ} هَلْ هذا يدُلُّ بدَلالةِ الالتِزامِ على أنَّه صلَّى اللهُ عَليهِ وسلَّمَ أبٌ لهم؟",
    "level": 2,
    "link": "https://dorar.net/tafseer/33/2",
    "section": "al-ahzab",
    "answers": [
      {
        "answer": "لَا يَدُلُّ",
        "t": 0
      },
      {
        "answer": "نَعَم، وهيَ أُبُوَّةٌ حَقِيقِيَّة",
        "t": 0
      },
      {
        "answer": "نَعَم، وهي أُبُوَّة دينيَّة",
        "t": 1
      }
    ]
  },
  {
    "id": 4359,
    "q": "مَعنَى قَولِه تَعالَى: {صَيَاصِيهِمْ}:",
    "level": 2,
    "link": "https://dorar.net/tafseer/33/8",
    "section": "al-ahzab",
    "answers": [
      {
        "answer": "حُصونُهم الَّتي تحَصَّنوا بها",
        "t": 1
      },
      {
        "answer": "بُيوتُهم التي يَختَبِئُونَ فيها",
        "t": 0
      },
      {
        "answer": "جَوَادُهُم التي يَركَبُونَها ويَتفاخَرُون بِها",
        "t": 0
      }
    ]
  },
  {
    "id": 4342,
    "q": "مِن أهمِّ الموضوعاتِ الَّتي تناوَلَتْها سورةُ الأحزابِ:",
    "level": 2,
    "link": "https://dorar.net/tafseer/33",
    "section": "al-ahzab",
    "answers": [
      {
        "answer": "ذِكرُ قِصَّةِ تَزويجِ جُوَيرِيةَ بِنتِ الحارِثِ رضيَ الله عنها مِنَ النَّبيِّ ﷺ",
        "t": 0
      },
      {
        "answer": "ذِكرُ قِصَّةِ تَزويجِ عائشةَ بِنتِ أبي بَكرٍ رضيَ الله عنها مِنَ النَّبيِّ ﷺ",
        "t": 0
      },
      {
        "answer": "ذِكرُ قِصَّةِ تزويج زَينبَ بنتِ جَحشٍ رضيَ الله عنها مِنَ النَّبيِّ ﷺ",
        "t": 1
      }
    ]
  },
  {
    "id": 4350,
    "q": "قَولُه تَعالَى: {وَإِذْ أَخَذْنَا مِنَ النَّبِيِّينَ مِيثَاقَهُمْ وَمِنْكَ وَمِنْ نُوحٍ وَإِبْرَاهِيمَ وَمُوسَى وَعِيسَى ابْنِ مَرْيَمَ} في ذِكْرِ ضَميرِ محمَّدٍ ﷺ قبْلَ الأنبياءِ المذكورينَ:",
    "level": 2,
    "link": "https://dorar.net/tafseer/33/3",
    "section": "al-ahzab",
    "answers": [
      {
        "answer": "أنَّ شأنَ الرُّسلِ واحِدٌ وأنَّ سُنَّةَ اللهِ فيهم مُتَّحِدةٌ",
        "t": 1
      },
      {
        "answer": "تَنبِيهٌ على تَرتِيبِ شَفاعَتِهِم يومَ القِيامَة",
        "t": 0
      },
      {
        "answer": "إشارةٌ إلى أُولِي العَزمِ مِن الرُّسُلِ",
        "t": 0
      }
    ]
  },
  {
    "id": 4353,
    "q": "قَولُه تَعالَى: {وَيَسْتَأْذِنُ فَرِيقٌ مِنْهُمُ النَّبِيَّ يَقُولُونَ إِنَّ بُيُوتَنَا عَوْرَةٌ} فيه:",
    "level": 2,
    "link": "https://dorar.net/tafseer/33/5",
    "section": "al-ahzab",
    "answers": [
      {
        "answer": "كأنَّ الرِّجالَ سِترٌ وحِفظٌ للبيوتِ",
        "t": 1
      },
      {
        "answer": "تَشبِيهٌ للنِّساءِ بالبُيوتِ في حُرمَتِها وامتِناعِها",
        "t": 0
      },
      {
        "answer": "أنَّ المُنافِقِينَ فِرَقٌ وأَحزابٌ؛ لقوله: \"فَرِيقٌ\"",
        "t": 0
      }
    ]
  },
  {
    "id": 4345,
    "q": "في قَولِه تَعالَى: {وَلَا تُطِعِ الْكَافِرِينَ وَالْمُنَافِقِينَ} دلالةٌ على:",
    "level": 2,
    "link": "https://dorar.net/tafseer/33/1",
    "section": "al-ahzab",
    "answers": [
      {
        "answer": "أنَّ النَّهي عن الشيء لا يدُلُّ على وقوعِه",
        "t": 1
      },
      {
        "answer": "أنَّه لا عَهْدٌ لكافِرٍ أو مُشرِكٍ أو مُنافِقٍ",
        "t": 0
      },
      {
        "answer": "وُجُوبِ مُخالَفَةِ الهَوَى",
        "t": 0
      }
    ]
  },
  {
    "id": 4354,
    "q": "في قَولِه تَعالَى: {وَلَقَدْ كَانُوا عَاهَدُوا اللَّهَ مِنْ قَبْلُ لَا يُوَلُّونَ الْأَدْبَارَ وَكَانَ عَهْدُ اللَّهِ مَسْئُولًا} دَليلٌ على أنَّ عَهْدَ اللهِ: ",
    "level": 2,
    "link": "https://dorar.net/tafseer/33/5",
    "section": "al-ahzab",
    "answers": [
      {
        "answer": "المقصودُ مِنه مُطلَق الإيمان؛ وهو: تَوحِيدُ الله عزَّ وجلَّ",
        "t": 0
      },
      {
        "answer": "هو العَهدُ الذي أَخَذَهُ الله على بَنِي آدمَ وهُم في صُلبِ أَبيهِم",
        "t": 0
      },
      {
        "answer": "يَدخُلُ فيه ما عَقَده المَرءُ على نفْسِه",
        "t": 1
      }
    ]
  },
  {
    "id": 4356,
    "q": "مَعنَى قَولِه تَعالَى: {بَادُونَ فِي الْأَعْرَابِ}:",
    "level": 2,
    "link": "https://dorar.net/tafseer/33/6",
    "section": "al-ahzab",
    "answers": [
      {
        "answer": "ظاهِرُوا النِّفاقِ",
        "t": 0
      },
      {
        "answer": "مِن أَصلِ الأَعرابِ ساكِنِي الصَّحَراءِ",
        "t": 0
      },
      {
        "answer": "مُقيمون في البادِيةِ",
        "t": 1
      }
    ]
  },
  {
    "id": 4349,
    "q": "في قَولِه تَعالَى: {وَأَزْوَاجُهُ أُمَّهَاتُهُمْ} دليلٌ على أنَّ أُمومةَ المُؤمِنين هي:",
    "level": 2,
    "link": "https://dorar.net/tafseer/33/2",
    "section": "al-ahzab",
    "answers": [
      {
        "answer": "لأزواجِه",
        "t": 1
      },
      {
        "answer": "لسَرارِيه",
        "t": 0
      },
      {
        "answer": "لأُمِّ وَلَدِه",
        "t": 0
      }
    ]
  },
  {
    "id": 4351,
    "q": "قَولُه تَعالَى: {وَإِذْ أَخَذْنَا مِنَ النَّبِيِّينَ مِيثَاقَهُمْ وَمِنْكَ وَمِنْ نُوحٍ وَإِبْرَاهِيمَ وَمُوسَى وَعِيسَى ابْنِ مَرْيَمَ} تَخصيصُ هؤلاء الأنبياءِ بالذِّكْرِ -مع اندراجِهم في النَّبيِّينَ اندارجًا بَيِّنًا:",
    "level": 2,
    "link": "https://dorar.net/tafseer/33/3",
    "section": "al-ahzab",
    "answers": [
      {
        "answer": "لأنَّ هَؤُلاءِ الأَنبياءِ فقط هُم الذين أَنزلَ اللهُ إليهم كُتُبًا",
        "t": 0
      },
      {
        "answer": "للإيذانِ بمَزيدِ مَزيَّتِهم وفَضْلِهم",
        "t": 1
      },
      {
        "answer": "لأنَّهم جميعًا لأَبٍ واحِدٍ وهو نُوح عليه السَّلام",
        "t": 0
      }
    ]
  },
  {
    "id": 4355,
    "q": "قَولُه تَعالَى: {قَدْ يَعْلَمُ اللَّهُ الْمُعَوِّقِينَ مِنْكُمْ} مَعنَى المعوِّقينَ:",
    "level": 2,
    "link": "https://dorar.net/tafseer/33/6",
    "section": "al-ahzab",
    "answers": [
      {
        "answer": "المُثَبِّطون الصَّارِفون عن طَريقِ الخَيرِ",
        "t": 1
      },
      {
        "answer": "أصحابُ الإعاقاتِ",
        "t": 0
      },
      {
        "answer": "السَّاعونَ لإيذاءِ المُؤمِنِينَ",
        "t": 0
      }
    ]
  },
  {
    "id": 4357,
    "q": "في قَولِه تَعالَى: {تَدُورُ أَعْيُنُهُمْ كَالَّذِي يُغْشَى عليه مِنَ الْمَوْتِ} المُبالَغةُ في وَصْفِ المُنافِقينَ:",
    "level": 2,
    "link": "https://dorar.net/tafseer/33/6",
    "section": "al-ahzab",
    "answers": [
      {
        "answer": "بالرُّعبِ وإخلافِ الوعدِ",
        "t": 0
      },
      {
        "answer": "بالخَوفِ والجُبنِ",
        "t": 1
      },
      {
        "answer": "بالكَذِبِ والهَلَعِ",
        "t": 0
      }
    ]
  },
  {
    "id": 4343,
    "q": "قَولُه سُبحانَه: {إِنَّ اللَّهَ كَانَ عَلِيمًا حَكِيمًا} فيه:",
    "level": 2,
    "link": "https://dorar.net/tafseer/33/1",
    "section": "al-ahzab",
    "answers": [
      {
        "answer": "إِشارَةٌ إلى أنَّ مَعِيَّة الله مع المُؤمِنينَ",
        "t": 0
      },
      {
        "answer": "تَحذيرٌ مِن المُخالَفةِ",
        "t": 1
      },
      {
        "answer": "إثباتُ صِفَةِ القُدرةِ للهِ تعالى",
        "t": 0
      }
    ]
  },
  {
    "id": 4352,
    "q": "قَولُه تَعالَى: {إِذْ جَاءُوكُمْ مِنْ فَوْقِكُمْ} كان ذلك في غَزوةِ:",
    "level": 2,
    "link": "https://dorar.net/tafseer/33/4",
    "section": "al-ahzab",
    "answers": [
      {
        "answer": "أُحُد",
        "t": 0
      },
      {
        "answer": "الخَندَقِ",
        "t": 1
      },
      {
        "answer": "بَني النَّضِير",
        "t": 0
      }
    ]
  },
  {
    "id": 4341,
    "q": "سورةُ الأحزابِ",
    "level": 2,
    "link": "https://dorar.net/tafseer/33",
    "section": "al-ahzab",
    "answers": [
      {
        "answer": "مكِّيَّة",
        "t": 0
      },
      {
        "answer": "نَزَلت أَثناءَ الهِجرةِ",
        "t": 0
      },
      {
        "answer": "مدَنيَّة",
        "t": 1
      }
    ]
  }
]