[
  {
    "id": 4322,
    "q": "الخِطابُ المُوَجَّهُ للرَّسولِ ﷺ:",
    "level": 1,
    "link": "https://dorar.net/tafseer/33/1",
    "section": "al-ahzab",
    "answers": [
      {
        "answer": "تَكلِيفٌ خاصٌّ بِه ﷺ مِن جِهَةِ الوَحيِ",
        "t": 0
      },
      {
        "answer": "مُوَجَّهٌ أَيضًا لأُمَّتِه ما لم يَقُمْ دَليلٌ على تَخصيصِه",
        "t": 1
      },
      {
        "answer": "المَقصُودُ مِنه عُمومُ أُمَّتِه ﷺ",
        "t": 0
      }
    ]
  },
  {
    "id": 4324,
    "q": "قَولُه تَعالَى: {وَمَا جَعَلَ أَزْوَاجَكُمُ اللَّائِي تُظَاهِرُونَ} مَعنَى {تُظَاهِرُون}:",
    "level": 1,
    "link": "https://dorar.net/tafseer/33/2",
    "section": "al-ahzab",
    "answers": [
      {
        "answer": "تُظاهِرُونَ مِن الظِّهارِ؛ وهو: تَركُ الرَّجُلِ الإنفاقَ على امرأَتِه",
        "t": 0
      },
      {
        "answer": "أي: تَقهَرُونَ وتَغلِبُونَ",
        "t": 0
      },
      {
        "answer": "الظِّهار: قَولُ الرَّجُلِ لامرَأتِه: أنتِ علَيَّ كظَهرِ أُمِّي",
        "t": 1
      }
    ]
  },
  {
    "id": 4335,
    "q": "{وَأَنْزَلَ الَّذِينَ ظَاهَرُوهُمْ مِنْ أَهْلِ الْكِتَابِ}، مَعنَى {ظَاهَرُوهُم}:",
    "level": 1,
    "link": "https://dorar.net/tafseer/33/8",
    "section": "al-ahzab",
    "answers": [
      {
        "answer": "ظَهَرُوا لَهُم",
        "t": 0
      },
      {
        "answer": "خَذَلوهم",
        "t": 0
      },
      {
        "answer": "أعَانوهُم",
        "t": 1
      }
    ]
  },
  {
    "id": 4337,
    "q": "قال ابنُ القَيِّمِ رحمَهُ الله: المرءُ كُلَّما كانت نِعمةُ اللهِ عليه أتَمَّ:",
    "level": 1,
    "link": "https://dorar.net/tafseer/33/9",
    "section": "al-ahzab",
    "answers": [
      {
        "answer": "كان إِيمانُه أَكمَلَ، ويَقينُه أَشَدَّ",
        "t": 0
      },
      {
        "answer": "كانَ أَعظمَ بَلاءً",
        "t": 0
      },
      {
        "answer": "كانت عُقوبتُه إذا ارتكَبَ الجرائمَ أتَمَّ",
        "t": 1
      }
    ]
  },
  {
    "id": 4336,
    "q": "مكارِمُ الأخلاقِ مُنحَصِرةٌ في:",
    "level": 1,
    "link": "https://dorar.net/tafseer/33/9",
    "section": "al-ahzab",
    "answers": [
      {
        "answer": "الشَّفَقةِ على خَلقِ الله",
        "t": 0
      },
      {
        "answer": "جَميعُ ما سَبَق",
        "t": 1
      },
      {
        "answer": "التَّعظيمِ لأمرِ الله",
        "t": 0
      }
    ]
  },
  {
    "id": 4329,
    "q": "قَولُه تَعالَى: {وَهُوَ يَهْدِي السَّبِيلَ} يُستَفادُ مِنه:",
    "level": 1,
    "link": "https://dorar.net/tafseer/33/2",
    "section": "al-ahzab",
    "answers": [
      {
        "answer": "أنَّ الإِيمانَ يَزيدُ ويَنقُص",
        "t": 0
      },
      {
        "answer": "أنَّ الهِدايَة لازِمَةٌ للمَحَبَّة",
        "t": 0
      },
      {
        "answer": "أنَّ طريقَ الحقِّ واحد",
        "t": 1
      }
    ]
  },
  {
    "id": 4331,
    "q": "في قَولِه تَعالَى: {وَلَكِنْ مَا تَعَمَّدَتْ قُلُوبُكُمْ} أنَّ مَدارَ الأحكامِ والمؤاخَذةِ عليها هو:",
    "level": 1,
    "link": "https://dorar.net/tafseer/33/2",
    "section": "al-ahzab",
    "answers": [
      {
        "answer": "الرُّوح",
        "t": 0
      },
      {
        "answer": "الجَسَد",
        "t": 0
      },
      {
        "answer": "القَلب",
        "t": 1
      }
    ]
  },
  {
    "id": 4326,
    "q": "مَعنَى قَولِه تَعالَى: {مَا جَعَلَ اللَّهُ لِرَجُلٍ مِنْ قَلْبَيْنِ فِي جَوْفِهِ}:",
    "level": 1,
    "link": "https://dorar.net/tafseer/33/2",
    "section": "al-ahzab",
    "answers": [
      {
        "answer": "جَميعُ ما سَبَق",
        "t": 1
      },
      {
        "answer": "ليس للإنسانِ قَلْبانِ حتَّى يُطيعَ بأحَدِهما، ويَعصيَ بالآخَرِ",
        "t": 0
      },
      {
        "answer": "ما خَلَق اللهُ لأيِّ رَجُلٍ قلبَين في صَدرِه؛ فيَعقِل بهما",
        "t": 0
      }
    ]
  },
  {
    "id": 4340,
    "q": "أسلَم دُونَ أن يَشعُرَ قَومُه، فاستَطاع النُّصحَ للمُسلِمينَ بالكَيدِ للمُشرِكين:",
    "level": 1,
    "link": "https://dorar.net/tafseer/33/8",
    "section": "al-ahzab",
    "answers": [
      {
        "answer": "نُعَيم بنُ مَسْعُودٍ الأَشْجَعِيُّ",
        "t": 1
      },
      {
        "answer": "نُعَيمُ بنُ النَّحَّامِ الجُمَحِيُّ",
        "t": 0
      },
      {
        "answer": "نُعَيم بنُ سَعيدٍ الدَّوسِيُّ",
        "t": 0
      }
    ]
  },
  {
    "id": 4328,
    "q": "معنى: {مَسْطُورًا} أي: ",
    "level": 1,
    "link": "https://dorar.net/tafseer/33/2",
    "section": "al-ahzab",
    "answers": [
      {
        "answer": "مَكتُوبًا مبَيَّنًا",
        "t": 1
      },
      {
        "answer": "في زَمَنٍ غابِرٍ",
        "t": 0
      },
      {
        "answer": "مُقَدَّرًا بِقَدَرِ",
        "t": 0
      }
    ]
  },
  {
    "id": 4333,
    "q": "في قَولِه تَعالَى: {وَإِذْ زَاغَتِ الْأَبْصَارُ وَبَلَغَتِ الْقُلُوبُ الْحَنَاجِرَ} أنَّ خَوفَ الإنسانِ مِن المَخلوقِ الخَوفَ الطَّبيعيَّ:",
    "level": 1,
    "link": "https://dorar.net/tafseer/33/4",
    "section": "al-ahzab",
    "answers": [
      {
        "answer": "يُعَدُّ شِركًا",
        "t": 0
      },
      {
        "answer": "لا يُعَدُّ شِركًا",
        "t": 1
      },
      {
        "answer": "يُعَدُّ نِفاقًا",
        "t": 0
      }
    ]
  },
  {
    "id": 4339,
    "q": "في قَولِه تَعالَى: {فَلَا تَخْضَعْنَ بِالْقَوْلِ فَيَطْمَعَ الَّذِي فِي قَلْبِهِ مَرَضٌ وَقُلْنَ قَوْلًا مَعْرُوفًا} أنَّ صَوتَ المرأةِ:",
    "level": 1,
    "link": "https://dorar.net/tafseer/33/10",
    "section": "al-ahzab",
    "answers": [
      {
        "answer": "عَورَةٌ",
        "t": 0
      },
      {
        "answer": "ليس بعَورةٍ",
        "t": 1
      },
      {
        "answer": "مُنكَرٌ",
        "t": 0
      }
    ]
  },
  {
    "id": 4321,
    "q": "مَن القائِل: \"إنَّ الإنسانَ إذا وصلَ إلى دَرَجةِ المعايَنةِ سَقَطت عنه التَّكاليفُ\":",
    "level": 1,
    "link": "https://dorar.net/tafseer/33/1",
    "section": "al-ahzab",
    "answers": [
      {
        "answer": "الشِّيعة",
        "t": 0
      },
      {
        "answer": "الصُّوفِية",
        "t": 1
      },
      {
        "answer": "الأشعريَّة",
        "t": 0
      }
    ]
  },
  {
    "id": 4330,
    "q": "يُستفادُ من قَولِه تَعالَى: {وَلَيْسَ عَلَيْكُمْ جُنَاحٌ فِيمَا أَخْطَأْتُمْ بِهِ}:",
    "level": 1,
    "link": "https://dorar.net/tafseer/33/2",
    "section": "al-ahzab",
    "answers": [
      {
        "answer": "أنَّه لا يُؤاخَذُ أَحَدٌ بجَرِيرَةِ غَيرِه",
        "t": 0
      },
      {
        "answer": "أنَّ المَريضَ ليس عليه جُناحٌ فيما عَجَزَ عنهُ",
        "t": 0
      },
      {
        "answer": "أنَّ الخطَأَ مَرفوعٌ ولا إثمَ على المُخطِئِ",
        "t": 1
      }
    ]
  },
  {
    "id": 4338,
    "q": "قَولُ الله تَعالَى: {يَا أَيُّهَا النَّبِيُّ قُلْ لِأَزْوَاجِكَ إِنْ كُنْتُنَّ تُرِدْنَ الْحَيَاةَ الدُّنْيَا وَزِينَتَهَا فَتَعَالَيْنَ أُمَتِّعْكُنَّ وَأُسَرِّحْكُنَّ سَرَاحًا جَمِيلًا} فيه تخييرُه ﷺ نِساءَه بينَ الإقامةِ معه وفِراقِه، وأنَّ التخييرَ:",
    "level": 1,
    "link": "https://dorar.net/tafseer/33/9",
    "section": "al-ahzab",
    "answers": [
      {
        "answer": "يُحسَب طَلقَةً واحِدةً",
        "t": 0
      },
      {
        "answer": "طَلاقٌ بائنٌ",
        "t": 0
      },
      {
        "answer": "ليس طَلاقًا",
        "t": 1
      }
    ]
  },
  {
    "id": 4327,
    "q": "الصَّحابيُّ الذي تَبَنَّاُه النبيُّ صلَّى اللهُ عَليهِ وسلَّمَ، وكان يُدْعَى ابنَ مُحَمَّدٍ:",
    "level": 1,
    "link": "https://dorar.net/tafseer/33/2",
    "section": "al-ahzab",
    "answers": [
      {
        "answer": "زَيدُ بنُ حارِثةَ رضي الله عنه",
        "t": 1
      },
      {
        "answer": "أَنسُ بنُ مالِكٍ رضي الله عنه",
        "t": 0
      },
      {
        "answer": "مُصعَبُ بنُ عُمَيرٍ رضي الله عنه",
        "t": 0
      }
    ]
  },
  {
    "id": 4332,
    "q": "قَولُه تَعالَى: {وَإِذْ أَخَذْنَا مِنَ النَّبِيِّينَ مِيثَاقَهُمْ}. المِيثاقُ هو:",
    "level": 1,
    "link": "https://dorar.net/tafseer/33/3",
    "section": "al-ahzab",
    "answers": [
      {
        "answer": "الإيمانُ الجازِمُ الذي لا شَكَّ فِيه",
        "t": 0
      },
      {
        "answer": "عقدٌ مؤكَّدٌ بيمينٍ وعهدٍ",
        "t": 1
      },
      {
        "answer": "كلُّ وَفاءٍ بينَ اثْنَينِ",
        "t": 0
      }
    ]
  },
  {
    "id": 4325,
    "q": "قَولُه تَعالَى: {وَمَا جَعَلَ أَدْعِيَاءَكُمْ} مَعنَى {أَدْعِيَاءَكُمْ}:",
    "level": 1,
    "link": "https://dorar.net/tafseer/33/2",
    "section": "al-ahzab",
    "answers": [
      {
        "answer": "قَومُكُم وعَشِيرَتُكُم",
        "t": 0
      },
      {
        "answer": "مَن تبنَّيتُموهُم",
        "t": 1
      },
      {
        "answer": "مَن في جِوارِكُم",
        "t": 0
      }
    ]
  },
  {
    "id": 4334,
    "q": "المقصود بقَولِه تَعالَى: {وَلَقَدْ كَانُوا عَاهَدُوا اللَّهَ مِنْ قَبْلُ لَا يُوَلُّونَ الْأَدْبَارَ} هُم:",
    "level": 1,
    "link": "https://dorar.net/tafseer/33/5",
    "section": "al-ahzab",
    "answers": [
      {
        "answer": "أَهلُ الكِتابِ",
        "t": 0
      },
      {
        "answer": "أَصحابُ غَزوةِ بَدرٍ",
        "t": 0
      },
      {
        "answer": "المُنافِقون",
        "t": 1
      }
    ]
  },
  {
    "id": 4323,
    "q": "في قَولِه تَعالَى: {يَا أَيُّهَا النَّبِيُّ اتَّقِ اللَّهَ} يُستفادُ منه:",
    "level": 1,
    "link": "https://dorar.net/tafseer/33/1",
    "section": "al-ahzab",
    "answers": [
      {
        "answer": "تَوجيهُ الأمرِ لِمَن هو مُتَّصِفٌ به",
        "t": 1
      },
      {
        "answer": "أنَّ التَّقوَى واجِبةٌ في حَقِّ الأَنبياءِ والرُّسُلِ فقط لا عامَّة الخَلقِ",
        "t": 0
      },
      {
        "answer": "استِحبابُ مُخاطَبةِ النبيِّ ﷺ بلَفظِ النُّبُوَّةِ؛ لقولِه: \"أَيُّهَا النَّبِيُّ\"",
        "t": 0
      }
    ]
  }
]