[
  {
    "id": 4379,
    "q": "قولُه تَعالَى: {وَمَا زَادَهُمْ إِلَّا إِيمَانًا وَتَسْلِيمًا} فيه دليلٌ على صِحَّةِ مذهبِ أهلِ السُّنَّةِ والجماعةِ الَّذين يقولون: \"إنَّ الإيمانَ يَزيدُ ويَنقُصُ\"، وهو حُجَّةٌ على:",
    "level": 3,
    "link": "https://dorar.net/tafseer/33/7",
    "section": "al-ahzab",
    "answers": [
      {
        "answer": "المعتزلةِ",
        "t": 0
      },
      {
        "answer": "المُرجِئةِ",
        "t": 1
      },
      {
        "answer": "الشِّيعةِ",
        "t": 0
      }
    ]
  },
  {
    "id": 4362,
    "q": "{مَا جَعَلَ اللَّهُ لِرَجُلٍ مِنْ قَلْبَيْنِ فِي جَوْفِهِ} أصْلُ الجَوفِ هو: ",
    "level": 3,
    "link": "https://dorar.net/tafseer/33/2",
    "section": "al-ahzab",
    "answers": [
      {
        "answer": "القِشرَةُ الرَّقيقَةُ التي تَعلُو نَواةَ التَّمرِ",
        "t": 0
      },
      {
        "answer": "ما عَمُقَ مِن الأَرضِ",
        "t": 0
      },
      {
        "answer": "باطِنُ الإنسانِ",
        "t": 1
      }
    ]
  },
  {
    "id": 4365,
    "q": "كانوا في أوَّلِ الإسلامِ يَتوارَثون فيما بيْنَهم؛ بسَبَبِ:",
    "level": 3,
    "link": "https://dorar.net/tafseer/33/2",
    "section": "al-ahzab",
    "answers": [
      {
        "answer": "الهِجرةِ",
        "t": 0
      },
      {
        "answer": "حَقِّ الأُخوَّةِ الإيمانيَّةِ",
        "t": 0
      },
      {
        "answer": "جَميعُ ما سَبَق",
        "t": 1
      }
    ]
  },
  {
    "id": 4369,
    "q": "قَولُه تَعالَى: {وَأُولُو الْأَرْحَامِ بَعْضُهُمْ أَوْلَى بِبَعْضٍ فِي كِتَابِ اللَّهِ مِنَ الْمُؤْمِنِينَ وَالْمُهَاجِرِينَ} تخصيصُ المُهاجرينَ بالعطفِ يدُلُّ على:",
    "level": 3,
    "link": "https://dorar.net/tafseer/33/2",
    "section": "al-ahzab",
    "answers": [
      {
        "answer": "أَنَّ المرادَ بالمُؤمِنين خُصوصُ الأنصارِ",
        "t": 1
      },
      {
        "answer": "أنَّ الحُكمَ خاصٌّ بهِم دُونَ غَيرِهم",
        "t": 0
      },
      {
        "answer": "أنَّهم أَوْصَلُ الناسِ أَرحامًا وأَحسَنُهم إلى ذَوِي القُربَى",
        "t": 0
      }
    ]
  },
  {
    "id": 4361,
    "q": "قَولُ الله تَعالَى: {يَا أَيُّهَا النَّبِيُّ} لم يَقُلْ سُبحانَه في ندائِه: (يا محمَّدُ) كما قال في نداءِ غيرِه: (يا مُوسَى، يا عِيسَى، يَا دَاوُدَ):",
    "level": 3,
    "link": "https://dorar.net/tafseer/33/1",
    "section": "al-ahzab",
    "answers": [
      {
        "answer": "تَحذِيرًا مِن مُخالَفَتِه ﷺ؛ فإنَّ مُخالفَتَه كُفرٌ",
        "t": 0
      },
      {
        "answer": "لأنَّ النبيَّ ﷺ عَرَبِيٌّ؛ والعَرَبُ تُحِبُّ الكُنَى",
        "t": 0
      },
      {
        "answer": "تشريفًا له ﷺ بفَضلِ هذا الوَصفِ، ولِيَعلَمَ النَّاسُ أنَّه رسولُ الله؛ لِيُلَقِّبوه بذلك، ويدعوه به",
        "t": 1
      }
    ]
  },
  {
    "id": 4375,
    "q": "في قَولِه تَعالَى: {قُلْ مَنْ ذَا الَّذِي يَعْصِمُكُمْ مِنَ اللَّهِ إِنْ أَرَادَ بِكُمْ سُوءًا أَوْ أَرَادَ بِكُمْ رَحْمَةً} ذِكرِ \"إرادةِ السُّوءِ\" بلَفظِه حُجَّةٌ على:",
    "level": 3,
    "link": "https://dorar.net/tafseer/33/5",
    "section": "al-ahzab",
    "answers": [
      {
        "answer": "الخَوارِجِ والشِّيعة",
        "t": 0
      },
      {
        "answer": "المُعتزِلةِ والقَدَريَّة",
        "t": 1
      },
      {
        "answer": "الأشاعِرَة",
        "t": 0
      }
    ]
  },
  {
    "id": 4380,
    "q": "قَولُه تَعالَى: {وَأَنْزَلَ الَّذِينَ ظَاهَرُوهُمْ مِنْ أَهْلِ الْكِتَابِ مِنْ صَيَاصِيهِمْ} المراد بِهِم يَهودُ:",
    "level": 3,
    "link": "https://dorar.net/tafseer/33/8",
    "section": "al-ahzab",
    "answers": [
      {
        "answer": "بني قُرَيْظَة",
        "t": 1
      },
      {
        "answer": "بني قَيْنُقَاع",
        "t": 0
      },
      {
        "answer": "بنِي النَّضير",
        "t": 0
      }
    ]
  },
  {
    "id": 4367,
    "q": "جاء في قراءةٍ شاذَّةٍ: (وأزواجُه أُمَّهاتُهم وَهُوَ أَبٌ لَهُمْ). وهي مَرويَّةٌ عن:",
    "level": 3,
    "link": "https://dorar.net/tafseer/33/2",
    "section": "al-ahzab",
    "answers": [
      {
        "answer": "ابنِ عَبَّاسٍ وأُبَيِّ بنِ كَعبٍ رضي الله عنهما",
        "t": 1
      },
      {
        "answer": "ابنِ مَسعُودٍ رضي الله عنه",
        "t": 0
      },
      {
        "answer": "أُسامةَ بنِ زَيدٍ رضي الله عنه",
        "t": 0
      }
    ]
  },
  {
    "id": 4364,
    "q": "أزواجُ مُحمَّدٍ ﷺ هُنَّ أمَّهاتُ المُؤمِنين في:",
    "level": 3,
    "link": "https://dorar.net/tafseer/33/2",
    "section": "al-ahzab",
    "answers": [
      {
        "answer": "البِرِّ والإحسانِ والمِيراثِ",
        "t": 0
      },
      {
        "answer": "السَّفَرِ بهنَّ كالمَحارمِ",
        "t": 0
      },
      {
        "answer": "حُرمةِ نِكاحِهنَّ، ووُجوبِ تعظيمِهنَّ وإكرامِهنَّ",
        "t": 1
      }
    ]
  },
  {
    "id": 4377,
    "q": "قَولُ اللهِ تَعالَى: {لَقَدْ كَانَ لَكُمْ فِي رَسُولِ اللَّهِ أُسْوَةٌ حَسَنَةٌ لِمَنْ كَانَ يَرْجُو اللَّهَ وَالْيَوْمَ الْآَخِرَ وَذَكَرَ اللَّهَ كَثِيرًا} نبَّهَ على أنَّ الَّذي يَحمِلُ على التَّأسِّي به ﷺ إنَّما هو:",
    "level": 3,
    "link": "https://dorar.net/tafseer/33/7",
    "section": "al-ahzab",
    "answers": [
      {
        "answer": "الصِّدقُ في الإيمانِ والخَوفُ مِنَ النِّفَاقِ",
        "t": 1
      },
      {
        "answer": "القُدوَةُ الحَسَنَةُ",
        "t": 0
      },
      {
        "answer": "تَحقِيقُ تَوحِيدِ الرُّبوبِيَّة",
        "t": 0
      }
    ]
  },
  {
    "id": 4366,
    "q": "هل للرَّجُلِ أن يُناديَ زوجتَه ويُسَمِّيَها باسمِ مَحارِمِه؛ كقولِه: يا \"أُمِّي\" ، \"يا أُختي\" ونحوِه:",
    "level": 3,
    "link": "https://dorar.net/tafseer/33/2",
    "section": "al-ahzab",
    "answers": [
      {
        "answer": "يُكرَه",
        "t": 1
      },
      {
        "answer": "يَحرُمُ",
        "t": 0
      },
      {
        "answer": "يُستحَبُّ",
        "t": 0
      }
    ]
  },
  {
    "id": 4363,
    "q": "يقولُ النبيُّ ﷺ: مَنِ ادَّعى إلى غَيرِ أبِيه وَهُوَ يَعلَمُ أنَّه غَيرُ أبِيهِ:",
    "level": 3,
    "link": "https://dorar.net/tafseer/33/2",
    "section": "al-ahzab",
    "answers": [
      {
        "answer": "فقد باءَ بِغَضَبٍ مِن الله",
        "t": 0
      },
      {
        "answer": "فالجنَّةُ عَليهِ حَرامٌ",
        "t": 1
      },
      {
        "answer": "فهو كاذِبٌ",
        "t": 0
      }
    ]
  },
  {
    "id": 4368,
    "q": "قَولُه تَعالَى: {ادْعُوهُمْ لِآَبَائِهِمْ} الأمرُ هُنَا:",
    "level": 3,
    "link": "https://dorar.net/tafseer/33/2",
    "section": "al-ahzab",
    "answers": [
      {
        "answer": "للإباحَةِ",
        "t": 0
      },
      {
        "answer": "للنَّدبِ",
        "t": 0
      },
      {
        "answer": "للوُجوبِ",
        "t": 1
      }
    ]
  },
  {
    "id": 4373,
    "q": "من صِفاتِ المُنافِقين، وهو أن يُذْكَرَ للإنسانِ ما يكونُ به الخوفُ والقلقُ: ",
    "level": 3,
    "link": "https://dorar.net/tafseer/33/5",
    "section": "al-ahzab",
    "answers": [
      {
        "answer": "الإرْجافُ",
        "t": 1
      },
      {
        "answer": "الإرْهاصُ",
        "t": 0
      },
      {
        "answer": "الإرْصادُ",
        "t": 0
      }
    ]
  },
  {
    "id": 4370,
    "q": "قال تَعالَى: {هُنَالِكَ ابْتُلِيَ الْمُؤْمِنُونَ} القاعدةُ العامَّةُ: \"أنَّ اللهَ سُبحانَه وتَعالَى يَذكُرُ النِّعَمَ مُضافةً إليه، ويَذكُرُ النِّقَمَ غالبًا\":",
    "level": 3,
    "link": "https://dorar.net/tafseer/33/4",
    "section": "al-ahzab",
    "answers": [
      {
        "answer": "مَبنيَّةً للمَفعول",
        "t": 1
      },
      {
        "answer": "مَبنيَّةً للفاعلِ",
        "t": 0
      },
      {
        "answer": "في سِياقِ العُمومِ",
        "t": 0
      }
    ]
  },
  {
    "id": 4376,
    "q": "قَولُه تَعالَى: {قُلْ مَنْ ذَا الَّذِي يَعْصِمُكُمْ مِنَ اللَّهِ} الاستِفهامُ فيها:",
    "level": 3,
    "link": "https://dorar.net/tafseer/33/5",
    "section": "al-ahzab",
    "answers": [
      {
        "answer": "تَقريريٌّ ",
        "t": 0
      },
      {
        "answer": "إنكاريٌّ",
        "t": 1
      },
      {
        "answer": "تَهَكُّميٌّ",
        "t": 0
      }
    ]
  },
  {
    "id": 4378,
    "q": "قَولُ الله تَعالَى: {لَقَدْ كَانَ لَكُمْ فِي رَسُولِ اللَّهِ أُسْوَةٌ حَسَنَةٌ لِمَنْ كَانَ يَرْجُو اللَّهَ وَالْيَوْمَ الْآَخِرَ} استدَلَّ الأصوليُّونَ بهذه الآيةِ على:",
    "level": 3,
    "link": "https://dorar.net/tafseer/33/7",
    "section": "al-ahzab",
    "answers": [
      {
        "answer": "أنَّ التَّأسِّي يكونُ في فَضائلِ الأَعمالِ دُونَ العِباداتِ والفَرائضِ",
        "t": 0
      },
      {
        "answer": "أنَّ الأصلَ أنَّه أُسوةٌ للأمَّةِ في الأحكامِ، إلَّا ما دلَّ الدَّليلُ الشَّرعيُّ على الاختِصاصِ به ",
        "t": 1
      },
      {
        "answer": "أنَّ النبيَّ ﷺ مَعصُومٌ عِصمَةً أَزَلِيَّة",
        "t": 0
      }
    ]
  },
  {
    "id": 4371,
    "q": "قولُه تعالى: {وَإِذْ زَاغَتِ الْأَبْصَارُ}:",
    "level": 3,
    "link": "https://dorar.net/tafseer/33/4",
    "section": "al-ahzab",
    "answers": [
      {
        "answer": "فيه دَلالَةٌ على شِدَّةِ بَأسِهِم في القِتالِ",
        "t": 0
      },
      {
        "answer": "كِنايةٌ عنِ الحَيرةِ وشِدَّةِ الرَّوْعِ",
        "t": 1
      },
      {
        "answer": "إشارةٌ إلى وَهَنِ المُنافِقِينَ وتَخاذُلِهِم عن نُصرَةِ النبيِّ ﷺ",
        "t": 0
      }
    ]
  },
  {
    "id": 4374,
    "q": "قَولُه تَعالَى: {وَإِذْ قَالَتْ طَائِفَةٌ مِنْهُمْ يَا أَهْلَ يَثْرِبَ} الثَّرْبُ هو:",
    "level": 3,
    "link": "https://dorar.net/tafseer/33/5",
    "section": "al-ahzab",
    "answers": [
      {
        "answer": "الخرابُ والدَّمارُ",
        "t": 0
      },
      {
        "answer": "الأرضُ القاحِلَةُ",
        "t": 0
      },
      {
        "answer": "اللَّومُ والتَّعنيفُ",
        "t": 1
      }
    ]
  },
  {
    "id": 4372,
    "q": "قَولُه تَعالَى: {وَلَوْ دُخِلَتْ عليهمْ مِنْ أَقْطَارِهَا} مَعنَى {أَقْطَارها}:",
    "level": 3,
    "link": "https://dorar.net/tafseer/33/5",
    "section": "al-ahzab",
    "answers": [
      {
        "answer": "جِبالُها التي تُحِيطُ بِها",
        "t": 0
      },
      {
        "answer": "أبوابُها",
        "t": 0
      },
      {
        "answer": "نَواحِيها",
        "t": 1
      }
    ]
  }
]