[
  {
    "id": 2277,
    "q": "النَّفَقةُ والسُّكنَى لِلمُطلَّقةِ الرَّجعيَّةِ",
    "level": 3,
    "link": "https://www.dorar.net/feqhia/5258",
    "section": "ridaa",
    "answers": [
      {
        "answer": "تَجِبُ النَّفقةُ دونَ السُّكنَى",
        "t": 0
      },
      {
        "answer": "تَجِبُ النَّفَقةُ والسُّكنَى",
        "t": 1
      },
      {
        "answer": "لا تَجِبُ",
        "t": 0
      }
    ]
  },
  {
    "id": 2274,
    "q": "الزَّوجةُ النَّاشِزُ",
    "level": 3,
    "link": "https://www.dorar.net/feqhia/5250",
    "section": "ridaa",
    "answers": [
      {
        "answer": "لا تَسقُطُ نَفَقتُها",
        "t": 0
      },
      {
        "answer": "تَسقُطُ نَفَقتُها",
        "t": 1
      },
      {
        "answer": "تُخيَّر بين النَّفَقَة والسُّكنَى",
        "t": 0
      }
    ]
  },
  {
    "id": 2271,
    "q": "تَخييرُ الجارِيةِ بين أبيها وأُمِّها",
    "level": 3,
    "link": "https://www.dorar.net/feqhia/5206",
    "section": "ridaa",
    "answers": [
      {
        "answer": "إذا بَلَغت سَبعًا ذَهَبَت لأبيها بغَيرِ تَخييرٍ",
        "t": 0
      },
      {
        "answer": "لا تُخيَّرُ وتَكونُ عندَ أُمِّها حتَّى تُنكَحَ",
        "t": 1
      },
      {
        "answer": "تُخيَّرُ الجاريةُ إذا بَلَغت سَبعًا",
        "t": 0
      }
    ]
  },
  {
    "id": 2264,
    "q": "إذا خُلِطَ لَبَنُ امرَأَتينِ أو أكثَرَ",
    "level": 3,
    "link": "https://www.dorar.net/feqhia/5116",
    "section": "ridaa",
    "answers": [
      {
        "answer": "التَّحريمُ للأكثَرِ لَبنًا",
        "t": 0
      },
      {
        "answer": "انتَفَى التَّحريمُ",
        "t": 0
      },
      {
        "answer": "يَثبُتُ التَّحريمُ لَهُنَّ",
        "t": 1
      }
    ]
  },
  {
    "id": 2276,
    "q": "نَفَقةُ المَرأةِ وزَوجُها غائبٌ",
    "level": 3,
    "link": "https://www.dorar.net/feqhia/5254",
    "section": "ridaa",
    "answers": [
      {
        "answer": "لا تَسقُطُ",
        "t": 1
      },
      {
        "answer": "تَسقُطُ النَّفَقةُ",
        "t": 0
      },
      {
        "answer": "تَسقُطُ إنْ لم تكُن حاضِنًا",
        "t": 0
      }
    ]
  },
  {
    "id": 2268,
    "q": "لَبَنُ البِكرِ غَيرِ المَوطوءةِ",
    "level": 3,
    "link": "https://www.dorar.net/feqhia/5126",
    "section": "ridaa",
    "answers": [
      {
        "answer": "غيرُ مُتَصَّورٍ حُدوثُه",
        "t": 0
      },
      {
        "answer": "لا يَثبُتُ به التَّحريمُ",
        "t": 0
      },
      {
        "answer": "يَثبُتُ به التَّحريمُ",
        "t": 1
      }
    ]
  },
  {
    "id": 2266,
    "q": "يجِب للزَّوجةِ على زوجِها",
    "level": 3,
    "link": "https://www.dorar.net/feqhia/5222",
    "section": "ridaa",
    "answers": [
      {
        "answer": "خادِمَة تَخدُمها",
        "t": 0
      },
      {
        "answer": "نَفَقاتُ حَجِّ الفَريضَة لا النَّافِلَة",
        "t": 0
      },
      {
        "answer": "نفَقةُ الطَّعام والشَّراب والكِسوة والمسكَن",
        "t": 1
      }
    ]
  },
  {
    "id": 2270,
    "q": "الحُقَنُ الشَّرَجيَّةِ باللَّبَنِ",
    "level": 3,
    "link": "https://www.dorar.net/feqhia/5134",
    "section": "ridaa",
    "answers": [
      {
        "answer": "لا يَثبُتُ بها التَّحريمُ",
        "t": 1
      },
      {
        "answer": "يَثبُتُ بها التَّحريمُ",
        "t": 0
      },
      {
        "answer": "يَثبُتُ بها التَّحريمُ إن كانت للغِذاءِ لا العِلاجِ",
        "t": 0
      }
    ]
  },
  {
    "id": 2263,
    "q": "الرَّضاعُ عن طَريقِ الأنفِ",
    "level": 3,
    "link": "https://www.dorar.net/feqhia/5113",
    "section": "ridaa",
    "answers": [
      {
        "answer": "يَثبُتُ به التَّحريمُ كالرَّضاعِ منَ الفَمِ",
        "t": 1
      },
      {
        "answer": "لا يَثبُتُ به التَّحريمُ إلَّا إذا أَقَرَّهُ القاضِي",
        "t": 0
      },
      {
        "answer": "لا يَثبُتُ به التَّحريمُ",
        "t": 0
      }
    ]
  },
  {
    "id": 2272,
    "q": "نَفقةُ المَحضونِ",
    "level": 3,
    "link": "https://www.dorar.net/feqhia/5209",
    "section": "ridaa",
    "answers": [
      {
        "answer": "على الحاضِنِ مُطلَقًا",
        "t": 0
      },
      {
        "answer": "من مالِه إنْ كان له مالٌ، وإلَّا فعَلى مَن تَجِبُ عَليهِ نَفَقتُه",
        "t": 1
      },
      {
        "answer": "على عَصَبَتِه",
        "t": 0
      }
    ]
  },
  {
    "id": 2269,
    "q": "إذا خُلِطَ اللَّبنُ بالطَّعامِ وغَلَب الطعامُ",
    "level": 3,
    "link": "https://www.dorar.net/feqhia/5132",
    "section": "ridaa",
    "answers": [
      {
        "answer": "يَثبُتُ به التَّحريمُ بشَرطِ أن يكونَ الطِّفلُ مَفطُومًا",
        "t": 0
      },
      {
        "answer": "لم يَثبُتِ التَّحريمُ",
        "t": 1
      },
      {
        "answer": "ثَبَت التَّحريمُ",
        "t": 0
      }
    ]
  },
  {
    "id": 2282,
    "q": "المُفارِقةُ زَوْجَها بعَيبٍ",
    "level": 3,
    "link": "https://www.dorar.net/feqhia/5267",
    "section": "ridaa",
    "answers": [
      {
        "answer": "لها النَّفَقةُ",
        "t": 0
      },
      {
        "answer": "لا نَفَقةَ لها",
        "t": 1
      },
      {
        "answer": "لها النَّفَقةُ إن كان زَوجُها مَن فارَقَها",
        "t": 0
      }
    ]
  },
  {
    "id": 2279,
    "q": "نَفَقةُ المُطلَّقةِ البائنِ غيرِ الحامِلِ",
    "level": 3,
    "link": "https://www.dorar.net/feqhia/5260",
    "section": "ridaa",
    "answers": [
      {
        "answer": "لا يَجِبُ لها شَيءٌ",
        "t": 1
      },
      {
        "answer": "تَجِبُ لها النَّفَقةُ مُدَّةَ العِدَّةِ",
        "t": 0
      },
      {
        "answer": "تَجِبُ لها النَّفَقةُ والسُّكنَى مُدَّةَ العِدَّةِ",
        "t": 0
      }
    ]
  },
  {
    "id": 2280,
    "q": "نَفَقةُ المُلاعِنةِ في العِدَّةِ",
    "level": 3,
    "link": "https://www.dorar.net/feqhia/5263",
    "section": "ridaa",
    "answers": [
      {
        "answer": "لا يَجِبُ لها شَيءٌ",
        "t": 1
      },
      {
        "answer": "تَجِبُ لها النَّفَقةُ والكِسوةِ",
        "t": 0
      },
      {
        "answer": "تَجِبُ لها النَّفَقةُ",
        "t": 0
      }
    ]
  },
  {
    "id": 2281,
    "q": "سُكنَى المُلاعِنةِ في العِدَّةِ",
    "level": 3,
    "link": "https://www.dorar.net/feqhia/5265",
    "section": "ridaa",
    "answers": [
      {
        "answer": "يَجِبُ لها السُّكنَى",
        "t": 0
      },
      {
        "answer": "لا يَجِبُ لها سُكنَى",
        "t": 1
      },
      {
        "answer": "يَجِبُ لها نَفَقَة لا سُكنَى",
        "t": 0
      }
    ]
  },
  {
    "id": 2278,
    "q": "النَّفَقةُ والسُّكنَى للمُطلَّقةِ البائنِ الحامِلِ",
    "level": 3,
    "link": "https://www.dorar.net/feqhia/5260",
    "section": "ridaa",
    "answers": [
      {
        "answer": "لا تَجِبُ لها النَّفَقةُ ولا السُّكنَى",
        "t": 0
      },
      {
        "answer": "تَجِبُ لها النَّفَقةُ والسُّكنَى",
        "t": 1
      },
      {
        "answer": "تَجِبُ لها النَّفقةُ دونَ السُّكنَى",
        "t": 0
      }
    ]
  },
  {
    "id": 2265,
    "q": "إذا خَلَط لَبَنَ المَرأةِ بمائعٍ وغَلَب على المائعِ",
    "level": 3,
    "link": "https://www.dorar.net/feqhia/5118",
    "section": "ridaa",
    "answers": [
      {
        "answer": "ثَبَت التَّحريمُ",
        "t": 1
      },
      {
        "answer": "يَثبُتُ به التَّحريمُ إذا كان عُمُرُ الرَّضيعِ أقلَّ من سَنةٍ",
        "t": 0
      },
      {
        "answer": "انتَفَى التَّحريمُ",
        "t": 0
      }
    ]
  },
  {
    "id": 2273,
    "q": "أُجرةُ الحَضانةِ",
    "level": 3,
    "link": "https://www.dorar.net/feqhia/5211",
    "section": "ridaa",
    "answers": [
      {
        "answer": "للحاضِنةِ أُجرَةٌ تَستَحِقُّها منَ الطِّفلِ بعدَ أن يَبلُغَ",
        "t": 0
      },
      {
        "answer": "لها أُجرةٌ من مالِه إن كان له مالٌ، وإلَّا فعَلَى مَن تَجِبُ عَليهِ نَفَقتُه",
        "t": 1
      },
      {
        "answer": "لا أُجرةَ للحَضانةِ",
        "t": 0
      }
    ]
  },
  {
    "id": 2267,
    "q": "إذا حُلِب اللَّبَنُ مِن المَرأَةِ مرَّةً واحِدةً وسُقِي للطِّفلِ خَمْسَ مرَّاتٍ",
    "level": 3,
    "link": "https://www.dorar.net/feqhia/5122",
    "section": "ridaa",
    "answers": [
      {
        "answer": "لم يَثبُتْ به التَّحريمُ",
        "t": 0
      },
      {
        "answer": "حُسِبَت رَضعةً واحِدَة",
        "t": 0
      },
      {
        "answer": "يَثبُتُ به التَّحريمُ",
        "t": 1
      }
    ]
  },
  {
    "id": 2275,
    "q": "نَفَقةُ الزَّوجِ على زَوجتِه العامِلةِ",
    "level": 3,
    "link": "https://www.dorar.net/feqhia/5252",
    "section": "ridaa",
    "answers": [
      {
        "answer": "لا تَسقُطُ النَّفَقةُ مُطلقًا",
        "t": 0
      },
      {
        "answer": "لا تَسقُطُ إذا شَرَط على الزَّوجِ أن تَعمَلَ",
        "t": 1
      },
      {
        "answer": "تَسقُطُ النَّفَقةُ",
        "t": 0
      }
    ]
  }
]