[
  {
    "id": 2258,
    "q": "إذا اتَّفَقَ الزَّوجانِ عَلَى تَعجيلِ النَّفَقةِ أو تَأخيرِها",
    "level": 2,
    "link": "https://www.dorar.net/feqhia/5243",
    "section": "ridaa",
    "answers": [
      {
        "answer": "يَجوزُ التَّعجيلُ ولا يَجوزُ التَّأخيرُ",
        "t": 0
      },
      {
        "answer": "يجوزُ",
        "t": 1
      },
      {
        "answer": "لا يَجوزُ",
        "t": 0
      }
    ]
  },
  {
    "id": 2257,
    "q": "إذا أعسَرَ الزَّوجُ ولم تَصبِرِ الزَّوجةُ",
    "level": 2,
    "link": "https://www.dorar.net/feqhia/5240",
    "section": "ridaa",
    "answers": [
      {
        "answer": "لها الخُلعُ",
        "t": 0
      },
      {
        "answer": "لها أن تُطالِبَ أهلَهُ بالنَّفَقةِ",
        "t": 0
      },
      {
        "answer": "لها فَسْخُ النِّكاحِ",
        "t": 1
      }
    ]
  },
  {
    "id": 2252,
    "q": "إذا سَقَطتِ الحَضانةُ عنِ الحاضِنِ بسَبَبٍ ثمَّ زال السَّبَبُ",
    "level": 2,
    "link": "https://www.dorar.net/feqhia/5167",
    "section": "ridaa",
    "answers": [
      {
        "answer": "لا تَعودُ الحَضانةُ",
        "t": 0
      },
      {
        "answer": "تَعودُ الحَضانةُ",
        "t": 1
      },
      {
        "answer": "تَعودُ الحَضانةُ إن رَضِيَ الطَّرَفُ الآخرُ",
        "t": 0
      }
    ]
  },
  {
    "id": 2259,
    "q": "نَفَقةُ ما مَضَى منَ الوَقتِ",
    "level": 2,
    "link": "https://www.dorar.net/feqhia/5245",
    "section": "ridaa",
    "answers": [
      {
        "answer": "لا تَسقُطُ ولا تُطالِبُه بها إلَّا بعدَ الطَّلاقِ",
        "t": 0
      },
      {
        "answer": "تَسقُطُ عنِ الزَّوجِ",
        "t": 0
      },
      {
        "answer": "لا تَسقُطُ ولها أن تُطالِبَه بها",
        "t": 1
      }
    ]
  },
  {
    "id": 2248,
    "q": "حُكمُ إنشاءِ بُنوكِ الحَليبِ",
    "level": 2,
    "link": "https://www.dorar.net/feqhia/5143",
    "section": "ridaa",
    "answers": [
      {
        "answer": "لا يَجوزُ",
        "t": 1
      },
      {
        "answer": "يَجوزُ مُطلَقًا",
        "t": 0
      },
      {
        "answer": "يُكرَهُ",
        "t": 0
      }
    ]
  },
  {
    "id": 2250,
    "q": "الإقرارُ عَلى الرَّضاعِ",
    "level": 2,
    "link": "https://www.dorar.net/feqhia/5149",
    "section": "ridaa",
    "answers": [
      {
        "answer": "لا يَثبُتُ بالإقرارِ",
        "t": 0
      },
      {
        "answer": "يَثبُتُ الرَّضاعُ بالإقرارِ",
        "t": 1
      },
      {
        "answer": "يَثبُتُ بالإقرارِ مع من شاهِدٍ",
        "t": 0
      }
    ]
  },
  {
    "id": 2251,
    "q": "هل يَثبُتُ الرَّضاعُ بالشَّكِ؟",
    "level": 2,
    "link": "https://www.dorar.net/feqhia/5151",
    "section": "ridaa",
    "answers": [
      {
        "answer": "لا يَثبُتُ",
        "t": 1
      },
      {
        "answer": "نَعَم يَثبُتُ",
        "t": 0
      },
      {
        "answer": "يُقَرِّرهُ القاضِي",
        "t": 0
      }
    ]
  },
  {
    "id": 2244,
    "q": "رَضاعُ الكَبيرِ",
    "level": 2,
    "link": "https://www.dorar.net/feqhia/5100",
    "section": "ridaa",
    "answers": [
      {
        "answer": "لا تَثبُتُ به الحُرمةُ",
        "t": 1
      },
      {
        "answer": "تَثبُتُ إنْ كان دونَ البُلوغِ",
        "t": 0
      },
      {
        "answer": "تَثبُتُ به الحُرمةُ",
        "t": 0
      }
    ]
  },
  {
    "id": 2254,
    "q": "إذا سافَرَتِ الأُمُّ سَفَرَ حاجةٍ",
    "level": 2,
    "link": "https://www.dorar.net/feqhia/5198",
    "section": "ridaa",
    "answers": [
      {
        "answer": "تَسقُطُ حَضانَتُها إلَّا إنْ رَضِيَ الأبُ",
        "t": 0
      },
      {
        "answer": "تَسقُطُ حَضانَتُها",
        "t": 0
      },
      {
        "answer": "لا تَسقُطُ حَضانَتُها",
        "t": 1
      }
    ]
  },
  {
    "id": 2255,
    "q": "النَّفَقةُ على الزَّوجةِ بعدَ العَقدِ قبْلَ الدُّخولِ",
    "level": 2,
    "link": "https://www.dorar.net/feqhia/5229",
    "section": "ridaa",
    "answers": [
      {
        "answer": "لا يَجِبُ عَلى الزَّوجِ نَفَقتُها ولكنْ يُستحَبُّ",
        "t": 0
      },
      {
        "answer": "لا تَجِبُ النَّفَقةُ قبْلَ الدُّخولِ",
        "t": 1
      },
      {
        "answer": "يَجِبُ على الزَّوجِ نَفَقتُها بمُجرَّدِ العَقدِ",
        "t": 0
      }
    ]
  },
  {
    "id": 2249,
    "q": "الشَّهادةُ على الرَّضاعِ",
    "level": 2,
    "link": "https://www.dorar.net/feqhia/5147",
    "section": "ridaa",
    "answers": [
      {
        "answer": "لا يَجِبُ فيه الشَّهادةُ",
        "t": 0
      },
      {
        "answer": "يَثبُتُ بشَهادةِ رَجُلٍ أوِ امرأةٍ",
        "t": 1
      },
      {
        "answer": "يَثبُتُ بشَهادةِ رَجُلَينِ أو رَجُلٍ وامرَأَتينِ",
        "t": 0
      }
    ]
  },
  {
    "id": 2260,
    "q": "العَدلُ بينَ الزَّوجاتِ في النَّفَقةِ والكِسوةِ",
    "level": 2,
    "link": "https://www.dorar.net/feqhia/5247",
    "section": "ridaa",
    "answers": [
      {
        "answer": "لا يَجِبُ العَدلُ في الكِسوةِ ويَجِبُ في النَّفَقةِ",
        "t": 0
      },
      {
        "answer": "يَجِبُ العَدلُ فيهِما مَعَهُنَّ",
        "t": 1
      },
      {
        "answer": "يُستحَبُّ العَدلُ بَينهُنَّ في ذلك ولا يَجِبُ",
        "t": 0
      }
    ]
  },
  {
    "id": 2262,
    "q": "النَّفَقةُ على ذَوي الأرحامِ",
    "level": 2,
    "link": "https://www.dorar.net/feqhia/5287",
    "section": "ridaa",
    "answers": [
      {
        "answer": "تَجِبُ عَلى المُقتدِرِ",
        "t": 1
      },
      {
        "answer": "تُستحَبُّ",
        "t": 0
      },
      {
        "answer": "لا تَجِبُ",
        "t": 0
      }
    ]
  },
  {
    "id": 2245,
    "q": "المِقدارُ المُحرِّمُ منَ الرَّضاعِ",
    "level": 2,
    "link": "https://www.dorar.net/feqhia/5102",
    "section": "ridaa",
    "answers": [
      {
        "answer": "عَشْرُ رَضَعاتٍ",
        "t": 0
      },
      {
        "answer": "رَضعةٌ واحِدةٌ",
        "t": 0
      },
      {
        "answer": "خَمسُ رَضَعاتٍ",
        "t": 1
      }
    ]
  },
  {
    "id": 2253,
    "q": "إذا تَنازلَتِ الأُمُّ عنِ الحَضانةِ",
    "level": 2,
    "link": "https://www.dorar.net/feqhia/5169",
    "section": "ridaa",
    "answers": [
      {
        "answer": "لا تَرجِع لها ثانِيةً",
        "t": 0
      },
      {
        "answer": "لا تُجبَرُ عَلَيها إلَّا إذا لم يوجَدْ غَيرُها",
        "t": 1
      },
      {
        "answer": "لا تُجبَرُ عَلَيها مطلقا",
        "t": 0
      }
    ]
  },
  {
    "id": 2247,
    "q": "الارتِضاعُ من لَبَنِ البَهيمةِ",
    "level": 2,
    "link": "https://www.dorar.net/feqhia/5136",
    "section": "ridaa",
    "answers": [
      {
        "answer": "يَثبُتُ به التَّحريمُ لصاحِبِها ومَحارِمِه",
        "t": 0
      },
      {
        "answer": "لا يَثبُتُ به التَّحريمُ",
        "t": 1
      },
      {
        "answer": "يَثبُتُ به التَّحريمُ لصاحِبِها فَقَط",
        "t": 0
      }
    ]
  },
  {
    "id": 2246,
    "q": "لَبَن الرَّجُل (لَبَنُ زَوجِ المُرضِعةِ)",
    "level": 2,
    "link": "https://www.dorar.net/feqhia/5111",
    "section": "ridaa",
    "answers": [
      {
        "answer": "تَثبُتُ الحُرمةُ بلَبَنِ زَوجِ المُرضِعةِ إذا كان عُمُره فَوقَ الخَمسِينَ فَقَط",
        "t": 0
      },
      {
        "answer": "تَثبُتُ الحُرمةُ بلَبَنِ زَوجِ المُرضِعةِ",
        "t": 1
      },
      {
        "answer": "لا عِبرةَ به في التَّحريمِ",
        "t": 0
      }
    ]
  },
  {
    "id": 2243,
    "q": "الرَّضاعُ الَّذي يُثبِتُ تَحريمَ النِّكاحِ",
    "level": 2,
    "link": "https://www.dorar.net/feqhia/5098",
    "section": "ridaa",
    "answers": [
      {
        "answer": "ما قبْلَ خَمسِ سَنَواتٍ",
        "t": 0
      },
      {
        "answer": "دونَ الحَولَينِ",
        "t": 1
      },
      {
        "answer": "الرَّضاعُ مُطلَقًا يَثبُتُ به التَّحريمُ",
        "t": 0
      }
    ]
  },
  {
    "id": 2256,
    "q": "النَّفَقةُ عَلى الزَّوجةِ الذِّمِّيَّةِ",
    "level": 2,
    "link": "https://www.dorar.net/feqhia/5233",
    "section": "ridaa",
    "answers": [
      {
        "answer": "لها النَّفَقةُ",
        "t": 1
      },
      {
        "answer": "يُنفِقَ عَلَيها إنْ رُجِي إسلامُها",
        "t": 0
      },
      {
        "answer": "لا نَفَقةَ لها مُطلَقًا",
        "t": 0
      }
    ]
  },
  {
    "id": 2261,
    "q": "نَفَقةُ المَحضونِ",
    "level": 2,
    "link": "https://www.dorar.net/feqhia/5285",
    "section": "ridaa",
    "answers": [
      {
        "answer": "النَّفَقةُ على الحاضِنِ",
        "t": 0
      },
      {
        "answer": "من مالِه إن كان له مالٌ، وإلَّا فعَلَى مَن تَجِبُ عَلَيه نَفَقَتُه",
        "t": 1
      },
      {
        "answer": "لا نَفَقةَ له",
        "t": 0
      }
    ]
  }
]