[
  {
    "id": 2225,
    "q": "إذا أرضَعَتِ امرأةٌ طِفلًا",
    "level": 1,
    "link": "https://www.dorar.net/feqhia/5109",
    "section": "ridaa",
    "answers": [
      {
        "answer": "يَكونُ ابنَها منَ الرَّضاعِ",
        "t": 1
      },
      {
        "answer": "تكون أُمَّه بالمُصاهَرةِ",
        "t": 0
      },
      {
        "answer": "يكونُ ابنَها مِن النَّسبِ",
        "t": 0
      }
    ]
  },
  {
    "id": 2236,
    "q": "العَدالةُ في الحاضِنِ",
    "level": 1,
    "link": "https://www.dorar.net/feqhia/5189",
    "section": "ridaa",
    "answers": [
      {
        "answer": "شَرطٌ إذا كان الحاضِنُ رَجلًا",
        "t": 0
      },
      {
        "answer": "شَرطٌ",
        "t": 0
      },
      {
        "answer": "ليسَت شَرطًا",
        "t": 1
      }
    ]
  },
  {
    "id": 2235,
    "q": "القُدرةُ على القِيامِ بحاجاتِ المَحضونِ",
    "level": 1,
    "link": "https://www.dorar.net/feqhia/5187",
    "section": "ridaa",
    "answers": [
      {
        "answer": "يُستحَبُّ تَوافُرُها في الحاضِنِ",
        "t": 0
      },
      {
        "answer": "يُشترَطُ تَوافُرُها",
        "t": 1
      },
      {
        "answer": "لا يُشترَطُ",
        "t": 0
      }
    ]
  },
  {
    "id": 2240,
    "q": "الخادِمُ للزَّوجةِ",
    "level": 1,
    "link": "https://www.dorar.net/feqhia/5227",
    "section": "ridaa",
    "answers": [
      {
        "answer": "تَجِبُ عَلى المُوسِرِ لزَوجةٍ يُخدَمُ مِثلُها",
        "t": 1
      },
      {
        "answer": "لا تَجِبُ أبدًا",
        "t": 0
      },
      {
        "answer": "تَجِبُ مُطلَقًا",
        "t": 0
      }
    ]
  },
  {
    "id": 2241,
    "q": "قَدْرُ النَّفَقةِ عَلى الزَّوجةِ",
    "level": 1,
    "link": "https://www.dorar.net/feqhia/5235",
    "section": "ridaa",
    "answers": [
      {
        "answer": "كنَفَقَةِ المِثلِ",
        "t": 0
      },
      {
        "answer": "قَدْرُ الكِفايةِ",
        "t": 1
      },
      {
        "answer": "ما يَكفِيها سَنَةً هي وأَولادهَا",
        "t": 0
      }
    ]
  },
  {
    "id": 2237,
    "q": "زِيارةُ الأبَوَينِ للمَحضونِ",
    "level": 1,
    "link": "https://www.dorar.net/feqhia/5193",
    "section": "ridaa",
    "answers": [
      {
        "answer": "زِيارةُ الأُمِّ حقٌّ دونَ الأبِ",
        "t": 0
      },
      {
        "answer": "زِيارةُ الأبِ حَقٌّ دونَ الأُمِّ",
        "t": 0
      },
      {
        "answer": "زِيارَتُهُما حقٌّ لكُلٍّ مِنهُما",
        "t": 1
      }
    ]
  },
  {
    "id": 2230,
    "q": "حُكمُ أن يَكونَ الحاضِنُ عاقِلًا",
    "level": 1,
    "link": "https://www.dorar.net/feqhia/5176",
    "section": "ridaa",
    "answers": [
      {
        "answer": "يُشترَطُ",
        "t": 1
      },
      {
        "answer": "لا يُشترَطُ",
        "t": 0
      },
      {
        "answer": "يُستحَبُّ",
        "t": 0
      }
    ]
  },
  {
    "id": 2234,
    "q": "تَسقُطُ الحضانةُ عنِ الحاضِنةِ بالزَّواجِ",
    "level": 1,
    "link": "https://www.dorar.net/feqhia/5185",
    "section": "ridaa",
    "answers": [
      {
        "answer": "بمُجرَّدِ الخِطبةِ",
        "t": 0
      },
      {
        "answer": "بالدُّخولِ والعَقدِ",
        "t": 0
      },
      {
        "answer": "بمُجرَّدِ العَقدِ",
        "t": 1
      }
    ]
  },
  {
    "id": 2238,
    "q": "تَعريفُ النَّفقةِ",
    "level": 1,
    "link": "https://www.dorar.net/feqhia/5216",
    "section": "ridaa",
    "answers": [
      {
        "answer": "كِفايةُ مَن يَمونُه منَ الطَّعامِ فَقَط",
        "t": 0
      },
      {
        "answer": "كِفايةُ مَن يَمونُه منَ الطَّعامِ والشَّرابِ والكِسوةِ والمَسكَنِ",
        "t": 1
      },
      {
        "answer": "كِفايةُ مَن يَمونُه منَ الطَّعامِ والشَّرابِ فَقَط",
        "t": 0
      }
    ]
  },
  {
    "id": 2229,
    "q": "ممَّا يُشتَرطُ في استِحقاقِ الحَضانَةِ:",
    "level": 1,
    "link": "https://www.dorar.net/feqhia/5174",
    "section": "ridaa",
    "answers": [
      {
        "answer": "الغِنَى",
        "t": 0
      },
      {
        "answer": "الطَّهارَةُ",
        "t": 0
      },
      {
        "answer": "البُلوغُ",
        "t": 1
      }
    ]
  },
  {
    "id": 2224,
    "q": "صِفةُ الرَّضعةِ المُعتبَرةِ في التَّحريمِ",
    "level": 1,
    "link": "https://www.dorar.net/feqhia/5104",
    "section": "ridaa",
    "answers": [
      {
        "answer": "مُضِيُّ وَقتٍ في الارتِضاعِ",
        "t": 0
      },
      {
        "answer": "مُجرَّدُ الْتِقامِ الصَّبيِّ",
        "t": 0
      },
      {
        "answer": "الْتِقامُ الصَّبيِّ الثَّديَ ومَصُّه وتَرْكُه، خَمْسَ مرَّاتٍ، ولو في مَجلسٍ واحِدٍ",
        "t": 1
      }
    ]
  },
  {
    "id": 2223,
    "q": "تَعريفُ الرَّضاعِ",
    "level": 1,
    "link": "https://www.dorar.net/feqhia/5092",
    "section": "ridaa",
    "answers": [
      {
        "answer": "إيصالُ لَبَنِ المَرأةِ إلى جَوفِ صَبيٍّ دونَ حَولَيْن",
        "t": 1
      },
      {
        "answer": "إيصالُ لَبَنِ المَرأةِ إلى جَوفِ إنسانٍ، صَغيرًا كان أو كَبيرًا",
        "t": 0
      },
      {
        "answer": "الْتِقامُ الصَّبيِّ الثَّديَ",
        "t": 0
      }
    ]
  },
  {
    "id": 2239,
    "q": "السُّكنَى لِلزَّوجةِ",
    "level": 1,
    "link": "https://www.dorar.net/feqhia/5225",
    "section": "ridaa",
    "answers": [
      {
        "answer": "لا تَجِبُ عَلى الزَّوجِ",
        "t": 0
      },
      {
        "answer": "واجِبةٌ عَلى الزَّوجِ",
        "t": 1
      },
      {
        "answer": "مُستَحبَّةٌ للزَّوجةِ",
        "t": 0
      }
    ]
  },
  {
    "id": 2233,
    "q": "إذا لم يَكُنْ زَوجُ الحاضِنةِ أجنبِيًّا منَ الطِّفلِ",
    "level": 1,
    "link": "https://www.dorar.net/feqhia/5183",
    "section": "ridaa",
    "answers": [
      {
        "answer": "تَسقُطُ حَضانَتُها بمُجرَّدِ الزَّواجِ",
        "t": 0
      },
      {
        "answer": "لا تَسقُطُ حَضانَتُها",
        "t": 1
      },
      {
        "answer": "لا عَلاقةَ لزَوجِ الحاضِنةِ به",
        "t": 0
      }
    ]
  },
  {
    "id": 2231,
    "q": "إن كان حاضِنُ الأُنثى رَجُلًا",
    "level": 1,
    "link": "https://www.dorar.net/feqhia/5178",
    "section": "ridaa",
    "answers": [
      {
        "answer": "يُشترَطُ فيه أن يَكونَ من مَحارِمها",
        "t": 1
      },
      {
        "answer": "يُشترَطُ فيه أن يكونَ عِنِّينًا",
        "t": 0
      },
      {
        "answer": "لا يُشترَطُ فيه زِيادةٌ على غَيرِه",
        "t": 0
      }
    ]
  },
  {
    "id": 2242,
    "q": "إن أعسَرَ الزَّوجُ",
    "level": 1,
    "link": "https://www.dorar.net/feqhia/5238",
    "section": "ridaa",
    "answers": [
      {
        "answer": "سَقَطتِ النَّفقةُ",
        "t": 0
      },
      {
        "answer": "لا تَسقُطُ النَّفَقةُ",
        "t": 1
      },
      {
        "answer": "انفسَخَ النِّكاحُ",
        "t": 0
      }
    ]
  },
  {
    "id": 2227,
    "q": "الحِكمةُ منَ الحَضانةِ",
    "level": 1,
    "link": "https://www.dorar.net/feqhia/5160",
    "section": "ridaa",
    "answers": [
      {
        "answer": "عِبادةٌ غَيرُ مَعقولةِ المَعنَى",
        "t": 0
      },
      {
        "answer": "صِيانةُ الطِّفلِ",
        "t": 1
      },
      {
        "answer": "إيقاعُ الأُلفةِ بَين الرَّجُلِ والمَرأةِ",
        "t": 0
      }
    ]
  },
  {
    "id": 2228,
    "q": "إذا افتَرَق الزَّوجانِ ولَهُما طِفلٌ فالأحَقُّ بحَضانتِه",
    "level": 1,
    "link": "https://www.dorar.net/feqhia/5163",
    "section": "ridaa",
    "answers": [
      {
        "answer": "الأمُّ ما لم تَتزوَّجْ",
        "t": 1
      },
      {
        "answer": "الأبُ",
        "t": 0
      },
      {
        "answer": "الأُمُّ مُطلَقًا",
        "t": 0
      }
    ]
  },
  {
    "id": 2226,
    "q": "حُكمُ حَضانةِ الطِّفلِ",
    "level": 1,
    "link": "https://www.dorar.net/feqhia/5158",
    "section": "ridaa",
    "answers": [
      {
        "answer": "واجِبةٌ",
        "t": 1
      },
      {
        "answer": "مُستَحبَّةٌ",
        "t": 0
      },
      {
        "answer": "جائزةٌ",
        "t": 0
      }
    ]
  },
  {
    "id": 2232,
    "q": "خُلُوُّ الحاضِنةِ مِن زَوجٍ أجنبيٍّ",
    "level": 1,
    "link": "https://www.dorar.net/feqhia/5181",
    "section": "ridaa",
    "answers": [
      {
        "answer": "يُستحَبُّ",
        "t": 0
      },
      {
        "answer": "لا يُشترَطُ",
        "t": 0
      },
      {
        "answer": "يُشترَطُ",
        "t": 1
      }
    ]
  }
]