[
  {
    "id": 6296,
    "q": "قَولُه تعالى: {أَمْ مَنْ هُوَ قَانِتٌ آَنَاءَ اللَّيْلِ سَاجِدًا وَقَائِمًا} فيه تَنبيهٌ على: ",
    "level": 1,
    "link": "https://dorar.net/tafseer/39/4",
    "section": "az-Zumar",
    "answers": [
      {
        "answer": "فَضلِ قيامِ اللَّيلِ",
        "t": 1
      },
      {
        "answer": "الاستِكثارِ مِن الدُّعاءِ حالَ السُّجودِ",
        "t": 0
      },
      {
        "answer": "فَضيلَةِ القُنُوتِ في صَلاةِ الفَجرِ",
        "t": 0
      }
    ]
  },
  {
    "id": 6294,
    "q": "في قوله تعالى: {ثُمَّ إِذَا خَوَّلَهُ نِعْمَةً مِنْهُ نَسِيَ مَا كَانَ يَدْعُو} \"خَوَّلَهُ\" أي: ",
    "level": 1,
    "link": "https://dorar.net/tafseer/39/3",
    "section": "az-Zumar",
    "answers": [
      {
        "answer": "أعطاه ومَلَّكهُ",
        "t": 1
      },
      {
        "answer": "مَنَعَهُ وحَرَمَهُ",
        "t": 0
      },
      {
        "answer": "سَلَبَ مِنهُ",
        "t": 0
      }
    ]
  },
  {
    "id": 6298,
    "q": " قَولُه تعالى: {إِنَّ اللَّهَ لَا يَهْدِي مَنْ هُوَ كَاذِبٌ كَفَّارٌ} يُستَفادُ مِنه:",
    "level": 1,
    "link": "https://dorar.net/tafseer/39/1",
    "section": "az-Zumar",
    "answers": [
      {
        "answer": "أنَّ الصِّدقَ مِن ثَمراتِ الهِدايَة",
        "t": 0
      },
      {
        "answer": "أنَّ الكَذِبَ مِن الكُفرِ الأكبَر",
        "t": 0
      },
      {
        "answer": "أنَّ الكَذِبَ سببٌ لِمَنعِ الهدايةِ",
        "t": 1
      }
    ]
  },
  {
    "id": 6300,
    "q": "سُمِّيَت سُورةُ الزُّمَر بهذا الاسمِ: ",
    "level": 1,
    "link": "https://dorar.net/tafseer/39",
    "section": "az-Zumar",
    "answers": [
      {
        "answer": "لاشتِمالِها على ذِكر زُمَرِ الفَريقَينِ",
        "t": 1
      },
      {
        "answer": "لتكرارِ لَفظِ الزُّمَرِ فيها سَبعَ مرَّاتٍ",
        "t": 0
      },
      {
        "answer": "لذِكْرِها قِصَّةِ العَبدِ الصَّالِح زُمَر",
        "t": 0
      }
    ]
  },
  {
    "id": 6292,
    "q": "قَولُه تعالى: {ثُمَّ يَهِيجُ فَتَرَاهُ مُصْفَرًّا ثُمَّ يَجْعَلُهُ حُطَامًا} يُستَفادُ مِنه: ",
    "level": 1,
    "link": "https://dorar.net/tafseer/39/7",
    "section": "az-Zumar",
    "answers": [
      {
        "answer": "الحَثُّ على التَّأَنِّي في الأَعمالِ وتَرْكُ العَجلَةِ",
        "t": 0
      },
      {
        "answer": "أنَّ الأَخذَ بالأَسبابِ لا يُنافِي التَّوَكُّلَ على الله",
        "t": 0
      },
      {
        "answer": "أنَّ كَمالَ الدُّنيا مُؤْذِنٌ بنَقصِها",
        "t": 1
      }
    ]
  },
  {
    "id": 6301,
    "q": "مِن أَهمِّ مَوضُوعاتِ سُورَةِ الزُّمَر:",
    "level": 1,
    "link": "https://dorar.net/tafseer/39",
    "section": "az-Zumar",
    "answers": [
      {
        "answer": "توبيخُ المُشرِكينَ على عَدَمِ الاعتِبارِ بهذه النُّذُرِ",
        "t": 0
      },
      {
        "answer": "ذِكرُ ما يدُلُّ على سَعةِ رَحمةِ اللهِ سُبحانَه بعِبادِه",
        "t": 1
      },
      {
        "answer": "امتِنانُ اللهِ بإرسالِ الرِّياحِ، وإنزالِ المطَرِ، وإحياءِ الأرضِ المَيْتةِ",
        "t": 0
      }
    ]
  },
  {
    "id": 6290,
    "q": "في قوله تعالى: {فَأَذَاقَهُمُ اللَّهُ الْخِزْيَ} \"الْخِزْيُ\" أي: ",
    "level": 1,
    "link": "https://dorar.net/tafseer/39/8",
    "section": "az-Zumar",
    "answers": [
      {
        "answer": "النَّدمُ والحَسرَةُ ",
        "t": 0
      },
      {
        "answer": "الذُّلُّ والهوانُ",
        "t": 1
      },
      {
        "answer": "الخُسْرانُ",
        "t": 0
      }
    ]
  },
  {
    "id": 6289,
    "q": "في قَولِه تعالى: {أَلَيْسَ فِي جَهَنَّمَ مَثْوًى لِلْكَافِرِينَ} \"مَثْوًى\" أي: ",
    "level": 1,
    "link": "https://dorar.net/tafseer/39/10",
    "section": "az-Zumar",
    "answers": [
      {
        "answer": "مُتَّسَعٌ",
        "t": 0
      },
      {
        "answer": "مَأوًى",
        "t": 1
      },
      {
        "answer": "رادِعٌ",
        "t": 0
      }
    ]
  },
  {
    "id": 6280,
    "q": "قَولُه تعالى: {قُلْ أَفَغَيْرَ اللَّهِ تَأْمُرُونِّي أَعْبُدُ أَيُّهَا الْجَاهِلُونَ} فيه:",
    "level": 1,
    "link": "https://dorar.net/tafseer/39/16",
    "section": "az-Zumar",
    "answers": [
      {
        "answer": "تَقرِيرُ قاعِدَة: العِلمُ شَرطٌ في صِحَّةِ العِبادَة",
        "t": 0
      },
      {
        "answer": "التَّحذِيرُ مِن دُعاةِ الشِّركِ والكُفرِ",
        "t": 1
      },
      {
        "answer": "أنَّ الجَهْلَ بالله وأَسمائِه وصِفاتِه كُفرٌ",
        "t": 0
      }
    ]
  },
  {
    "id": 6283,
    "q": "مَعنَى \"خَوَّلْنَاهُ\" في قَولِه تعالى: {ثُمَّ إِذَا خَوَّلْنَاهُ نِعْمَةً مِنَّا قَالَ إِنَّمَا أُوتِيتُهُ عَلَى عِلْمٍ}: ",
    "level": 1,
    "link": "https://dorar.net/tafseer/39/14",
    "section": "az-Zumar",
    "answers": [
      {
        "answer": "هَدَيْناهُ وأَرْشَدناهُ",
        "t": 0
      },
      {
        "answer": "مَلَّكْناه وأعطَيْناه",
        "t": 1
      },
      {
        "answer": "سَلَبْنا مِنه",
        "t": 0
      }
    ]
  },
  {
    "id": 6288,
    "q": "في قَولِه تعالى: {لِيُكَفِّرَ اللَّهُ عَنْهُمْ أَسْوَأَ الَّذِي عَمِلُوا} المَقصُودُ بـ\"يُكُفِّر\":",
    "level": 1,
    "link": "https://dorar.net/tafseer/39/10",
    "section": "az-Zumar",
    "answers": [
      {
        "answer": "يُحاسِبهُم حِسابًا يَسيرًا",
        "t": 0
      },
      {
        "answer": "يَستُرُها عليهِم ويَغفِرُها لهُم",
        "t": 1
      },
      {
        "answer": "يُنسِيهِم إيَّاها فلا يَذكُرونَها",
        "t": 0
      }
    ]
  },
  {
    "id": 6291,
    "q": "قَولُه تعالى: {رَجُلًا فِيهِ شُرَكَاءُ مُتَشَاكِسُونَ} \"مُتَشَاكِسُونَ\" أي: ",
    "level": 1,
    "link": "https://dorar.net/tafseer/39/9",
    "section": "az-Zumar",
    "answers": [
      {
        "answer": "مُختَلِفونَ مُتنازِعونَ",
        "t": 1
      },
      {
        "answer": "يُخَوِّنُ بَعضُهُم بَعضًا",
        "t": 0
      },
      {
        "answer": "مُتَكَبِّرُونَ مُتفاخِرُونَ",
        "t": 0
      }
    ]
  },
  {
    "id": 6284,
    "q": "المُرادُ بذِكْرِ الرُّجوعِ في قَولِه تعالى: {ثُمَّ إِلَيْهِ تُرْجَعُونَ}:  ",
    "level": 1,
    "link": "https://dorar.net/tafseer/39/12",
    "section": "az-Zumar",
    "answers": [
      {
        "answer": "المَوْتُ",
        "t": 0
      },
      {
        "answer": "الحِسابُ والجَزاءُ",
        "t": 1
      },
      {
        "answer": "التَّذكِرَةُ",
        "t": 0
      }
    ]
  },
  {
    "id": 6295,
    "q": "المَقصُودُ بـ\"مَثَانِيَ\" في قَولِه تعالى: {اللَّهُ نَزَّلَ أَحْسَنَ الْحَدِيثِ كِتَابًا مُتَشَابِهًا مَثَانِيَ}: ",
    "level": 1,
    "link": "https://dorar.net/tafseer/39/7",
    "section": "az-Zumar",
    "answers": [
      {
        "answer": "تُثَنَّى وتُكَرَّرُ فيه الأنباءُ والأخبارُ والأحكامُ",
        "t": 1
      },
      {
        "answer": "آياتٌ واضِحاتُ الدَّلالَةِ لا اختِلافَ فيها",
        "t": 0
      },
      {
        "answer": "كِتابٌ فَريدٌ لا شَبِيهَ له مِن جِنسِه",
        "t": 0
      }
    ]
  },
  {
    "id": 6293,
    "q": "في قَولِه تعالى: {وَلَقَدْ ضَرَبْنَا لِلنَّاسِ فِي هَذَا الْقُرْآَنِ مِنْ كُلِّ مَثَلٍ} خُصَّت أمثالُ القُرآنِ بالذِّكرِ مِن بيْنِ مَزايا القُرآنِ: ",
    "level": 1,
    "link": "https://dorar.net/tafseer/39/9",
    "section": "az-Zumar",
    "answers": [
      {
        "answer": "لأنَّ الأَمثالَ كانت مُلتقَى تَفاخُرِ العَربِ، ودِيوانَ أَنسابِهِم",
        "t": 0
      },
      {
        "answer": "لأجْلِ لَفْتِ بَصائِرِهم للتَّدَبُّرِ في نَواحِي إعجازِه، وبَلاغةِ أَمثالِه",
        "t": 1
      },
      {
        "answer": "للتَّوكيدِ على أنَّ القُرآنَ (مَثاني) يُعَضِّدُ بَعضُه بَعضًا",
        "t": 0
      }
    ]
  },
  {
    "id": 6279,
    "q": "في قَولِه تعالى: {لَا تَقْنَطُوا مِنْ رَحْمَةِ اللَّهِ} القُنوطُ هو: ",
    "level": 1,
    "link": "https://dorar.net/tafseer/39/15",
    "section": "az-Zumar",
    "answers": [
      {
        "answer": "الإِقلاعُ عن التَّوبَةِ",
        "t": 0
      },
      {
        "answer": "اليأسُ مِنَ الخَيرِ",
        "t": 1
      },
      {
        "answer": "سُوءُ الظَّنِّ بالله",
        "t": 0
      }
    ]
  },
  {
    "id": 6286,
    "q": "في قَولِه تعالى: {اشْمَأَزَّتْ قُلُوبُ الَّذِينَ لَا يُؤْمِنُونَ} \"اشْمَأَزَّتْ\" أي: ",
    "level": 1,
    "link": "https://dorar.net/tafseer/39/12",
    "section": "az-Zumar",
    "answers": [
      {
        "answer": "انقَبَضَت ونَفَرَت",
        "t": 1
      },
      {
        "answer": "أُغلِقَت عن الفَهْمِ والقَبُول",
        "t": 0
      },
      {
        "answer": "تَعالَت وتَكبَّرَت",
        "t": 0
      }
    ]
  },
  {
    "id": 6287,
    "q": "قوله تعالى: {فَاطِرَ السَّمَاوَاتِ وَالْأَرْضِ} \"فاطِر\" أي: ",
    "level": 1,
    "link": "https://dorar.net/tafseer/39/13",
    "section": "az-Zumar",
    "answers": [
      {
        "answer": "قاهِر",
        "t": 0
      },
      {
        "answer": "خالِق ومُبدِع",
        "t": 1
      },
      {
        "answer": "مَالِك وسَيِّد",
        "t": 0
      }
    ]
  },
  {
    "id": 6285,
    "q": "قَولُه تعالى: {يَا قَوْمِ اعْمَلُوا عَلَى مَكَانَتِكُمْ} \"مَكَانَتُكُم\" أي: ",
    "level": 1,
    "link": "https://dorar.net/tafseer/39/11",
    "section": "az-Zumar",
    "answers": [
      {
        "answer": "زَعمُكُم الذي تَزعُمُونَهُ",
        "t": 0
      },
      {
        "answer": "شَرَفُكُم وعِزُّكُم وفَخرُكُم",
        "t": 0
      },
      {
        "answer": "طَريقتُكم الَّتي أنتُم عليها",
        "t": 1
      }
    ]
  },
  {
    "id": 6297,
    "q": "مَعنَى قَولِه تعالى: {يُكَوِّرُ اللَّيْلَ عَلَى النَّهَارِ وَيُكَوِّرُ النَّهَارَ عَلَى اللَّيْلِ}:",
    "level": 1,
    "link": "https://dorar.net/tafseer/39/2",
    "section": "az-Zumar",
    "answers": [
      {
        "answer": "يُغشِي اللَّيلَ النَّهارَ حتَّى يَذهبَ ضوؤُه، ويُغشِي النَّهارَ اللَّيلَ حتَّى تَذهبَ ظُلمتُه",
        "t": 1
      },
      {
        "answer": "يُسابِقُ اللَّيلُ النَّهارَ ويُسابِقُ النَّهارُ اللَّيلَ فلا يَختلِطُ أَحدُهما بالآخرِ",
        "t": 0
      },
      {
        "answer": "يَزِيدُ في سَاعاتِ النَّهارِ ما يَنقُصُ مِن سَاعاتِ اللَّيلِ ويَزيدُ في سَاعاتِ اللَّيلِ ما يَنقُصُ مِن سَاعاتِ النَّهارِ",
        "t": 0
      }
    ]
  }
]