[
  {
    "id": 6263,
    "q": "في قَولِه تعالى: {وَسِيقَ الَّذِينَ كَفَرُوا إِلَى جَهَنَّمَ زُمَرًا}: \"زُمَرًا\" أي: ",
    "level": 2,
    "link": "https://dorar.net/tafseer/39/18",
    "section": "az-Zumar",
    "answers": [
      {
        "answer": "صاغِرينَ أذِلَّاءَ",
        "t": 0
      },
      {
        "answer": "جَماعاتٍ وأفْواجًا مُتفَرِّقةً",
        "t": 1
      },
      {
        "answer": "مُقَيَّدِينَ بالسَّلاسِل",
        "t": 0
      }
    ]
  },
  {
    "id": 6281,
    "q": "سُورَةُ الزُّمَر:",
    "level": 2,
    "link": "https://dorar.net/tafseer/39",
    "section": "az-Zumar",
    "answers": [
      {
        "answer": "مُختَلفٌ فيها",
        "t": 0
      },
      {
        "answer": "مَكِّيَّة",
        "t": 1
      },
      {
        "answer": "مَدنِيَّة",
        "t": 0
      }
    ]
  },
  {
    "id": 6267,
    "q": "قوله تعالى: {الَّذِينَ أَسْرَفُوا عَلَى أَنْفُسِهِمْ} \"أَسْرَفُوا\" أي: ",
    "level": 2,
    "link": "https://dorar.net/tafseer/39/15",
    "section": "az-Zumar",
    "answers": [
      {
        "answer": "كَفرُوا وطَغَوْا",
        "t": 0
      },
      {
        "answer": "تَجاوَزُوا الحدَّ في العِصيانِ",
        "t": 1
      },
      {
        "answer": "أَهلَكُوا أَموالَهُم فيما لا يَنفَعُ",
        "t": 0
      }
    ]
  },
  {
    "id": 6282,
    "q": "في قَولِه تعالى: {قَانِتٌ آَنَاءَ اللَّيْلِ سَاجِدًا وَقَائِمًا} قَانِتٌ: أي: ",
    "level": 2,
    "link": "https://dorar.net/tafseer/39/4",
    "section": "az-Zumar",
    "answers": [
      {
        "answer": "مُتَضَرِّعٌ إلى رَبِّه",
        "t": 0
      },
      {
        "answer": "دائِمُ الطَّاعةِ",
        "t": 1
      },
      {
        "answer": "مُلِحٌّ في الدُّعاءِ",
        "t": 0
      }
    ]
  },
  {
    "id": 6272,
    "q": "المُرادُ بقَولِه تعالى: {قُلْ حَسْبِيَ اللَّهُ}:",
    "level": 2,
    "link": "https://dorar.net/tafseer/39/11",
    "section": "az-Zumar",
    "answers": [
      {
        "answer": "اللهُ مَولايَ وهو ناصِرِي",
        "t": 0
      },
      {
        "answer": "يَكفيني اللهُ وَحْدَه",
        "t": 1
      },
      {
        "answer": "يُحاسِبني اللهُ لا أَحدَ غَيرَه",
        "t": 0
      }
    ]
  },
  {
    "id": 6276,
    "q": "المَقصُودُ بقَولِه تعالى: {وَلَا تَزِرُ وَازِرَةٌ وِزْرَ أُخْرَى}: ",
    "level": 2,
    "link": "https://dorar.net/tafseer/39/3",
    "section": "az-Zumar",
    "answers": [
      {
        "answer": "لا تُؤخَذُ نَفْسٌ بذَنْبِ غَيرِها",
        "t": 1
      },
      {
        "answer": "لا تَنفَعُ المَوعِظَةُ القَلبَ الفاسِدَ",
        "t": 0
      },
      {
        "answer": "لا تُقبَلُ شَفاعَةُ كافِرٍ في كافِرٍ آخَر",
        "t": 0
      }
    ]
  },
  {
    "id": 6278,
    "q": "المَقصودُ مِن قَولِه تعالى: {لَوْ أَرَادَ اللَّهُ أَنْ يَتَّخِذَ وَلَدًا لَاصْطَفَى مِمَّا يَخْلُقُ مَا يَشَاءُ}:",
    "level": 2,
    "link": "https://dorar.net/tafseer/39/1",
    "section": "az-Zumar",
    "answers": [
      {
        "answer": "إبطالُ إلهيَّةِ أصنامِ المشركينَ",
        "t": 1
      },
      {
        "answer": "تَقريرُ مَبدأ الخَلقِ والبَعثِ",
        "t": 0
      },
      {
        "answer": "إِثباتُ مَكانَةِ النبيِّ صلَّى الله عليه وسلَّم ",
        "t": 0
      }
    ]
  },
  {
    "id": 6277,
    "q": " في قَولِه تعالى: {فَأَتَاهُمُ الْعَذَابُ مِنْ حَيْثُ لَا يَشْعُرُونَ} جُعِل إتيانُ العَذابِ مِن مَأمَنِهم:",
    "level": 2,
    "link": "https://dorar.net/tafseer/39/8",
    "section": "az-Zumar",
    "answers": [
      {
        "answer": "لِيَكونَ ذلك أوجَعَ للمُعَذَّبِ",
        "t": 1
      },
      {
        "answer": "إِشارَةً إلى سُرعَةِ إهلاكِهِم",
        "t": 0
      },
      {
        "answer": "للدَّلالَةِ على أنَّ احتِرازَهُم مِن العَذابِ لم يُغنِ عنهُم شَيئًا",
        "t": 0
      }
    ]
  },
  {
    "id": 6271,
    "q": "قَولُه تعالى: {وَرَجُلًا سَلَمًا لِرَجُلٍ} أي: ",
    "level": 2,
    "link": "https://dorar.net/tafseer/39/9",
    "section": "az-Zumar",
    "answers": [
      {
        "answer": "مُسالِمًا له، لا يُخالِفُه",
        "t": 0
      },
      {
        "answer": "خالصًا له، لا يَشرَكُه فيه غيرُه",
        "t": 1
      },
      {
        "answer": "ناصِحًا له، مُؤَدِّيًا إليه، لا يَخُونُه",
        "t": 0
      }
    ]
  },
  {
    "id": 6275,
    "q": "في قَولِه تعالى: {ثُمَّ يَجْعَلُهُ حُطَامًا} \"حُطَامًا\" أي: ",
    "level": 2,
    "link": "https://dorar.net/tafseer/39/7",
    "section": "az-Zumar",
    "answers": [
      {
        "answer": "فُتاتًا مُكَسَّرًا",
        "t": 1
      },
      {
        "answer": "حَبًّا قائِمًا بذَاتِه",
        "t": 0
      },
      {
        "answer": "جافًّا يابِسًا",
        "t": 0
      }
    ]
  },
  {
    "id": 6260,
    "q": "قَولُه تعالَى: {وَقِيلَ الْحَمْدُ لِلَّهِ رَبِّ الْعَالَمِينَ} وقَولُه تعالى: {الْحَمْدُ لِلَّهِ الَّذِي خَلَقَ السَّمَاوَاتِ وَالْأَرْضَ} فيه تَنبِيهٌ على:",
    "level": 2,
    "link": "https://dorar.net/tafseer/39/19",
    "section": "az-Zumar",
    "answers": [
      {
        "answer": "أنَّ أَفضلَ أَنواعِ الذِّكْرِ: الحَمدُ لله",
        "t": 0
      },
      {
        "answer": "أنَّ عامَّة ذِكرِ المَلائِكَةِ جَميعًا هو التَّحميدُ",
        "t": 0
      },
      {
        "answer": "تَحميدِه سُبحانَه في بِدايةِ كُلِّ أمرٍ وخاتِمتِه",
        "t": 1
      }
    ]
  },
  {
    "id": 6268,
    "q": "مَعنَى \"يَسْتَبْشِرُونَ\" في قَولِه تعالى: {إِذَا هُمْ يَسْتَبْشِرُونَ}:",
    "level": 2,
    "link": "https://dorar.net/tafseer/39/12",
    "section": "az-Zumar",
    "answers": [
      {
        "answer": "يَفرَحونَ",
        "t": 1
      },
      {
        "answer": "يَطلُبونَ البُشرَى",
        "t": 0
      },
      {
        "answer": "يَتمايَلُونَ مِن شِدَّةِ السُّكْرِ",
        "t": 0
      }
    ]
  },
  {
    "id": 6262,
    "q": "قولُه تعالَى: {وَهُمْ لَا يُظْلَمُونَ} المرادُ بنفْي الظُّلمِ هنا: ",
    "level": 2,
    "link": "https://dorar.net/tafseer/39/17",
    "section": "az-Zumar",
    "answers": [
      {
        "answer": "تَبشِيرُ المُؤمِنينَ، وتَخويفُ الكافِرينَ",
        "t": 0
      },
      {
        "answer": "التَّحذِيرُ مِن الغَفلَةِ عن الاستِعدادِ ليَومِ القِيامَة",
        "t": 0
      },
      {
        "answer": "إثباتُ كَمالِ العدْلِ",
        "t": 1
      }
    ]
  },
  {
    "id": 6264,
    "q": "قَولُه تعالى: {لَهُ مَقَالِيدُ السَّمَاوَاتِ وَالْأَرْضِ} \"مَقَالِيدُ\" أي: ",
    "level": 2,
    "link": "https://dorar.net/tafseer/39/16",
    "section": "az-Zumar",
    "answers": [
      {
        "answer": "مَخلُوقاتُ",
        "t": 0
      },
      {
        "answer": "مَفاتيحُ",
        "t": 1
      },
      {
        "answer": "مَلَكُوتُ",
        "t": 0
      }
    ]
  },
  {
    "id": 6265,
    "q": "ما معنى قول الله تعالى: {وَمَا قَدَرُوا اللَّهَ حَقَّ قَدْرِهِ}: ",
    "level": 2,
    "link": "https://dorar.net/tafseer/39/17",
    "section": "az-Zumar",
    "answers": [
      {
        "answer": "وما عَمِلُوا لِلقاءِ الله حِسابًا ولا اعتِبارًا",
        "t": 0
      },
      {
        "answer": "وما خافُوا مِن الله حَقَّ المَخافَة",
        "t": 0
      },
      {
        "answer": "ومَا عظَّموا الله حقَّ عظمتِه",
        "t": 1
      }
    ]
  },
  {
    "id": 6274,
    "q": "في قَولِه تعالى: {فَسَلَكَهُ يَنَابِيعَ فِي الْأَرْضِ} \"فَسَلَكَهُ\" أي: ",
    "level": 2,
    "link": "https://dorar.net/tafseer/39/7",
    "section": "az-Zumar",
    "answers": [
      {
        "answer": "أجْراهُ وأدخَلَهُ",
        "t": 1
      },
      {
        "answer": "أَنزَلَهُ مُفَرَّقًا مِن السَّماءِ",
        "t": 0
      },
      {
        "answer": "هَيَّأَهُ ورَتَّبَهُ",
        "t": 0
      }
    ]
  },
  {
    "id": 6266,
    "q": "قَولُه تعالى: {بَلْ هِيَ فِتْنَةٌ} \"فِتْنَةٌ\" أي: ",
    "level": 2,
    "link": "https://dorar.net/tafseer/39/14",
    "section": "az-Zumar",
    "answers": [
      {
        "answer": "هَلاكٌ وخُسرانٌ",
        "t": 0
      },
      {
        "answer": "عَطاءٌ وتَفَضُّل بِلا مُقابِل",
        "t": 0
      },
      {
        "answer": "اختبارٌ وابتلاءٌ",
        "t": 1
      }
    ]
  },
  {
    "id": 6269,
    "q": "قَولُه تعالى: {إِنَّ فِي ذَلِكَ لَآَيَاتٍ لِقَوْمٍ يَتَفَكَّرُونَ} فيه حَثٌّ على:",
    "level": 2,
    "link": "https://dorar.net/tafseer/39/12",
    "section": "az-Zumar",
    "answers": [
      {
        "answer": "التَّفَكُّرِ",
        "t": 1
      },
      {
        "answer": "قِراءَةِ القُرآنِ",
        "t": 0
      },
      {
        "answer": "تَعلُّمِ القِراءَةِ والكِتابَةِ",
        "t": 0
      }
    ]
  },
  {
    "id": 6270,
    "q": "في قوله تعالى: {وَبَدَا لَهُمْ مِنَ اللَّهِ مَا لَمْ يَكُونُوا يَحْتَسِبُونَ} \"يَحْتَسِبُونَ\" أي:",
    "level": 2,
    "link": "https://dorar.net/tafseer/39/13",
    "section": "az-Zumar",
    "answers": [
      {
        "answer": "يَعرِفُونَ",
        "t": 0
      },
      {
        "answer": "يَظُنُّونَ",
        "t": 1
      },
      {
        "answer": "يَخشَوْنَ",
        "t": 0
      }
    ]
  },
  {
    "id": 6273,
    "q": "مَعنَى قَولِه تعالى: {آَنَاءَ اللَّيْلِ}:  ",
    "level": 2,
    "link": "https://dorar.net/tafseer/39/4",
    "section": "az-Zumar",
    "answers": [
      {
        "answer": "نِصف اللَّيلِ",
        "t": 0
      },
      {
        "answer": "أَثناء اللَّيلِ",
        "t": 0
      },
      {
        "answer": "ساعات اللَّيلِ",
        "t": 1
      }
    ]
  }
]