[
  {
    "id": 6251,
    "q": "قَولُه تعالى: {أَلَيْسَ اللَّهُ بِكَافٍ عَبْدَهُ} يُستَفادُ مِنه:  ",
    "level": 3,
    "link": "https://dorar.net/tafseer/39/11",
    "section": "az-Zumar",
    "answers": [
      {
        "answer": "إِظهارُ مَكانَةِ رَسولِ الله صلَّى الله عليه وسلَّم وتَقريرُ أَفضليَّتِه على بَقيَّةِ الرُّسُلِ",
        "t": 0
      },
      {
        "answer": "أنَّ أَفضلَ العُبودِيَّة الكَفافُ",
        "t": 0
      },
      {
        "answer": "أنَّ مَن قام بحُقوقِ اللهِ عليه فإنَّ اللهَ يَتكَفَّلُ له بالقِيامِ بجَميعِ مَصالحِه",
        "t": 1
      }
    ]
  },
  {
    "id": 6250,
    "q": "قَولُه تعالى: {وَحَاقَ بِهِمْ مَا كَانُوا بِهِ يَسْتَهْزِئُونَ} فيه: ",
    "level": 3,
    "link": "https://dorar.net/tafseer/39/13",
    "section": "az-Zumar",
    "answers": [
      {
        "answer": "التَّحذِيرُ مِن التَّشبُّه بالكافِرينَ والمُشرِكينَ",
        "t": 0
      },
      {
        "answer": "أنَّ الاستِهزاءَ باللهِ تعالى وآياتِه: كُفرٌ مُخرِجٌ عن المِلَّةِ",
        "t": 1
      },
      {
        "answer": "النهيُّ عن الاستِهزاءِ والسُّخرِيَة ولو على سَبيلِ المُزاحِ",
        "t": 0
      }
    ]
  },
  {
    "id": 6254,
    "q": "قَولُه تعالى: {وَلَقَدْ ضَرَبْنَا لِلنَّاسِ فِي هَذَا الْقُرْآَنِ مِنْ كُلِّ مَثَلٍ لَعَلَّهُمْ يَتَذَكَّرُونَ} يُستَفادُ مِنه: أنَّ كُلَّ مَثَلٍ في القُرآنِ فيه دَليلٌ على:",
    "level": 3,
    "link": "https://dorar.net/tafseer/39/9",
    "section": "az-Zumar",
    "answers": [
      {
        "answer": "حُجِّيَّةِ السُّنَّةِ",
        "t": 0
      },
      {
        "answer": "انعِقادِ الإجماعِ",
        "t": 0
      },
      {
        "answer": "إثباتِ القِياسِ",
        "t": 1
      }
    ]
  },
  {
    "id": 6249,
    "q": "قَولُه تعالى: {وَلَوْ أَنَّ لِلَّذِينَ ظَلَمُوا مَا فِي الْأَرْضِ جَمِيعًا وَمِثْلَهُ مَعَهُ لَافْتَدَوْا بِهِ} \"لَافْتَدَوْا بِهِ\" أي: ",
    "level": 3,
    "link": "https://dorar.net/tafseer/39/13",
    "section": "az-Zumar",
    "answers": [
      {
        "answer": "أَنكَرُوه ونَفَوْا تَعَلُّقَهم بِه",
        "t": 0
      },
      {
        "answer": "بَخِلُوا به ومَنعُوا حَقَّ الله فيه",
        "t": 0
      },
      {
        "answer": "بَذَلوه افتِداءً مِن النَّارِ",
        "t": 1
      }
    ]
  },
  {
    "id": 6253,
    "q": "في قَولِه تعالى: {مَثَانِيَ تَقْشَعِرُّ مِنْهُ جُلُودُ الَّذِينَ يَخْشَوْنَ رَبَّهُمْ} \"تَقْشَعِرُّ\" أي: ",
    "level": 3,
    "link": "https://dorar.net/tafseer/39/7",
    "section": "az-Zumar",
    "answers": [
      {
        "answer": "تَيْبَسُ وتَجِفُّ",
        "t": 0
      },
      {
        "answer": "تَنقَبِضُ وتَضطَرِبُ",
        "t": 1
      },
      {
        "answer": "تَفزَعُ وتَرتَعِدُ",
        "t": 0
      }
    ]
  },
  {
    "id": 6246,
    "q": "قَولُه تعالى: {وَأَنِيبُوا إِلَى رَبِّكُمْ وَأَسْلِمُوا لَهُ} يُستَفادُ مِنه: ",
    "level": 3,
    "link": "https://dorar.net/tafseer/39/15",
    "section": "az-Zumar",
    "answers": [
      {
        "answer": "أنَّه إذا أُطلِقَ لَفظُ الإِسلامِ في القُرآنِ فالمَقصُودُ بهِ الإيمانُ",
        "t": 0
      },
      {
        "answer": "أنَّ التَّوبةَ تَجُبُّ ما قَبلَها، وأنَّ الإِسلامَ يَجُبُّ ما قَبلَه",
        "t": 0
      },
      {
        "answer": "أنَّه مِن دونِ إخلاصٍ لا تُفيدُ الأعمالُ شيئًا",
        "t": 1
      }
    ]
  },
  {
    "id": 6243,
    "q": "في قَولِه تعالى: {وَالْأَرْضُ جَمِيعًا قَبْضَتُهُ يَوْمَ الْقِيَامَةِ} مَعنَى \"قَبْضَتُهُ\": ",
    "level": 3,
    "link": "https://dorar.net/tafseer/39/17",
    "section": "az-Zumar",
    "answers": [
      {
        "answer": "مَخلُوقَةٌ مِن قَبضَتِه",
        "t": 0
      },
      {
        "answer": "مَقهُورَةٌ تحتَ سُلطانِه",
        "t": 0
      },
      {
        "answer": "في قَبضَتِه",
        "t": 1
      }
    ]
  },
  {
    "id": 6245,
    "q": "في قوله تعالى: {وَأَنِيبُوا إِلَى رَبِّكُمْ} \"وَأَنِيبُوا\" أي: ",
    "level": 3,
    "link": "https://dorar.net/tafseer/39/15",
    "section": "az-Zumar",
    "answers": [
      {
        "answer": "ارجِعوا وأقْبِلوا",
        "t": 1
      },
      {
        "answer": "تَضرَّعُوا واجتَهِدُوا",
        "t": 0
      },
      {
        "answer": "اسْتَسْلِمُوا وآمِنُوا",
        "t": 0
      }
    ]
  },
  {
    "id": 6255,
    "q": "قوله تعالى: {غَيْرَ ذِي عِوَجٍ} أي: لا اعوِجاجَ فيه ولا انحِرافَ،  وأصلُ (عوج) يدُلُّ على:",
    "level": 3,
    "link": "https://dorar.net/tafseer/39/9",
    "section": "az-Zumar",
    "answers": [
      {
        "answer": "مُنازَعَةٍ",
        "t": 0
      },
      {
        "answer": "انشِقاقٍ",
        "t": 0
      },
      {
        "answer": "مَيلٍ",
        "t": 1
      }
    ]
  },
  {
    "id": 6244,
    "q": "المَقصُودُ بـ\"الصُّور\" في قَولِ الله تعالى: {وَنُفِخَ فِي الصُّورِ}: ",
    "level": 3,
    "link": "https://dorar.net/tafseer/39/17",
    "section": "az-Zumar",
    "answers": [
      {
        "answer": "القَرْن الذي يَنفُخُ فيه إسرافيلُ",
        "t": 1
      },
      {
        "answer": "القُبُورُ",
        "t": 0
      },
      {
        "answer": "السَّمَواتُ والأَرضُ",
        "t": 0
      }
    ]
  },
  {
    "id": 6247,
    "q": "في قَولِه تعالى: {لَئِنْ أَشْرَكْتَ لَيَحْبَطَنَّ عَمَلُكَ} الحَبَطُ هو: ",
    "level": 3,
    "link": "https://dorar.net/tafseer/39/16",
    "section": "az-Zumar",
    "answers": [
      {
        "answer": "الخُسرانُ",
        "t": 0
      },
      {
        "answer": "الهَلاكُ",
        "t": 0
      },
      {
        "answer": "البُطلانُ",
        "t": 1
      }
    ]
  },
  {
    "id": 6259,
    "q": "مِن أَهمِّ مَقاصِدِ سُورَةِ الزُّمَر:",
    "level": 3,
    "link": "https://dorar.net/tafseer/39",
    "section": "az-Zumar",
    "answers": [
      {
        "answer": "إثباتُ تفَرُّدِ اللهِ تعالى بالإلهيَّةِ، وإبطالُ الشِّركِ",
        "t": 1
      },
      {
        "answer": "بَيانُ أنَّ العاقِبَةَ للمُؤمِنينَ المُتَّقِينَ الصَّابِرينَ رُغْمَ الابْتِلاءاتِ والمِحَنِ",
        "t": 0
      },
      {
        "answer": "إبطالُ مَطاعِنِ المشركينَ في النَّبيِّ صلَّى اللهُ عليه وسلَّم، وبَيانُ ضَلالِهم",
        "t": 0
      }
    ]
  },
  {
    "id": 6248,
    "q": "المَقصُود بـ\"يَبْسُطُ\" في قَولِه تعالى: {أَنَّ اللَّهَ يَبْسُطُ الرِّزْقَ لِمَنْ يَشَاءُ}: ",
    "level": 3,
    "link": "https://dorar.net/tafseer/39/14",
    "section": "az-Zumar",
    "answers": [
      {
        "answer": "يُوَسِّعُ",
        "t": 1
      },
      {
        "answer": "يَمنَحُ",
        "t": 0
      },
      {
        "answer": "يُنزِلُ",
        "t": 0
      }
    ]
  },
  {
    "id": 6261,
    "q": "في قَولِه تعالى: {تَنْزِيلُ الْكِتَابِ مِنَ اللَّهِ الْعَزِيزِ الْحَكِيمِ * إِنَّا أَنْزَلْنَا إِلَيْكَ الْكِتَابَ بِالْحَقِّ} إعادةُ تَكرارِ لَفظِ الْكِتَابَ:",
    "level": 3,
    "link": "https://dorar.net/tafseer/39/1",
    "section": "az-Zumar",
    "answers": [
      {
        "answer": "للتَّعظيم",
        "t": 1
      },
      {
        "answer": "للتَّوكيد",
        "t": 0
      },
      {
        "answer": "للتَّقرير",
        "t": 0
      }
    ]
  },
  {
    "id": 6257,
    "q": "مَعنَى \"يَهِيجُ\" في قَولِه تعالى: {ثُمَّ يَهِيجُ فَتَرَاهُ مُصْفَرًّا}: ",
    "level": 3,
    "link": "https://dorar.net/tafseer/39/7",
    "section": "az-Zumar",
    "answers": [
      {
        "answer": "يَيبَسُ ويَجِفُّ",
        "t": 1
      },
      {
        "answer": "يَتَطايَرُ في الهَواءِ",
        "t": 0
      },
      {
        "answer": "يَصِيرُ رَطِبًا يَحمِلُ الماءَ",
        "t": 0
      }
    ]
  },
  {
    "id": 6239,
    "q": "في قَولِه تعالى: {وَأَوْرَثَنَا الْأَرْضَ نَتَبَوَّأُ مِنَ الْجَنَّةِ حَيْثُ نَشَاءُ} \"نَتَبَوَّأُ\" أي: ",
    "level": 3,
    "link": "https://dorar.net/tafseer/39/19",
    "section": "az-Zumar",
    "answers": [
      {
        "answer": "نَنزِلُ ونَسكُنُ",
        "t": 1
      },
      {
        "answer": "نَتَجَوَّلُ ونَتَحَرَّكُ",
        "t": 0
      },
      {
        "answer": "نَنْعَمُ ونَتَمَتَّعُ ",
        "t": 0
      }
    ]
  },
  {
    "id": 6256,
    "q": "المُراد بِـ\"ذِكْرِ الله\" في قَولِه تعالى: {فَوَيْلٌ لِلْقَاسِيَةِ قُلُوبُهُمْ مِنْ ذِكْرِ الله}:",
    "level": 3,
    "link": "https://dorar.net/tafseer/39/7",
    "section": "az-Zumar",
    "answers": [
      {
        "answer": "أَسماءُ الله الحُسنَى",
        "t": 0
      },
      {
        "answer": "التَّسبِيحُ والتَّحمِيدُ والتَّهلِيلُ ونحو ذلك",
        "t": 0
      },
      {
        "answer": "القُرآنُ الكَريمُ",
        "t": 1
      }
    ]
  },
  {
    "id": 6258,
    "q": "قَولُه تعالى: {وَإِذَا مَسَّ الْإِنْسَانَ ضُرٌّ دَعَا رَبَّهُ مُنِيبًا إِلَيْهِ ثُمَّ إِذَا خَوَّلَهُ نِعْمَةً مِنْهُ نَسِيَ مَا كَانَ يَدْعُو إِلَيْهِ مِنْ قَبْلُ} فيه: ",
    "level": 3,
    "link": "https://dorar.net/tafseer/39/3",
    "section": "az-Zumar",
    "answers": [
      {
        "answer": "تَقريعٌ لِمَن يُهمِلُ الدُّعاءَ في الرَّخاءِ، ويَفزَعُ إليه في الشِّدَّةِ",
        "t": 1
      },
      {
        "answer": "التَّحذِيرُ مِن الإشراكِ في الدُّعاءِ",
        "t": 0
      },
      {
        "answer": "جَوازُ التَّوَسُّلِ إلى الله بالعَملِ الصالِحِ",
        "t": 0
      }
    ]
  },
  {
    "id": 6252,
    "q": "مَعنَى \"يُخْزِيهِ\" في قَولِه تعالى: {مَنْ يَأْتِيهِ عَذَابٌ يُخْزِيهِ}: ",
    "level": 3,
    "link": "https://dorar.net/tafseer/39/11",
    "section": "az-Zumar",
    "answers": [
      {
        "answer": "يُذِلُّه ويُهينُه",
        "t": 1
      },
      {
        "answer": "يُؤلِمُهُ ويُوجِعُهُ",
        "t": 0
      },
      {
        "answer": "يُردِيه ويُهلِكُه",
        "t": 0
      }
    ]
  },
  {
    "id": 6240,
    "q": " قَولُه تعالى: {فَيُنَبِّئُكُمْ بِمَا كُنْتُمْ تَعْمَلُونَ} قولُه: (يُنَبِّئُكُمْ) قِيلَ: إنَّ فيه إشارةً إلى:",
    "level": 3,
    "link": "https://dorar.net/tafseer/39/3",
    "section": "az-Zumar",
    "answers": [
      {
        "answer": "اللُّطفِ والإحسانِ، حيثُ لم يقُلْ: يُؤاخِذُكم",
        "t": 1
      },
      {
        "answer": "شِدَّةِ الحِسابِ على الأَعمالِ يَومَ القِيامَة",
        "t": 0
      },
      {
        "answer": "قَولِ النبيِّ صلَّى الله عليه وسلَّم: (مَن نُوقِشَ الحِسابَ عُذِّبَ)",
        "t": 0
      }
    ]
  }
]