[
  {
    "id": 438,
    "q": "قوله تعالى: {فَلَمَّا تَرَاءَتِ الْفِئَتَانِ نَكَصَ عَلَى عَقِبَيْهِ}، الفِئَتانِ هُما:",
    "level": 1,
    "link": "https://dorar.net/tafseer/8/16",
    "section": "al-anfaal",
    "answers": [
      {
        "answer": "المُتَقاتِلتان مِنَ المُؤمِنينَ",
        "t": 0
      },
      {
        "answer": "الفُرس والرُّوم",
        "t": 0
      },
      {
        "answer": "المُؤمِنونَ والكُفَّارُ",
        "t": 1
      }
    ]
  },
  {
    "id": 434,
    "q": "قوله تعالى: {وَمَا كَانُوا أَوْلِيَاءَهُ إِنْ أَوْلِيَاؤُهُ إِلَّا الْمُتَّقُونَ}، أي: وما كانَ كُفَّار قُرَيش أولياء:",
    "level": 1,
    "link": "https://dorar.net/tafseer/8/10",
    "section": "al-anfaal",
    "answers": [
      {
        "answer": "اللَّه عَزَّ وجَلَّ",
        "t": 0
      },
      {
        "answer": "المَسجِد الحَرام",
        "t": 1
      },
      {
        "answer": "مُحَمَّد صلَّى اللهُ عليه وسلَّم",
        "t": 0
      }
    ]
  },
  {
    "id": 429,
    "q": "قوله تعالى: {يَا أَيُّهَا الَّذِينَ آمَنُوا أَطِيعُوا اللَّهَ وَرَسُولَهُ وَلَا تَوَلَّوْا عَنْهُ}، أي:",
    "level": 1,
    "link": "https://dorar.net/tafseer/8/7",
    "section": "al-anfaal",
    "answers": [
      {
        "answer": "ولا تُعرِضوا عَنهُ، ولا تَترُكوا طاعَتَه",
        "t": 1
      },
      {
        "answer": "لا تُوالوا غَيرَه",
        "t": 0
      },
      {
        "answer": "لا تَترُكوه حال الجِهاد",
        "t": 0
      }
    ]
  },
  {
    "id": 437,
    "q": "إنَّما خَرَجَ رَسولُ اللَّه ﷺ والمُسلِمونَ يُريدونَ عِير قُرَيش، حَتَّى جَمع اللَّه بَينَهم وبَينَ عَدُوِّهم على غَيرِ ميعاد، وذلك في غَزوة:",
    "level": 1,
    "link": "https://dorar.net/tafseer/8/13",
    "section": "al-anfaal",
    "answers": [
      {
        "answer": "بَدر",
        "t": 1
      },
      {
        "answer": "أحُد",
        "t": 0
      },
      {
        "answer": "الحُدَيبية",
        "t": 0
      }
    ]
  },
  {
    "id": 433,
    "q": "قَوله: {إِنْ هَذَا إِلَّا أَسَاطِيرُ الْأَوَّلِينَ} أي:",
    "level": 1,
    "link": "https://dorar.net/tafseer/8/10",
    "section": "al-anfaal",
    "answers": [
      {
        "answer": "مَكرٌ وخِداعٌ",
        "t": 0
      },
      {
        "answer": "أباطيلُ وتُرَّهاتٌ",
        "t": 1
      },
      {
        "answer": "الكُتُبُ القَديمة",
        "t": 0
      }
    ]
  },
  {
    "id": 427,
    "q": "قوله تعالى: {فَثَبِّتُوا الَّذِينَ آمَنُوا}، هذا الكَلام مُوَجَّه:",
    "level": 1,
    "link": "https://dorar.net/tafseer/8/4",
    "section": "al-anfaal",
    "answers": [
      {
        "answer": "لِلمُهاجِرينَ",
        "t": 0
      },
      {
        "answer": "لِلأنصارِ",
        "t": 0
      },
      {
        "answer": "لِلمَلائِكة",
        "t": 1
      }
    ]
  },
  {
    "id": 435,
    "q": "قَوله تَعالَى: {يَسْأَلُونَكَ عَنِ الْأَنْفَالِ} أي:",
    "level": 1,
    "link": " https://dorar.net/tafseer/8/1",
    "section": "al-anfaal",
    "answers": [
      {
        "answer": "يَسألُك يا مُحَمَّد أصحابُك عَن حُكم الغَنائِم",
        "t": 1
      },
      {
        "answer": "يَسألُك يا مُحَمَّد أصحابُك عَن حُكم صَلاةِ النَّوافِل",
        "t": 0
      },
      {
        "answer": "يَسألُك أصحابُك يا محمد عن نِصابِ الزَّكاةِ",
        "t": 0
      }
    ]
  },
  {
    "id": 439,
    "q": "قَوله: {وَإِمَّا تَخَافَنَّ مِنْ قَوْمٍ فَانْبِذْ إِلَيْهِمْ عَلَى سَوَاءٍ}، فيه مَجيء (قَوم) نَكِرة في سياق الشَّرط لِإفادة:",
    "level": 1,
    "link": "https://dorar.net/tafseer/8/18",
    "section": "al-anfaal",
    "answers": [
      {
        "answer": "العُموم",
        "t": 1
      },
      {
        "answer": "الحَصرِ",
        "t": 0
      },
      {
        "answer": "التَّأكيد",
        "t": 0
      }
    ]
  },
  {
    "id": 432,
    "q": "قَوله: {وَإِذْ يَمْكُرُ بِكَ الَّذِينَ كَفَرُوا لِيُثْبِتُوكَ}، معنى (يُثْبِتُوكَ):",
    "level": 1,
    "link": "https://dorar.net/tafseer/8/10",
    "section": "al-anfaal",
    "answers": [
      {
        "answer": "يَحبِسوك ويَسجُنوك",
        "t": 1
      },
      {
        "answer": "يُخرِجوك",
        "t": 0
      },
      {
        "answer": "يَنفوك",
        "t": 0
      }
    ]
  },
  {
    "id": 422,
    "q": "قَوله: {لِيَمِيزَ اللَّهُ الْخَبِيثَ مِنَ الطَّيِّبِ}، المَقصود بِالطَّيِّبِ:",
    "level": 1,
    "link": "https://dorar.net/tafseer/8/11",
    "section": "al-anfaal",
    "answers": [
      {
        "answer": "العَمَل الصَّالِح",
        "t": 0
      },
      {
        "answer": "المُؤمِنونَ",
        "t": 1
      },
      {
        "answer": "النَّافِع مِن كُلِّ شَيء",
        "t": 0
      }
    ]
  },
  {
    "id": 430,
    "q": "قَوله: {وَلَوْ أَسْمَعَهُمْ لَتَوَلَّوْا وَهُمْ مُعْرِضُونَ}، فيه دَلالة عَلَى:",
    "level": 1,
    "link": "https://dorar.net/tafseer/8/7",
    "section": "al-anfaal",
    "answers": [
      {
        "answer": "أنَّه سُبحانَه يَعلَمُ الشَّيء قَبلَ كَونِه",
        "t": 1
      },
      {
        "answer": "أنَّهم لَم يَكونوا يَسمَعونَ",
        "t": 0
      },
      {
        "answer": "أنَّهم مُصِرُّونَ على الكُفرِ",
        "t": 0
      }
    ]
  },
  {
    "id": 426,
    "q": "قوله تعالى: {ذَلِكَ بِأَنَّهُمْ شَاقُّوا اللَّهَ وَرَسُولَهُ}، معناه:",
    "level": 1,
    "link": "https://dorar.net/tafseer/8/4",
    "section": "al-anfaal",
    "answers": [
      {
        "answer": "كَفَروا بِاللَّه ورَسوله",
        "t": 0
      },
      {
        "answer": "كَذَّبوا بما جاءَ بِه الرَّسول عَنِ اللَّهِ تعالى",
        "t": 0
      },
      {
        "answer": "حارَبوا، أو خالَفوا وجانَبوا",
        "t": 1
      }
    ]
  },
  {
    "id": 423,
    "q": "قَوله تَعالَى: {فَاسْتَجَابَ لَكُمْ أَنِّي مُمِدُّكُمْ بِأَلْفٍ مِنَ الْمَلَائِكَةِ مُرْدِفِينَ}، مَعنَى (مُردِفينَ):",
    "level": 1,
    "link": "https://dorar.net/tafseer/8/3",
    "section": "al-anfaal",
    "answers": [
      {
        "answer": "راكِبينَ",
        "t": 0
      },
      {
        "answer": "أقوياء",
        "t": 0
      },
      {
        "answer": "مُتَتابِعينَ",
        "t": 1
      }
    ]
  },
  {
    "id": 428,
    "q": "معنى (مُوهِن) في قوله تعالى: {ذَلِكُمْ وَأَنَّ اللَّهَ مُوهِنُ كَيْدِ الْكَافِرِينَ}:",
    "level": 1,
    "link": "https://dorar.net/tafseer/8/6",
    "section": "al-anfaal",
    "answers": [
      {
        "answer": "مُهلِك",
        "t": 0
      },
      {
        "answer": "مانِعٌ",
        "t": 0
      },
      {
        "answer": "مُضْعِف",
        "t": 1
      }
    ]
  },
  {
    "id": 431,
    "q": "قوله تعالى: {وَاعْلَمُوا أَنَّ اللَّهَ يَحُولُ بَيْنَ الْمَرْءِ وَقَلْبِهِ}، مَعنَى (يَحولُ):",
    "level": 1,
    "link": "https://dorar.net/tafseer/8/8",
    "section": "al-anfaal",
    "answers": [
      {
        "answer": "يَحجِزُ",
        "t": 1
      },
      {
        "answer": "يُعطي",
        "t": 0
      },
      {
        "answer": "يَقذِفُ",
        "t": 0
      }
    ]
  },
  {
    "id": 440,
    "q": "رِباطُ الخَيلِ هو:",
    "level": 1,
    "link": "https://dorar.net/tafseer/8/19",
    "section": "al-anfaal",
    "answers": [
      {
        "answer": "أنواعُ الخَيلِ",
        "t": 0
      },
      {
        "answer": "كَثرة الخَيلِ",
        "t": 0
      },
      {
        "answer": "رَبطُها وحَبسُها، واقتِناؤُها لِلجِهادِ في سَبيلِ اللَّه تَعالَى",
        "t": 1
      }
    ]
  },
  {
    "id": 436,
    "q": "الإسلامُ يَهدِمُ ما كانَ قَبلَه بِنَصِّ الكِتابِ العَزيزِ، وهو قوله:",
    "level": 1,
    "link": "https://dorar.net/tafseer/8/12",
    "section": "al-anfaal",
    "answers": [
      {
        "answer": "{قُلْ لِلَّذِينَ كَفَرُوا إِنْ يَنْتَهُوا يُغْفَرْ لَهُمْ مَا قَدْ سَلَفَ} [الأنفال: 38]",
        "t": 1
      },
      {
        "answer": "{وَمَا كَانَ اللَّهُ لِيُعَذِّبَهُمْ وَأَنْتَ فِيهِمْ وَمَا كَانَ اللَّهُ مُعَذِّبَهُمْ وَهُمْ يَسْتَغْفِرُونَ} [الأنفال: 33]",
        "t": 0
      },
      {
        "answer": "{وَقَاتِلُوهُمْ حَتَّى لَا تَكُونَ فِتْنَةٌ وَيَكُونَ الدِّينُ كُلُّهُ لِلَّهِ} [الأنفال: 39]",
        "t": 0
      }
    ]
  },
  {
    "id": 424,
    "q": "ثَبات القَلب أصلُ ثَباتِ البَدَن، دَليلُه مِنَ القُرآنِ:",
    "level": 1,
    "link": "https://dorar.net/tafseer/8/3",
    "section": "al-anfaal",
    "answers": [
      {
        "answer": "{وَمَا جَعَلَهُ اللَّهُ إِلَّا بُشْرَى} [الأنفال: 10]",
        "t": 0
      },
      {
        "answer": "{إِذْ جَاءَ رَبَّهُ بِقَلْبٍ سَلِيمٍ} [الصافات: 84]",
        "t": 0
      },
      {
        "answer": "{وَلِيَرْبِطَ عَلَى قُلُوبِكُمْ} [الأنفال: 11]",
        "t": 1
      }
    ]
  },
  {
    "id": 425,
    "q": "قوله تعالى: {وَاضْرِبُوا مِنْهُمْ كُلَّ بَنَانٍ}، معناه:",
    "level": 1,
    "link": "https://dorar.net/tafseer/8/4",
    "section": "al-anfaal",
    "answers": [
      {
        "answer": "اضْرِبوا أَعناقَهم",
        "t": 0
      },
      {
        "answer": "اضْرِبوا أطرافَ أصابِعِ اليَدَيْنِ والرِّجلَيْن",
        "t": 1
      },
      {
        "answer": "اضْرِبوهُم في مَقتَلِهم",
        "t": 0
      }
    ]
  },
  {
    "id": 421,
    "q": "مَعنَى الأنفال:",
    "level": 1,
    "link": "https://dorar.net/tafseer/8/1",
    "section": "al-anfaal",
    "answers": [
      {
        "answer": "الأنعام مِن إبِل وبَقر ونَحوها",
        "t": 0
      },
      {
        "answer": "الصَّلَوات غَير المَفروضة",
        "t": 0
      },
      {
        "answer": "الغَنائِم",
        "t": 1
      }
    ]
  }
]