[
  {
    "id": 468,
    "q": "الحِكمة في قِتال المَلائِكة مع النَّبيِّ ﷺ، مع أنَّ جِبريلَ وَحدَه قادِرٌ على أن يَدفَعَ الكُفَّار بِريشة مِن جَناحِه، هي:",
    "level": 3,
    "link": "https://dorar.net/tafseer/8/4",
    "section": "al-anfaal",
    "answers": [
      {
        "answer": "لتَقوِيَة قُلوبِ المؤمنينَ بمُعاونتِهم في النَّصرِ",
        "t": 0
      },
      {
        "answer": "لِأنَّهم حارَبوا المُشرِكينَ في صُورة البَشَرِ، فَلَمْ يَكونوا بقوتِهم نَفْسِها وهم على صورَتِهم الحَقيقيةِ",
        "t": 0
      },
      {
        "answer": "رِعايةً لِصورة الأسبابِ وسُنَّتها الَّتي أجراها اللَّه تَعالَى في عِبادِه",
        "t": 1
      }
    ]
  },
  {
    "id": 480,
    "q": "معنى {يُثْخِنَ} في قوله: {مَا كَانَ لِنَبِيٍّ أَنْ يَكُونَ لَهُ أَسْرَى حَتَّى يُثْخِنَ فِي الْأَرْضِ}:",
    "level": 3,
    "link": "https://dorar.net/tafseer/8/21",
    "section": "al-anfaal",
    "answers": [
      {
        "answer": "يَعفوَ ويَصفَحَ",
        "t": 0
      },
      {
        "answer": "يُبالِغَ في قَتلِ المُشرِكينَ ويَقهَرَهم",
        "t": 1
      },
      {
        "answer": "يَجتَهِد في إِعمارِ الأَرضِ",
        "t": 0
      }
    ]
  },
  {
    "id": 470,
    "q": "قوله تعالى: {فَلَا تُوَلُّوهُمُ الْأَدْبَارَ} معناه:",
    "level": 3,
    "link": "https://dorar.net/tafseer/8/5",
    "section": "al-anfaal",
    "answers": [
      {
        "answer": "لا تَترُكوا قِتالَهم",
        "t": 0
      },
      {
        "answer": "لا تُعطوهُم ما يُريدونَ",
        "t": 0
      },
      {
        "answer": "لا تَفِرُّوا مِنهُم، وتُعطوهم ظُهورَكم",
        "t": 1
      }
    ]
  },
  {
    "id": 473,
    "q": "السِّين والتَّاء في (اسْتَجِيبُوا) في قوله تعالى: {يَا أَيُّهَا الَّذِينَ آمَنُوا اسْتَجِيبُوا لِلَّهِ وَلِلرَّسُولِ}:",
    "level": 3,
    "link": "https://dorar.net/tafseer/8/8",
    "section": "al-anfaal",
    "answers": [
      {
        "answer": "لِلتَّأكيدِ",
        "t": 1
      },
      {
        "answer": "لِلتَّمييزِ",
        "t": 0
      },
      {
        "answer": "لِلتَّعقيبِ",
        "t": 0
      }
    ]
  },
  {
    "id": 462,
    "q": "قَوله: {لَهُمْ دَرَجَاتٌ عِنْدَ رَبِّهِمْ}، تَنوين (دَرَجاتٌ):",
    "level": 3,
    "link": "https://dorar.net/tafseer/8/1",
    "section": "al-anfaal",
    "answers": [
      {
        "answer": "لِلتأكيدِ",
        "t": 0
      },
      {
        "answer": "لِلتَّعظيمِ",
        "t": 1
      },
      {
        "answer": "لِلتَّعريفِ",
        "t": 0
      }
    ]
  },
  {
    "id": 464,
    "q": "قَوله: {وَإِذْ يَعِدُكُمُ اللَّهُ إِحْدَى الطَّائِفَتَيْنِ أَنَّهَا لَكُمْ}، الطَّائِفَتَانِ هُما:",
    "level": 3,
    "link": "https://dorar.net/tafseer/8/2",
    "section": "al-anfaal",
    "answers": [
      {
        "answer": "النَّصر أو الشَّهادة",
        "t": 0
      },
      {
        "answer": "العِير أو النَّفير",
        "t": 1
      },
      {
        "answer": "الغَنائِم أو فَتح مَكَّة",
        "t": 0
      }
    ]
  },
  {
    "id": 463,
    "q": "قَوله: {وَتَوَدُّونَ أَنَّ غَيْرَ ذَاتِ الشَّوْكَةِ تَكُونُ لَكُمْ}، ذات الشَّوكة هي:",
    "level": 3,
    "link": "https://dorar.net/tafseer/8/2",
    "section": "al-anfaal",
    "answers": [
      {
        "answer": "ذات الحَدِّ والسِّلاحِ؛ مِنَ السَّيف والسِّنانِ والنِّصال",
        "t": 1
      },
      {
        "answer": "ذات النَّصرِ والظَّفَرِ",
        "t": 0
      },
      {
        "answer": "ذاتُ القوَّةِ العاليةِ",
        "t": 0
      }
    ]
  },
  {
    "id": 471,
    "q": "سَبَب نُزولِ قَولِه تَعالَى: {وَمَا رَمَيْتَ إِذْ رَمَيْتَ وَلَكِنَّ اللَّهَ رَمَى}:",
    "level": 3,
    "link": "https://dorar.net/tafseer/8/6",
    "section": "al-anfaal",
    "answers": [
      {
        "answer": "أمر رَسولُ اللَّه ﷺ يَومُ بَدر فَأخَذَ كَفًّا مِن الحَصباءِ فاستَقبَلنا بِه وجوه الكافرين، فَرَماهم بِها، وقال: (شاهَتِ الوُجوه)، فانهَزَموا",
        "t": 1
      },
      {
        "answer": "قول النَّبي ﷺ يَومَ بَدر: «إذا أكثبوكم فَعليكم بالنَّبْل»",
        "t": 0
      },
      {
        "answer": "اطَّلَعَ النَّبيُّ ﷺ على أهل القَليب، فَقالَ: «وَجَدتُم ما وعَدَ رَبُّكم حَقًّا؟»",
        "t": 0
      }
    ]
  },
  {
    "id": 474,
    "q": "اختيار (الفُرقانِ) في قَولِه: {إِنْ تَتَّقُوا اللَّهَ يَجْعَلْ لَكُمْ فُرْقَانًا}:",
    "level": 3,
    "link": "https://dorar.net/tafseer/8/9",
    "section": "al-anfaal",
    "answers": [
      {
        "answer": "لدَلالةِ تلك اللَّفظةِ على كلِّ معاني الفَوزِ والظَّفرِ",
        "t": 0
      },
      {
        "answer": "لرعاية فواصل الآيات",
        "t": 0
      },
      {
        "answer": "لِقَصد شُموله ما يَصلُحُ لِلمَقامِ مِن مَعانيه",
        "t": 1
      }
    ]
  },
  {
    "id": 469,
    "q": "قَول اللَّه تَعالَى: {سَأُلْقِي فِي قُلُوبِ الَّذِينَ كَفَرُوا الرُّعْبَ}، التَّعبير بِإلقاء الرُّعب في القَلبِ وليس بـ(رَعَبْته أو أرعَبتُه):",
    "level": 3,
    "link": "https://dorar.net/tafseer/8/4",
    "section": "al-anfaal",
    "answers": [
      {
        "answer": "لتَخصِيصهِم بالرُّعبِ دونَ المؤمنينَ",
        "t": 0
      },
      {
        "answer": "لتَأكيدِ وُصولِ الرُّعبِ إلى قُلوبِهم",
        "t": 0
      },
      {
        "answer": "لِما في التَّعبيرِ بِإلقاءِ الرُّعبِ مِنَ الإشعارِ بِأنَّه يُصَبُّ في القُلوبِ دُفعةً واحِدةً",
        "t": 1
      }
    ]
  },
  {
    "id": 465,
    "q": "قُتِلَ في غَزوة بَدرٍ مِنَ المُشرِكينَ:",
    "level": 3,
    "link": "https://dorar.net/tafseer/8/3",
    "section": "al-anfaal",
    "answers": [
      {
        "answer": "سَبعونَ",
        "t": 1
      },
      {
        "answer": "خَمسونَ",
        "t": 0
      },
      {
        "answer": "سِتُّونَ",
        "t": 0
      }
    ]
  },
  {
    "id": 461,
    "q": "حُكم أخْذ الأنفال في الأُمَمِ قَبلَنا:",
    "level": 3,
    "link": "https://dorar.net/tafseer/8/1",
    "section": "al-anfaal",
    "answers": [
      {
        "answer": "الكَراهة",
        "t": 0
      },
      {
        "answer": "الحُرْمة",
        "t": 1
      },
      {
        "answer": "الحِلُّ",
        "t": 0
      }
    ]
  },
  {
    "id": 477,
    "q": "قوله تعالى: {وَلَكِنْ لِيَقْضِيَ اللَّهُ أَمْرًا كَانَ مَفْعُولًا}، تَنكير {أَمْرًا}:",
    "level": 3,
    "link": "https://dorar.net/tafseer/8/13",
    "section": "al-anfaal",
    "answers": [
      {
        "answer": "لِلتَّعظيمِ",
        "t": 1
      },
      {
        "answer": "لِلتَّمييزِ",
        "t": 0
      },
      {
        "answer": "لِلتَّعريفِ",
        "t": 0
      }
    ]
  },
  {
    "id": 478,
    "q": "جملة: {إِنَّهُمْ لَا يُعْجِزُونَ} في قوله: {وَلَا يَحْسَبَنَّ الَّذِينَ كَفَرُوا سَبَقُوا إِنَّهُمْ لَا يُعْجِزُونَ}:",
    "level": 3,
    "link": "https://dorar.net/tafseer/8/18",
    "section": "al-anfaal",
    "answers": [
      {
        "answer": "جُملةٌ مُستَأنفة لا مَحَلَّ لَها مِنَ الإعرابِ",
        "t": 1
      },
      {
        "answer": "جُملة صِفة مَرفوعةٍ على الابتداءِ",
        "t": 0
      },
      {
        "answer": "جُملةٌ حاليةٌ في مَحلِّ نَصبٍ",
        "t": 0
      }
    ]
  },
  {
    "id": 467,
    "q": "تَقديم الجار والمَجرور في قَولِه تعالى: {وَلِتَطْمَئِنَّ بِهِ قُلُوبُكُمْ}، يُفيدُ:",
    "level": 3,
    "link": "https://dorar.net/tafseer/8/3",
    "section": "al-anfaal",
    "answers": [
      {
        "answer": "التَّمييز",
        "t": 0
      },
      {
        "answer": "اللُّزوم",
        "t": 0
      },
      {
        "answer": "الِاختِصاص",
        "t": 1
      }
    ]
  },
  {
    "id": 475,
    "q": "الِاستِفهام في قوله: {وَمَا لَهُمْ أَلَّا يُعَذِّبَهُمُ اللَّهُ}:",
    "level": 3,
    "link": "https://dorar.net/tafseer/8/10",
    "section": "al-anfaal",
    "answers": [
      {
        "answer": "تَقريريٌّ",
        "t": 0
      },
      {
        "answer": "إخباريٌّ",
        "t": 0
      },
      {
        "answer": "إنكاريٌّ",
        "t": 1
      }
    ]
  },
  {
    "id": 476,
    "q": "معنى {فَيَرْكُمَهُ} في قوله: {وَيَجْعَلَ الْخَبِيثَ بَعْضَهُ عَلَى بَعْضٍ فَيَرْكُمَهُ جَمِيعًا}:",
    "level": 3,
    "link": "https://dorar.net/tafseer/8/11",
    "section": "al-anfaal",
    "answers": [
      {
        "answer": "يَجمَعَه",
        "t": 1
      },
      {
        "answer": "يُفنيَه",
        "t": 0
      },
      {
        "answer": "يُهلِكَه",
        "t": 0
      }
    ]
  },
  {
    "id": 472,
    "q": "تَجريدُ الفِعلِ (رَمَى) عَنِ المَفعولِ بِه في قَولِهِ: {وَمَا رَمَيْتَ إِذْ رَمَيْتَ وَلَكِنَّ اللَّهَ رَمَى}:",
    "level": 3,
    "link": "https://dorar.net/tafseer/8/6",
    "section": "al-anfaal",
    "answers": [
      {
        "answer": "للدَّلالةِ على قُوَّةِ الرَّميِ وشِدَّتِه",
        "t": 0
      },
      {
        "answer": "لِأنَّ المَقصود الأصليَّ بَيانُ حال الرَّمي",
        "t": 1
      },
      {
        "answer": "للتَّأكيدِ على الفِعلِ لنِيابَتِه عن الفاعِلِ",
        "t": 0
      }
    ]
  },
  {
    "id": 479,
    "q": "قَوله: {فَإِنْ يَكُنْ مِنْكُمْ مِائَةٌ صابِرَةٌ يَغْلِبُوا مِائَتَيْنِ وَإِنْ يَكُنْ مِنْكُمْ أَلْفٌ يَغْلِبُوا أَلْفَيْنِ}، ذُكِرَ الصَّبر في أوَّل جُملةٍ، وحُذِفَ من الثَّانيةِ:",
    "level": 3,
    "link": "https://dorar.net/tafseer/8/20",
    "section": "al-anfaal",
    "answers": [
      {
        "answer": "لدَلالةِ السَّابقةِ عليه",
        "t": 1
      },
      {
        "answer": "لأنَّ الأُولَى حالُ قِتالٍ والثانيةَ حالُ نَصرٍ",
        "t": 0
      },
      {
        "answer": "لأنَّ الصَّبرَ المَأُجورَ عليهِ عندَ الصَّدمةِ الأُولَى",
        "t": 0
      }
    ]
  },
  {
    "id": 466,
    "q": "الضميرُ في قوله تعالى: {وَيُثَبِّتَ بِهِ الْأَقْدَامَ}، عائد على:",
    "level": 3,
    "link": "https://dorar.net/tafseer/8/3",
    "section": "al-anfaal",
    "answers": [
      {
        "answer": "المَلائِكة",
        "t": 0
      },
      {
        "answer": "النُّعاس",
        "t": 0
      },
      {
        "answer": "المَطَر",
        "t": 1
      }
    ]
  }
]