[
  {
    "id": 444,
    "q": "كانَ عَدَد المُسلِمينَ يَومَ بَدر:",
    "level": 2,
    "link": "https://dorar.net/tafseer/8/3",
    "section": "al-anfaal",
    "answers": [
      {
        "answer": "ثلاثَ مائة وتِسعةَ عَشَرَ",
        "t": 1
      },
      {
        "answer": "مِائَتَيْنِ وتِسعةَ عَشَرَ",
        "t": 0
      },
      {
        "answer": "ثلاثَ مِائة",
        "t": 0
      }
    ]
  },
  {
    "id": 445,
    "q": "قَوله تَعالَى: {إِذْ تَسْتَغِيثُونَ رَبَّكُمْ فَاسْتَجَابَ لَكُمْ أَنِّي مُمِدُّكُمْ بِأَلْفٍ مِنَ الْمَلَائِكَةِ مُرْدِفِينَ}، نَزَلتْ في غَزوة:",
    "level": 2,
    "link": "https://dorar.net/tafseer/8/3",
    "section": "al-anfaal",
    "answers": [
      {
        "answer": "بَدر",
        "t": 1
      },
      {
        "answer": "الأحزاب",
        "t": 0
      },
      {
        "answer": "أحُد",
        "t": 0
      }
    ]
  },
  {
    "id": 447,
    "q": "قَوله: {فَاضْرِبُوا فَوْقَ الْأَعْنَاقِ وَاضْرِبُوا مِنْهُمْ كُلَّ بَنَانٍ}، فيه تَكرير الأمرِ بِالضَّربِ:",
    "level": 2,
    "link": "https://dorar.net/tafseer/8/4",
    "section": "al-anfaal",
    "answers": [
      {
        "answer": "لِمَزيد التَّشديد والِاعتِناء بِأمرِه",
        "t": 1
      },
      {
        "answer": "لِتَغييرِ أماكِنِ الضَّربِ",
        "t": 0
      },
      {
        "answer": "لِلفَرقِ بَينَ الضَّربَيْنِ",
        "t": 0
      }
    ]
  },
  {
    "id": 460,
    "q": "تَقديم المَفعولِ {الَّذِينَ كَفَرُوا} على الفاعِلِ {الْمَلَائِكَةُ} في قوله تعالى: {وَلَوْ تَرَى إِذْ يَتَوَفَّى الَّذِينَ كَفَرُوا الْمَلَائِكَةُ}:",
    "level": 2,
    "link": "https://dorar.net/tafseer/8/17",
    "section": "al-anfaal",
    "answers": [
      {
        "answer": "لِلتَّأكيدِ",
        "t": 0
      },
      {
        "answer": "لِلِاهتِمامِ بِه",
        "t": 1
      },
      {
        "answer": "لِلتَّمييزِ",
        "t": 0
      }
    ]
  },
  {
    "id": 458,
    "q": "عَمَّمَ اللَّه تعالى الخِطاب في قَولِه: {وَقَاتِلُوهُمْ حَتَّى لَا تَكُونَ فِتْنَةٌ}:",
    "level": 2,
    "link": "https://dorar.net/tafseer/8/12",
    "section": "al-anfaal",
    "answers": [
      {
        "answer": "للتَّأكيدِ على الوَعيدِ",
        "t": 0
      },
      {
        "answer": "لِزيادة تَرغيبِ المُؤمِنينَ في القِتالِ",
        "t": 1
      },
      {
        "answer": "لتَرهيبِ المُنافِقينَ مِن مُعاوَنةِ الكافِرينَ",
        "t": 0
      }
    ]
  },
  {
    "id": 452,
    "q": "قَول اللَّه تَعالَى: {وَلَا تَكُونُوا كَالَّذِينَ قَالُوا سَمِعْنَا وَهُمْ لَا يَسْمَعُونَ}، السَّمع الَّذي نَفاه اللَّه تعالى عنهم:",
    "level": 2,
    "link": "https://dorar.net/tafseer/8/7",
    "section": "al-anfaal",
    "answers": [
      {
        "answer": "حاسَّةُ السَّمع",
        "t": 0
      },
      {
        "answer": "الاستِماعُ للآيات",
        "t": 0
      },
      {
        "answer": "المَعنَى المُؤَثِّر في القَلبِ",
        "t": 1
      }
    ]
  },
  {
    "id": 443,
    "q": "رِجز الشَّيطانِ هو:",
    "level": 2,
    "link": "https://dorar.net/tafseer/8/3",
    "section": "al-anfaal",
    "answers": [
      {
        "answer": "كُفره",
        "t": 0
      },
      {
        "answer": "وَساوِسه",
        "t": 1
      },
      {
        "answer": "نَجاسَتُه",
        "t": 0
      }
    ]
  },
  {
    "id": 455,
    "q": "قوله تعالى: {وَإِذْ يَمْكُرُ بِكَ الَّذِينَ كَفَرُوا}، أسنَدَ المَكرَ إلى جَميعِ الكافِرينَ، وإن كانَ الَّذينَ تَوَلَّوُا المَكرَ هم سادة المُشرِكينَ وكُبَراؤُهم:",
    "level": 2,
    "link": "https://dorar.net/tafseer/8/10",
    "section": "al-anfaal",
    "answers": [
      {
        "answer": "لِأنَّهم جَميعًا على مِلَّة واحِدة",
        "t": 0
      },
      {
        "answer": "اتِّباعًا للقاعِدَة: أنَّ الحَسنةَ تَخُصُّ والسَّيِّئةَ تَعُمُّ",
        "t": 0
      },
      {
        "answer": "لِأنَّ البَقيةَ كانوا أتباعًا لِلزُّعَماءِ؛ يَأْتَمِرونَ بِأمرِهم",
        "t": 1
      }
    ]
  },
  {
    "id": 446,
    "q": "قوله تعالى: {فَاضْرِبُوا فَوْقَ الْأَعْنَاقِ}، أي: فاضرِبوا أيُّها:",
    "level": 2,
    "link": "https://dorar.net/tafseer/8/4",
    "section": "al-anfaal",
    "answers": [
      {
        "answer": "المُسلِمونَ",
        "t": 0
      },
      {
        "answer": "المَلائِكة",
        "t": 1
      },
      {
        "answer": "المُقاتِلونَ",
        "t": 0
      }
    ]
  },
  {
    "id": 457,
    "q": "قوله تعالى: {وَإِنْ يَعُودُوا فَقَدْ مَضَتْ سُنَّتُ الْأَوَّلِينَ}، معناه:",
    "level": 2,
    "link": "https://dorar.net/tafseer/8/12",
    "section": "al-anfaal",
    "answers": [
      {
        "answer": "وإنْ يَعُد هَؤُلاءِ المُشرِكونَ إلى كُفرِهم؛ فَإنَّما يَتَأسَّوْنَ بِالأوَّلينَ",
        "t": 0
      },
      {
        "answer": "وإنْ يَعُدْ هَؤُلاءِ المُشرِكونَ مِن قُرَيش إلى قِتالِك؛ فَقَد مَضَت طَريقَتُنا إهلاك غَيرِهم مِنَ الأُمَمِ الماضيةِ",
        "t": 1
      },
      {
        "answer": "لا تَعودوا إلى المَعاصي كَما كانَ مَن سَلَفَ مِن قَبلِكم مِنَ الأُمَمِ",
        "t": 0
      }
    ]
  },
  {
    "id": 459,
    "q": "قوله تعالى: {كَذَّبُوا بِآيَاتِ رَبِّهِمْ فَأَهْلَكْنَاهُمْ بِذُنُوبِهِمْ}، المَقصود:",
    "level": 2,
    "link": "https://dorar.net/tafseer/8/17",
    "section": "al-anfaal",
    "answers": [
      {
        "answer": "قَومُ عاد",
        "t": 0
      },
      {
        "answer": "قَوم فِرعَون والذين مِن قبْلِهم",
        "t": 1
      },
      {
        "answer": "كُفَّار قُرَيش",
        "t": 0
      }
    ]
  },
  {
    "id": 454,
    "q": "قَوله تَعالَى: {وَمَا كَانَ صَلَاتُهُمْ عِنْدَ الْبَيْتِ إِلَّا مُكَاءً وَتَصْدِيَةً}، مَعنَى مُكاءً:",
    "level": 2,
    "link": "https://dorar.net/tafseer/8/10",
    "section": "al-anfaal",
    "answers": [
      {
        "answer": "كَذبًا",
        "t": 0
      },
      {
        "answer": "صَفيرًا",
        "t": 1
      },
      {
        "answer": "رِياء",
        "t": 0
      }
    ]
  },
  {
    "id": 453,
    "q": "قوله تعالى: {تَخَافُونَ أَنْ يَتَخَطَّفَكُمُ النَّاسُ}، مَعناه:",
    "level": 2,
    "link": "https://dorar.net/tafseer/8/8",
    "section": "al-anfaal",
    "answers": [
      {
        "answer": "تَخافونَ أن يَسرِقَكم النَّاسُ",
        "t": 0
      },
      {
        "answer": "تَخافونَ أن يَستَلِبَكم الكُفَّار، فَيَأخُذوكم بِسُرعة",
        "t": 1
      },
      {
        "answer": "تَخافونَ أن يَقتُلَكم النَّاسُ",
        "t": 0
      }
    ]
  },
  {
    "id": 448,
    "q": "قوله تعالى: {يَا أَيُّهَا الَّذِينَ آمَنُوا إِذَا لَقِيتُمُ الَّذِينَ كَفَرُوا زَحْفًا} أي:",
    "level": 2,
    "link": "https://dorar.net/tafseer/8/5",
    "section": "al-anfaal",
    "answers": [
      {
        "answer": "مُتَقارِبينَ بَعضكم إلى بَعض",
        "t": 1
      },
      {
        "answer": "مَشيًا",
        "t": 0
      },
      {
        "answer": "مُقاتِلينَ لهم",
        "t": 0
      }
    ]
  },
  {
    "id": 456,
    "q": "قالَ رَسولُ اللَّه ﷺ: (أمَا عَلِمتَ أنَّ الإسلامَ يَهدِمُ ما كانَ قَبلَه)، المُخاطَب هو:",
    "level": 2,
    "link": "https://dorar.net/tafseer/8/12",
    "section": "al-anfaal",
    "answers": [
      {
        "answer": "أبو هُرَيرةَ",
        "t": 0
      },
      {
        "answer": "خالِد بن الوَليد",
        "t": 0
      },
      {
        "answer": "عَمرو بن العاصِ",
        "t": 1
      }
    ]
  },
  {
    "id": 442,
    "q": "مَجيء الفِعلِ بِصيغة المُضارِعِ في قَولِهِ: {يَسْأَلُونَكَ عَنِ الْأَنْفَالِ}، دالٌّ عَلَى:",
    "level": 2,
    "link": "https://dorar.net/tafseer/8/1",
    "section": "al-anfaal",
    "answers": [
      {
        "answer": "قِدَم السُّؤال",
        "t": 0
      },
      {
        "answer": "حَداثة السُّؤالِ",
        "t": 0
      },
      {
        "answer": "تَكَرُّر السُّؤال",
        "t": 1
      }
    ]
  },
  {
    "id": 441,
    "q": "مِن مَقاصِد سورة الأنفالِ:",
    "level": 2,
    "link": "https://dorar.net/tafseer/8",
    "section": "al-anfaal",
    "answers": [
      {
        "answer": "بَيانُ أسبابِ النَّصرِ، وبَعضِ أحكامِ الجِهادِ",
        "t": 1
      },
      {
        "answer": "بَيان أحكامِ الصِّيامِ",
        "t": 0
      },
      {
        "answer": "ذِكْر أحكام الزَّكاةِ",
        "t": 0
      }
    ]
  },
  {
    "id": 451,
    "q": "قوله تعالى: {إِنَّ شَرَّ الدَّوَابِّ عِنْدَ اللَّهِ الصُّمُّ الْبُكْمُ الَّذِينَ لَا يَعْقِلُونَ}، مَعناهُ:",
    "level": 2,
    "link": "https://dorar.net/tafseer/8/7",
    "section": "al-anfaal",
    "answers": [
      {
        "answer": "إنَّ شَرَّ ما دَبَّ على الأرضِ هَؤُلاءِ الكُفَّار ؛ فَهم صُمٌّ عَن سَماعِ الحَقِّ، بُكْم عَنِ التَّكَلُّمِ بِه، لا يَعقِلونَ عَنِ اللَّه مَواعِظَه",
        "t": 1
      },
      {
        "answer": "تَشبيهٌ لِلكُفَّارِ بِالأنعامِ الَّتي لا تَسمَعُ ولا تُخرِجُ صَوتًا، وهي لا تَعقِلُ",
        "t": 0
      },
      {
        "answer": "احذَروا أيُّها المُسلِمونَ مِن التَّشَبُّه بِالأنعامِ الَّتي لا تَسمَعُ ولا تَعقِلُ",
        "t": 0
      }
    ]
  },
  {
    "id": 450,
    "q": "قوله تعالى: {وَإِنْ تَنْتَهُوا فَهُوَ خَيْرٌ لَكُمْ}، معناه:",
    "level": 2,
    "link": "https://dorar.net/tafseer/8/6",
    "section": "al-anfaal",
    "answers": [
      {
        "answer": "وَإن تَنتَهوا أيُّها المُسلِمونَ عَنِ المَعاصي فَهو خَيرٌ لَكم في الدُّنيا والآخِرة",
        "t": 0
      },
      {
        "answer": "وَإن تَنتَهوا -يا كَفَّار قُرَيش- عَنِ الشِّركِ والكُفرِ بِاللَّهِ، والتَّكذيبِ لِرَسولِه، وقِتال نَبيِّه ﷺ والمُؤمِنينَ بِه؛ فَهو خَيرٌ لَكم في الدُّنيا والآخِرة",
        "t": 1
      },
      {
        "answer": "وَإن تَنتَهوا أيُّها النَّاسُ عَمَّا يُغضِبُ اللَّه فَهو خَيرٌ لَكم في الدُّنيا والآخِرة",
        "t": 0
      }
    ]
  },
  {
    "id": 449,
    "q": "معنى {تَسْتَفْتِحُوا} في قوله تعالى: {إِنْ تَسْتَفْتِحُوا فَقَدْ جَاءَكُمُ الْفَتْحُ}:",
    "level": 2,
    "link": "https://dorar.net/tafseer/8/6",
    "section": "al-anfaal",
    "answers": [
      {
        "answer": "تُقاتِلوا",
        "t": 0
      },
      {
        "answer": "تَستَنصِروا، طلَبُ الفتْحِ",
        "t": 1
      },
      {
        "answer": "تَفتَحوا البِلادَ بالإسلامِ",
        "t": 0
      }
    ]
  }
]