[
  {
    "id": 2129,
    "q": "وِلايةُ المرأةِ في النِّكاحِ",
    "level": 2,
    "link": "https://www.dorar.net/feqhia/4111",
    "section": "figh-nikah",
    "answers": [
      {
        "answer": "يجوزُ إن كانت متزوِّجةً",
        "t": 0
      },
      {
        "answer": "لا يجوزُ",
        "t": 1
      },
      {
        "answer": "يجوزُ مُطلقًا",
        "t": 0
      }
    ]
  },
  {
    "id": 2128,
    "q": "التَّعريضُ بخِطبةِ المُعتدَّةِ مِن طلاقِ الثَّلاثِ",
    "level": 2,
    "link": "https://www.dorar.net/feqhia/4008",
    "section": "figh-nikah",
    "answers": [
      {
        "answer": "يحرُمُ",
        "t": 0
      },
      {
        "answer": "يجوزُ",
        "t": 1
      },
      {
        "answer": "يُكرَهُ",
        "t": 0
      }
    ]
  },
  {
    "id": 2134,
    "q": "العَدالةُ في وَليِّ المرأةِ:",
    "level": 2,
    "link": "https://www.dorar.net/feqhia/4107",
    "section": "figh-nikah",
    "answers": [
      {
        "answer": "تُشترَطُ",
        "t": 0
      },
      {
        "answer": "تُشترَطُ إن كانتِ المرأةُ بِكرًا",
        "t": 0
      },
      {
        "answer": "لا تُشترَطُ",
        "t": 1
      }
    ]
  },
  {
    "id": 2141,
    "q": "ضَربُ الدُّفِّ للنِّساءِ في الأعراسِ",
    "level": 2,
    "link": "https://www.dorar.net/feqhia/4430",
    "section": "figh-nikah",
    "answers": [
      {
        "answer": "واجبٌ",
        "t": 0
      },
      {
        "answer": "مُستحَبٌّ",
        "t": 1
      },
      {
        "answer": "جائزٌ",
        "t": 0
      }
    ]
  },
  {
    "id": 2124,
    "q": "الكَفاءةُ في النَّسبِ",
    "level": 2,
    "link": "https://www.dorar.net/feqhia/4156",
    "section": "figh-nikah",
    "answers": [
      {
        "answer": "مُعتبَرةٌ",
        "t": 0
      },
      {
        "answer": "مُعتبرَةٌ في القُرَشِيِّينَ",
        "t": 0
      },
      {
        "answer": "لا تُعتبَرُ",
        "t": 1
      }
    ]
  },
  {
    "id": 2127,
    "q": "التَّعريضُ بخِطبةِ المُعتدَّةِ من طلاقٍ رَجعيٍّ",
    "level": 2,
    "link": "https://www.dorar.net/feqhia/4006",
    "section": "figh-nikah",
    "answers": [
      {
        "answer": "يجوزُ",
        "t": 0
      },
      {
        "answer": "يُكرَهُ",
        "t": 0
      },
      {
        "answer": "يحرُمُ",
        "t": 1
      }
    ]
  },
  {
    "id": 2126,
    "q": "التَّعريضُ بخِطبةِ المُعتدَّةِ مِنَ الوَفاةِ",
    "level": 2,
    "link": "https://www.dorar.net/feqhia/4002",
    "section": "figh-nikah",
    "answers": [
      {
        "answer": "يجوزُ",
        "t": 1
      },
      {
        "answer": "لا يجوزُ",
        "t": 0
      },
      {
        "answer": "يُكرَهُ",
        "t": 0
      }
    ]
  },
  {
    "id": 2135,
    "q": "وِلايةُ المُسلِمِ في عقدِ كافِرةٍ",
    "level": 2,
    "link": "https://www.dorar.net/feqhia/4113",
    "section": "figh-nikah",
    "answers": [
      {
        "answer": "يجوزُ إن كانتِ ابنتَه",
        "t": 0
      },
      {
        "answer": "لا يجوزُ",
        "t": 1
      },
      {
        "answer": "يجوزُ مُطلقًا",
        "t": 0
      }
    ]
  },
  {
    "id": 2139,
    "q": "تأجيلُ الصَّداقِ",
    "level": 2,
    "link": "https://www.dorar.net/feqhia/4346",
    "section": "figh-nikah",
    "answers": [
      {
        "answer": "يُستحَبُّ تأجيلُه",
        "t": 0
      },
      {
        "answer": "يجوزُ تأجيلُه",
        "t": 1
      },
      {
        "answer": "لا يجوزُ تأجيلُه",
        "t": 0
      }
    ]
  },
  {
    "id": 2138,
    "q": "أقلُّ الصَّداقِ",
    "level": 2,
    "link": "https://www.dorar.net/feqhia/4306",
    "section": "figh-nikah",
    "answers": [
      {
        "answer": "لا حدَّ لأقلِّه",
        "t": 1
      },
      {
        "answer": "نصفُ مهرِ المِثلِ",
        "t": 0
      },
      {
        "answer": "رُبُعِ مَهرِ المِثلِ",
        "t": 0
      }
    ]
  },
  {
    "id": 2137,
    "q": "أكثرُ الصَّداقِ",
    "level": 2,
    "link": "https://www.dorar.net/feqhia/4304",
    "section": "figh-nikah",
    "answers": [
      {
        "answer": "لا حدَّ لأكثرِه",
        "t": 1
      },
      {
        "answer": "ضِعفُ مَهرِ المِثلِ",
        "t": 0
      },
      {
        "answer": "ثلاثةُ أضعافِ مَهرِ المِثلِ",
        "t": 0
      }
    ]
  },
  {
    "id": 2130,
    "q": "وِلايةُ الصَّغيرِ",
    "level": 2,
    "link": "https://www.dorar.net/feqhia/4103",
    "section": "figh-nikah",
    "answers": [
      {
        "answer": "لا تجوزُ",
        "t": 1
      },
      {
        "answer": "تجوزُ",
        "t": 0
      },
      {
        "answer": "تُكرَهُ",
        "t": 0
      }
    ]
  },
  {
    "id": 2140,
    "q": "ضَربُ الرِّجالِ بالدُّفِّ في الأعراسِ",
    "level": 2,
    "link": "https://www.dorar.net/feqhia/4428",
    "section": "figh-nikah",
    "answers": [
      {
        "answer": "مُحَرَّمٌ",
        "t": 1
      },
      {
        "answer": "جائزٌ",
        "t": 0
      },
      {
        "answer": "مَكروهٌ",
        "t": 0
      }
    ]
  },
  {
    "id": 2133,
    "q": "خُلُوُّ الزَّوجَينِ منَ الموانِعِ الشَّرعيَّةِ:",
    "level": 2,
    "link": "https://www.dorar.net/feqhia/4138",
    "section": "figh-nikah",
    "answers": [
      {
        "answer": "مُستحَبٌّ في عقدِ النِّكاحِ",
        "t": 0
      },
      {
        "answer": "ركنٌ في عَقدِ النِّكاحِ",
        "t": 0
      },
      {
        "answer": "شرطٌ من شُروطِ النِّكاحِ",
        "t": 1
      }
    ]
  },
  {
    "id": 2125,
    "q": "مِن ألفاظِ التَّعريضِ بالخِطبةِ",
    "level": 2,
    "link": "https://www.dorar.net/feqhia/4000",
    "section": "figh-nikah",
    "answers": [
      {
        "answer": "إنِّي في مِثلِك لراغِبٌ",
        "t": 0
      },
      {
        "answer": "لا تُفوِّتيني بنفسِكِ",
        "t": 0
      },
      {
        "answer": "جميعُ ما سبقَ",
        "t": 1
      }
    ]
  },
  {
    "id": 2123,
    "q": "متى يُشرَعُ النَّظرُ إلى المَخطوبةِ؟",
    "level": 2,
    "link": "https://www.dorar.net/feqhia/4020",
    "section": "figh-nikah",
    "answers": [
      {
        "answer": "متى ما أرادَ",
        "t": 0
      },
      {
        "answer": "قبل أن ينويَ الخِطبةَ",
        "t": 0
      },
      {
        "answer": "إذا عَزَمَ على خِطْبَتِها",
        "t": 1
      }
    ]
  },
  {
    "id": 2142,
    "q": "رقصُ النِّساءِ أمامَ بعضِهِنَّ",
    "level": 2,
    "link": "https://www.dorar.net/feqhia/4439",
    "section": "figh-nikah",
    "answers": [
      {
        "answer": "لا يجوزُ",
        "t": 0
      },
      {
        "answer": "يجوزُ بغيرِ تكسُّرٍ وتَثَنٍّ",
        "t": 1
      },
      {
        "answer": "يجوزُ مُطلقًا",
        "t": 0
      }
    ]
  },
  {
    "id": 2131,
    "q": "نِكاحُ السِّرِّ الذي يوصَى بكتمانِهِ ولا يُشهَدُ عليه أحَدٌ",
    "level": 2,
    "link": "https://www.dorar.net/feqhia/4144",
    "section": "figh-nikah",
    "answers": [
      {
        "answer": "لا يصِحُّ",
        "t": 1
      },
      {
        "answer": "يصِحُّ معَ الكَراهةِ",
        "t": 0
      },
      {
        "answer": "يصِحُّ مُطلقًا",
        "t": 0
      }
    ]
  },
  {
    "id": 2132,
    "q": "شهادةُ الأخرسِ على النِّكاحِ",
    "level": 2,
    "link": "https://www.dorar.net/feqhia/4151",
    "section": "figh-nikah",
    "answers": [
      {
        "answer": "تنعقِدُ",
        "t": 1
      },
      {
        "answer": "لا تَنعقِدُ",
        "t": 0
      },
      {
        "answer": "تنعقِدُ معَ شاهدٍ آخَرَ سَليمٍ",
        "t": 0
      }
    ]
  },
  {
    "id": 2136,
    "q": "نِكاحُ التَّحليلِ",
    "level": 2,
    "link": "https://www.dorar.net/feqhia/4228",
    "section": "figh-nikah",
    "answers": [
      {
        "answer": "يحرُمُ ولا يصِحُّ",
        "t": 1
      },
      {
        "answer": "يصِحُّ معَ الكراهةِ",
        "t": 0
      },
      {
        "answer": "يصِحُّ",
        "t": 0
      }
    ]
  }
]