[
  {
    "id": 2154,
    "q": "الفُرقةُ بينَ الزَّوجَينِ بالعَيبِ",
    "level": 3,
    "link": "https://www.dorar.net/feqhia/4259",
    "section": "figh-nikah",
    "answers": [
      {
        "answer": "تقعُ خُلعًا",
        "t": 0
      },
      {
        "answer": "تقعُ فَسخًا",
        "t": 1
      },
      {
        "answer": "تقعُ طَلاقًا",
        "t": 0
      }
    ]
  },
  {
    "id": 2146,
    "q": "وِلايَةُ مَن به جُنونٌ دائمٌ",
    "level": 3,
    "link": "https://www.dorar.net/feqhia/4101",
    "section": "figh-nikah",
    "answers": [
      {
        "answer": "تجوزُ",
        "t": 0
      },
      {
        "answer": "لا تجوزُ",
        "t": 1
      },
      {
        "answer": "تُكرَهُ",
        "t": 0
      }
    ]
  },
  {
    "id": 2158,
    "q": "إذا نَكَحَ كافِرٌ مَن لا تحِلُّ له ثُمَّ أسلَمَ",
    "level": 3,
    "link": "https://www.dorar.net/feqhia/4287",
    "section": "figh-nikah",
    "answers": [
      {
        "answer": "يُفرَّقُ بينَهما ويبطُلُ النِّكاحُ",
        "t": 1
      },
      {
        "answer": "يبقى النِّكاحُ",
        "t": 0
      },
      {
        "answer": "له الخيارُ",
        "t": 0
      }
    ]
  },
  {
    "id": 2150,
    "q": "المرأةُ إذا زوَّجها وليٌّ وغيرُه أولَى منه وهو حاضِرٌ",
    "level": 3,
    "link": "https://www.dorar.net/feqhia/4130",
    "section": "figh-nikah",
    "answers": [
      {
        "answer": "يُكرَهُ وينعقِدُ النِّكاحُ",
        "t": 0
      },
      {
        "answer": "لا يصِحُّ النِّكاحُ",
        "t": 1
      },
      {
        "answer": "يصِحُّ النِّكاحُ",
        "t": 0
      }
    ]
  },
  {
    "id": 2152,
    "q": "إذا شُرِطَ في العَقدِ عدمُ النَّفَقةِ",
    "level": 3,
    "link": "https://www.dorar.net/feqhia/4233",
    "section": "figh-nikah",
    "answers": [
      {
        "answer": "يفسُدُ الشَّرطُ ويصِحُّ العَقدُ",
        "t": 1
      },
      {
        "answer": "يفسُدُ العقدُ",
        "t": 0
      },
      {
        "answer": "يصِحُّ الشَّرطُ والعَقدُ",
        "t": 0
      }
    ]
  },
  {
    "id": 2156,
    "q": "إذا أسلمَ الزَّوجُ وتحتَه وَثَنيَّةٌ لم يدخُلْ بها",
    "level": 3,
    "link": "https://www.dorar.net/feqhia/4281",
    "section": "figh-nikah",
    "answers": [
      {
        "answer": "بقيَ النِّكاحُ",
        "t": 0
      },
      {
        "answer": "يُفرَّقُ بينَهما ما لم تُسلِمْ",
        "t": 1
      },
      {
        "answer": "يُفرَّقُ بينَهما مُطلقًا",
        "t": 0
      }
    ]
  },
  {
    "id": 2145,
    "q": "إذا زوَّجَ الوليَّانِ امرأةً من رجُلَينِ ولم يُعلَم أيُّهما سَبقَ، فإنَّه:",
    "level": 3,
    "link": "https://www.dorar.net/feqhia/4134",
    "section": "figh-nikah",
    "answers": [
      {
        "answer": "يقترِعانِ",
        "t": 0
      },
      {
        "answer": "العقدانِ باطِلانِ",
        "t": 1
      },
      {
        "answer": "لها أن تختارَ",
        "t": 0
      }
    ]
  },
  {
    "id": 2149,
    "q": "شَهادةُ الأصَمِّ في عقدِ النِّكاحِ",
    "level": 3,
    "link": "https://www.dorar.net/feqhia/4151",
    "section": "figh-nikah",
    "answers": [
      {
        "answer": "جائزةٌ",
        "t": 0
      },
      {
        "answer": "لا تصِحُّ",
        "t": 1
      },
      {
        "answer": "مَكروهةٌ",
        "t": 0
      }
    ]
  },
  {
    "id": 2143,
    "q": "إشارَةُ الأخرَسِ وغيرِ القادِرِ على النُّطقِ في الإيجابِ والقَبولِ",
    "level": 3,
    "link": "https://www.dorar.net/feqhia/4069",
    "section": "figh-nikah",
    "answers": [
      {
        "answer": "ينعقِدُ بها النِّكاحُ",
        "t": 1
      },
      {
        "answer": "لا ينعقِدُ بها النِّكاحُ مطلقًا",
        "t": 0
      },
      {
        "answer": "ينعقِدُ إن لم يُحضِرْ ناطقًا",
        "t": 0
      }
    ]
  },
  {
    "id": 2162,
    "q": "مَنعُ الحَملِ مؤقَّتًا",
    "level": 3,
    "link": "https://www.dorar.net/feqhia/4468",
    "section": "figh-nikah",
    "answers": [
      {
        "answer": "لا يجوزُ مُطلقًا",
        "t": 0
      },
      {
        "answer": "يجوزُ للحاجَةِ المُعتبَرةِ شرعًا",
        "t": 1
      },
      {
        "answer": "يجوزُ مُطلقًا",
        "t": 0
      }
    ]
  },
  {
    "id": 2151,
    "q": "نِكاحُ الشِّغارِ بغيرِ صَداقٍ",
    "level": 3,
    "link": "https://www.dorar.net/feqhia/4226",
    "section": "figh-nikah",
    "answers": [
      {
        "answer": "يُفسَخ قبلَ الدُّخولِ لا بعدَه",
        "t": 0
      },
      {
        "answer": "يصِحُّ مُطلقًا",
        "t": 0
      },
      {
        "answer": "يُفسَخ قبلَ الدُّخولِ وبعدَه",
        "t": 1
      }
    ]
  },
  {
    "id": 2159,
    "q": "إذا وقعَ الطَّلاقُ بسببِ المرأةِ قَبلَ الدُّخولِ",
    "level": 3,
    "link": "https://www.dorar.net/feqhia/4366",
    "section": "figh-nikah",
    "answers": [
      {
        "answer": "لها المهرُ كاملًا",
        "t": 0
      },
      {
        "answer": "ليس لها شيءٌ",
        "t": 1
      },
      {
        "answer": "لها نِصفُ المهرِ",
        "t": 0
      }
    ]
  },
  {
    "id": 2147,
    "q": "إكراهُ الوَليِّ على العَقدِ",
    "level": 3,
    "link": "https://www.dorar.net/feqhia/4117",
    "section": "figh-nikah",
    "answers": [
      {
        "answer": "ينعقِدُ وله حقُّ الفَسخِ",
        "t": 0
      },
      {
        "answer": "لا يصِحُّ",
        "t": 1
      },
      {
        "answer": "صحيحٌ",
        "t": 0
      }
    ]
  },
  {
    "id": 2155,
    "q": "إذا أسلَمَ الزَّوجُ وتحتَه زوجةٌ كِتابيَّةٌ",
    "level": 3,
    "link": "https://www.dorar.net/feqhia/4278",
    "section": "figh-nikah",
    "answers": [
      {
        "answer": "فُسخَ النِّكاحُ",
        "t": 0
      },
      {
        "answer": "بقيَ النِّكاحُ",
        "t": 1
      },
      {
        "answer": "يَسقُط صَداقُها",
        "t": 0
      }
    ]
  },
  {
    "id": 2157,
    "q": "إذا أسلَمَ الزَّوجُ وتحتَه أكثرُ مِن أربَعِ نِسوةٍ",
    "level": 3,
    "link": "https://www.dorar.net/feqhia/4285",
    "section": "figh-nikah",
    "answers": [
      {
        "answer": "يجوزُ له أن يتمسَّكَ بِهِنَّ",
        "t": 0
      },
      {
        "answer": "يفارِقُ مَن شاءَ ويترُكُ أربعًا",
        "t": 1
      },
      {
        "answer": "يفارِقُهُنَّ جميعًا",
        "t": 0
      }
    ]
  },
  {
    "id": 2153,
    "q": "اشتراطُ أن يكونَ الطَّلاقُ بيدِ المرأةِ",
    "level": 3,
    "link": "https://www.dorar.net/feqhia/4235",
    "section": "figh-nikah",
    "answers": [
      {
        "answer": "شَرطٌ صحيحٌ يجِبُ الوفاءُ به",
        "t": 0
      },
      {
        "answer": "يفسُدُ الشَّرطُ والعَقدُ",
        "t": 0
      },
      {
        "answer": "الشَّرطُ باطِلٌ والنِّكاحُ صحيحٌ",
        "t": 1
      }
    ]
  },
  {
    "id": 2160,
    "q": "إذا وقعَ الطَّلاقُ بسببِ المرأةِ بعدَ الدُّخولِ",
    "level": 3,
    "link": "https://www.dorar.net/feqhia/4368",
    "section": "figh-nikah",
    "answers": [
      {
        "answer": "لها نِصفُ المهرِ",
        "t": 0
      },
      {
        "answer": "لا يجِبُ لها شَيءٌ",
        "t": 0
      },
      {
        "answer": "لها المهرُ كاملًا",
        "t": 1
      }
    ]
  },
  {
    "id": 2144,
    "q": "إذا زوَّجَ الوليَّانِ امرأةً من رجُلَينِ وعُلمَ السَّابقُ منهما",
    "level": 3,
    "link": "https://www.dorar.net/feqhia/4134",
    "section": "figh-nikah",
    "answers": [
      {
        "answer": "يبطُلُ النِّكاحُ في الكُلِّ",
        "t": 0
      },
      {
        "answer": "يصِحُّ نِكاحُ الأخيرِ",
        "t": 0
      },
      {
        "answer": "يصِحُّ نِكاحُ الأوَّلِ دونَ الأخيرِ",
        "t": 1
      }
    ]
  },
  {
    "id": 2148,
    "q": "عَضْلُ الوليِّ المرأةَ عنِ الزَّواجِ",
    "level": 3,
    "link": "https://www.dorar.net/feqhia/4136",
    "section": "figh-nikah",
    "answers": [
      {
        "answer": "يحرُمُ",
        "t": 1
      },
      {
        "answer": "يجوزُ",
        "t": 0
      },
      {
        "answer": "يُكرَهُ",
        "t": 0
      }
    ]
  },
  {
    "id": 2161,
    "q": "مَنعُ الحَملِ الدَّائمُ",
    "level": 3,
    "link": "https://www.dorar.net/feqhia/4466",
    "section": "figh-nikah",
    "answers": [
      {
        "answer": "يجوزُ مُطلقًا",
        "t": 0
      },
      {
        "answer": "يجوزُ للضَّرورةِ فحسبُ",
        "t": 1
      },
      {
        "answer": "لا يجوزُ مُطلقًا",
        "t": 0
      }
    ]
  }
]