[
  {
    "id": 7058,
    "q": "في قَولِه تعالَى: {ثُمَّ أَتِمُّوا الصِّيَامَ إِلَى اللَّيْلِ} حَرفُ (إلى) يُفيدُ:",
    "level": 2,
    "link": "https://dorar.net/arabia/1510",
    "section": "horoof",
    "answers": [
      {
        "answer": "المُلازَمَة",
        "t": 0
      },
      {
        "answer": "انتهاءَ الغايةِ الزَّمانيَّةِ",
        "t": 1
      },
      {
        "answer": "التَّسوِيةَ بين الجُزءَينِ",
        "t": 0
      }
    ]
  },
  {
    "id": 7041,
    "q": "حُروفُ المَعانِي هي:",
    "level": 2,
    "link": "https://dorar.net/arabia/1412",
    "section": "horoof",
    "answers": [
      {
        "answer": "حُروفٌ مُستَقِلَّة بمعَانٍ مُعيَّنةٍ ثابِتَة لا تَتغيَّر بتَغيُّر السِّياقِ",
        "t": 0
      },
      {
        "answer": "أصْواتٌ يُعبِّرُ بها كلُّ قَومٍ عن أغْراضِهم",
        "t": 0
      },
      {
        "answer": "كَلِماتٌ تدُلُّ على معنًى في غَيرِها، وتربِطُ بَين أَجزاءِ الكَلامِ",
        "t": 1
      }
    ]
  },
  {
    "id": 7049,
    "q": "تكونَ مَوْضُوعةً لطَلَبِ التَّرْكِ، وتختَصُّ بِالدُّخُولِ على المُضارعِ، تُسَمَّى:",
    "level": 2,
    "link": "https://dorar.net/arabia/1481",
    "section": "horoof",
    "answers": [
      {
        "answer": "لامَ الأَمْرِ",
        "t": 0
      },
      {
        "answer": "لا النَّافِيَةَ",
        "t": 0
      },
      {
        "answer": "لا الناهِيةَ",
        "t": 1
      }
    ]
  },
  {
    "id": 7051,
    "q": "حرفُ عَطفٍ يدُلُّ على التَّرْتِيبِ مَعَ التَّراخِي فِي الزَّمَنِ",
    "level": 2,
    "link": "https://dorar.net/arabia/1524",
    "section": "horoof",
    "answers": [
      {
        "answer": "ثُمَّ",
        "t": 1
      },
      {
        "answer": "الفاءُ",
        "t": 0
      },
      {
        "answer": "واوُ التَّراخِي",
        "t": 0
      }
    ]
  },
  {
    "id": 7056,
    "q": "(السِّينُ) تَدخُلُ على المُضارِعِ فتُخَلِّصُه للاستقبالِ وتُقَرِّبُ وُقُوعَه؛ وتُسَمَّى:",
    "level": 2,
    "link": "https://dorar.net/arabia/1426",
    "section": "horoof",
    "answers": [
      {
        "answer": "سِين الاستِقبالِ",
        "t": 0
      },
      {
        "answer": "سِين المُقارَبَة",
        "t": 0
      },
      {
        "answer": "سِين التَّنْفِيسِ",
        "t": 1
      }
    ]
  },
  {
    "id": 7057,
    "q": "الواو العاطِفةُ التي لمُطلَقِ الجَمعِ: ",
    "level": 2,
    "link": "https://dorar.net/arabia/1438",
    "section": "horoof",
    "answers": [
      {
        "answer": "لا تدُلُّ على تَرتيبٍ",
        "t": 1
      },
      {
        "answer": "تُفيدُ التَّرتيبَ والتَّعقِيبَ",
        "t": 0
      },
      {
        "answer": "تَدُلُّ على التَّراخِي الرُّتْبِيِّ وليس التَّرتِيب",
        "t": 0
      }
    ]
  },
  {
    "id": 7055,
    "q": "في قَولِه تعالى: {وَلَقَدْ نَصَرَكُمُ اللَّهُ بِبَدْرٍ وَأَنْتُمْ أَذِلَّةٌ}الباءُ المُلاصِقَةُ لكَلِمَة \"بدر\" تُفيدُ:",
    "level": 2,
    "link": "https://dorar.net/arabia/1422",
    "section": "horoof",
    "answers": [
      {
        "answer": "التَّعَجُّبَ",
        "t": 0
      },
      {
        "answer": "السَّبَبِيَّةَ",
        "t": 0
      },
      {
        "answer": "الظَّرفيَّةَ",
        "t": 1
      }
    ]
  },
  {
    "id": 7060,
    "q": "في قَولِه سُبحانَه: {لَوْلَا أَخَّرْتَنِي إِلَى أَجَلٍ قَرِيبٍ فَأَصَّدَّقَ} حَرفُ (لولا) يُفيدُ:",
    "level": 2,
    "link": "https://dorar.net/arabia/1575",
    "section": "horoof",
    "answers": [
      {
        "answer": "التَّمَنِّي",
        "t": 0
      },
      {
        "answer": "التحضيضِ والعَرضِ",
        "t": 1
      },
      {
        "answer": "التَّحذِيرَ",
        "t": 0
      }
    ]
  },
  {
    "id": 7044,
    "q": "مِن أَقسامِ حَرفِ التَّاء:",
    "level": 2,
    "link": "https://dorar.net/arabia/1424",
    "section": "horoof",
    "answers": [
      {
        "answer": "تاءُ التأنيثِ",
        "t": 1
      },
      {
        "answer": "تاءُ الفَصلِ",
        "t": 0
      },
      {
        "answer": "تاءُ المُعاوَضَة",
        "t": 0
      }
    ]
  },
  {
    "id": 7050,
    "q": "حرفُ جَوابٍ وتصديقٍ؛ يُجابُ بِهِ النَّفْيُ خاصَّةً ويفيدُ إبْطاله:",
    "level": 2,
    "link": "https://dorar.net/arabia/1522",
    "section": "horoof",
    "answers": [
      {
        "answer": "نَعَمْ",
        "t": 0
      },
      {
        "answer": "بَلَى",
        "t": 1
      },
      {
        "answer": "كَلَّا",
        "t": 0
      }
    ]
  },
  {
    "id": 7048,
    "q": "حرفُ جَرٍّ، مِن مَعانِيه: الاستِعلاءُ:",
    "level": 2,
    "link": "https://dorar.net/arabia/1467",
    "section": "horoof",
    "answers": [
      {
        "answer": "الباءُ",
        "t": 0
      },
      {
        "answer": "عَن",
        "t": 1
      },
      {
        "answer": "إِلى",
        "t": 0
      }
    ]
  },
  {
    "id": 7043,
    "q": "مِن مَعاني حَرفِ الباءِ:",
    "level": 2,
    "link": "https://dorar.net/arabia/1422",
    "section": "horoof",
    "answers": [
      {
        "answer": "التَّكرارُ",
        "t": 0
      },
      {
        "answer": "التَّشبِيهُ",
        "t": 0
      },
      {
        "answer": "الإلصاقُ",
        "t": 1
      }
    ]
  },
  {
    "id": 7053,
    "q": "حرفٌ للمُعادَلةِ بعد همزةِ الِاسْتِفْهامِ، المَطْلُوبِ بَعْدَها: تعْيينُ أحَدِ الشَّيْئَيْنِ:",
    "level": 2,
    "link": "https://dorar.net/arabia/1451",
    "section": "horoof",
    "answers": [
      {
        "answer": "ألَّا",
        "t": 0
      },
      {
        "answer": "أَمْ",
        "t": 1
      },
      {
        "answer": "لَيْتَ",
        "t": 0
      }
    ]
  },
  {
    "id": 7042,
    "q": "حَرفُ الهَمزَةِ يُستعمَلُ في:",
    "level": 2,
    "link": "https://dorar.net/arabia/1420",
    "section": "horoof",
    "answers": [
      {
        "answer": "الاستِدراكِ",
        "t": 0
      },
      {
        "answer": "نِداءِ القَرِيبِ",
        "t": 1
      },
      {
        "answer": "إِثباتُ النَّفيِ",
        "t": 0
      }
    ]
  },
  {
    "id": 7046,
    "q": "مِن حُروفِ الجَرِّ، ولا تَدخُلُ إلَّا على اسمِ (الله)",
    "level": 2,
    "link": "https://dorar.net/arabia/1424",
    "section": "horoof",
    "answers": [
      {
        "answer": "فاءُ العاقِبَةُ",
        "t": 0
      },
      {
        "answer": "الباءُ السَّببِيَّة",
        "t": 0
      },
      {
        "answer": "تاءُ القَسَمِ ",
        "t": 1
      }
    ]
  },
  {
    "id": 7052,
    "q": "التَّحضِيضُ هو:",
    "level": 2,
    "link": "https://dorar.net/arabia/1553",
    "section": "horoof",
    "answers": [
      {
        "answer": "الإسراعُ إلى الشَّيءِ",
        "t": 0
      },
      {
        "answer": "الحَثُّ على الشَّيءِ بإلحاحٍ",
        "t": 1
      },
      {
        "answer": "التَّنبِيهُ النَّاجِمُ عن التَّكرارِ",
        "t": 0
      }
    ]
  },
  {
    "id": 7059,
    "q": "مِن أخواتِ (إنَّ)، تدخُلُ على الجُملةِ الاسميَّةِ، فتنصِبُ المبتدأَ وَترْفَع الخَبَرَ:",
    "level": 2,
    "link": "https://dorar.net/arabia/1565",
    "section": "horoof",
    "answers": [
      {
        "answer": "ظَنَّ",
        "t": 0
      },
      {
        "answer": "كلَّا",
        "t": 0
      },
      {
        "answer": "كَأنَّ",
        "t": 1
      }
    ]
  },
  {
    "id": 7045,
    "q": "حَرفُ الفاءِ من الحُروفِ التي تُشْرِكُ في الإعرابِ والحُكمِ، وتُفيدُ:",
    "level": 2,
    "link": "https://dorar.net/arabia/1428",
    "section": "horoof",
    "answers": [
      {
        "answer": "التَّعقيبَ",
        "t": 1
      },
      {
        "answer": "التَّوكيدَ",
        "t": 0
      },
      {
        "answer": "الاستِمرارَ",
        "t": 0
      }
    ]
  },
  {
    "id": 7054,
    "q": "حَرفُ نَصبٍ وَنفيٍ واستقبالٍ للفِعلِ المضارعِ:",
    "level": 2,
    "link": "https://dorar.net/arabia/1477",
    "section": "horoof",
    "answers": [
      {
        "answer": "لَنْ",
        "t": 1
      },
      {
        "answer": "كَلَّا",
        "t": 0
      },
      {
        "answer": "ليسَ",
        "t": 0
      }
    ]
  },
  {
    "id": 7047,
    "q": "نونُ التوكيدِ تدْخُلُ على الفِعلِ: ",
    "level": 2,
    "link": "https://dorar.net/arabia/1434",
    "section": "horoof",
    "answers": [
      {
        "answer": "الأَمْرِ",
        "t": 0
      },
      {
        "answer": "المُضارعِ",
        "t": 1
      },
      {
        "answer": "الماضِي",
        "t": 0
      }
    ]
  }
]