[
  {
    "id": 7026,
    "q": "حَرف (إنْ) يأتي على وُجوهٍ منها:",
    "level": 1,
    "link": "https://dorar.net/arabia/1453",
    "section": "horoof",
    "answers": [
      {
        "answer": "حَرفُ نِداءٍ",
        "t": 0
      },
      {
        "answer": "حَرفُ شَرطٍ",
        "t": 1
      },
      {
        "answer": "حَرفُ قَسَمٍ",
        "t": 0
      }
    ]
  },
  {
    "id": 7024,
    "q": "إذا جاء حَرفُ البَاءِ  للتَّبعيض فيكون بمعنَى:",
    "level": 1,
    "link": "https://dorar.net/arabia/1422",
    "section": "horoof",
    "answers": [
      {
        "answer": "مِن",
        "t": 1
      },
      {
        "answer": "عَلى",
        "t": 0
      },
      {
        "answer": "عَن",
        "t": 0
      }
    ]
  },
  {
    "id": 7037,
    "q": "قد يُحذَفُ المُنادَى بـ(يا) فتكونُ لمجَرَّدِ:",
    "level": 1,
    "link": "https://dorar.net/arabia/1495",
    "section": "horoof",
    "answers": [
      {
        "answer": "الحَصْرِ",
        "t": 0
      },
      {
        "answer": "التَّنبيهِ",
        "t": 1
      },
      {
        "answer": "العِوَضِ",
        "t": 0
      }
    ]
  },
  {
    "id": 7022,
    "q": "حَرفُ الباءِ مختَصٌّ بالاسمِ، وهو أحَدُ حُروفِ:",
    "level": 1,
    "link": "https://dorar.net/arabia/1422",
    "section": "horoof",
    "answers": [
      {
        "answer": "الجَرِّ",
        "t": 1
      },
      {
        "answer": "العَطفِ",
        "t": 0
      },
      {
        "answer": "النِّداءِ",
        "t": 0
      }
    ]
  },
  {
    "id": 7021,
    "q": "مِن أَمثِلَةِ باءِ القَسَم:",
    "level": 1,
    "link": "https://dorar.net/arabia/1422",
    "section": "horoof",
    "answers": [
      {
        "answer": "{أَلَسْتُ بِرَبِّكُمْ}",
        "t": 0
      },
      {
        "answer": "أُقسِمُ باللهِ لتَجتَهِدَنَّ",
        "t": 1
      },
      {
        "answer": "{بِأَنَّ رَبَّكَ أَوْحَى لَهَا}",
        "t": 0
      }
    ]
  },
  {
    "id": 7031,
    "q": "من أمثلة واو الجمع:",
    "level": 1,
    "link": "https://dorar.net/arabia/1438",
    "section": "horoof",
    "answers": [
      {
        "answer": "المسلِمون",
        "t": 1
      },
      {
        "answer": "مكنون",
        "t": 0
      },
      {
        "answer": "ألوان",
        "t": 0
      }
    ]
  },
  {
    "id": 7039,
    "q": "مِن مَعاني حَرفِ (على):",
    "level": 1,
    "link": "https://dorar.net/arabia/1536",
    "section": "horoof",
    "answers": [
      {
        "answer": "الكافُ",
        "t": 0
      },
      {
        "answer": "الفَوْقِيَّةُ",
        "t": 1
      },
      {
        "answer": "التَّأكِيدُ",
        "t": 0
      }
    ]
  },
  {
    "id": 7035,
    "q": "حَرفُ اللَّامِ في قَولِ \"الجنَّةُ للْمُؤْمِنين\" يُفيدُ:",
    "level": 1,
    "link": "https://dorar.net/arabia/1432",
    "section": "horoof",
    "answers": [
      {
        "answer": "الِاخْتِصاصَ",
        "t": 1
      },
      {
        "answer": "التَّوكيدَ",
        "t": 0
      },
      {
        "answer": "التَّقريرَ",
        "t": 0
      }
    ]
  },
  {
    "id": 7032,
    "q": "حَرفُ تمنٍّ يتَعَلَّقُ بالمستحيلِ غالِبًا",
    "level": 1,
    "link": "https://dorar.net/arabia/1540",
    "section": "horoof",
    "answers": [
      {
        "answer": "مَهْما",
        "t": 0
      },
      {
        "answer": "لَيْتَ",
        "t": 1
      },
      {
        "answer": "لاتَ",
        "t": 0
      }
    ]
  },
  {
    "id": 7030,
    "q": "حَرفُ (كلَّا) يكونُ:",
    "level": 1,
    "link": "https://dorar.net/arabia/1567",
    "section": "horoof",
    "answers": [
      {
        "answer": "للحَثِّ والتَّرغيبِ",
        "t": 0
      },
      {
        "answer": "للرَّدعِ والزَّجرِ",
        "t": 1
      },
      {
        "answer": "للتَّوكيدِ والتَّقريرِ",
        "t": 0
      }
    ]
  },
  {
    "id": 7023,
    "q": "حَرفُ (أل) يُسمَّى:",
    "level": 1,
    "link": "https://dorar.net/arabia/1449",
    "section": "horoof",
    "answers": [
      {
        "answer": "أَداةُ وَصْلٍ",
        "t": 0
      },
      {
        "answer": "أَداةُ تَعْرِيفٍ",
        "t": 1
      },
      {
        "answer": "أَداةُ جَزْمٍ",
        "t": 0
      }
    ]
  },
  {
    "id": 7027,
    "q": "حَرفُ عَطفٍ يَجِيءُ لعِدَّةِ مَعانٍ منها التخييرُ:",
    "level": 1,
    "link": "https://dorar.net/arabia/1457",
    "section": "horoof",
    "answers": [
      {
        "answer": "أَو",
        "t": 1
      },
      {
        "answer": "بَلَى",
        "t": 0
      },
      {
        "answer": "الفَاءُ",
        "t": 0
      }
    ]
  },
  {
    "id": 7029,
    "q": "حَرفٌ يختَصُّ بالاستفهامِ عن النِّسبةِ الإيجابيَّةِ: المُثبَتةِ لا المنفيَّةِ:",
    "level": 1,
    "link": "https://dorar.net/arabia/1489",
    "section": "horoof",
    "answers": [
      {
        "answer": "لو",
        "t": 0
      },
      {
        "answer": "هل",
        "t": 1
      },
      {
        "answer": "لكن",
        "t": 0
      }
    ]
  },
  {
    "id": 7034,
    "q": "الباءُ الدَّاخِلةُ على الأثمانِ والأعواضِ نَحْوُ: اشتريتُ الفرسَ بألْفٍ، تُسَمَّى:",
    "level": 1,
    "link": "https://dorar.net/arabia/1422",
    "section": "horoof",
    "answers": [
      {
        "answer": "باءَ التِّجارَةِ",
        "t": 0
      },
      {
        "answer": "باءَ البَيْعِ",
        "t": 0
      },
      {
        "answer": "باءَ العِوَضِ",
        "t": 1
      }
    ]
  },
  {
    "id": 7038,
    "q": "حرف يأتي للتَّأْكِيدِ وَنفيِ الإنْكارِ والشَّكِّ:",
    "level": 1,
    "link": "https://dorar.net/arabia/1516",
    "section": "horoof",
    "answers": [
      {
        "answer": "لاتَ",
        "t": 0
      },
      {
        "answer": "أنَّ",
        "t": 1
      },
      {
        "answer": "إِذْ",
        "t": 0
      }
    ]
  },
  {
    "id": 7025,
    "q": "تأتي الكافُ في الكلامِ، لَها عِدَّةُ مَعانٍ: مِنْها",
    "level": 1,
    "link": "https://dorar.net/arabia/1430",
    "section": "horoof",
    "answers": [
      {
        "answer": "التَّوضِيحُ",
        "t": 0
      },
      {
        "answer": "التَّشْبِيهُ",
        "t": 1
      },
      {
        "answer": "النِّداءُ",
        "t": 0
      }
    ]
  },
  {
    "id": 7028,
    "q": "حَرفُ جَرٍّ، وتدُلُّ على عِدَّةِ مَعانٍ منها: الظَّرفيَّةُ:",
    "level": 1,
    "link": "https://dorar.net/arabia/1469",
    "section": "horoof",
    "answers": [
      {
        "answer": "الكافُ",
        "t": 0
      },
      {
        "answer": "إلى",
        "t": 0
      },
      {
        "answer": "فِي",
        "t": 1
      }
    ]
  },
  {
    "id": 7036,
    "q": "حَرفُ جَزمٍ لنَفيِ المُضارعِ:",
    "level": 1,
    "link": "https://dorar.net/arabia/1475",
    "section": "horoof",
    "answers": [
      {
        "answer": "لَمْ",
        "t": 1
      },
      {
        "answer": "كَلَّا",
        "t": 0
      },
      {
        "answer": "نُونُ التَّوكيدِ",
        "t": 0
      }
    ]
  },
  {
    "id": 7033,
    "q": "في قَولِه تعالَى: {قَالُوا لَبِثْنَا يَوْمًا أَوْ بَعْضَ يَوْمٍ} حَرفُ (أو) يُفيدُ:",
    "level": 1,
    "link": "https://dorar.net/arabia/1457",
    "section": "horoof",
    "answers": [
      {
        "answer": "الإبهامَ",
        "t": 0
      },
      {
        "answer": "الشَّكَّ",
        "t": 1
      },
      {
        "answer": "التَّخيِيرَ",
        "t": 0
      }
    ]
  },
  {
    "id": 7040,
    "q": "مِن أَحرُفِ الجَوابِ:",
    "level": 1,
    "link": "https://dorar.net/arabia/1608",
    "section": "horoof",
    "answers": [
      {
        "answer": "نَعَمْ، بَلَى",
        "t": 1
      },
      {
        "answer": " لَكِنْ",
        "t": 0
      },
      {
        "answer": "حَيثُ، إنَّما",
        "t": 0
      }
    ]
  }
]