[
  {
    "id": 7076,
    "q": "(لَكِنَّ) تُفِيدُ الاستِدراكُ: وَهُوَ:",
    "level": 3,
    "link": "https://dorar.net/arabia/1581",
    "section": "horoof",
    "answers": [
      {
        "answer": "إصْدارُ حُكْمٍ على ضَميرٍ مُبهَمٍ لغيْرِ الغائِبِ",
        "t": 0
      },
      {
        "answer": "الإبْدالُ الَّذي يَقَعُ بَيْن حَرْفَينِ مُتَجانِسَينِ",
        "t": 0
      },
      {
        "answer": "أَن تُثبِتَ لِما بَعْدَها حُكمًا مُخالفًا لما قبلها",
        "t": 1
      }
    ]
  },
  {
    "id": 7061,
    "q": "تَنقَسِمُ حُروفُ المعاني مِن حيثُ عَدَدُ الحروفِ إلى: ",
    "level": 3,
    "link": "https://dorar.net/arabia/1415",
    "section": "horoof",
    "answers": [
      {
        "answer": "ثَلاثَةِ أَقسامٍ",
        "t": 0
      },
      {
        "answer": "أَربعَةِ أَقسامٍ",
        "t": 0
      },
      {
        "answer": "خَمسَةِ أَقسامٍ",
        "t": 1
      }
    ]
  },
  {
    "id": 7074,
    "q": "في قَولِه تعالى: {لِيَكُونَ لَهُمْ عَدُوًّا وَحَزَنًا} اللَّامُ في (لِيَكُونَ) تُسَمَّى:",
    "level": 3,
    "link": "https://dorar.net/arabia/1432",
    "section": "horoof",
    "answers": [
      {
        "answer": "لامَ العاقِبةِ",
        "t": 1
      },
      {
        "answer": "لامَ التَّعليل",
        "t": 0
      },
      {
        "answer": "لامَ الأَمْرِ",
        "t": 0
      }
    ]
  },
  {
    "id": 7079,
    "q": "حَرفٌ للمُفاجأةِ،! يَقعُ بَعْدَ (بَيْنا) أَو (بَيْنَما)",
    "level": 3,
    "link": "https://dorar.net/arabia/1447",
    "section": "horoof",
    "answers": [
      {
        "answer": "إِذَا",
        "t": 0
      },
      {
        "answer": "مُذْ",
        "t": 0
      },
      {
        "answer": "إِذْ",
        "t": 1
      }
    ]
  },
  {
    "id": 7075,
    "q": "مِن أَمثِلَةِ لامِ جَوابِ القَسَم، قَولُه تعالى:",
    "level": 3,
    "link": "https://dorar.net/arabia/1432",
    "section": "horoof",
    "answers": [
      {
        "answer": "{لَأَنْتُمْ أَشَدُّ رَهْبَةً فِي صُدُورِهِمْ مِنَ اللَّهِ}",
        "t": 0
      },
      {
        "answer": "{قَالُوا تَاللَّهِ لَقَدْ آثَرَكَ اللَّهُ عَلَيْنَا}",
        "t": 1
      },
      {
        "answer": "{إِنَّ فِي ذَلِكَ لَعِبْرَةً}",
        "t": 0
      }
    ]
  },
  {
    "id": 7078,
    "q": "تُسَمَّى نُونُ الوِقايةِ، بِنُونِ:",
    "level": 3,
    "link": "https://dorar.net/arabia/1434",
    "section": "horoof",
    "answers": [
      {
        "answer": "العِمادِ",
        "t": 1
      },
      {
        "answer": "الخَفْضِ",
        "t": 0
      },
      {
        "answer": "المِلْكِيَّةِ",
        "t": 0
      }
    ]
  },
  {
    "id": 7070,
    "q": "الحُروفُ التي تختصُّ بنوعٍ مُعَيَّنٍ مِن الكَلِمةِ (اسْم أو فِعل):",
    "level": 3,
    "link": "https://dorar.net/arabia/1614",
    "section": "horoof",
    "answers": [
      {
        "answer": "حُروفُ المَعِيَّة",
        "t": 0
      },
      {
        "answer": "الحُروفُ المختصَّةُ",
        "t": 1
      },
      {
        "answer": "الحُروفُ المُدْمَجَةُ",
        "t": 0
      }
    ]
  },
  {
    "id": 7066,
    "q": "مِن شُروطِ (لا) النافيةِ للجِنسِ:",
    "level": 3,
    "link": "https://dorar.net/arabia/1481",
    "section": "horoof",
    "answers": [
      {
        "answer": "أن تكونَ زائِدةً",
        "t": 0
      },
      {
        "answer": "أن تكونَ دالَّةً على التوكيدِ",
        "t": 0
      },
      {
        "answer": "أن تكونَ عاملةً عَمَلَ (إنَّ)",
        "t": 1
      }
    ]
  },
  {
    "id": 7073,
    "q": "مِن أَمثِلَةِ باءِ المُجاوَزة، التي بمعنى (عن)، قَوْلُه تعالَى: ",
    "level": 3,
    "link": "https://dorar.net/arabia/1422",
    "section": "horoof",
    "answers": [
      {
        "answer": "{قَدْ جَاءَكُمُ الرَّسُولُ بِالْحَقِّ}",
        "t": 0
      },
      {
        "answer": "{لَتَمُرُّونَ عَلَيْهِمْ مُصْبِحِينَ * وَبِاللَّيْلِ}",
        "t": 0
      },
      {
        "answer": "{فَاسْأَلْ بِهِ خَبِيرًا}",
        "t": 1
      }
    ]
  },
  {
    "id": 7064,
    "q": "واوُ الفَصْلِ:",
    "level": 3,
    "link": "https://dorar.net/arabia/1438",
    "section": "horoof",
    "answers": [
      {
        "answer": "واوٌ تَقعُ بعدَ الجُملَةِ الاستِئنافِيَّة",
        "t": 0
      },
      {
        "answer": "واوٌ كِتابِيَّةٌ فَحَسْبُ",
        "t": 1
      },
      {
        "answer": "واوٌ تَفصِلُ بين الضَّمائرِ",
        "t": 0
      }
    ]
  },
  {
    "id": 7072,
    "q": "تُسَمَّى هَمزَةُ الاستِفهامِ الواقِعةُ بعدَ \"سَواء\" بـ: ",
    "level": 3,
    "link": "https://dorar.net/arabia/1420",
    "section": "horoof",
    "answers": [
      {
        "answer": "هَمزَةِ التَّماثُل",
        "t": 0
      },
      {
        "answer": "هَمزَةِ التَّسوِيَةِ",
        "t": 1
      },
      {
        "answer": "هَمزَةِ التَّفرِقَة",
        "t": 0
      }
    ]
  },
  {
    "id": 7067,
    "q": "مِن أَدواتِ الاستثناءِ التي تَجُرُّ المُستَثنَى:",
    "level": 3,
    "link": "https://dorar.net/arabia/1530",
    "section": "horoof",
    "answers": [
      {
        "answer": "خَلَا",
        "t": 1
      },
      {
        "answer": "إِلَّا",
        "t": 0
      },
      {
        "answer": "عَدَا",
        "t": 0
      }
    ]
  },
  {
    "id": 7065,
    "q": "حرفُ امتِناعِ الجوابِ لامتناعِ الشَّرطِ:",
    "level": 3,
    "link": "https://dorar.net/arabia/1479",
    "section": "horoof",
    "answers": [
      {
        "answer": "لَوْ",
        "t": 1
      },
      {
        "answer": "بَلَى",
        "t": 0
      },
      {
        "answer": "إِنْ",
        "t": 0
      }
    ]
  },
  {
    "id": 7069,
    "q": "حرفُ تحضيضٍ يخْتَصُّ بالجُمَلِ الفِعليَّةِ الخَبَريَّةِ:",
    "level": 3,
    "link": "https://dorar.net/arabia/1579",
    "section": "horoof",
    "answers": [
      {
        "answer": "مَهْمَا",
        "t": 0
      },
      {
        "answer": "لَوْلَا",
        "t": 0
      },
      {
        "answer": "هَلَّا",
        "t": 1
      }
    ]
  },
  {
    "id": 7071,
    "q": "في قَولِه تعالى: {وَنَضَعُ الْمَوَازِينَ الْقِسْطَ لِيَوْمِ الْقِيَامَةِ} اللَّامُ في (لِيَوْمِ) بِمَعنَى:",
    "level": 3,
    "link": "https://dorar.net/arabia/1432",
    "section": "horoof",
    "answers": [
      {
        "answer": "إِلَى",
        "t": 0
      },
      {
        "answer": "فِي",
        "t": 1
      },
      {
        "answer": "لِأَجْلِ",
        "t": 0
      }
    ]
  },
  {
    "id": 7077,
    "q": "\"جاء زيدٌ ويَدُه على رأسِه\" الواوُ هُنا تُسَمَّى:",
    "level": 3,
    "link": "https://dorar.net/arabia/1438",
    "section": "horoof",
    "answers": [
      {
        "answer": "واوَ العَطْفِ",
        "t": 0
      },
      {
        "answer": "واوَ الحالِ",
        "t": 1
      },
      {
        "answer": "واوَ المَعِيَّة",
        "t": 0
      }
    ]
  },
  {
    "id": 7063,
    "q": "مِن مَعاني اللَّامِ الجارَّةِ:",
    "level": 3,
    "link": "https://dorar.net/arabia/1432",
    "section": "horoof",
    "answers": [
      {
        "answer": "الإِيفاءُ",
        "t": 0
      },
      {
        "answer": "التَّقريبُ",
        "t": 0
      },
      {
        "answer": "الِاسْتِحْقاق",
        "t": 1
      }
    ]
  },
  {
    "id": 7080,
    "q": "في قَولِه تعالى: {وَأَنْزَلْنَا إِلَيْكَ الذِّكْرَ لِتُبَيِّنَ لِلنَّاسِ} اللَّامُ في (لِتُبَيِّنَ) تُفِيدُ:",
    "level": 3,
    "link": "https://dorar.net/arabia/1432",
    "section": "horoof",
    "answers": [
      {
        "answer": "التَّوضِيحَ",
        "t": 0
      },
      {
        "answer": "التَّعْلِيلَ",
        "t": 1
      },
      {
        "answer": "الحَثَّ",
        "t": 0
      }
    ]
  },
  {
    "id": 7062,
    "q": "تَرِد الهمزةُ لمعانٍ مُتفَرِّعةٍ عن الاستفهامِ؛ ومنها:",
    "level": 3,
    "link": "https://dorar.net/arabia/1420",
    "section": "horoof",
    "answers": [
      {
        "answer": "التَّذكيرُ ",
        "t": 1
      },
      {
        "answer": "التَّعلِيقُ",
        "t": 0
      },
      {
        "answer": "المُجاوَزةُ",
        "t": 0
      }
    ]
  },
  {
    "id": 7068,
    "q": "حرفُ نَفيٍ مُشبَّهٌ بـ(ليس) مِن حيثُ عَمَلُها النحْويُّ:",
    "level": 3,
    "link": "https://dorar.net/arabia/1538",
    "section": "horoof",
    "answers": [
      {
        "answer": "لَاتَ",
        "t": 1
      },
      {
        "answer": "لَمَا",
        "t": 0
      },
      {
        "answer": "إِذْمَا",
        "t": 0
      }
    ]
  }
]