[
  {
    "id": 6178,
    "q": "قَولُه تعالى: {وَقَالُوا رَبَّنَا عَجِّلْ لَنَا قِطَّنَا قَبْلَ يَوْمِ الْحِسَابِ} قال مُشرِكو قُرَيشٍ ذلك على سَبيلِ:",
    "level": 1,
    "link": "https://dorar.net/tafseer/38/3",
    "section": "sad",
    "answers": [
      {
        "answer": "التَّعَنُّتِ والتَّكَبُّر",
        "t": 0
      },
      {
        "answer": "التَّحَدِّي",
        "t": 0
      },
      {
        "answer": "الاستِهزاءِ والتَّكذِيب",
        "t": 1
      }
    ]
  },
  {
    "id": 6168,
    "q": "في قَولِه تعالى: {وَاذْكُرْ عَبْدَنَا أَيُّوبَ إِذْ نَادَى رَبَّهُ أَنِّي مَسَّنِيَ الشَّيْطَانُ بِنُصْبٍ} \"نُصْبٍ\" أي: ",
    "level": 1,
    "link": "https://dorar.net/tafseer/38/8",
    "section": "sad",
    "answers": [
      {
        "answer": "غَفْلَةٍ",
        "t": 0
      },
      {
        "answer": "شَرٍّ وعَناءٍ",
        "t": 1
      },
      {
        "answer": "سِحْرٍ ومَسٍّ",
        "t": 0
      }
    ]
  },
  {
    "id": 6181,
    "q": "المَقصُودُ بالمِلَّةِ في قَولِه تعالى: {مَا سَمِعْنَا بِهَذَا فِي الْمِلَّةِ الْآَخِرَةِ}:",
    "level": 1,
    "link": "https://dorar.net/tafseer/38/2",
    "section": "sad",
    "answers": [
      {
        "answer": "الحَنِيفِيَّةُ مِلَّةُ إبراهِيمَ",
        "t": 0
      },
      {
        "answer": "اليَهُودِيَّةُ",
        "t": 0
      },
      {
        "answer": "النَّصرانيَّةُ",
        "t": 1
      }
    ]
  },
  {
    "id": 6167,
    "q": "قَولُه تعالَى: {فَإِذَا سَوَّيْتُهُ وَنَفَخْتُ فِيهِ مِنْ رُوحِي فَقَعُوا لَهُ سَاجِدِينَ} أجْمَع المُسلِمُونَ على أنَّ سُجودَ المَلائِكَةِ لأدمَ كان سُجودَ:",
    "level": 1,
    "link": "https://dorar.net/tafseer/38/13",
    "section": "sad",
    "answers": [
      {
        "answer": "عِبادَة",
        "t": 0
      },
      {
        "answer": "تَعظِيم",
        "t": 1
      },
      {
        "answer": "شُكر",
        "t": 0
      }
    ]
  },
  {
    "id": 6165,
    "q": "في قَولِه تعالى: {فَلْيَذُوقُوهُ حَمِيمٌ وَغَسَّاقٌ} الغَسَّاقُ هو:",
    "level": 1,
    "link": "https://dorar.net/tafseer/38/11",
    "section": "sad",
    "answers": [
      {
        "answer": "نَباتٌ شَدِيدُ المَرارَةِ",
        "t": 0
      },
      {
        "answer": "القُيُودُ والأَغلالُ التي يُعَذَّبُ بها أَهلُ النَّارِ",
        "t": 0
      },
      {
        "answer": "الصَّديدُ الذي يَسيلُ مِن جُلودِ أهلِ النَّارِ",
        "t": 1
      }
    ]
  },
  {
    "id": 6174,
    "q": "قَولُه تعالى: {إِذْ عُرِضَ عَلَيْهِ بِالْعَشِيِّ الصَّافِنَاتُ} \"الصَّافِنَاتُ\" أي: ",
    "level": 1,
    "link": "https://dorar.net/tafseer/38/7",
    "section": "sad",
    "answers": [
      {
        "answer": "الخَيلُ القائِمةُ على ثلاثِ قوائِمَ",
        "t": 1
      },
      {
        "answer": "إِبلُ الصَّدَقَةِ",
        "t": 0
      },
      {
        "answer": "الغَنَمُ التي يُخالِطُ سَوادَها بَياضٌ",
        "t": 0
      }
    ]
  },
  {
    "id": 6176,
    "q": "قَولُ الله تعالى: {وَهَلْ أَتَاكَ نَبَأُ الْخَصْمِ إِذْ تَسَوَّرُوا الْمِحْرَابَ * إِذْ دَخَلُوا عَلَى دَاوُودَ فَفَزِعَ مِنْهُمْ} يُستَفادُ مِنه:",
    "level": 1,
    "link": "https://dorar.net/tafseer/38/5",
    "section": "sad",
    "answers": [
      {
        "answer": "أنَّ الخُصومةَ تَجلِبُ الفَزعَ",
        "t": 0
      },
      {
        "answer": "أنَّ سُوءَ أدَبِ الخَصمِ لا يَمنَعُ الحاكِمَ مِن الحُكمِ بالحَقِّ",
        "t": 1
      },
      {
        "answer": "مَشرُوعِيَّةُ بِناءِ المَحارِيبِ في المَساجِد والجَوامِع",
        "t": 0
      }
    ]
  },
  {
    "id": 6162,
    "q": "المَقصُودُ بـ\"الأَبْصَار\" في قَولِه تعالى: {أُولِي الْأَيْدِي وَالْأَبْصَارِ}: ",
    "level": 1,
    "link": "https://dorar.net/tafseer/38/9",
    "section": "sad",
    "answers": [
      {
        "answer": "حاسَّةُ البَصَرِ",
        "t": 0
      },
      {
        "answer": "المُلْكُ الظَّاهِرُ",
        "t": 0
      },
      {
        "answer": "البَصِيِرةُ في الدِّينِ",
        "t": 1
      }
    ]
  },
  {
    "id": 6175,
    "q": "قَولُه تعالى: {وَهَلْ أَتَاكَ نَبَأُ الْخَصْمِ إِذْ تَسَوَّرُوا الْمِحْرَابَ}    المِحرابُ هو: ",
    "level": 1,
    "link": "https://dorar.net/tafseer/38/5",
    "section": "sad",
    "answers": [
      {
        "answer": "المَكانُ الذي يُصلَّى فيه كالمَسجِد والجامِع",
        "t": 0
      },
      {
        "answer": "مُجتَمعُ الرَّجُلِ بعِيالِه في دارِه",
        "t": 0
      },
      {
        "answer": "مُقَدَّمُ كُلِّ مَجلِسٍ ومُصَلًّى",
        "t": 1
      }
    ]
  },
  {
    "id": 6179,
    "q": "قَولُ الله تعالى: {وَاذْكُرْ عَبْدَنَا دَاوُودَ ذَا الْأَيْدِ} يُستَفادُ مِنه: ",
    "level": 1,
    "link": "https://dorar.net/tafseer/38/4",
    "section": "sad",
    "answers": [
      {
        "answer": "أنَّ اللهَ تعالى يُحِبُّ الكَرمَ والسَّخاءَ في الإِنفاقِ في مَرضاتِه",
        "t": 0
      },
      {
        "answer": "أنَّ اللهَ تعالى يُحِبُّ القُوَّةَ في طاعتِه",
        "t": 1
      },
      {
        "answer": "أن الله تَعالى يُعطِي على الرِّفْقِ ما لا يُعطِي على العُنفِ",
        "t": 0
      }
    ]
  },
  {
    "id": 6164,
    "q": "في قوله تعالى: {وَإِنَّ لِلطَّاغِينَ لَشَرَّ مَآَبٍ} \"الطَّاغِين\" أي: ",
    "level": 1,
    "link": "https://dorar.net/tafseer/38/11",
    "section": "sad",
    "answers": [
      {
        "answer": "الجَبَّارِينَ المُتَكَبِّرِينَ",
        "t": 0
      },
      {
        "answer": "الهالِكِينَ في العَذابِ",
        "t": 0
      },
      {
        "answer": "الضَّالِّينَ المُتجاوِزينَ الحَدَّ",
        "t": 1
      }
    ]
  },
  {
    "id": 6163,
    "q": "في قَولِه تعالى: {قَاصِرَاتُ الطَّرْفِ أَتْرَابٌ} \"أَتْرَاب\" أي: ",
    "level": 1,
    "link": "https://dorar.net/tafseer/38/10",
    "section": "sad",
    "answers": [
      {
        "answer": "بِيضُ الوُجُوهِ",
        "t": 0
      },
      {
        "answer": "مُتساوِياتٌ في السِّنِّ",
        "t": 1
      },
      {
        "answer": "أَبْكار",
        "t": 0
      }
    ]
  },
  {
    "id": 6180,
    "q": "ما مَعنَى قَولِه تعالى: {وَلَاتَ حِينَ مَنَاصٍ}: ",
    "level": 1,
    "link": "https://dorar.net/tafseer/38/1",
    "section": "sad",
    "answers": [
      {
        "answer": "أَمْهَلَهُم إلى حِينِ انتِهاءِ آجالِهم",
        "t": 0
      },
      {
        "answer": "يَوَدُّ أَحدُهُم لو يُولِّي هارِبًا حينَ جاءَهُ المَوتُ",
        "t": 0
      },
      {
        "answer": "ليس الحِينُ حينَ فِرارٍ ولا مَهرَبٍ",
        "t": 1
      }
    ]
  },
  {
    "id": 6166,
    "q": "المُرادُ بالمَلَإ الأعلَى في قولِه تعالى: {مَا كَانَ لِيَ مِنْ عِلْمٍ بِالْمَلَإِ الْأَعْلَى إِذْ يَخْتَصِمُونَ}:",
    "level": 1,
    "link": "https://dorar.net/tafseer/38/12",
    "section": "sad",
    "answers": [
      {
        "answer": "المَلائِكَةُ",
        "t": 1
      },
      {
        "answer": "الأنبِياءُ عليهِم السَّلامُ",
        "t": 0
      },
      {
        "answer": "الشَّياطِينُ",
        "t": 0
      }
    ]
  },
  {
    "id": 6177,
    "q": "أَصْحَابُ الْأَيْكَةِ هم:",
    "level": 1,
    "link": "https://dorar.net/tafseer/38/3",
    "section": "sad",
    "answers": [
      {
        "answer": "قَومُ شُعَيبٍ",
        "t": 1
      },
      {
        "answer": "قَومُ هُودٍ",
        "t": 0
      },
      {
        "answer": "قَومُ صالحٍ",
        "t": 0
      }
    ]
  },
  {
    "id": 6161,
    "q": "قَولُه تعالى: {إِذْ قَالَ رَبُّكَ لِلْمَلَائِكَةِ إِنِّي خَالِقٌ بَشَرًا مِنْ طِينٍ * فَإِذَا سَوَّيْتُهُ وَنَفَخْتُ فِيهِ مِنْ رُوحِي فَقَعُوا لَهُ سَاجِدِينَ * فَسَجَدَ الْمَلَائِكَةُ كُلُّهُمْ أَجْمَعُونَ * إِلَّا إِبْلِيسَ اسْتَكْبَرَ وَكَانَ مِنَ الْ",
    "level": 1,
    "link": "https://dorar.net/tafseer/38/13",
    "section": "sad",
    "answers": [
      {
        "answer": "أنَّ سُجودَ المَلائِكَةِ لأدمَ كان لرُوحِه لا لجَسَدِه",
        "t": 0
      },
      {
        "answer": "أنَّ إِبليسَ كان مِن زُمرَةِ المَلائِكَةِ ابتِداءً لا نِهايَةً",
        "t": 0
      },
      {
        "answer": "أنَّ الاستِكبارَ عن أمْرِ الله كُفْرٌ",
        "t": 1
      }
    ]
  },
  {
    "id": 6173,
    "q": "قَولُه تعالى: {وَهَبْ لِي مُلْكًا لَا يَنْبَغِي لِأَحَدٍ مِنْ بَعْدِي إِنَّكَ أَنْتَ الْوَهَّابُ} يُستَفادُ مِنه:",
    "level": 1,
    "link": "https://dorar.net/tafseer/38/7",
    "section": "sad",
    "answers": [
      {
        "answer": "أنَّ الحاكِمَ العادِلَ دَعوتُه مُستَجابَة",
        "t": 0
      },
      {
        "answer": "استِحبابُ الدُّعاءِ حَالَ السُّجُودِ",
        "t": 0
      },
      {
        "answer": "التَّوسُّلُ إلى اللهِ تعالى بالاسمِ المناسِبِ للدُّعاءِ",
        "t": 1
      }
    ]
  },
  {
    "id": 6184,
    "q": "سُمِّيَت سورةَ (ص) بهذا الاسمِ: ",
    "level": 1,
    "link": "https://dorar.net/tafseer/38",
    "section": "sad",
    "answers": [
      {
        "answer": "لافتِتاحِها بها",
        "t": 1
      },
      {
        "answer": "لاشتِمالِها على قِصَّةِ قَومِ (ص) وهُم قَومٌ مِن نَسلِ هُودٍ عليه السَّلامُ",
        "t": 0
      },
      {
        "answer": "لأنَّ حَرفَ الصَّادِ تَكرَّرَ فيها مِئةً وعِشرِينَ مَرَّةً",
        "t": 0
      }
    ]
  },
  {
    "id": 6172,
    "q": "ما المَقصُودُ بالظَّنِّ في قَولِ الله تعالى: {ذَلِكَ ظَنُّ الَّذِينَ كَفَرُوا}:",
    "level": 1,
    "link": "https://dorar.net/tafseer/38/6",
    "section": "sad",
    "answers": [
      {
        "answer": "الظَّنُّ بأنَّ الله سبحانه خَلَق السَّماءَ والأرضَ وما بَيْنَهما باطِلًا",
        "t": 1
      },
      {
        "answer": "الظَّنُّ بأنَّ الله لو أرادَ أن يُرسِلَ رَسولًا لأرَسلَ مَلائِكَةً لا بَشَرَ",
        "t": 0
      },
      {
        "answer": "الظَّنُّ بأنَّهُم لن يُبعَثُوا بعدَ مَوتِهِم",
        "t": 0
      }
    ]
  },
  {
    "id": 6183,
    "q": "قَولُه تعالى: {بَلِ الَّذِينَ كَفَرُوا فِي عِزَّةٍ وَشِقَاقٍ}: العِزَّةُ هي: ",
    "level": 1,
    "link": "https://dorar.net/tafseer/38/1",
    "section": "sad",
    "answers": [
      {
        "answer": "النِّعمَةُ والتَّرَفُ",
        "t": 0
      },
      {
        "answer": "الفَخرُ بالأَنسابِ",
        "t": 0
      },
      {
        "answer": "المُغالَبةُ والمُمانَعةُ",
        "t": 1
      }
    ]
  }
]