[
  {
    "id": 6148,
    "q": "في قَولِه تعالى:{قَالَ رَبِّ فَأَنْظِرْنِي إِلَى يَوْمِ يُبْعَثُونَ} \"فَأَنْظِرْنِي\" أي: ",
    "level": 2,
    "link": "https://dorar.net/tafseer/38/13",
    "section": "sad",
    "answers": [
      {
        "answer": "ابْعَثْنِي",
        "t": 0
      },
      {
        "answer": "أَرِنِي وأَطْلِعْنِي",
        "t": 0
      },
      {
        "answer": "أخِّرْني",
        "t": 1
      }
    ]
  },
  {
    "id": 6146,
    "q": "قَولُه تعالى: {أَمْ نَجْعَلُ الَّذِينَ آَمَنُوا وَعَمِلُوا الصَّالِحَاتِ كَالْمُفْسِدِينَ فِي الْأَرْضِ} فيه:",
    "level": 2,
    "link": "https://dorar.net/tafseer/38/6",
    "section": "sad",
    "answers": [
      {
        "answer": "أنَّ المعاصِيَ سَبَبٌ للفَسادِ في الأرضِ",
        "t": 1
      },
      {
        "answer": "إِثباتُ أَفعالِ الله الاختِياريَّة",
        "t": 0
      },
      {
        "answer": "أنَّ العَملَ الصَّالِحَ شَرطٌ في صِحَّةِ الإيمانِ",
        "t": 0
      }
    ]
  },
  {
    "id": 6150,
    "q": "قَولُه تعالى: {وَإِنَّ كَثِيرًا مِنَ الْخُلَطَاءِ لَيَبْغِي بَعْضُهُمْ عَلَى بَعْضٍ إِلَّا الَّذِينَ آَمَنُوا وَعَمِلُوا الصَّالِحَاتِ} يُستَفادُ منه:",
    "level": 2,
    "link": "https://dorar.net/tafseer/38/5",
    "section": "sad",
    "answers": [
      {
        "answer": "أنَّ الإِيمانَ يَزيدُ ويَنقُصُ",
        "t": 0
      },
      {
        "answer": "أنَّه كُلَّما كان الإنسانُ أقوى إيمانًا وأكثرَ عَمَلًا صَالحًا كان أبْعَدَ عن الظُّلمِ",
        "t": 1
      },
      {
        "answer": "كَراهَةُ الشَّراكَةِ في العُموم؛ وخُصوصًا ما أَفضَى منها إلى البَغْيِ وقَطِيعَةِ الرَّحِم",
        "t": 0
      }
    ]
  },
  {
    "id": 6160,
    "q": "مِن أَهمِّ مَقاصِدِ سُورةِ (ص):",
    "level": 2,
    "link": "https://dorar.net/tafseer/38",
    "section": "sad",
    "answers": [
      {
        "answer": "إقامةُ الأدِلَّةِ على وَحدانيَّةِ الله تعالى وقُدرتِه",
        "t": 1
      },
      {
        "answer": "تحقيقُ العُبوديَّةِ، وتعظيمُ شَأنِ الرُّبوبيَّة، وتقريرُ مَبدأِ البَعثِ",
        "t": 0
      },
      {
        "answer": "تقريرُ أصولِ العقيدةِ، وإثباتُ التوحيدِ والرسالةِ",
        "t": 0
      }
    ]
  },
  {
    "id": 6147,
    "q": "المَقصُودُ بالْجِيَادِ في  قَولِه تعالى: {إِذْ عُرِضَ عَلَيْهِ بِالْعَشِيِّ الصَّافِنَاتُ الْجِيَادُ}: ",
    "level": 2,
    "link": "https://dorar.net/tafseer/38/7",
    "section": "sad",
    "answers": [
      {
        "answer": "الخَيْلُ جَيِّدَةُ النَّوعِ والسُّلَالَةِ",
        "t": 0
      },
      {
        "answer": "الخَيْلُ الكَبيرَةُ الضَّخمَةُ",
        "t": 0
      },
      {
        "answer": "الخَيْلُ السِّراعُ",
        "t": 1
      }
    ]
  },
  {
    "id": 6149,
    "q": "قَولُه تعالى: {وَاذْكُرْ عَبْدَنَا أَيُّوبَ إِذْ نَادَى رَبَّهُ أَنِّي مَسَّنِيَ الشَّيْطَانُ بِنُصْبٍ وَعَذَابٍ} فيه: ",
    "level": 2,
    "link": "https://dorar.net/tafseer/38/8",
    "section": "sad",
    "answers": [
      {
        "answer": "جوازُ التَّوسُّلِ إلى الله تعالى بحالِ العَبدِ",
        "t": 1
      },
      {
        "answer": "أنَّ مَسَّ الشَّيطانِ يكونُ سِحْرًا أو عَذابًا أو بَلاءً",
        "t": 0
      },
      {
        "answer": "كَراهَةُ إِظهارِ الشَّكوَى؛ وأنَّها مِن الجَزَعِ المَنهِيِّ عنهُ",
        "t": 0
      }
    ]
  },
  {
    "id": 6152,
    "q": "قَولُه تعالى: {وَفِرْعَوْنُ ذُو الْأَوْتَادِ} \"الْأَوْتَاد\" أي: ",
    "level": 2,
    "link": "https://dorar.net/tafseer/38/3",
    "section": "sad",
    "answers": [
      {
        "answer": "البِناءُ المُحكَمُ والمُلكُ الثَّابِتُ",
        "t": 1
      },
      {
        "answer": "الجِبالُ الرَّواسِي",
        "t": 0
      },
      {
        "answer": "الكِبرِياءُ ",
        "t": 0
      }
    ]
  },
  {
    "id": 6158,
    "q": "في قَولِه تعالى: {بَلِ الَّذِينَ كَفَرُوا فِي عِزَّةٍ وَشِقَاقٍ}: \"َشِقَاقٍ\" أي: ",
    "level": 2,
    "link": "https://dorar.net/tafseer/38/1",
    "section": "sad",
    "answers": [
      {
        "answer": "عَداوةٍ ومُبايَنةٍ ومُخالَفةٍ",
        "t": 1
      },
      {
        "answer": "إِعراضٍ وعِنادٍ ومُكابَرَةٍ",
        "t": 0
      },
      {
        "answer": "غَفْلَةٍ ",
        "t": 0
      }
    ]
  },
  {
    "id": 6159,
    "q": "سورةُ (ص):",
    "level": 2,
    "link": "https://dorar.net/tafseer/38",
    "section": "sad",
    "answers": [
      {
        "answer": "مُختَلَفٌ فيها",
        "t": 0
      },
      {
        "answer": "مَدَنِيَّةٌ",
        "t": 0
      },
      {
        "answer": "مَكِّيَّةٌ",
        "t": 1
      }
    ]
  },
  {
    "id": 6143,
    "q": "في قَولِه تعالى: {أُولِي الْأَيْدِي وَالْأَبْصَارِ} كِنايةٌ عنِ:",
    "level": 2,
    "link": "https://dorar.net/tafseer/38/9",
    "section": "sad",
    "answers": [
      {
        "answer": "تَمامِ المُلْكِ",
        "t": 0
      },
      {
        "answer": "العَمَلِ الصَّالِحِ",
        "t": 1
      },
      {
        "answer": "شُكْرِ النِّعمَةِ",
        "t": 0
      }
    ]
  },
  {
    "id": 6155,
    "q": "قَولُه تعالى: {يُسَبِّحْنَ بِالْعَشِيِّ وَالْإِشْرَاقِ} \"بِالْعَشِيِّ\" أي: ",
    "level": 2,
    "link": "https://dorar.net/tafseer/38/4",
    "section": "sad",
    "answers": [
      {
        "answer": "وَقتَ اشتِدادِ الحَرِّ عندَ الظَّهِيرَةِ",
        "t": 0
      },
      {
        "answer": "بعدَ صَلاةِ العِشاءِ",
        "t": 0
      },
      {
        "answer": "آخِرِ النَّهارِ مِن زَوالِ الشَّمسِ إلى الصَّباحِ",
        "t": 1
      }
    ]
  },
  {
    "id": 6153,
    "q": "قَولُه تعالى: {وَمَا يَنْظُرُ هَؤُلَاءِ إِلَّا صَيْحَةً وَاحِدَةً مَا لَهَا مِنْ فَوَاقٍ} فيه وَصْفُ الصَّيحةِ بواحِدةٍ؛ إشارةً إلى:",
    "level": 2,
    "link": "https://dorar.net/tafseer/38/3",
    "section": "sad",
    "answers": [
      {
        "answer": "أنَّه لا اختِيارَ لأَحَدٍ في التَّجافِي عن آثارِها وأنَّها تَشمَلُ الجَمِيعَ",
        "t": 0
      },
      {
        "answer": "أنَّ الصَّاعِقةَ عظيمةٌ مُهلِكةٌ",
        "t": 1
      },
      {
        "answer": "التَّميِيزِ لها عن صَيحَةِ الحَشْرِ",
        "t": 0
      }
    ]
  },
  {
    "id": 6142,
    "q": "المَقصُودُ بـ\"الدَّار\" في قَولِه تعالى: {ذِكْرَى الدَّارِ}: ",
    "level": 2,
    "link": "https://dorar.net/tafseer/38/9",
    "section": "sad",
    "answers": [
      {
        "answer": "البَيْتُ المَعْمُورُ",
        "t": 0
      },
      {
        "answer": "الدَّارُ الآخِرةُ",
        "t": 1
      },
      {
        "answer": "الكَعْبَةُ",
        "t": 0
      }
    ]
  },
  {
    "id": 6156,
    "q": "قَولُه تعالى: {وَهَلْ أَتَاكَ نَبَأُ الْخَصْمِ إِذْ تَسَوَّرُوا الْمِحْرَابَ}  النَّبأُ هو: ",
    "level": 2,
    "link": "https://dorar.net/tafseer/38/5",
    "section": "sad",
    "answers": [
      {
        "answer": "الخُصُومَةُ بين اثْنَينِ تُرفَعُ إلى القَاضِي",
        "t": 0
      },
      {
        "answer": "خَبَرٌ عَظيمٌ يَحصُلُ به عِلمٌ",
        "t": 1
      },
      {
        "answer": "كلُّ ذِكرَى تَشتَمِلُ على عِظَةٍ وعِبرَةٍ",
        "t": 0
      }
    ]
  },
  {
    "id": 6144,
    "q": "في قَولِه تعالى: {جَنَّاتِ عَدْنٍ مُفَتَّحَةً لَهُمُ الْأَبْوَابُ} \"عَدْنٍ\" أي: ",
    "level": 2,
    "link": "https://dorar.net/tafseer/38/10",
    "section": "sad",
    "answers": [
      {
        "answer": "إِقامَةٍ وخُلدٍ",
        "t": 1
      },
      {
        "answer": "سَعادَةٍ وبَهْجَةٍ",
        "t": 0
      },
      {
        "answer": "نَعِيمٍ خالِصٍ",
        "t": 0
      }
    ]
  },
  {
    "id": 6157,
    "q": "قَولُ الله تعالى: {كَمْ أَهْلَكْنَا مِنْ قَبْلِهِمْ مِنْ قَرْنٍ فَنَادَوْا وَلَاتَ حِينَ مَنَاصٍ} يُستَفادُ منه:",
    "level": 2,
    "link": "https://dorar.net/tafseer/38/1",
    "section": "sad",
    "answers": [
      {
        "answer": "أنَّ الله سُبحانه يُجِيبُ دَعوَةَ المُضطَرِّ ولو كان كافِرًا",
        "t": 0
      },
      {
        "answer": "أنَّ التَّوبةَ لا تَنفَعُ إلَّا عندَ التَّمَكُّنِ والاختيارِ، لا عندَ الغَلَبةِ والاضْطِرارِ",
        "t": 1
      },
      {
        "answer": "أنَّ جَميعَ الأَنبِياءِ أُرسِلُوا بالقُرآنِ الكَريمِ",
        "t": 0
      }
    ]
  },
  {
    "id": 6145,
    "q": "قَولُه تعالى: {فَبِئْسَ الْمِهَادُ} الْمِهَادُ هو: ",
    "level": 2,
    "link": "https://dorar.net/tafseer/38/11",
    "section": "sad",
    "answers": [
      {
        "answer": "الفِراشُ والقَرارُ",
        "t": 1
      },
      {
        "answer": "المَرجِعُ والمآبُ",
        "t": 0
      },
      {
        "answer": "الوَلِيُّ النَّاصِرُ",
        "t": 0
      }
    ]
  },
  {
    "id": 6151,
    "q": "قَولُه تعالى: {فَلْيَرْتَقُوا فِي الْأَسْبَابِ} \"فَلْيَرْتَقُوا\" أي: ",
    "level": 2,
    "link": "https://dorar.net/tafseer/38/2",
    "section": "sad",
    "answers": [
      {
        "answer": "فَلْيُؤمِنُوا",
        "t": 0
      },
      {
        "answer": "فلْيَصعَدوا",
        "t": 1
      },
      {
        "answer": "فَلْيَدخُلُوا",
        "t": 0
      }
    ]
  },
  {
    "id": 6154,
    "q": "قَولُه تعالى: {وَاذْكُرْ عَبْدَنَا دَاوُودَ ذَا الْأَيْدِ إِنَّهُ أَوَّابٌ} \"الْأَيْدِ\" أي: ",
    "level": 2,
    "link": "https://dorar.net/tafseer/38/4",
    "section": "sad",
    "answers": [
      {
        "answer": "القُوَّةِ الشَّديدةِ",
        "t": 1
      },
      {
        "answer": "الكَرَمِ والسَّخاءِ",
        "t": 0
      },
      {
        "answer": "الُملْكِ الذي لا يُنازِعُه فيه أَحَدٌ",
        "t": 0
      }
    ]
  },
  {
    "id": 6141,
    "q": "في قَولِ أيُّوبَ عليه السلام: {أَنِّي مَسَّنِيَ الشَّيْطَانُ بِنُصْبٍ وَعَذَابٍ}:",
    "level": 2,
    "link": "https://dorar.net/tafseer/38/8",
    "section": "sad",
    "answers": [
      {
        "answer": "كِنايةٌ لَطيفةٌ عن طَلَبِ لُطفِ اللهِ به، ورَفعِ النُّصْبِ والعَذابِ",
        "t": 1
      },
      {
        "answer": "تَوجِيهٌ للنبيِّ صلَّى الله عليه وسلَّم إلى شُكرِ النِّعَمِ",
        "t": 0
      },
      {
        "answer": "تَحذِيرٌ مِن مَكائِدِ الشَّيطانِ وخُطُورةِ اتِّباعِ وَساوِسِه",
        "t": 0
      }
    ]
  }
]