[
  {
    "id": 6133,
    "q": "قَولُه تعالى: {وَالطَّيْرَ مَحْشُورَةً} \"مَحْشُورَةً\" أي:",
    "level": 3,
    "link": "https://dorar.net/tafseer/38/4",
    "section": "sad",
    "answers": [
      {
        "answer": "مَجموعةً",
        "t": 1
      },
      {
        "answer": "طائِعَةً",
        "t": 0
      },
      {
        "answer": "مُسَخَّرَةً",
        "t": 0
      }
    ]
  },
  {
    "id": 6135,
    "q": "قوله تعالى: {مَا لَهَا مِنْ فَوَاقٍ} عَبَّرَ بذلك عن: ",
    "level": 3,
    "link": "https://dorar.net/tafseer/38/3",
    "section": "sad",
    "answers": [
      {
        "answer": "سُرعةِ الأخْذِ وعَدَمِ الإمهالِ",
        "t": 1
      },
      {
        "answer": "الحَسْرَةِ التي تُصِيبُ الكافِرينَ",
        "t": 0
      },
      {
        "answer": "شِدَّةِ الصَّيحَةِ وقُوَّةِ آثارِها",
        "t": 0
      }
    ]
  },
  {
    "id": 6134,
    "q": "المَقصُودُ بالحِكمَةِ في قَولِه تعالى: {وَآَتَيْنَاهُ الْحِكْمَةَ}: ",
    "level": 3,
    "link": "https://dorar.net/tafseer/38/4",
    "section": "sad",
    "answers": [
      {
        "answer": "النُّبُوَّة",
        "t": 1
      },
      {
        "answer": "الزَّبُور",
        "t": 0
      },
      {
        "answer": "العَدْل",
        "t": 0
      }
    ]
  },
  {
    "id": 6139,
    "q": "المَقصُودُ بالأَحزابِ في قَولِه تعالى {جُنْدٌ مَا هُنَالِكَ مَهْزُومٌ مِنَ الْأَحْزَابِ}: ",
    "level": 3,
    "link": "https://dorar.net/tafseer/38/2",
    "section": "sad",
    "answers": [
      {
        "answer": "الفُرْسُ والرُّوم",
        "t": 0
      },
      {
        "answer": "يَهودُ بَنِي النَّضيرِ",
        "t": 0
      },
      {
        "answer": "كُفَّارُ قُريشٍ",
        "t": 1
      }
    ]
  },
  {
    "id": 6140,
    "q": "قَولُه تعالى: {وَأَصْحَابُ الْأَيْكَةِ أُولَئِكَ الْأَحْزَابُ}: مَعنَى الأيْكَة: ",
    "level": 3,
    "link": "https://dorar.net/tafseer/38/3",
    "section": "sad",
    "answers": [
      {
        "answer": "البُيوتُ المَنحُوتَةُ وَسَطَ الجِبالِ",
        "t": 0
      },
      {
        "answer": "النَّاقَةُ الكَبِيرَةُ الضِّرع الغَزِيرَةُ اللَّبن",
        "t": 0
      },
      {
        "answer": "الشَّجَرُ المُلتَفُّ المُجتمِعُ",
        "t": 1
      }
    ]
  },
  {
    "id": 6125,
    "q": "مَعنَى \"زَاغَتْ\" في قَولِه تعالى: {أَمْ زَاغَتْ عَنْهُمُ الْأَبْصَارُ}: ",
    "level": 3,
    "link": "https://dorar.net/tafseer/38/11",
    "section": "sad",
    "answers": [
      {
        "answer": "عَمِيَت",
        "t": 0
      },
      {
        "answer": "تَعالَت وتَكبَّرَت",
        "t": 0
      },
      {
        "answer": "عدَلتْ ومالَتْ",
        "t": 1
      }
    ]
  },
  {
    "id": 6001,
    "q": "المَقصُودُ بـ\"نَفَادٍ\" في قَولِه تعالى: {إِنَّ هَذَا لَرِزْقُنَا مَا لَهُ مِنْ نَفَادٍ}: ",
    "level": 3,
    "link": "https://dorar.net/tafseer/38/10",
    "section": "sad",
    "answers": [
      {
        "answer": "حابِسٌ ومانِعٌ",
        "t": 0
      },
      {
        "answer": "فَناءٌ وانقِطاعٌ",
        "t": 1
      },
      {
        "answer": "مَثِيلٌ أو شَبِيهٌ",
        "t": 0
      }
    ]
  },
  {
    "id": 6002,
    "q": "\"الحَمِيمُ\" في قَولِه تعالى: {فَلْيَذُوقُوهُ حَمِيمٌ وَغَسَّاقٌ} هو: ",
    "level": 3,
    "link": "https://dorar.net/tafseer/38/11",
    "section": "sad",
    "answers": [
      {
        "answer": "الشَّوْكُ الجافُّ",
        "t": 0
      },
      {
        "answer": "لَهَبُ النَّارِ",
        "t": 0
      },
      {
        "answer": "الماءُ شَديدُ الحَرارةِ",
        "t": 1
      }
    ]
  },
  {
    "id": 6126,
    "q": "في قَولِه تعالى: {وَخُذْ بِيَدِكَ ضِغْثًا فَاضْرِبْ بِهِ} \"ضِغْثًا\" أي: ",
    "level": 3,
    "link": "https://dorar.net/tafseer/38/8",
    "section": "sad",
    "answers": [
      {
        "answer": "ذَيْلَ الفَرَسِ",
        "t": 0
      },
      {
        "answer": "حُزمةً مِنَ الحَشيشِ أو نَحوِه",
        "t": 1
      },
      {
        "answer": "عُودًا مِن حَطَبٍ جافٍّ",
        "t": 0
      }
    ]
  },
  {
    "id": 6124,
    "q": "في قَولِه تعالى في قِصَّةِ داوُدَ عليه السلام: {إِنَّ هَذَا أَخِي لَهُ تِسْعٌ وَتِسْعُونَ نَعْجَةً} نَصَّ على الأُخُوَّةِ: ",
    "level": 3,
    "link": "https://dorar.net/tafseer/38/5",
    "section": "sad",
    "answers": [
      {
        "answer": "استِعطافًا لخَصمِه بما بَينهُما مِن الأُخُوَّةِ ",
        "t": 0
      },
      {
        "answer": "لشَرَفِها وعِظَمِ مَكانَتِها سَواءٌ كانت أُخوَّةً في الدِّينِ أو النَّسَبِ أو الصَّداقةِ",
        "t": 0
      },
      {
        "answer": "لاقتِضائِها عدم البَغيِ",
        "t": 1
      }
    ]
  },
  {
    "id": 6137,
    "q": "المَقصُودُ بالقَرنِ: في قول الله تعالى :{كَمْ أَهْلَكْنَا مِنْ قَبْلِهِمْ مِنْ قَرْنٍ}:",
    "level": 3,
    "link": "https://dorar.net/tafseer/38/1",
    "section": "sad",
    "answers": [
      {
        "answer": "الأُمَّةُ مِنَ النَّاسِ المُقترنونَ في زمنٍ واحدٍ",
        "t": 1
      },
      {
        "answer": "الجَبابِرَةُ والطَّواغِيتُ",
        "t": 0
      },
      {
        "answer": "المِئَةُ عامٍ",
        "t": 0
      }
    ]
  },
  {
    "id": 6127,
    "q": "في قَولِه تعالى: {فَسَخَّرْنَا لَهُ الرِّيحَ تَجْرِي بِأَمْرِهِ رُخَاءً} \"رُخَاءً\" أي: ",
    "level": 3,
    "link": "https://dorar.net/tafseer/38/7",
    "section": "sad",
    "answers": [
      {
        "answer": "في كُلِّ اتِّجاهٍ",
        "t": 0
      },
      {
        "answer": "طَوْعَ أَمْرِهِ وتحتَ تَصَرُّفِه",
        "t": 0
      },
      {
        "answer": "رِخوةً لَيِّنةً",
        "t": 1
      }
    ]
  },
  {
    "id": 6122,
    "q": "في قَولِه تعالى: {وَإِنَّهُمْ عِنْدَنَا لَمِنَ الْمُصْطَفَيْنَ الْأَخْيَارِ} \"الْمُصْطَفَيْنَ\" أي:",
    "level": 3,
    "link": "https://dorar.net/tafseer/38/9",
    "section": "sad",
    "answers": [
      {
        "answer": "المُخلِصِينَ",
        "t": 0
      },
      {
        "answer": "المُطَهَّرِينَ",
        "t": 0
      },
      {
        "answer": "المُختارينَ",
        "t": 1
      }
    ]
  },
  {
    "id": 6129,
    "q": "في قَولِ الله تعالى: {أَمْ نَجْعَلُ الْمُتَّقِينَ كَالْفُجَّارِ} ذكَرَ أعلَى أحوالِ الفَسادِ وهو الفُجورُ؛ إشارةً إلى: ",
    "level": 3,
    "link": "https://dorar.net/tafseer/38/6",
    "section": "sad",
    "answers": [
      {
        "answer": "أنَّه يَغفِرُ ما دونَ ذلك لِمَن يَشاءُ",
        "t": 1
      },
      {
        "answer": "أنَّ تَطهِيرَ النُّفوسَ مِن أَدرانِ الشِّركِ أَولَى مِن تَحلِّيها بِشُعَبِ الإيمانِ",
        "t": 0
      },
      {
        "answer": "تَفاضُلِ أَعمالِ القُلُوبِ إِيمانًا وكُفرًا",
        "t": 0
      }
    ]
  },
  {
    "id": 6131,
    "q": "في قَولِه تعالى حكاية عن سليمان عليه السلام: {قَالَ رَبِّ اغْفِرْ لِي وَهَبْ لِي مُلْكًا} قَدَّمَ الاستِغفارَ على استيهابِ المُلْكِ:",
    "level": 3,
    "link": "https://dorar.net/tafseer/38/7",
    "section": "sad",
    "answers": [
      {
        "answer": "لأنَّ المُلْكَ ونَحوَه مِن تَبِعاتِ قَبولِ التَّوبَةِ ",
        "t": 0
      },
      {
        "answer": "تَقدِيمًا لأَمرِ الدِّينِ على أَمرِ الدُّنيا",
        "t": 1
      },
      {
        "answer": "لأنَّ الاستِغفارَ بينَ يَديِ الدُّعاءِ أَرْجَى للقَبُولِ",
        "t": 0
      }
    ]
  },
  {
    "id": 6132,
    "q": "المقصود بالْخُلَطَاءِ في قوله تعالى: {وَإِنَّ كَثِيرًا مِنَ الْخُلَطَاءِ لَيَبْغِي بَعْضُهُمْ عَلَى بَعْضٍ}: ",
    "level": 3,
    "link": "https://dorar.net/tafseer/38/5",
    "section": "sad",
    "answers": [
      {
        "answer": "الإِخوةُ غير الأَشِقَّاء",
        "t": 0
      },
      {
        "answer": "الشُّرَكاءُ",
        "t": 1
      },
      {
        "answer": "الغُرماءُ",
        "t": 0
      }
    ]
  },
  {
    "id": 6136,
    "q": "مِن أَهمِّ مَوضُوعاتِ سُورةِ (ص):",
    "level": 3,
    "link": "https://dorar.net/tafseer/38",
    "section": "sad",
    "answers": [
      {
        "answer": "ذِكرُ قِصَّةِ أيُّوبَ عليه السَّلامُ",
        "t": 1
      },
      {
        "answer": "تأْكيدُ نبوَّةِ النبىِّ صلَّى الله عليه وسلَّم، وأَمرُه بالصبرِ على جفاءِ المشركين",
        "t": 0
      },
      {
        "answer": "الحديثُ عن بَيعةِ الرِّضوانِ، والتَّنويهُ بشَأنِ مَن حضَرَها",
        "t": 0
      }
    ]
  },
  {
    "id": 6130,
    "q": "قَولُه تعالى: {وَلَا تُشْطِطْ} مَعنَى \"تُشْطِط\":  ",
    "level": 3,
    "link": "https://dorar.net/tafseer/38/5",
    "section": "sad",
    "answers": [
      {
        "answer": "تُسرِفُ وتَتجاوَزُ",
        "t": 1
      },
      {
        "answer": "تَحِيدُ وتَمِيلُ",
        "t": 0
      },
      {
        "answer": "تَسْتَعْجِلُ وتَتَسرَّعُ",
        "t": 0
      }
    ]
  },
  {
    "id": 6128,
    "q": "في قَولِه تعالى: {وَظَنَّ دَاوُودُ أَنَّمَا فَتَنَّاهُ} الظنُّ هُنا بمَعنَى: ",
    "level": 3,
    "link": "https://dorar.net/tafseer/38/5",
    "section": "sad",
    "answers": [
      {
        "answer": "الشَّك",
        "t": 0
      },
      {
        "answer": "العِلم",
        "t": 1
      },
      {
        "answer": "اليَقِين",
        "t": 0
      }
    ]
  },
  {
    "id": 6138,
    "q": "قَولُه تعالى: {إِنْ هَذَا إِلَّا اخْتِلَاقٌ}\"اخْتِلَاقٌ\" أي: ",
    "level": 3,
    "link": "https://dorar.net/tafseer/38/2",
    "section": "sad",
    "answers": [
      {
        "answer": "كَذِبٌ وتخَرُّصٌ",
        "t": 1
      },
      {
        "answer": "أَساطِيرُ وخُرافات",
        "t": 0
      },
      {
        "answer": "سِحْرٌ ودَجَلٌ",
        "t": 0
      }
    ]
  }
]