[
  {
    "id": 5331,
    "q": "قَولُه تَعالَى: {وَخَلَقَ كُلَّ شَيْءٍ فَقَدَّرَهُ تَقْدِيرًا}",
    "level": 3,
    "link": "https://www.dorar.net/aqeeda/2449",
    "section": "e-kader",
    "answers": [
      {
        "answer": "التَّرتيبُ هنا تَرتيبٌ ذِكرِيٌّ، لا يَلزَمُ منه أن يَكونَ المُتأخِّرَ في اللَّفِظ مُتأخِّرًا في الرُّتبةِ",
        "t": 1
      },
      {
        "answer": "يُفيدُ أنَّ التَّقديرَ وَقَع بعدَ الخَلقِ",
        "t": 0
      },
      {
        "answer": "يُفيدُ أنَّ التَّقديرَ الواقِعَ بعدَ الخَلقِ هو التَّقديرُ العُمريُّ",
        "t": 0
      }
    ]
  },
  {
    "id": 5327,
    "q": "التَّقديرُ الحَوليُّ في لَيلةِ القَدرِ",
    "level": 3,
    "link": "https://www.dorar.net/aqeeda/2470",
    "section": "e-kader",
    "answers": [
      {
        "answer": "يَكونُ بكِتابةِ اللهِ تَعالَى لِمَا يَجري العامَ المُقبِلَ في اللَّوحِ المَحفوظِ",
        "t": 0
      },
      {
        "answer": "يَكونُ برَفعِ المَلائكةِ أعمالَ السَّنةِ الماضِيةِ للهِ تَعالَى",
        "t": 0
      },
      {
        "answer": "يَكونُ باستِنساخِ ما كُتِب في اللَّوحِ المَحفوظِ منَ الأحداثِ والأفعالِ والأحوالِ",
        "t": 1
      }
    ]
  },
  {
    "id": 5338,
    "q": "الإرادةُ الكَونيَّةُ القَدَريَّةُ؛ هي:",
    "level": 3,
    "link": "https://www.dorar.net/aqeeda/2500",
    "section": "e-kader",
    "answers": [
      {
        "answer": "الشَّامِلةُ لكُلِّ الحَوادِثِ الكَونيَّةِ",
        "t": 1
      },
      {
        "answer": "المُتضمِّنةُ للمَحبَّةِ والرِّضا",
        "t": 0
      },
      {
        "answer": "الشَّاملةُ لبَعضِ الحَوادثِ الكَونيَّةِ",
        "t": 0
      }
    ]
  },
  {
    "id": 5336,
    "q": "الشَّيءُ المُقدَّرُ الذي قَدَّره اللهُ تَعالَى على العِبادِ",
    "level": 3,
    "link": "https://www.dorar.net/aqeeda/2498",
    "section": "e-kader",
    "answers": [
      {
        "answer": "قد يَدخُلُه الشَّرُّ الجُزئيُّ؛ فيَكونُ شرًّا من وَجهٍ، وخَيرًا من وَجهٍ آخَرَ",
        "t": 1
      },
      {
        "answer": "لا يَدخُلُه الشَّرُّ مُطلقًا",
        "t": 0
      },
      {
        "answer": "يَدخُلُه الشَّرُّ من كلِّ جانِبٍ",
        "t": 0
      }
    ]
  },
  {
    "id": 5325,
    "q": "قَولُه ﷺ: \"ما مِنكُم مِن أحَدٍ إلَّا كُتِبَ مَكانُه منَ الجنَّةِ والنَّارِ\"",
    "level": 3,
    "link": "https://www.dorar.net/aqeeda/2468",
    "section": "e-kader",
    "answers": [
      {
        "answer": "ردٌّ على الجَهميَّةِ؛ فإنَّ التَّيسيرَ ضدُّ الجَبرِ",
        "t": 1
      },
      {
        "answer": "إثباتٌ لنَفيِ الاخْتيارِ عنِ العِبادِ",
        "t": 0
      },
      {
        "answer": "مُوافَقةٌ للقَدَريَّةِ في نَفيِ القَدَرِ",
        "t": 0
      }
    ]
  },
  {
    "id": 5322,
    "q": "وَصَف اللهَ تَعالَى بأنَّه لا يَقدِرُ على الشُّرورِ والمَعاصي",
    "level": 3,
    "link": "https://www.dorar.net/aqeeda/2451",
    "section": "e-kader",
    "answers": [
      {
        "answer": "أبُو الحَسَنِ الأشعَريُّ",
        "t": 0
      },
      {
        "answer": "واصِلُ بنُ عَطاءٍ",
        "t": 0
      },
      {
        "answer": "النَّظَّامُ",
        "t": 1
      }
    ]
  },
  {
    "id": 5332,
    "q": "التَّغيِيرُ والتَّبديلُ الذي يَجرِي عَلى أعمالِ وأحوالِ بني آدَمَ وغَيرِهم، إنَّما يَكونُ:",
    "level": 3,
    "link": "https://www.dorar.net/aqeeda/2472",
    "section": "e-kader",
    "answers": [
      {
        "answer": "في الفُروعِ والشُّعَبِ، كأعمالِ اليومِ واللَّيلةِ التي تَكتُبُها المَلائكةُ",
        "t": 1
      },
      {
        "answer": "في اللَّوحِ المَحفوظِ",
        "t": 0
      },
      {
        "answer": "في عِلمِ اللهِ الأزليِّ",
        "t": 0
      }
    ]
  },
  {
    "id": 5321,
    "q": "أخَذَ واصِلُ بنُ عَطاءٍ وعمرُو بنُ عُبيدٍ القَولَ في القَدَرِ عن",
    "level": 3,
    "link": "https://www.dorar.net/aqeeda/2451",
    "section": "e-kader",
    "answers": [
      {
        "answer": "مَعبَدٍ الجُهَنيِّ",
        "t": 1
      },
      {
        "answer": "الجَهمِ بن صَفوان",
        "t": 0
      },
      {
        "answer": "غَيلانَ الدِّمَشقيِّ",
        "t": 0
      }
    ]
  },
  {
    "id": 5333,
    "q": "أبلَغُ آيةٍ في الرَّدِّ على القَدَريَّةِ النُّفاةِ؛ هي:",
    "level": 3,
    "link": "https://www.dorar.net/aqeeda/2476",
    "section": "e-kader",
    "answers": [
      {
        "answer": "قَولُه تَعالَى: {وَإِذْ قِيلَ لَهُمُ اسْكُنُوا هَذِهِ الْقَرْيَةَ وَكُلُوا مِنْهَا حَيْثُ شِئْتُمْ}",
        "t": 0
      },
      {
        "answer": "قَولُه تَعالَى: {وَمَا تَشَاءُونَ إِلَّا أَنْ يَشَاءَ اللَّهُ إِنَّ اللَّهَ كَانَ عَلِيمًا حَكِيمًا * يُدْخِلُ مَنْ يَشَاءُ فِي رَحْمَتِهِ وَالظَّالِمِينَ أَعَدَّ لَهُمْ عَذَابًا أَلِيمًا}",
        "t": 1
      },
      {
        "answer": "قَولُه تَعالَى: {وَقُلْنَا يَا آدَمُ اسْكُنْ أَنْتَ وَزَوْجُكَ الْجَنَّةَ وَكُلَا مِنْهَا رَغَدًا حَيْثُ شِئْتُمَا}",
        "t": 0
      }
    ]
  },
  {
    "id": 5340,
    "q": "المرادُ بالرِّضا بقَضاءِ اللهِ وقَدَرِه:",
    "level": 3,
    "link": "https://www.dorar.net/aqeeda/2509",
    "section": "e-kader",
    "answers": [
      {
        "answer": "أن يَتلفَّظَ بألفاظِ الرِّضَا بلِسانِه، وإنْ وَجَد السَّخطَ في قَلبِه",
        "t": 0
      },
      {
        "answer": "أن يُحِبَّ العَبدُ المُصيبةَ ويَتمنَّى نُزولَها مرَّةً أُخرى",
        "t": 0
      },
      {
        "answer": "أن يَكونَ مُطمئِنًّا مُنشرِحَ الصَّدرِ بما قَضَى اللهُ، لا يَتألَّمُ نَفسِيًّا على الرَّغمِ من كُرهِه للمُصيبةِ",
        "t": 1
      }
    ]
  },
  {
    "id": 5324,
    "q": "تقديرُ أهلِ الجَنَّةِ وأهلِ النَّارِ يكون:",
    "level": 3,
    "link": "https://www.dorar.net/aqeeda/2470",
    "section": "e-kader",
    "answers": [
      {
        "answer": "عندَ البَعثِ مِن القُبورِ",
        "t": 0
      },
      {
        "answer": "قبل خَلقِ الخلائِقِ",
        "t": 1
      },
      {
        "answer": "بعدَ نَفخِ الرُّوحِ في الجَنينِ",
        "t": 0
      }
    ]
  },
  {
    "id": 5334,
    "q": "قال الكرمانيُّ: المَذهَبُ الحَقُّ أنَّه:",
    "level": 3,
    "link": "https://www.dorar.net/aqeeda/2476",
    "section": "e-kader",
    "answers": [
      {
        "answer": "لا مشيئة لِلعبادِ وهُم مَجبُورُون تحتَ قَدَرِ الله عليهم",
        "t": 0
      },
      {
        "answer": "لا جَبرَ في أَفعالِ العِبادِ وإنما لهُم مَشيئَة",
        "t": 0
      },
      {
        "answer": "لا جَبرَ ولا قَدَرَ، بل أمرٌ بين الأمرَينِ؛ أي: بخَلقِ اللهِ وكَسبِ العَبدِ",
        "t": 1
      }
    ]
  },
  {
    "id": 5335,
    "q": "مَن ظَنَّ أنَّ التَّوكُّلَ يُغني عنِ الأسبابِ المَأمورِ بها؛ فهو:",
    "level": 3,
    "link": "https://www.dorar.net/aqeeda/2484",
    "section": "e-kader",
    "answers": [
      {
        "answer": "كافِرٌ",
        "t": 0
      },
      {
        "answer": "ضالٌّ",
        "t": 1
      },
      {
        "answer": "مُشرِكٌ",
        "t": 0
      }
    ]
  },
  {
    "id": 5337,
    "q": "قَولُ بعضِ النَّاسِ: \"هذا من سُخرِيةِ القَدَرِ\"، أو \"من سَذاجةِ القَدَرِ\"",
    "level": 3,
    "link": "https://www.dorar.net/aqeeda/2498",
    "section": "e-kader",
    "answers": [
      {
        "answer": "حرامٌ، وهو مُنكَرٌ منَ القَولِ، وكُفرٌ باللهِ واستِهزاءٌ به",
        "t": 1
      },
      {
        "answer": "مَكروهٌ",
        "t": 0
      },
      {
        "answer": "على خِلافِ الأَوْلَى",
        "t": 0
      }
    ]
  },
  {
    "id": 5323,
    "q": "الإرادةُ والرِّضا",
    "level": 3,
    "link": "https://www.dorar.net/aqeeda/2458",
    "section": "e-kader",
    "answers": [
      {
        "answer": "يَستَلزِمُ أحَدُهُما الآخَرَ",
        "t": 0
      },
      {
        "answer": "الإرادةُ تَستلزِمُ الرِّضَا، والرِّضا لا يَستَلزِمُ الإرادةَ",
        "t": 0
      },
      {
        "answer": "الإرادةُ لا تَستَلزِمُ الرِّضا",
        "t": 1
      }
    ]
  },
  {
    "id": 5328,
    "q": "مَعنى قَولِه تَعالَى: {كُلَّ يَوْمٍ هُوَ فِي شَأْنٍ}",
    "level": 3,
    "link": "https://www.dorar.net/aqeeda/2470",
    "section": "e-kader",
    "answers": [
      {
        "answer": "يُظهِرُ شَأنًا من قُدرَتِه التي كَتَبها في الأزَلِ",
        "t": 1
      },
      {
        "answer": "يَكتُبُ مَقاديرَ العِبادِ كلَّ يَومٍ",
        "t": 0
      },
      {
        "answer": "منَ المُتَشابِهاتِ الَّتي لا يَعلَمُها أحَدٌ",
        "t": 0
      }
    ]
  },
  {
    "id": 5326,
    "q": "ميَّز اللهُ أهلَ الجنَّةِ والنَّارِ",
    "level": 3,
    "link": "https://www.dorar.net/aqeeda/2470",
    "section": "e-kader",
    "answers": [
      {
        "answer": "بَعدَ خَلقِ السَّمواتِ والأرضِ",
        "t": 0
      },
      {
        "answer": "بَعدَما خَلَق آدَمَ، واستَخرَجَ ذُرِّيَّتَه من صُلْبِه",
        "t": 1
      },
      {
        "answer": "بَعدَ كِتابةِ القَدَرِ",
        "t": 0
      }
    ]
  },
  {
    "id": 5339,
    "q": "الإرادةُ الدِّينيَّةُ الشَّرعيَّةُ؛ هي:",
    "level": 3,
    "link": "https://www.dorar.net/aqeeda/2500",
    "section": "e-kader",
    "answers": [
      {
        "answer": "الشَّامِلةُ لكُلِّ الحَوادِثِ الَكونيَّةِ",
        "t": 0
      },
      {
        "answer": "المُتضمِّنةُ للمَحبَّةِ والرِّضا",
        "t": 1
      },
      {
        "answer": "الشَّاملةُ لبَعضِ الحَوادثِ الكَونيَّةِ",
        "t": 0
      }
    ]
  },
  {
    "id": 5330,
    "q": "مَعنَى: \"وقَضَيْنَا\" في قَولِه تَعالَى: {وَقَضَيْنَا إِلَى بَنِي إِسْرَائِيلَ فِي الْكِتَابِ}",
    "level": 3,
    "link": "https://www.dorar.net/aqeeda/2445",
    "section": "e-kader",
    "answers": [
      {
        "answer": "أمَرْنا",
        "t": 0
      },
      {
        "answer": "حَكَمْنا",
        "t": 0
      },
      {
        "answer": "أَعْلَمْنا",
        "t": 1
      }
    ]
  },
  {
    "id": 5329,
    "q": "مَعنَى \"طَائِرَهُ\" في قَولِه تَعالَى: {وَكُلَّ إِنْسَانٍ أَلْزَمْنَاهُ طَائِرَهُ فِي عُنُقِهِ}",
    "level": 3,
    "link": "https://www.dorar.net/aqeeda/2470",
    "section": "e-kader",
    "answers": [
      {
        "answer": "عاقِبةُ تَشاؤمِه",
        "t": 0
      },
      {
        "answer": "المَلَكُ المُلازِمُ له",
        "t": 0
      },
      {
        "answer": "عَمَلُه وما قُدِّر عَليهِ",
        "t": 1
      }
    ]
  }
]