[
  {
    "id": 5302,
    "q": "تَقديرُ اللهِ تَعالَى الأشياءَ منذُ القِدَمِ، وعِلمُه أنَّها ستَقَعُ في وَقتٍ مُعيَّنٍ ومَكانٍ مُعيَّنٍ، على صِفةٍ مَخصوصةٍ، وكِتابَتُه ذلك، ووُقوعُها حَسبَ ما هيَّأ اللهُ تَعالَى",
    "level": 2,
    "link": "https://www.dorar.net/aqeeda/2449",
    "section": "e-kader",
    "answers": [
      {
        "answer": "القَضاءُ والقَدَرُ",
        "t": 1
      },
      {
        "answer": "عِلمُ اللهِ الأزليُّ",
        "t": 0
      },
      {
        "answer": "القَهرُ والإجبارُ",
        "t": 0
      }
    ]
  },
  {
    "id": 5301,
    "q": "القَدَرُ لُغةً",
    "level": 2,
    "link": "https://www.dorar.net/aqeeda/2447",
    "section": "e-kader",
    "answers": [
      {
        "answer": "استِيفاءُ المَطلوبِ",
        "t": 0
      },
      {
        "answer": "القَضاءُ والحُكمُ",
        "t": 1
      },
      {
        "answer": "الغَيْبُ الخالِص",
        "t": 0
      }
    ]
  },
  {
    "id": 5318,
    "q": "إذا آمَنَ العَبدُ بأنَّ كلَّ ما يُصيبُه مَكتوبٌ؛ فإنَّ ذلك يَدْعوهُ إلى:",
    "level": 2,
    "link": "https://www.dorar.net/aqeeda/2486",
    "section": "e-kader",
    "answers": [
      {
        "answer": "زِيادةِ السَّعيِ في الدُّنيا ومُحاولةِ إصْلاحِها",
        "t": 0
      },
      {
        "answer": "اقتِحامِ الصِّعابِ والأهوالِ بقَلبٍ ثابِتٍ وعَزيمةٍ قَويَّةٍ",
        "t": 1
      },
      {
        "answer": "اجتِنابِ المَكروهِ والخَوفِ منَ الموتِ",
        "t": 0
      }
    ]
  },
  {
    "id": 5311,
    "q": "قَولُه تَعالَى: {فِيهَا يُفْرَقُ كُلُّ أَمْرٍ حَكِيمٍ} مَعناهُ",
    "level": 2,
    "link": "https://www.dorar.net/aqeeda/2470",
    "section": "e-kader",
    "answers": [
      {
        "answer": "الكِتابةُ الأُولى",
        "t": 0
      },
      {
        "answer": "الاستِنساخُ وتَفصيلُ دَقائقِ الأُمورِ لتَعلَمَها المَلائكةُ",
        "t": 1
      },
      {
        "answer": "التَّنفيذُ",
        "t": 0
      }
    ]
  },
  {
    "id": 5317,
    "q": "من ثَمراتِ الإيمانِ بالقَضاءِ والقَدَرِ أنه:",
    "level": 2,
    "link": "https://www.dorar.net/aqeeda/2484",
    "section": "e-kader",
    "answers": [
      {
        "answer": "يَأخُذ بناصِيَةِ العَبدِ إلى الزُّهدِ في الدُّنيا",
        "t": 0
      },
      {
        "answer": "يَدعو إلى العَمَلِ الصَّالحِ والسَّعيِ إلى مَرضاةِ اللهِ",
        "t": 1
      },
      {
        "answer": "أنْ يَسعَى العَبدُ لتَغييرِ قَدرهِ والفَوزِ بالدَّرجاتِ العُلا",
        "t": 0
      }
    ]
  },
  {
    "id": 5306,
    "q": "إنكارُ العِلمِ القَديمِ",
    "level": 2,
    "link": "https://www.dorar.net/aqeeda/2464",
    "section": "e-kader",
    "answers": [
      {
        "answer": "كُفرٌ",
        "t": 1
      },
      {
        "answer": "فِسقٌ وضَلالٌ",
        "t": 0
      },
      {
        "answer": "بِدعةٌ",
        "t": 0
      }
    ]
  },
  {
    "id": 5309,
    "q": "التَّقديرُ العُمريُّ يَكونُ",
    "level": 2,
    "link": "https://www.dorar.net/aqeeda/2470",
    "section": "e-kader",
    "answers": [
      {
        "answer": "بعدَ مِئةٍ وعِشرينَ يَومًا منَ الحَملِ",
        "t": 1
      },
      {
        "answer": "مع حُصولِ الحَملِ",
        "t": 0
      },
      {
        "answer": "بعدَ وِلادةِ الجَنينِ",
        "t": 0
      }
    ]
  },
  {
    "id": 5316,
    "q": "يَعتقِدُ أهلُ السُّنَّةِ والجَماعةِ أنَّ اللهَ خالِقُ كلِّ شيءٍ وخالِقُ العِبادِ وأفعالِهِم، وأنه:",
    "level": 2,
    "link": "https://www.dorar.net/aqeeda/2476",
    "section": "e-kader",
    "answers": [
      {
        "answer": "ليس لِلعبادِ مَشيئةٌ على أعمالِهِم ولا اختِيارٌ ولا قُدرةٌ",
        "t": 0
      },
      {
        "answer": "للعِبادِ قُدرةٌ ومَشيئةٌ على أعمالِهِم بما أقدَرَهُمُ اللهُ عليه",
        "t": 1
      },
      {
        "answer": "لِلعبادِ مَشيئةٌ واختِيارٌ في الآخِرةِ لا في الدُّنيا",
        "t": 0
      }
    ]
  },
  {
    "id": 5304,
    "q": "جَميعُ ما يَجرِي في الدُّنيا منَ الخَيرِ والشَّرِّ والكُفرِ والإيمانِ وغيرِ ذلك، بتَقديرِ اللهِ تَعالَى وعِلمِه، وللعَبدِ اختِيارُها. هذا مَذهبُ",
    "level": 2,
    "link": "https://www.dorar.net/aqeeda/2458",
    "section": "e-kader",
    "answers": [
      {
        "answer": "المُعتزِلةِ",
        "t": 0
      },
      {
        "answer": "الجَهميَّةِ",
        "t": 0
      },
      {
        "answer": "أهلِ السُّنَّةِ والجَماعةِ",
        "t": 1
      }
    ]
  },
  {
    "id": 5313,
    "q": "عن عَبدِ اللهِ بنِ عَمرِو بنِ العاصِ رَضيَ اللهُ عَنهما، مَرفوعًا قال: إنَّ قُلوبَ بَنِي آدَمَ كُلَّها بَينَ:",
    "level": 2,
    "link": "https://www.dorar.net/aqeeda/2474",
    "section": "e-kader",
    "answers": [
      {
        "answer": "الكافِ والنُّونِ؛ فإذا أرادَ اللهُ شَيئًا قال: (كُنْ) فيَكُونُ",
        "t": 0
      },
      {
        "answer": "اختِلافِ اللَّيلِ والنَّهارِ يُقلِّبُها الله كيفَ يَشاءُ",
        "t": 0
      },
      {
        "answer": "إصبَعَينِ من أصابِعِ الرَّحمنِ، كقَلبٍ واحِدٍ يُصرِّفُه حَيثُ يَشاءُ",
        "t": 1
      }
    ]
  },
  {
    "id": 5303,
    "q": "ظَهَرت فِكرةُ الجَبريَّةِ على يَدِ",
    "level": 2,
    "link": "https://www.dorar.net/aqeeda/2476",
    "section": "e-kader",
    "answers": [
      {
        "answer": "الجَهمِ بنِ صَفْوانَ",
        "t": 1
      },
      {
        "answer": "أبو لُؤلُؤة المجوسي",
        "t": 0
      },
      {
        "answer": "عَبدِ اللهِ بنِ سَبأٍ",
        "t": 0
      }
    ]
  },
  {
    "id": 5315,
    "q": "قد يُريدُ الإنسانُ أن يَنسُبَ الفِعلَ الَّذي حَصَل بغَيرِ إرادةٍ منه إلى مَولاهُ؛ فالصَّوابُ أن يقولَ:",
    "level": 2,
    "link": "https://www.dorar.net/aqeeda/2474",
    "section": "e-kader",
    "answers": [
      {
        "answer": "شاءَتِ الأقدارُ",
        "t": 0
      },
      {
        "answer": "شاءَ اللهُ عزَّ وجلَّ، أوِ اقتَضَى قَدرُ اللهِ كذا وكذا",
        "t": 1
      },
      {
        "answer": "شاءَتْ إرادةُ اللهِ",
        "t": 0
      }
    ]
  },
  {
    "id": 5320,
    "q": "المُرادُ بقَولِه ﷺ: «والشَّرُّ لَيسَ إلَيكَ»",
    "level": 2,
    "link": "https://www.dorar.net/aqeeda/2498",
    "section": "e-kader",
    "answers": [
      {
        "answer": "لا يَخلُقُ اللهُ تَعالَى الشَّرَّ مُطلقًا",
        "t": 0
      },
      {
        "answer": "لا يُضافُ الشَّرُّ إليكَ مُخاطبةً ونِسبةً؛ تأدُّبًا",
        "t": 1
      },
      {
        "answer": "لا يَستَطيعُ أحَدٌ منَ الخَلقِ إيصالَ الشَّرِّ إليكَ",
        "t": 0
      }
    ]
  },
  {
    "id": 5305,
    "q": "الإيمانُ بعِلمِ اللهِ يَعني",
    "level": 2,
    "link": "https://www.dorar.net/aqeeda/2464",
    "section": "e-kader",
    "answers": [
      {
        "answer": "أنَّه تَعالَى يَعلَمُ الماضيَ والمُستقبَلَ، المُمكِنَ والمُستَحيلَ، المَوجودَ والمَعدومَ، من أفعالِ النَّاسِ وأرزاقِهِم وآجالِهِم وأحوالِهِم...",
        "t": 1
      },
      {
        "answer": "أنَّ ما شاءَ اللهُ كان وما لم يَشأ لم يكُن",
        "t": 0
      },
      {
        "answer": "أنَّه تَعالَى يَعلَمُ دَبِيبَ النَّملةِ السَّوداء في الصَّخرةِ الصَّمَّاء في اللَّيلةِ الظَّلماء",
        "t": 0
      }
    ]
  },
  {
    "id": 5310,
    "q": "تُسمَّى ليلةُ القَدْرِ بهذا الاسمِ",
    "level": 2,
    "link": "https://www.dorar.net/aqeeda/2470",
    "section": "e-kader",
    "answers": [
      {
        "answer": "لأنَّه يُفصَّلُ فيها القَدَرُ ويُجدَّدُ",
        "t": 0
      },
      {
        "answer": "لشَرَفِها وعَظَمتِها",
        "t": 0
      },
      {
        "answer": "جَميعُ ما سَبَق",
        "t": 1
      }
    ]
  },
  {
    "id": 5308,
    "q": "كِتابةُ المَقاديرِ لها",
    "level": 2,
    "link": "https://www.dorar.net/aqeeda/2470",
    "section": "e-kader",
    "answers": [
      {
        "answer": "أربعةٌ تَقاديرُ",
        "t": 0
      },
      {
        "answer": "ثَلاثةٌ تَقاديرُ",
        "t": 0
      },
      {
        "answer": "خَمسةٌ تَقاديرُ",
        "t": 1
      }
    ]
  },
  {
    "id": 5312,
    "q": "من مَقاديرِ اللهِ اليَوميَّةِ",
    "level": 2,
    "link": "https://www.dorar.net/aqeeda/2470",
    "section": "e-kader",
    "answers": [
      {
        "answer": "تَجديدُ وتَفصيلُ الأُمورِ",
        "t": 0
      },
      {
        "answer": "كِتابةُ الرِّزقِ والأجَلِ لكُلِّ مَولودٍ",
        "t": 0
      },
      {
        "answer": "أن يُعِزَّ مَن يَشاءُ، ويُذِلَّ مَن يَشاءُ، ويُحييَ ويُميتَ",
        "t": 1
      }
    ]
  },
  {
    "id": 5319,
    "q": "القَدرُ الَّذي هو عِلمُ اللهِ وقُدرَتُه ومَشيئَتُه، هو:",
    "level": 2,
    "link": "https://www.dorar.net/aqeeda/2498",
    "section": "e-kader",
    "answers": [
      {
        "answer": "للمُطيعِ خيرٌ كلُّه وللعاصي شرٌ كلُّه",
        "t": 0
      },
      {
        "answer": "قد يَدخُلُه الشَّرُّ الجُزئيُّ من بابِ الحِكمَة",
        "t": 0
      },
      {
        "answer": "خَيرٌ كُلُّه، وكَمالٌ من كُلِّ وَجهٍ",
        "t": 1
      }
    ]
  },
  {
    "id": 5307,
    "q": "مَعنَى قَولِه تَعالَى: {لَوْلَا كِتَابٌ مِنَ اللهِ سَبَقَ لَمَسَّكُمْ فِيمَا أَخَذْتُمْ عَذَابٌ عَظِيمٌ}",
    "level": 2,
    "link": "https://www.dorar.net/aqeeda/2468",
    "section": "e-kader",
    "answers": [
      {
        "answer": "لولا ما كَتَبه سابِقًا في اللَّوحِ المَحفوظِ أنَّه سيُحِلُّ لأُمَّةِ مُحمَّدٍ الغَنائمَ لعذَّبَهُم",
        "t": 1
      },
      {
        "answer": "لولا قَولُه: {وَمَا كَانَ اللهُ لِيُعَذِّبَهُمْ وَأَنْتَ فِيهِمْ} لَأَخَذَهمُ العَذابُ",
        "t": 0
      },
      {
        "answer": "لولا ما أُنزِلَ على لِسانِ رَسولِه منَ المَغفرةِ لأهلِ بَدرٍ لعَذَّبَكُم",
        "t": 0
      }
    ]
  },
  {
    "id": 5314,
    "q": "يُستحَبُّ في الدُّعاءِ أن:",
    "level": 2,
    "link": "https://www.dorar.net/aqeeda/2474",
    "section": "e-kader",
    "answers": [
      {
        "answer": "يَجزِمَ في الطَّلَبِ، ولا يُعلِّقَ مَسألَتَه على المَشيئةِ",
        "t": 1
      },
      {
        "answer": "يَتوسَّلَ بالنَّبيِّ صلَّى اللهُ عليه وسلَّم",
        "t": 0
      },
      {
        "answer": "يُعلِّقَ مَسألتَه بمَشيئةِ اللهِ",
        "t": 0
      }
    ]
  }
]