[
  {
    "id": 5283,
    "q": "سُمِّي القَدَريَّةُ بهذا الاسمِ لأنَّهُم",
    "level": 1,
    "link": "https://www.dorar.net/aqeeda/2451",
    "section": "e-kader",
    "answers": [
      {
        "answer": "قالوا إنَّ القَدرَ صُنعُ الإنسانِ",
        "t": 0
      },
      {
        "answer": "أثبَتوا القَدَرَ",
        "t": 0
      },
      {
        "answer": "نَفَوْا أن تَكونَ الأفعالُ بقَدَرِ الله تَعالَى وعِلمِه",
        "t": 1
      }
    ]
  },
  {
    "id": 5296,
    "q": "من ثَمَراتِ الإيمانِ بالقَضاءِ والقَدَرِ",
    "level": 1,
    "link": "https://www.dorar.net/aqeeda/2482",
    "section": "e-kader",
    "answers": [
      {
        "answer": "التَّرفُّع عن سَفاسِف الأُمور والتَّمَسُّك بمَعالِيها",
        "t": 0
      },
      {
        "answer": "الأَمرُ بالمَعرُوفِ والنَّهيُ عن المُنكَرِ",
        "t": 0
      },
      {
        "answer": "الاستِقامةُ على مَنهجٍ سَواءٍ في السَّراءِ والضَّرَّاءِ؛ بحيثُ لا تُبطِرُه النِّعمةُ، ولا تُيْئِسُه المُصيبةُ",
        "t": 1
      }
    ]
  },
  {
    "id": 5288,
    "q": "الإيمانُ بمشيئةِ اللهِ النَّافِذةِ مِن مراتِبِ الإيمانِ بالقَدَرِ. ومعنى ذلك:",
    "level": 1,
    "link": "https://www.dorar.net/aqeeda/2474",
    "section": "e-kader",
    "answers": [
      {
        "answer": "أنَّ اللهَ كتب كُلَّ شيءٍ في اللَّوحِ المحفوظِ",
        "t": 0
      },
      {
        "answer": "أن عِلمَ الله شَامِلٌ ومُحيطٌ",
        "t": 1
      },
      {
        "answer": "أن ما شَاء اللهُ كان وما لم يَشَأْ لم يكُنْ",
        "t": 0
      }
    ]
  },
  {
    "id": 5291,
    "q": "إغناءُ الفَقيرِ وإنباتُ الزَّرعِ وإنزالُ المَطَرِ",
    "level": 1,
    "link": "https://www.dorar.net/aqeeda/2470",
    "section": "e-kader",
    "answers": [
      {
        "answer": "من المَقاديرِ اليَوميَّةِ",
        "t": 1
      },
      {
        "answer": "منَ المَقاديرِ العُمريَّةِ",
        "t": 0
      },
      {
        "answer": "منَ المَقاديرِ الحَوليَّةِ",
        "t": 0
      }
    ]
  },
  {
    "id": 5300,
    "q": "تَنقسِمُ الإرادةُ الإلهِيَّةُ في كِتابِ اللهِ -عزَّ وجلَّ- إلى:",
    "level": 1,
    "link": "https://www.dorar.net/aqeeda/2500",
    "section": "e-kader",
    "answers": [
      {
        "answer": "قِسمَينِ: دينيَّةٍ شَرعِيَّةٍ، وكَونيَّةٍ قَدَريَّةٍ",
        "t": 1
      },
      {
        "answer": "قِسمَينِ: جَبْريةٍ، وقَدَريَّةٍ",
        "t": 0
      },
      {
        "answer": "ثَلاثةِ أقسامٍ: كَونِيَّةٍ وشَرعيَّةٍ وقَدَريَّةٍ",
        "t": 0
      }
    ]
  },
  {
    "id": 5297,
    "q": "الإيمانُ بالقَدَرِ يَحمِلُ الإنسانَ على:",
    "level": 1,
    "link": "https://www.dorar.net/aqeeda/2488",
    "section": "e-kader",
    "answers": [
      {
        "answer": "حُسنِ الظَّنِّ بالله سبحانه",
        "t": 0
      },
      {
        "answer": "مَعرِفةِ قَدرِ نَفسِه، وأنَّه عاجِزٌ ومُفتقِرٌ إلى اللهِ دَومًا",
        "t": 1
      },
      {
        "answer": "كَثرةِ ذِكرِ الله عزَّ وجلَّ",
        "t": 0
      }
    ]
  },
  {
    "id": 5286,
    "q": "أوَّلُ ما خَلَق اللهُ تَعالَى",
    "level": 1,
    "link": "https://www.dorar.net/aqeeda/2468",
    "section": "e-kader",
    "answers": [
      {
        "answer": "القَلمُ",
        "t": 1
      },
      {
        "answer": "الجنَّةُ",
        "t": 0
      },
      {
        "answer": "النَّارُ",
        "t": 0
      }
    ]
  },
  {
    "id": 5287,
    "q": "قَولُه ﷺ: \"بَل فِيمَا جَفَّتْ به الأقْلامُ\"",
    "level": 1,
    "link": "https://www.dorar.net/aqeeda/2468",
    "section": "e-kader",
    "answers": [
      {
        "answer": "فيه إبْطالٌ لمَذهَبِ الصُّوفِيَّة",
        "t": 0
      },
      {
        "answer": "فيه إبْطالٌ لمَذهَبِ القَدَريَّةِ",
        "t": 1
      },
      {
        "answer": "فيهِ إبْطالٌ لمَذهَبِ الماتُردِيَّة",
        "t": 0
      }
    ]
  },
  {
    "id": 5285,
    "q": "الإيمانُ باللَّوحِ والقَلَمِ مُتضمَّنٌ في الإيمانِ بـ",
    "level": 1,
    "link": "https://www.dorar.net/aqeeda/2468",
    "section": "e-kader",
    "answers": [
      {
        "answer": "الكِتابةِ",
        "t": 1
      },
      {
        "answer": "المَشيئةِ",
        "t": 0
      },
      {
        "answer": "العِلمِ",
        "t": 0
      }
    ]
  },
  {
    "id": 5295,
    "q": "من مَراتبِ الإيمانِ بالقَدَرِ:",
    "level": 1,
    "link": "https://www.dorar.net/aqeeda/2476",
    "section": "e-kader",
    "answers": [
      {
        "answer": "الإيمانُ بقُدرةِ المَلائكةِ على التَّشكُّلِ بصُوَرٍ بَشريَّةٍ كَريمةٍ",
        "t": 0
      },
      {
        "answer": "الإيمانُ بنُبُوَّةِ الأنبِياءِ",
        "t": 0
      },
      {
        "answer": "الإيمانُ بأنَّ اللهَ خالِقُ كُلِّ شَيءٍ",
        "t": 1
      }
    ]
  },
  {
    "id": 5294,
    "q": "من مَراتِبِ الإيمانِ بالقَضاءِ والقَدَرِ: أن يؤمِنَ العَبدُ أنَّ:",
    "level": 1,
    "link": "https://www.dorar.net/aqeeda/2474",
    "section": "e-kader",
    "answers": [
      {
        "answer": "ما شاءَ اللهُ كان، وما لم يَشأْ لم يكُن",
        "t": 1
      },
      {
        "answer": "التَّوكلَ على الله والأَخذَ بالأَسبابِ مِن مُوجِباتِ القَدَرِ",
        "t": 0
      },
      {
        "answer": "أنَّ الدُّعاءَ لا يَرُدُّ القَدرَ",
        "t": 0
      }
    ]
  },
  {
    "id": 5290,
    "q": "الضَّميرُ في {فِيهَا يُفْرَقُ كُلُّ أَمْرٍ حَكِيمٍ} يعودُ على",
    "level": 1,
    "link": "https://www.dorar.net/aqeeda/2470",
    "section": "e-kader",
    "answers": [
      {
        "answer": "لَيلةِ القَدْرِ",
        "t": 1
      },
      {
        "answer": "الألواحِ",
        "t": 0
      },
      {
        "answer": "المَقاديرِ",
        "t": 0
      }
    ]
  },
  {
    "id": 5289,
    "q": "كَتَب الله مَقاديرَ الخَلائقِ",
    "level": 1,
    "link": "https://www.dorar.net/aqeeda/2468",
    "section": "e-kader",
    "answers": [
      {
        "answer": "بَعدَ خَلقِ السَّمواتِ والأرضِ",
        "t": 0
      },
      {
        "answer": "قبلَ خَلقِ السَّمواتِ والأرضِ بخَمسينَ ألفَ سَنةٍ",
        "t": 1
      },
      {
        "answer": "قَبلَ خَلقِ السَّمواتِ والأرضِ بألفِ سَنةٍ",
        "t": 0
      }
    ]
  },
  {
    "id": 5281,
    "q": "كَلِمةُ \"قَضى\" في قَولِه تَعالَى: {وَقَضَى رَبُّكَ} بمَعنَى",
    "level": 1,
    "link": "https://www.dorar.net/aqeeda/2445",
    "section": "e-kader",
    "answers": [
      {
        "answer": "أمَرَ",
        "t": 1
      },
      {
        "answer": "فَرَغ",
        "t": 0
      },
      {
        "answer": "أنْهَى",
        "t": 0
      }
    ]
  },
  {
    "id": 5292,
    "q": "يُؤمَرُ المَلَكُ عندَ نَفخِ الرُّوحِ بكِتابةِ",
    "level": 1,
    "link": "https://www.dorar.net/aqeeda/2470",
    "section": "e-kader",
    "answers": [
      {
        "answer": "العِلمِ والعَملِ والقَبولِ والاتِّباعِ",
        "t": 0
      },
      {
        "answer": "الاسمِ واللَّونِ والرِّقِّ أو الحُرِّيَّة",
        "t": 0
      },
      {
        "answer": "الرِّزقِ والأجَلِ والعَمَلِ والشَّقاءِ أمِ السَّعادةِ",
        "t": 1
      }
    ]
  },
  {
    "id": 5298,
    "q": "المُؤمِنُ لا يَحسُدُ النَّاسَ على ما آتاهُمُ اللهُ من فَضلِه؛ وذلك لأنَّه:",
    "level": 1,
    "link": "https://www.dorar.net/aqeeda/2490",
    "section": "e-kader",
    "answers": [
      {
        "answer": "يَعلَمُ أنَّ اللهَ تَعالَى هو الَّذي رَزَقَهم وقدَّرَ لهم ذلك",
        "t": 1
      },
      {
        "answer": "مَخمومُ القَلبِ",
        "t": 0
      },
      {
        "answer": "لا يَريدُ شَيئًا مِمَّا يَمُنُّ اللهُ تَعالَى به على عِبادِه في الدُّنيا",
        "t": 0
      }
    ]
  },
  {
    "id": 5293,
    "q": "ما كُتِب في اللَّوحِ المَحفوظِ منَ الأقدارِ",
    "level": 1,
    "link": "https://www.dorar.net/aqeeda/2472",
    "section": "e-kader",
    "answers": [
      {
        "answer": "يَتغيَّرُ ويَتبدَّلُ بإرادةِ اللهِ وَحدَه",
        "t": 0
      },
      {
        "answer": "لا يَتغيَّرُ ولا يَتبدَّلُ مُطلقًا",
        "t": 1
      },
      {
        "answer": "قد يَتعرَّضُ للتَّغيِيرِ والتَّبديلِ عُمومًا",
        "t": 0
      }
    ]
  },
  {
    "id": 5299,
    "q": "أفعالُ اللهِ تَعالَى:",
    "level": 1,
    "link": "https://www.dorar.net/aqeeda/2496",
    "section": "e-kader",
    "answers": [
      {
        "answer": "شَرطٌ مِن شُروطِ الرُّبوبِيَّة",
        "t": 0
      },
      {
        "answer": "ذاتِيَّة تَصدُر عن أَسمائِه الحُسنَى سُبحانَه",
        "t": 0
      },
      {
        "answer": "كُلُّها عَدلٌ ورَحمةٌ ومُوافِقةٌ لِلحِكمةِ",
        "t": 1
      }
    ]
  },
  {
    "id": 5284,
    "q": "جاء مُشركِو قُرَيشٍ يخاصمون رسولَ اللهِ صلَّى اللهُ عليه وسلَّم في القَدَرِ، فنزلت:",
    "level": 1,
    "link": "https://www.dorar.net/aqeeda/2456",
    "section": "e-kader",
    "answers": [
      {
        "answer": "يَوْمَ يُسْحَبُونَ فِي النَّارِ عَلَى وُجُوهِهِمْ ذُوقُوا مَسَّ سَقَرَ إِنَّا كُلَّ شَيْءٍ خَلَقْنَاهُ بِقَدَرٍ",
        "t": 1
      },
      {
        "answer": "وَخَلَقَ كُلَّ شَيْءٍ فَقَدَّرَهُ تَقْدِيرًا",
        "t": 0
      },
      {
        "answer": "وَكَانَ أَمْرُ اللَّهِ قَدَرًا مَقْدُورًا",
        "t": 0
      }
    ]
  },
  {
    "id": 5282,
    "q": "كَلِمةُ \"فقَدَر\" في قَولِه تَعالَى: {فَقَدَرَ عَلَيْهِ رِزْقَهُ} بمَعنَى",
    "level": 1,
    "link": "https://www.dorar.net/aqeeda/2447",
    "section": "e-kader",
    "answers": [
      {
        "answer": "التَّقديرِ",
        "t": 0
      },
      {
        "answer": "الجَرَيانِ",
        "t": 0
      },
      {
        "answer": "التَّضيِيقِ",
        "t": 1
      }
    ]
  }
]