[
  {
    "id": 4095,
    "q": "أفاد قولُه تعالى: {وَمَنْ أَضَلُّ مِمَّنِ اتَّبَعَ هَوَاهُ بِغَيْرِ هُدًى مِنَ اللَّهِ}:",
    "level": 1,
    "link": "https://www.dorar.net/tafseer/28/10",
    "section": "al-qasas",
    "answers": [
      {
        "answer": "أنَّ البُعد عن الهُدَى أَصلُ كُلِّ الضَّلالاتِ ",
        "t": 0
      },
      {
        "answer": "أنه لا يجوزُ أن يُعمَل في الدينِ إلا بما شرَعَ الله ورسولُه",
        "t": 1
      },
      {
        "answer": "أن اتِّباعَ الهَوَى مَذمُومٌ مُطلقًا",
        "t": 0
      }
    ]
  },
  {
    "id": 4084,
    "q": "معنى قولِه تعالى: {وَلَمَّا بَلَغَ أَشُدَّهُ}",
    "level": 1,
    "link": "https://www.dorar.net/tafseer/28/3",
    "section": "al-qasas",
    "answers": [
      {
        "answer": "بَلَغَ سِنَّ الرُّشدِ والتَّميِيز",
        "t": 0
      },
      {
        "answer": "قَوِيت همَّتُه وبَانَت شَجاعَتُه",
        "t": 0
      },
      {
        "answer": "اشتدَّ واستَحكَمَت قوةُ شَبابِه",
        "t": 1
      }
    ]
  },
  {
    "id": 4093,
    "q": "معنى (تصْطلون) في قوله تعالى: {لَعَلِّي آتِيكُمْ مِنْهَا بِخَبَرٍ أَوْ جَذْوَةٍ مِنَ النَّارِ لَعَلَّكُمْ تَصْطَلُونَ} :",
    "level": 1,
    "link": "https://www.dorar.net/tafseer/28/7",
    "section": "al-qasas",
    "answers": [
      {
        "answer": "تَأمَنُونَ",
        "t": 0
      },
      {
        "answer": "تَستَضِيئُونَ",
        "t": 0
      },
      {
        "answer": "تَستدفِئون",
        "t": 1
      }
    ]
  },
  {
    "id": 4098,
    "q": "معنى (أغْوينا) في قوله تعالى: {هَؤُلَاءِ الَّذِينَ أَغْوَيْنَا}:",
    "level": 1,
    "link": "https://www.dorar.net/tafseer/28/13",
    "section": "al-qasas",
    "answers": [
      {
        "answer": "اتَّبَعْنا",
        "t": 0
      },
      {
        "answer": "ظلَمْنا",
        "t": 0
      },
      {
        "answer": "أضلَلْنا",
        "t": 1
      }
    ]
  },
  {
    "id": 4087,
    "q": "قوله تعالى: {قَالَ لَهُ مُوسَى إِنَّكَ لَغَوِيٌّ مُبِينٌ}. معنى: \"لَغَوِيٌّ\":",
    "level": 1,
    "link": "https://www.dorar.net/tafseer/28/4",
    "section": "al-qasas",
    "answers": [
      {
        "answer": "مُضِلٌّ شَديدُ الغَوايةِ",
        "t": 1
      },
      {
        "answer": "عَدُوُّ ظاهِرُ العَداوَةِ",
        "t": 0
      },
      {
        "answer": "سَؤُولٌ مُلِحٌّ في المَسأَلة",
        "t": 0
      }
    ]
  },
  {
    "id": 4082,
    "q": "معنى قولِه تعالى: {عَسَى أَنْ يَنْفَعَنَا أَوْ نَتَّخِذَهُ وَلَدًا وَهُمْ لَا يَشْعُرُونَ}:",
    "level": 1,
    "link": "https://www.dorar.net/tafseer/28/2",
    "section": "al-qasas",
    "answers": [
      {
        "answer": "وهم لا يَشعُرون بحُزنِ أمِّ موسى على فَقْدِها وَلدَها",
        "t": 0
      },
      {
        "answer": "وهم لا يَشعُرون ما هو كائنٌ مِن أنَّ هَلاكَهم على يَدِ هذا الطِّفل",
        "t": 1
      },
      {
        "answer": "وهم لا يَشعُرون بِكَيْدِ فِرعَون لمَوسَى عليه السَّلامُ",
        "t": 0
      }
    ]
  },
  {
    "id": 4100,
    "q": "أفاد قولُه تعالى: {مَنْ إِلَهٌ غَيْرُ اللَّهِ يَأْتِيكُمْ بِلَيْلٍ تَسْكُنُونَ فِيهِ أَفَلَا تُبْصِرُونَ}:",
    "level": 1,
    "link": "https://www.dorar.net/tafseer/28/15",
    "section": "al-qasas",
    "answers": [
      {
        "answer": "الحثَّ على التبصُّر في آياتِ الله",
        "t": 1
      },
      {
        "answer": "إِشارَةً لَطِيفَةً إلى قِيامِ اللَّيلِ وعِبادَةِ الخَلَواتِ ",
        "t": 0
      },
      {
        "answer": "الدَّلالَةَ على أنَّ السَّكَنَ باللَّيلِ هو الفِطرَةُ",
        "t": 0
      }
    ]
  },
  {
    "id": 4099,
    "q": "قال تعالى: {وَرَبُّكَ يَخْلُقُ مَا يَشَاءُ}  ولم يقل: مَن يشاء :",
    "level": 1,
    "link": "https://www.dorar.net/tafseer/28/14",
    "section": "al-qasas",
    "answers": [
      {
        "answer": "للدَّلالةِ على خلْقُ الأعيانِ",
        "t": 0
      },
      {
        "answer": "لأن المقصودَ العقلاءِ ",
        "t": 0
      },
      {
        "answer": "ليَشمَلَ الأعيانَ والأوصافَ",
        "t": 1
      }
    ]
  },
  {
    "id": 4089,
    "q": "معنى (يَصدُر) في قوله تعالى: {لَا نَسْقِي حَتَّى يُصْدِرَ الرِّعَاءُ}:",
    "level": 1,
    "link": "https://www.dorar.net/tafseer/28/5",
    "section": "al-qasas",
    "answers": [
      {
        "answer": "يَرتَوِي",
        "t": 0
      },
      {
        "answer": "يَرجِع ويَفرُغ",
        "t": 1
      },
      {
        "answer": "يَأتي",
        "t": 0
      }
    ]
  },
  {
    "id": 4081,
    "q": "السببُ في بَدْءِ سُورة القَصَصِ بالحروفِ المقطَّعة:",
    "level": 1,
    "link": "https://www.dorar.net/tafseer/28/1",
    "section": "al-qasas",
    "answers": [
      {
        "answer": "بيانُ إعجازِ القرآنِ، وإبراز عجْزِ الخلْقِ عن مُعارضتِه",
        "t": 1
      },
      {
        "answer": "بيانُ آثار رَحمةِ الله بعِباده",
        "t": 0
      },
      {
        "answer": "تثبيتُ قلْبِ النبيِّ صلَّى الله عليه وسلَّم",
        "t": 0
      }
    ]
  },
  {
    "id": 4094,
    "q": "أشار قوله تعالى: {قَالُوا مَا هَذَا إِلَّا سِحْرٌ مُفْتَرًى وَمَا سَمِعْنَا بِهَذَا فِي آبَائِنَا الْأَوَّلِينَ}:",
    "level": 1,
    "link": "https://www.dorar.net/tafseer/28/8",
    "section": "al-qasas",
    "answers": [
      {
        "answer": "أنه يَنبغي للداعي إلى اللهِ أن يَنصرِف عن الناسِ إنْ انصَرفوا عنه ولم يَقبَلُوا دَعوَتَه",
        "t": 0
      },
      {
        "answer": "أنَّ السِّحرَ لا يكونُ إلَّا عن افتِراءٍ وكَذِبٍ",
        "t": 0
      },
      {
        "answer": "أنه لا يَنبغي للمرءِ أن يَثْنيه عن قولِ الحقِّ ردُّه أو وصْفُه هو بالعيوبِ",
        "t": 1
      }
    ]
  },
  {
    "id": 4092,
    "q": "أفاد قولُه تعالى: {سَتَجِدُنِي إِنْ شَاءَ اللَّهُ مِنَ الصَّالِحِينَ}:",
    "level": 1,
    "link": "https://www.dorar.net/tafseer/28/6",
    "section": "al-qasas",
    "answers": [
      {
        "answer": "جَوازَ مَدحِ الإنسانِ نَفسَه مَقرُونًا بالمَشِيئَة",
        "t": 0
      },
      {
        "answer": "أنَّ عدمَ تقديمِ المشيئةِ من كبائرِ الذُّنوبِ",
        "t": 0
      },
      {
        "answer": "أنه لا يَنْبغي للمرءِ أن يَعزِم على فِعلِ شيءٍ إلا مَقرونًا بالمشيئةِ",
        "t": 1
      }
    ]
  },
  {
    "id": 4083,
    "q": "في قِصَّة مُوسى عليه السَّلامُ؛ مَن القائِل: {هَلْ أَدُلُّكُمْ عَلَى أَهْلِ بَيْتٍ يَكْفُلُونَهُ لَكُمْ وَهُمْ لَهُ نَاصِحُونَ}:",
    "level": 1,
    "link": "https://www.dorar.net/tafseer/28/2",
    "section": "al-qasas",
    "answers": [
      {
        "answer": "أختُ مُوسى",
        "t": 1
      },
      {
        "answer": "زوجةُ فِرعون",
        "t": 0
      },
      {
        "answer": "أمُّ موسى",
        "t": 0
      }
    ]
  },
  {
    "id": 4085,
    "q": "أفاد قولُه تعالى: {هَذَا مِنْ شِيعَتِهِ وَهَذَا مِنْ عَدُوِّهِ}:",
    "level": 1,
    "link": "https://www.dorar.net/tafseer/28/3",
    "section": "al-qasas",
    "answers": [
      {
        "answer": "إثباتَ العداوةِ والولايةِ، وهو أصلٌ في الدِّين",
        "t": 1
      },
      {
        "answer": "أنَّ المؤمن لا يُعادي المشركين بل يَتألَّفُهُم",
        "t": 0
      },
      {
        "answer": "نفيَ العداوةِ وإثباتَ الولايةِ مع أَهلِ الكِتابِ",
        "t": 0
      }
    ]
  },
  {
    "id": 4086,
    "q": "معنى (يَستصرِخُه) .",
    "level": 1,
    "link": "https://www.dorar.net/tafseer/28/4",
    "section": "al-qasas",
    "answers": [
      {
        "answer": "يَستغيثُ به",
        "t": 1
      },
      {
        "answer": "يَشي به للقومِ",
        "t": 0
      },
      {
        "answer": "يَصرُخ في وجْهِه",
        "t": 0
      }
    ]
  },
  {
    "id": 4096,
    "q": "المقصود بالكتابِ في قوله تعالى: {الَّذِينَ آتَيْنَاهُمُ الْكِتَابَ مِنْ قَبْلِهِ هُمْ بِهِ يُؤْمِنُونَ}",
    "level": 1,
    "link": "https://www.dorar.net/tafseer/28/11",
    "section": "al-qasas",
    "answers": [
      {
        "answer": "الزَّبورُ",
        "t": 0
      },
      {
        "answer": "القُرآنُ",
        "t": 0
      },
      {
        "answer": "التَّوراةُ والإنجيلُ",
        "t": 1
      }
    ]
  },
  {
    "id": 4091,
    "q": "أفاد قولُه تعالى: {قَالَتْ إِحْدَاهُمَا يَا أَبَتِ اسْتَأْجِرْهُ}:",
    "level": 1,
    "link": "https://www.dorar.net/tafseer/28/6",
    "section": "al-qasas",
    "answers": [
      {
        "answer": "بُطلانَ حُكمِ الجاهِليَّة في عَدمِ تَورِيثِ الإِناثِ",
        "t": 0
      },
      {
        "answer": "جَوازَ استِئجارِ الحُرَّةِ للحُرِّ دُون عَقدِ إيجارَةٍ",
        "t": 0
      },
      {
        "answer": "جوازَ مشورةِ الأدنى للأعْلى",
        "t": 1
      }
    ]
  },
  {
    "id": 4097,
    "q": "معنى (يُجبى) في قوله تعالى: {يُجْبَى إِلَيْهِ ثَمَرَاتُ كُلِّ شَيْءٍ}:",
    "level": 1,
    "link": "https://www.dorar.net/tafseer/28/12",
    "section": "al-qasas",
    "answers": [
      {
        "answer": "يَنبُتُ ",
        "t": 0
      },
      {
        "answer": "يُجمَع ويُجلَب",
        "t": 1
      },
      {
        "answer": "يُباعُ ويُشتَرَى",
        "t": 0
      }
    ]
  },
  {
    "id": 4088,
    "q": "قولُه تعالى: {وَوَجَدَ مِنْ دُونِهِمُ امْرَأتَيْنِ تَذُودَانِ}: معنى \"تَذُودَانِ\": ",
    "level": 1,
    "link": "https://www.dorar.net/tafseer/28/5",
    "section": "al-qasas",
    "answers": [
      {
        "answer": "تَستَزِيدانِ مِن الماءِ وتُكثِرَا مِنه",
        "t": 0
      },
      {
        "answer": "تَحمِلانِ الزادَ لقَومِهِما",
        "t": 0
      },
      {
        "answer": "تَكُفَّانِ وتَحبِسانِ غَنَمَهما",
        "t": 1
      }
    ]
  },
  {
    "id": 4090,
    "q": "أفاد قولُه تعالى: {قَالَ مَا خَطْبُكُمَا}:",
    "level": 1,
    "link": "https://www.dorar.net/tafseer/28/5",
    "section": "al-qasas",
    "answers": [
      {
        "answer": "أنه لا يَنْبغي أنْ يُحكَم على الأمورِ إلا بعْد معرفةِ الأسبابِ",
        "t": 1
      },
      {
        "answer": "وجوبَ أخْذ الناسِ بظاهرِهم؛ لأنَّ الباطِنَ لا يَعلمُه أَحَدٌ",
        "t": 0
      },
      {
        "answer": "جوازَ المسارعةِ في الحُكمِ على الناسِ بالقَرائِن المُبَيِّنَة",
        "t": 0
      }
    ]
  }
]