[
  {
    "id": 4105,
    "q": "دلَّ قوله تعالى: {فَوَكَزَهُ مُوسَى فَقَضَى عَلَيْهِ} على:",
    "level": 2,
    "link": "https://www.dorar.net/tafseer/28/3",
    "section": "al-qasas",
    "answers": [
      {
        "answer": "أنه لا يجوز ردُّ المعْتدي إلَّا بِبَيِّنَة وشاهِدَي عَدلٍ",
        "t": 0
      },
      {
        "answer": "مَشرُوعِيَّةِ رَدِّ نَبأِ الفاسِق",
        "t": 0
      },
      {
        "answer": "جوازِ دفْع الصائلِ ولو أدَّى إلى قتلِه",
        "t": 1
      }
    ]
  },
  {
    "id": 4113,
    "q": "معنى (المَقبُوحِينَ) في قوله تعالى: {وَيَوْمَ الْقِيَامَةِ هُمْ مِنَ الْمَقْبُوحِينَ}:",
    "level": 2,
    "link": "https://www.dorar.net/tafseer/28/8",
    "section": "al-qasas",
    "answers": [
      {
        "answer": "الهالِكين البَاقِينَ في العَذابِ",
        "t": 0
      },
      {
        "answer": "الموسومين بحالِ المنكَر أو المشوَّهين",
        "t": 1
      },
      {
        "answer": "لا شَأنَ لهُم ولا وَزن",
        "t": 0
      }
    ]
  },
  {
    "id": 4104,
    "q": "أفاد قولُه تعالى: {وَقَالَتِ امْرَأَتُ فِرْعَوْنَ قُرَّتُ عَيْنٍ لِي وَلَكَ لَا تَقْتُلُوهُ}:",
    "level": 2,
    "link": "https://www.dorar.net/tafseer/28/2",
    "section": "al-qasas",
    "answers": [
      {
        "answer": "أنَّ إِنكارَ القَتلِ هو أَصلُ فِطرَةِ بني آدمَ",
        "t": 0
      },
      {
        "answer": "أنَّ امرأةَ فِرعونَ كانت تَعلَم بنُبوَّةَ مُوسى عليه السلام منذُ طُفولَتِه",
        "t": 0
      },
      {
        "answer": "أن وجودَ الصالحينَ بين المفسدين يخفِّف مِن لأْواءِ فسادِ المفسِدين",
        "t": 1
      }
    ]
  },
  {
    "id": 4112,
    "q": "أفاد قولُه تعالى: {فَلَمَّا رَآهَا تَهْتَزُّ كَأَنَّهَا جَانٌّ وَلَّى مُدْبِرًا}:",
    "level": 2,
    "link": "https://www.dorar.net/tafseer/28/7",
    "section": "al-qasas",
    "answers": [
      {
        "answer": "أنه يجوزُ على الأنبياءِ ما يجوزُ على غيرِهم من الخوفِ الطبيعيِّ",
        "t": 1
      },
      {
        "answer": "أن الأنبياءَ لِعُلُوِّ مَنزِلتهِم لا يُوصَفُون بالبَشَرِيَّة",
        "t": 0
      },
      {
        "answer": "أن الخوفَ لا يجوزُ في حقِّ الأنبياءِ",
        "t": 0
      }
    ]
  },
  {
    "id": 4103,
    "q": "أفاد قولُه تعالى: {وَأَوْحَيْنَا إِلَى أُمِّ مُوسَى أَنْ أَرْضِعِيهِ فَإِذَا خِفْتِ عَلَيْهِ فَأَلْقِيهِ فِي الْيَمِّ وَلَا تَخَافِي وَلَا تَحْزَنِي إِنَّا رَادُّوهُ إِلَيْكِ وَجَاعِلُوهُ مِنَ الْمُرْسَلِينَ}:",
    "level": 2,
    "link": "https://www.dorar.net/tafseer/28/2",
    "section": "al-qasas",
    "answers": [
      {
        "answer": "أنَّ أُمَّ مُوسَى كانت مِن جُملَةِ الأَنبياءِ",
        "t": 0
      },
      {
        "answer": "أن الله تعالى يُقدِّرُ على عبدِه بعضَ المشاقِّ ليُنِيلَه سرورًا أعظَمَ مِن ذلك",
        "t": 1
      },
      {
        "answer": "أنَّ مُوسَى  عليه السَّلامُ كان رَسولًا مُكَلَّفًا مُنذ وِلادَتِه",
        "t": 0
      }
    ]
  },
  {
    "id": 4117,
    "q": "أشار قوله تعالى: {قُلْ فَأْتُوا بِكِتَابٍ مِنْ عِنْدِ اللَّهِ هُوَ أَهْدَى مِنْهُمَا أَتَّبِعْهُ إِنْ كُنْتُمْ صَادِقِينَ} إلى:",
    "level": 2,
    "link": "https://www.dorar.net/tafseer/28/10",
    "section": "al-qasas",
    "answers": [
      {
        "answer": "أنَّ اللهَ تعالى لم يُنزِل كتابًا أهدى مِن التوراةِ والقرآنِ",
        "t": 1
      },
      {
        "answer": "أنَّ الله لم يُنزل كُتُبًا غير التَّوراةِ والقُرآنِ",
        "t": 0
      },
      {
        "answer": "أنَّ الله قدْ نزَّل من الكتبِ ما هو أهْدى من التَّوراة والقرآنِ",
        "t": 0
      }
    ]
  },
  {
    "id": 4102,
    "q": "العِبرةُ في قصِّ قصةِ مُوسى عليه السلامُ:",
    "level": 2,
    "link": "https://www.dorar.net/tafseer/28/1",
    "section": "al-qasas",
    "answers": [
      {
        "answer": "الإشارةُ إلى فَضلِ مُوسَى عليه السَّلامُ ",
        "t": 0
      },
      {
        "answer": "ليَستفيدَ المؤمنُ بها ويَستنيرَ",
        "t": 1
      },
      {
        "answer": "تَحذيرُ المُسلِمينَ مِن عَداوَةِ بني إِسرائيلَ",
        "t": 0
      }
    ]
  },
  {
    "id": 4118,
    "q": "قوله تعالى: {إِنَّ اللَّهَ لَا يَهْدِي الْقَوْمَ الظَّالِمِينَ} ردٌّ على:",
    "level": 2,
    "link": "https://www.dorar.net/tafseer/28/10",
    "section": "al-qasas",
    "answers": [
      {
        "answer": "القدَريةِ الذين ينكِرون قدَر الله بالنِّسبة للأفعالِ",
        "t": 1
      },
      {
        "answer": "المرجئةِ الذين يَقولُون: إن الإنسانَ لا يختارُ أَفعالَه",
        "t": 0
      },
      {
        "answer": "الأشاعرةِ الذين يُؤَوِّلُونَ صِفاتِ الله عزَّ وجلَّ",
        "t": 0
      }
    ]
  },
  {
    "id": 4115,
    "q": "أفاد قولُه تعالى: {وَلَقَدْ آتَيْنَا مُوسَى الْكِتَابَ بَصَائِرَ لِلنَّاسِ وَهُدًى وَرَحْمَةً لَعَلَّهُمْ يَتَذَكَّرُونَ}:",
    "level": 2,
    "link": "https://www.dorar.net/tafseer/28/9",
    "section": "al-qasas",
    "answers": [
      {
        "answer": "أن التوراةَ نزَلت على مُوسى وهو عند فِرعون",
        "t": 0
      },
      {
        "answer": "أن التوراةَ نزَلت على مُوسى قبل أنْ يَذهب إلى فِرعون",
        "t": 0
      },
      {
        "answer": "أن مُوسى عليه السلامُ لما ذهَب إلى فرعونَ لم تكُنِ التوراةُ قد نزَلت",
        "t": 1
      }
    ]
  },
  {
    "id": 4107,
    "q": "أشار قوله تعالى: {قَالَ رَبِّ إِنِّي ظَلَمْتُ نَفْسِي فَاغْفِرْ لِي فَغَفَرَ لَهُ} إلى:",
    "level": 2,
    "link": "https://www.dorar.net/tafseer/28/3",
    "section": "al-qasas",
    "answers": [
      {
        "answer": "أنَّ الظُلمَ مِن الشِّركِ الخَفِي",
        "t": 0
      },
      {
        "answer": "أنَّ الدُّعاء سببٌ في المغفرةِ",
        "t": 1
      },
      {
        "answer": "أنَّ الأَنبياءَ مَعصُومُونَ مِن الصَّغائرِ والكَبائر",
        "t": 0
      }
    ]
  },
  {
    "id": 4120,
    "q": "معنى (الخيَرة) في قوله تعالى: {مَا كَانَ لَهُمُ الْخِيَرَةُ}:",
    "level": 2,
    "link": "https://www.dorar.net/tafseer/28/14",
    "section": "al-qasas",
    "answers": [
      {
        "answer": "الاختيارُ",
        "t": 1
      },
      {
        "answer": "القوةُ",
        "t": 0
      },
      {
        "answer": "القدرةُ",
        "t": 0
      }
    ]
  },
  {
    "id": 4101,
    "q": "أفاد قولُه تعالى: {تِلْكَ آيَاتُ الْكِتَابِ الْمُبِينِ}:",
    "level": 2,
    "link": "https://www.dorar.net/tafseer/28/1",
    "section": "al-qasas",
    "answers": [
      {
        "answer": "أنَّ كلَّ آيَةٍ مِن القُرآنِ الكريمِ مُعجِزَةٌ في ذاتِها",
        "t": 0
      },
      {
        "answer": "أن القرآنَ مكتوبٌ",
        "t": 1
      },
      {
        "answer": "أنَّ الآياتِ كلَّها مُحكَمَةٌ ولا مُتشابِه في القُرآن",
        "t": 0
      }
    ]
  },
  {
    "id": 4116,
    "q": "معنى (ثاويًا) في قوله تعالى: {وَمَا كُنْتَ ثَاوِيًا فِي أَهْلِ مَدْيَنَ}",
    "level": 2,
    "link": "https://www.dorar.net/tafseer/28/9",
    "section": "al-qasas",
    "answers": [
      {
        "answer": "خارجًا",
        "t": 0
      },
      {
        "answer": "مقيمًا",
        "t": 1
      },
      {
        "answer": "مُطمئِنًّا",
        "t": 0
      }
    ]
  },
  {
    "id": 4114,
    "q": "معنى \"صَرْحًا\" في قوله : {فَأَوْقِدْ لِي يَا هَامَانُ عَلَى الطِّينِ فَاجْعَلْ لِي صَرْحًا}:",
    "level": 2,
    "link": "https://www.dorar.net/tafseer/28/8",
    "section": "al-qasas",
    "answers": [
      {
        "answer": "طَعامًا مَشوِيًّا",
        "t": 0
      },
      {
        "answer": "مَكانًا يُستَراحُ فيه",
        "t": 0
      },
      {
        "answer": "قَصرًا عاليًا مُرتفِعًا",
        "t": 1
      }
    ]
  },
  {
    "id": 4108,
    "q": "أشار قوله تعالى: {فَخَرَجَ مِنْهَا خَائِفًا يَتَرَقَّبُ} إلى:",
    "level": 2,
    "link": "https://www.dorar.net/tafseer/28/4",
    "section": "al-qasas",
    "answers": [
      {
        "answer": "أنه عند تزاحُمِ المفسدتَين، وكان لا بُد من ارتكابِ إحداهما؛ فإنه يُرتكَبُ الأخفُّ منهما",
        "t": 1
      },
      {
        "answer": "أنَّه ما مِن خَوفٍ إلَّا أَتْبَعَهُ تَرَقُّب",
        "t": 0
      },
      {
        "answer": "أنَّ الهِجرةَ كانت فَريضَةً في شَريعَةِ مُوسى عليه السَّلامُ",
        "t": 0
      }
    ]
  },
  {
    "id": 4119,
    "q": "نزَل قوله تعالى: {إِنَّكَ لَا تَهْدِي مَنْ أَحْبَبْتَ وَلَكِنَّ اللَّهَ يَهْدِي مَنْ يَشَاءُ وَهُوَ أَعْلَمُ بِالْمُهْتَدِينَ} في :",
    "level": 2,
    "link": "https://www.dorar.net/tafseer/28/11",
    "section": "al-qasas",
    "answers": [
      {
        "answer": "أبي طالبٍ عمِّ النبيِّ ﷺ",
        "t": 1
      },
      {
        "answer": "عبدِ المطَّلب جدِّ النبيِّ ﷺ",
        "t": 0
      },
      {
        "answer": "أبي جهلٍ عمِّ النبيِّ  ﷺ",
        "t": 0
      }
    ]
  },
  {
    "id": 4110,
    "q": "دلَّ قوله تعالى: {قَالَ إِنِّي أُرِيدُ أَنْ أُنْكِحَكَ إِحْدَى ابْنَتَيَّ هَاتَيْنِ} على:",
    "level": 2,
    "link": "https://www.dorar.net/tafseer/28/6",
    "section": "al-qasas",
    "answers": [
      {
        "answer": "مَشرُوعِيَّةِ الجَمعِ بين الأُختَينِ في النِّكاح",
        "t": 0
      },
      {
        "answer": "أنَّ الزَّواجَ فَرضٌ في حَقِّ الأَنبياءِ",
        "t": 0
      },
      {
        "answer": "أن الزواجَ مِن سُنن المرسلينَ",
        "t": 1
      }
    ]
  },
  {
    "id": 4111,
    "q": "دلَّ قوله تعالى: {فَلَمَّا أَتَاهَا نُودِيَ مِنْ شَاطِئِ الْوَادِ الْأَيْمَنِ فِي الْبُقْعَةِ الْمُبَارَكَةِ مِنَ الشَّجَرَةِ أَنْ يَا مُوسَى إِنِّي أَنَا اللَّهُ رَبُّ الْعَالَمِينَ} على:",
    "level": 2,
    "link": "https://www.dorar.net/tafseer/28/7",
    "section": "al-qasas",
    "answers": [
      {
        "answer": "أن كلامَ الله وَحيٌ ليس بصوتٍ",
        "t": 0
      },
      {
        "answer": "إثباتِ الكلام لله وأنه بصوتٍ مَسموع",
        "t": 1
      },
      {
        "answer": "نفْيِ صِفة الكلامِ عن الله",
        "t": 0
      }
    ]
  },
  {
    "id": 4109,
    "q": "قُدِّمت القوةُ على الأمان في قوله تعالى: {إِنَّ خَيْرَ مَنِ اسْتَأْجَرْتَ الْقَوِيُّ الْأَمِينُ}:",
    "level": 2,
    "link": "https://www.dorar.net/tafseer/28/6",
    "section": "al-qasas",
    "answers": [
      {
        "answer": "لأن الأمانةَ في هذا الموضعِ أهمُّ من القوةِ",
        "t": 0
      },
      {
        "answer": "لأن القوةَ في هذا الموضعِ أهمُّ مِن الأمانةِ",
        "t": 1
      },
      {
        "answer": "لأنَّ الأَمانةَ ليسَت مِن شُروطِ الإجارةِ",
        "t": 0
      }
    ]
  },
  {
    "id": 4106,
    "q": "أفاد قولُه تعالى: {قَالَ رَبِّ إِنِّي ظَلَمْتُ نَفْسِي}:",
    "level": 2,
    "link": "https://www.dorar.net/tafseer/28/3",
    "section": "al-qasas",
    "answers": [
      {
        "answer": "أن قتْلَ الكافرِ الذي له عهدٌ بعقدٍ أو عُرفٍ لا يجوزُ",
        "t": 1
      },
      {
        "answer": "أنَّ ظُلمَ النَّفسِ يكونُ بمَنعِها حَقهَا مِن الطَّعامِ والشَّرابِ والنَّومِ",
        "t": 0
      },
      {
        "answer": "أنَّ الكَبائرَ لا يَكفِي فيها التَّوبةُ فقط وتَحتاجُ إلى الكَفَّاراتِ",
        "t": 0
      }
    ]
  }
]