[
  {
    "id": 4123,
    "q": "خُصَّ المؤمنون من بين سائرِ الناس بقوله تعالى: {نَتْلُو عَلَيْكَ مِنْ نَبَإِ مُوسَى وَفِرْعَوْنَ بِالْحَقِّ لِقَوْمٍ يُؤْمِنُونَ}:",
    "level": 3,
    "link": "https://www.dorar.net/tafseer/28/1",
    "section": "al-qasas",
    "answers": [
      {
        "answer": "لكونِ هذه السُّورةِ نازلةً على المُؤمنين دُون غيرِهم",
        "t": 0
      },
      {
        "answer": "لأنهم هم المنتفِعون بها",
        "t": 1
      },
      {
        "answer": "لعظيمِ مَنزلة النبيِّ ﷺ عند اللهِ",
        "t": 0
      }
    ]
  },
  {
    "id": 4128,
    "q": "الفاء في قوله تعالى: {قَالَ رَبِّ إِنِّي ظَلَمْتُ نَفْسِي فَاغْفِرْ لِي}",
    "level": 3,
    "link": "https://www.dorar.net/tafseer/28/3",
    "section": "al-qasas",
    "answers": [
      {
        "answer": "للتَّرتيب",
        "t": 1
      },
      {
        "answer": "لمطْلَق الجمْع",
        "t": 0
      },
      {
        "answer": "للتَّراخي",
        "t": 0
      }
    ]
  },
  {
    "id": 4122,
    "q": "صُدِّر قوله تعالى: {إِنَّ فِرْعَوْنَ عَلَا فِي الْأَرْضِ وَجَعَلَ أَهْلَهَا شِيَعًا} بحرفِ التوكيدِ:",
    "level": 3,
    "link": "https://www.dorar.net/tafseer/28/1",
    "section": "al-qasas",
    "answers": [
      {
        "answer": "لتحذيرِ مُوسى عليه السلامُ مِن من فرعونَ وردْعِه",
        "t": 0
      },
      {
        "answer": "إظهارًا لقوةِ بني إسرائيلَ",
        "t": 0
      },
      {
        "answer": "للاهتمامِ بالخبر وللاعتناءِ بتَحقيق مَضمونِ ما بعْده",
        "t": 1
      }
    ]
  },
  {
    "id": 4135,
    "q": "أشار قوله تعالى: {أَنْتُمَا وَمَنِ اتَّبَعَكُمَا الْغَالِبُونَ} إلى:",
    "level": 3,
    "link": "https://www.dorar.net/tafseer/28/7",
    "section": "al-qasas",
    "answers": [
      {
        "answer": "أنَّ الغَلبةَ إنَّما تَكونُ بالقُوةِ والعَتادِ وإنْ كانَتا لكافِرٍ",
        "t": 0
      },
      {
        "answer": "جَوازِ الاتِّباعِ والتَّقليدِ",
        "t": 0
      },
      {
        "answer": "أن التمسُّكَ بشَريعة الله سببٌ للغلَبة",
        "t": 1
      }
    ]
  },
  {
    "id": 4126,
    "q": "دلَّ قوله تعالى: {وَقَالَتْ لِأُخْتِهِ قُصِّيهِ} على:",
    "level": 3,
    "link": "https://www.dorar.net/tafseer/28/2",
    "section": "al-qasas",
    "answers": [
      {
        "answer": "جَوازِ القَصَصِ ومَشرُوعِيَّتُه",
        "t": 0
      },
      {
        "answer": "جوازِ خروجِ المرأة في حوائجِها وتكليمِها للرجالِ من غير مَحذورٍ",
        "t": 1
      },
      {
        "answer": "حُرمَة التَّجَسُّس",
        "t": 0
      }
    ]
  },
  {
    "id": 4133,
    "q": "أشار قوله تعالى: {قَالَ إِنِّي أُرِيدُ أَنْ أُنْكِحَكَ إِحْدَى ابْنَتَيَّ هَاتَيْنِ عَلَى أَنْ تَأْجُرَنِي ثَمَانِيَ حِجَجٍ فَإِنْ أَتْمَمْتَ عَشْرًا فَمِنْ عِنْدِكَ}:",
    "level": 3,
    "link": "https://www.dorar.net/tafseer/28/6",
    "section": "al-qasas",
    "answers": [
      {
        "answer": "أن الإجارةَ تكون بالمنفَعةِ ولو كانت المنفعة بُضعًا",
        "t": 1
      },
      {
        "answer": "أنَّ مِن صِحَّةِ الإجارَةِ أن يكونَ الأجرُ مالًا أو مَتاعًا ولا يَصِحُّ بغَيرهِما",
        "t": 0
      },
      {
        "answer": "أنَّ الإِجارةَ لا تكونُ إلَّا للأَحرَارِ فقطْ",
        "t": 0
      }
    ]
  },
  {
    "id": 4121,
    "q": "قوله تعالى: {وَنُمَكِّنَ لَهُمْ فِي الْأَرْضِ وَنُرِيَ فِرْعَوْنَ وَهَامَانَ وَجُنُودَهُمَا مِنْهُمْ مَا كَانُوا يَحْذَرُونَ}، خُصَّ هامانُ بالذِّكر، وهو وزيرُ فرعونَ وأحدُ رجالِه:",
    "level": 3,
    "link": "https://www.dorar.net/tafseer/28/1",
    "section": "al-qasas",
    "answers": [
      {
        "answer": "لأنَّه كان المُتصَرِّف في الحَقيقَة ويَتَّبِعُه فِرعونُ",
        "t": 0
      },
      {
        "answer": "لنَباهتِه في قومِه ومحلِّه من الكفْر",
        "t": 1
      },
      {
        "answer": "لأنَّه كان أَقوَى جُندِ فِرعون",
        "t": 0
      }
    ]
  },
  {
    "id": 4138,
    "q": "القومُ المقصودون بقوله تعالى: {لِتُنْذِرَ قَوْمًا مَا أَتَاهُمْ مِنْ نَذِيرٍ مِنْ قَبْلِكَ لَعَلَّهُمْ يَتَذَكَّرُونَ}:",
    "level": 3,
    "link": "https://www.dorar.net/tafseer/28/9",
    "section": "al-qasas",
    "answers": [
      {
        "answer": "قريشٌ والعربُ",
        "t": 1
      },
      {
        "answer": "بَنو إسرائيل",
        "t": 0
      },
      {
        "answer": "أهلُ الكتاب",
        "t": 0
      }
    ]
  },
  {
    "id": 4130,
    "q": "أفاد قولُه تعالى: {قَالَتْ إِنَّ أَبِي يَدْعُوكَ لِيَجْزِيَكَ أَجْرَ مَا سَقَيْتَ لَنَا}:",
    "level": 3,
    "link": "https://www.dorar.net/tafseer/28/5",
    "section": "al-qasas",
    "answers": [
      {
        "answer": "أنَّ أَعظَمَ الصَّدَقَةِ سُقيَا المَاءِ",
        "t": 0
      },
      {
        "answer": "أن المكافأةَ على الإحسانِ لم تزَلْ دأْبَ الأُممِ السابقة",
        "t": 1
      },
      {
        "answer": "أنَّ آدابَ الاستِئذانِ مِن سُنَنِ الفِطرَةِ",
        "t": 0
      }
    ]
  },
  {
    "id": 4132,
    "q": "أفاد قولُه تعالى:{قَالَ إِنِّي أُرِيدُ أَنْ أُنْكِحَكَ إِحْدَى ابْنَتَيَّ هَاتَيْنِ}:",
    "level": 3,
    "link": "https://www.dorar.net/tafseer/28/6",
    "section": "al-qasas",
    "answers": [
      {
        "answer": "جوازَ عرْضِ الوالي ابنتَه على الرجُلِ الصَّالِح",
        "t": 1
      },
      {
        "answer": "مَشرُوعِيَّةِ الجَمعِ بين الأُختَينِ في النِّكاح",
        "t": 0
      },
      {
        "answer": "أنَّ مِن شُروطِ صِحَّةِ النِّكاحِ أن يكونَ بوَلِيٍّ وشَاهِدَينِ",
        "t": 0
      }
    ]
  },
  {
    "id": 4129,
    "q": "دلَّ قوله تعالى: {فَسَقَى لَهُمَا ثُمَّ تَوَلَّى إِلَى الظِّلِّ فَقَالَ رَبِّ إِنِّي لِمَا أَنْزَلْتَ إِلَيَّ مِنْ خَيْرٍ فَقِيرٌ} على:",
    "level": 3,
    "link": "https://www.dorar.net/tafseer/28/5",
    "section": "al-qasas",
    "answers": [
      {
        "answer": "أنَّ مُوسى عليه السلام كان مُزارِعًا",
        "t": 0
      },
      {
        "answer": "أنَّ شكوى الضرِّ مباحةٌ",
        "t": 1
      },
      {
        "answer": "جَوازِ التَّعَوُّذِ مِن الفَقرِ",
        "t": 0
      }
    ]
  },
  {
    "id": 4124,
    "q": "دلَّ قوله تعالى: {لَوْلَا أَنْ رَبَطْنَا عَلَى قَلْبِهَا لِتَكُونَ مِنَ الْمُؤْمِنِينَ} على:",
    "level": 3,
    "link": "https://www.dorar.net/tafseer/28/2",
    "section": "al-qasas",
    "answers": [
      {
        "answer": "أن المعاصيَ تُذهِبُ بأَصلِ الإيمانِ",
        "t": 0
      },
      {
        "answer": "أن الإيمانَ يَزيد ويَنقُص",
        "t": 1
      },
      {
        "answer": "أن الإيمانَ ثابتٌ لا يَزيد ولا يَنقُص",
        "t": 0
      }
    ]
  },
  {
    "id": 4131,
    "q": "معنى (استأجِرْه) في قوله تعالى: {قَالَتْ إِحْدَاهُمَا يَا أَبَتِ اسْتَأْجِرْهُ}:",
    "level": 3,
    "link": "https://www.dorar.net/tafseer/28/6",
    "section": "al-qasas",
    "answers": [
      {
        "answer": "أَنزِلهُ ضَيفًا عِندك",
        "t": 0
      },
      {
        "answer": "اجْعَلهُ في جِوارِك وضَمانِك",
        "t": 0
      },
      {
        "answer": "اطلُبْه للعملِ بالأجرةِ",
        "t": 1
      }
    ]
  },
  {
    "id": 4127,
    "q": "أفاد قولُه تعالى: {قَالَ رَبِّ إِنِّي ظَلَمْتُ نَفْسِي فَاغْفِرْ لِي}:",
    "level": 3,
    "link": "https://www.dorar.net/tafseer/28/3",
    "section": "al-qasas",
    "answers": [
      {
        "answer": "جوازَ التوسُّلِ إلى الله تعالى بحالِ الداعي",
        "t": 1
      },
      {
        "answer": "أن التوسُّلَ إلى الله لا يكونُ إلا بأسمائه وصفاتِه",
        "t": 0
      },
      {
        "answer": "أنَّ التَّوَسُّل مِن وَسائلِ الشِّركِ",
        "t": 0
      }
    ]
  },
  {
    "id": 4140,
    "q": "أفاد قولُه تعالى: {إِنَّكَ لَا تَهْدِي مَنْ أَحْبَبْتَ}:",
    "level": 3,
    "link": "https://www.dorar.net/tafseer/28/11",
    "section": "al-qasas",
    "answers": [
      {
        "answer": "أنَّ الله إذا أَحَبَّ عَبدًا جَعلَ له القَبولَ في الأَرضِ",
        "t": 0
      },
      {
        "answer": "أن النبيَّ ﷺ كان يحِبُّ أبا طالبٍ",
        "t": 1
      },
      {
        "answer": "أنَّ الحُبَّ فَرعٌ مِن الهِدايَة ",
        "t": 0
      }
    ]
  },
  {
    "id": 4137,
    "q": "قوله تعالى: {وَيَوْمَ الْقِيَامَةِ هُمْ مِنَ الْمَقْبُوحِينَ} فيه ردٌّ على مَن قال:",
    "level": 3,
    "link": "https://www.dorar.net/tafseer/28/8",
    "section": "al-qasas",
    "answers": [
      {
        "answer": "إنَّ فرعونَ مات مؤمنًا",
        "t": 1
      },
      {
        "answer": "إنَّ فرعونَ في منزلةٍ بين المنزلتينِ",
        "t": 0
      },
      {
        "answer": "إنَّ فرعون مات كافرًا",
        "t": 0
      }
    ]
  },
  {
    "id": 4136,
    "q": "عُدِل عن تنكيرِ الشجرةِ في قوله تعالى: {فَلَمَّا أَتَاهَا نُودِيَ مِنْ شَاطِئِ الْوَادِ الْأَيْمَنِ فِي الْبُقْعَةِ الْمُبَارَكَةِ مِنَ الشَّجَرَةِ}:",
    "level": 3,
    "link": "https://www.dorar.net/tafseer/28/7",
    "section": "al-qasas",
    "answers": [
      {
        "answer": "لإبهامِ الكلامِ",
        "t": 0
      },
      {
        "answer": "للإشارة إلى أنَّها شجرةٌ مَقصودة",
        "t": 1
      },
      {
        "answer": "للدَّلالَةِ على بَركَتِها",
        "t": 0
      }
    ]
  },
  {
    "id": 4139,
    "q": "أشار قوله تعالى: {فَإِنْ لَمْ يَسْتَجِيبُوا لَكَ فَاعْلَمْ أَنَّمَا يَتَّبِعُونَ أَهْوَاءَهُمْ وَمَنْ أَضَلُّ مِمَّنِ اتَّبَعَ هَوَاهُ...} إلى:",
    "level": 3,
    "link": "https://www.dorar.net/tafseer/28/10",
    "section": "al-qasas",
    "answers": [
      {
        "answer": "أن اتباعَ الأهواءِ في الشهواتِ كاتبِّاع الأهواءِ في الدِّيانات",
        "t": 0
      },
      {
        "answer": "أنَّ اتباعَ الأهواء في الدِّيانات أعظَمُ من اتباع الأهواءِ في الشَّهوات",
        "t": 1
      },
      {
        "answer": "أن اتباعَ الأهواءِ في الشَّهوات أعظمُ مِن اتباعِ الأهواء في الدِّيانات",
        "t": 0
      }
    ]
  },
  {
    "id": 4134,
    "q": "معنى (الجان) في قوله تعالى: {فَلَمَّا رَآهَا تَهْتَزُّ كَأَنَّهَا جَانٌّ}:",
    "level": 3,
    "link": "https://www.dorar.net/tafseer/28/7",
    "section": "al-qasas",
    "answers": [
      {
        "answer": "الجنُّ القويُّ المارِدُ",
        "t": 0
      },
      {
        "answer": "جِنسٌ من الحيَّات خفيفٌ سريعٌ",
        "t": 1
      },
      {
        "answer": "الأَفعَى الكَبيرَة",
        "t": 0
      }
    ]
  },
  {
    "id": 4125,
    "q": "عُبِّر بجمعِ المذكَّر في قوله تعالى: {لَوْلَا أَنْ رَبَطْنَا عَلَى قَلْبِهَا لِتَكُونَ مِنَ الْمُؤْمِنِينَ}:",
    "level": 3,
    "link": "https://www.dorar.net/tafseer/28/2",
    "section": "al-qasas",
    "answers": [
      {
        "answer": "لإطباقِ أهل اللسانِ العربيِّ من تَغليبِ الذَّكر على الأُنثى",
        "t": 1
      },
      {
        "answer": "لأن صَبرَها فاق صَبرَ الرجالِ",
        "t": 0
      },
      {
        "answer": "لكونِها فعَلت فِعلَ الرجالِ من الصَّبر والجلَدِ، فأخَذت حُكمَهم",
        "t": 0
      }
    ]
  }
]