[
  {
    "id": 6828,
    "q": "يُسمَّى في اللُّغةِ: الابْتِداءَ بالشَّيءِ، أو إكْمالَه بَعْدَ انْقِطاعٍ:",
    "level": 3,
    "link": "https://dorar.net/arabia/3536",
    "section": "al-mstlhat",
    "answers": [
      {
        "answer": "عَطْفُ النَّسَقِ",
        "t": 0
      },
      {
        "answer": "التَّقارُبُ",
        "t": 0
      },
      {
        "answer": "الاسْتِئْنافُ",
        "t": 1
      }
    ]
  },
  {
    "id": 6835,
    "q": "التَّرنُّمُ هو: ",
    "level": 3,
    "link": "https://dorar.net/arabia/3893",
    "section": "al-mstlhat",
    "answers": [
      {
        "answer": "مَدُّ الصَّوتِ بمدَّةٍ تُجانِسُ حَرَكةَ الرَّويِّ",
        "t": 1
      },
      {
        "answer": "نَقلُ حَرَكةِ حَرْفِ العِلَّةِ إلى السَّاكِنِ الصَّحيحِ قَبْلَه",
        "t": 0
      },
      {
        "answer": "أن يُؤتَى بجُملةٍ لا مَحَلَّ لها مِنَ الإعْرابِ لتَحِلَّ مَحلَّ أُخرَى",
        "t": 0
      }
    ]
  },
  {
    "id": 6830,
    "q": "الابْتِداءُ الحُكْميُّ هو:",
    "level": 3,
    "link": "https://dorar.net/arabia/3476",
    "section": "al-mstlhat",
    "answers": [
      {
        "answer": "الحالُ المُبيِّنةُ لهَيْئةِ صاحِبِها وقْتَ وُجودِ عامِلِها",
        "t": 0
      },
      {
        "answer": "أنْ يَقَعَ اللَّفْظُ في أوَّلِ الكَلِمةِ، ويُسبَقَ بحَرْفٍ لا يُغيِّرُ الابْتِداءَ",
        "t": 1
      },
      {
        "answer": "تَقدِيمُ الجارِّ على المَجرُورِ لإِفادَةِ الاختِصاصِ",
        "t": 0
      }
    ]
  },
  {
    "id": 6839,
    "q": "عَيْبٌ مِن عُيوبِ النُّطْقِ ليس سَببُه عَيْبًا في اللِّسانِ:",
    "level": 3,
    "link": "https://dorar.net/arabia/4626",
    "section": "al-mstlhat",
    "answers": [
      {
        "answer": "اللُّكْنةُ",
        "t": 1
      },
      {
        "answer": "العَنْعَنَةُ",
        "t": 0
      },
      {
        "answer": "اللَّهْجةُ",
        "t": 0
      }
    ]
  },
  {
    "id": 6834,
    "q": "هي مَجْموعةُ اللُّغاتِ الَّتي تَنْحدِرُ مِن أصلٍ لُغويٍّ واحِدٍ:",
    "level": 3,
    "link": "https://dorar.net/arabia/3594",
    "section": "al-mstlhat",
    "answers": [
      {
        "answer": "النَّسَقُ اللُّغوِيُّ",
        "t": 0
      },
      {
        "answer": "الجَذْرُ اللُّغويُّ",
        "t": 0
      },
      {
        "answer": "الأُسْرةُ اللُّغويَّةُ",
        "t": 1
      }
    ]
  },
  {
    "id": 6827,
    "q": "هو أن يأتيَ المُتكلِّمُ بمَعْنًى يُحدِث في نَفسِ السَّامعِ معنًى غير ما يَقصِدُه المُتكلِّمُ:",
    "level": 3,
    "link": "https://dorar.net/arabia/3514",
    "section": "al-mstlhat",
    "answers": [
      {
        "answer": "الاشْتِغالُ",
        "t": 0
      },
      {
        "answer": "الإِبْعادُ",
        "t": 0
      },
      {
        "answer": "الاحْتِراسُ",
        "t": 1
      }
    ]
  },
  {
    "id": 6840,
    "q": "الابْتِداءُ العُرفيُّ هو",
    "level": 3,
    "link": "https://dorar.net/arabia/3478",
    "section": "al-mstlhat",
    "answers": [
      {
        "answer": "أن يُدَّعى لوَصْفٍ عِلَّةٌ مُناسِبةٌ له",
        "t": 0
      },
      {
        "answer": "نَقْلُ ما قيلَ كما قيلَ دونَ تَغْييرٍ ولا تَبْديلٍ",
        "t": 0
      },
      {
        "answer": "ذِكْرُ الشَّيءِ قَبْلَ المَقْصودِ مِنَ الكَلامِ، كالبَسْمَلةِ والحَمْدَلةِ",
        "t": 1
      }
    ]
  },
  {
    "id": 6822,
    "q": "هو أنْ يَقَعَ اللَّفْظُ أوَّلَ الكَلامِ، ولا يُسبَقَ بآخَرَ، ولا يَتقدَّمَ عليه أيُّ شيءٍ:",
    "level": 3,
    "link": "https://dorar.net/arabia/3474",
    "section": "al-mstlhat",
    "answers": [
      {
        "answer": "الابْتِداءُ الحُكْميُّ",
        "t": 0
      },
      {
        "answer": "الابْتِداءُ العُرفيُّ",
        "t": 0
      },
      {
        "answer": "الابْتِداءُ الحَقيقيُّ",
        "t": 1
      }
    ]
  },
  {
    "id": 6825,
    "q": "إقامةُ حَرْفٍ مَكانَ آخَرَ للوُصولِ بالكَلِمةِ إلى الهَيْئةِ الَّتي يَشيعُ اسْتِعمالُها هو:",
    "level": 3,
    "link": "https://dorar.net/arabia/3498",
    "section": "al-mstlhat",
    "answers": [
      {
        "answer": "الإِقلابُ",
        "t": 0
      },
      {
        "answer": "الاسْتِئْنافُ",
        "t": 0
      },
      {
        "answer": "الإبْدالُ التَّصْريفيُّ",
        "t": 1
      }
    ]
  },
  {
    "id": 6837,
    "q": "التَّضْمينُ هو:",
    "level": 3,
    "link": "https://dorar.net/arabia/3936",
    "section": "al-mstlhat",
    "answers": [
      {
        "answer": "إعْطاءُ اللَّفْظِ مَعْنى لَفْظٍ آخَرَ",
        "t": 1
      },
      {
        "answer": "اسْتِدعاءُ أمْرٍ غيْرِ حاصِلٍ وقْتَ الكَلامِ",
        "t": 0
      },
      {
        "answer": "وَصْفٌ يدُلُّ على كُلِّ ضَميرٍ له مَرجِعٌ يَعودُ عليه",
        "t": 0
      }
    ]
  },
  {
    "id": 6821,
    "q": "هو أنْ تكونَ الألْفاظُ يُلائِمُ بعضُها بعضًا؛ رِعايةً لحُسْنِ الجِوارِ والمُناسَبةِ:",
    "level": 3,
    "link": "https://dorar.net/arabia/3469",
    "section": "al-mstlhat",
    "answers": [
      {
        "answer": "ائْتِلافُ اللَّفْظِ معَ اللَّفْظِ",
        "t": 1
      },
      {
        "answer": "التَّناسُبُ",
        "t": 0
      },
      {
        "answer": "ثُنائيَّةُ اللُّغةِ",
        "t": 0
      }
    ]
  },
  {
    "id": 6826,
    "q": "هو الفِعلُ الَّذي عَيْنُه حَرْفُ عِلَّةٍ، سواءٌ كان أصْلُه واوًا أو ياءً:",
    "level": 3,
    "link": "https://dorar.net/arabia/3510",
    "section": "al-mstlhat",
    "answers": [
      {
        "answer": "مَهْمُوزُ الوَسطِ",
        "t": 0
      },
      {
        "answer": "الأجْوَفُ ذو الثَّلاثةِ",
        "t": 1
      },
      {
        "answer": "الفِعلُ المُجرَّدُ المُتعدِّي",
        "t": 0
      }
    ]
  },
  {
    "id": 6824,
    "q": "الأبْجَديَّةُ هي:",
    "level": 3,
    "link": "https://dorar.net/arabia/3483",
    "section": "al-mstlhat",
    "answers": [
      {
        "answer": "البَديهِيَّاتُ المَعرُوفَةُ مِن كُلِّ عِلمٍ",
        "t": 0
      },
      {
        "answer": "الحُروفُ التي يَصحَبُها قَلقَلَةٌ عندَ النُّطقِ بِها",
        "t": 0
      },
      {
        "answer": "الحُروفُ الهِجائِيَّةُ العَربيَّةُ بحسَبِ تَرْتيبِ: أبْجَد هوَّز",
        "t": 1
      }
    ]
  },
  {
    "id": 6838,
    "q": "ظاهِرةٌ لَهْجيَّةٌ اسْتَخدمَها بعْضُ العَربِ في كَلامِهم، وهي كَسْرُ حَرْفِ المُضارَعةِ، نَحْوُ: (إِكتُب):",
    "level": 3,
    "link": "https://dorar.net/arabia/3990",
    "section": "al-mstlhat",
    "answers": [
      {
        "answer": "التَّلْتَلةُ",
        "t": 1
      },
      {
        "answer": "التَّكسِيرُ",
        "t": 0
      },
      {
        "answer": "لُزومُ ما لا يَلزَمُ",
        "t": 0
      }
    ]
  },
  {
    "id": 6829,
    "q": "سُمِّيتْ حُروفَ العِلَّةِ بذلك؛ لأنَّها:",
    "level": 3,
    "link": "https://dorar.net/arabia/3516",
    "section": "al-mstlhat",
    "answers": [
      {
        "answer": "تَعزِلُ أجْزاءَ الجُملةِ بعضَها عن بعضٍ",
        "t": 0
      },
      {
        "answer": "تَسْتلزِمُ كَسْرَ ما قبلَها لتَيْسيرِ نُطْقِها",
        "t": 0
      },
      {
        "answer": "في تَغْييرٍ دائِمٍ، ولا تَبْقى على حالةٍ واحِدةٍ",
        "t": 1
      }
    ]
  },
  {
    "id": 6823,
    "q": "مُصْطلَحٌ في النَّقْدِ الأدَبيِّ، يُطلَقُ على المَعْنى المُتَداوَلِ بكَثْرةٍ:",
    "level": 3,
    "link": "https://dorar.net/arabia/3480",
    "section": "al-mstlhat",
    "answers": [
      {
        "answer": "القِياسِ",
        "t": 0
      },
      {
        "answer": "الابْتِذالُ",
        "t": 1
      },
      {
        "answer": "الاحْتِراسُ",
        "t": 0
      }
    ]
  },
  {
    "id": 6832,
    "q": "الانْتِقالُ مِن مَعْنًى لمَعْنًى آخَرَ مُتَّصِلٍ به، لم يُقصَدْ بذِكْرِ الأوَّلِ التَّوصُّلُ لذِكْرِ الثَّاني هو:",
    "level": 3,
    "link": "https://dorar.net/arabia/3560",
    "section": "al-mstlhat",
    "answers": [
      {
        "answer": "الاسْتِصْحابُ",
        "t": 0
      },
      {
        "answer": "الاسْتِطْرادُ ",
        "t": 1
      },
      {
        "answer": "الاسْتِدراكُ",
        "t": 0
      }
    ]
  },
  {
    "id": 6836,
    "q": "الفائِدةُ الكُبْرى مِنَ التَّضادِّ أنَّه:",
    "level": 3,
    "link": "https://dorar.net/arabia/3932",
    "section": "al-mstlhat",
    "answers": [
      {
        "answer": "يُنَبِّهُ المُخاطَبِ ويُلفِتُ نَظرَه",
        "t": 0
      },
      {
        "answer": "يُساعِدُ مَعنوِيًّا على تَوْكيدِ الجُملةِ",
        "t": 0
      },
      {
        "answer": "يُسهِمُ في اتِّساعِ الدَّلالةِ اللُّغويَّةِ",
        "t": 1
      }
    ]
  },
  {
    "id": 6831,
    "q": "ما لم يكُنِ المُسْتَثنى فيه بَعْضًا مِنَ المُسْتَثنى مِنه، ولم يَكُنْ داخِلًا في جِنْسِه:",
    "level": 3,
    "link": "https://dorar.net/arabia/3548",
    "section": "al-mstlhat",
    "answers": [
      {
        "answer": "الاسْتِثْناءُ المُنْقطِعُ",
        "t": 1
      },
      {
        "answer": "الاسْتِثْناءُ المُتَّصِلُ",
        "t": 0
      },
      {
        "answer": "الاسْتِثْناءُ المُفرَّغُ",
        "t": 0
      }
    ]
  },
  {
    "id": 6833,
    "q": "هو الاسْتِيعابُ والإحاطةُ، وهو أحدُ مَعاني \"أل\" التَّعْريفِ:",
    "level": 3,
    "link": "https://dorar.net/arabia/3583",
    "section": "al-mstlhat",
    "answers": [
      {
        "answer": "الاسْتِغْراقُ",
        "t": 1
      },
      {
        "answer": "الاسْتِفْتاحُ",
        "t": 0
      },
      {
        "answer": "الالْتِفاتُ",
        "t": 0
      }
    ]
  }
]