[
  {
    "id": 6806,
    "q": "هو تَهْيئةُ الشَّفَتَينِ لِلتَّلفُّظِ بالضَّمِّ، ولكنْ لا يُتلفَّظُ به؛ تَنْبيهًا على ضَمِّ ما قبلَه:",
    "level": 2,
    "link": "https://dorar.net/arabia/3676",
    "section": "al-mstlhat",
    "answers": [
      {
        "answer": "الإشْمامُ",
        "t": 1
      },
      {
        "answer": "القَلقَلةُ",
        "t": 0
      },
      {
        "answer": "الإِدغامُ",
        "t": 0
      }
    ]
  },
  {
    "id": 6809,
    "q": "الَّذي اكْتَشفَ البُحورَ الشِّعريَّةَ ورصَدَ خَمْسةَ عشَرَ بَحْرًا للشِّعرِ العَربيِّ هو:",
    "level": 2,
    "link": "https://dorar.net/arabia/3813",
    "section": "al-mstlhat",
    "answers": [
      {
        "answer": "الخَليلُ بنُ أحْمَدَ",
        "t": 1
      },
      {
        "answer": "هارُونُ الرَّشيدُ",
        "t": 0
      },
      {
        "answer": "الأَخفَش",
        "t": 0
      }
    ]
  },
  {
    "id": 6815,
    "q": "هي نُونٌ مَكْسورةٌ تُزادُ قَبْلَ ياءِ المُتكلِّمِ في الفِعلِ، أوِ اسمِ الفِعلِ:",
    "level": 2,
    "link": "https://dorar.net/arabia/4955",
    "section": "al-mstlhat",
    "answers": [
      {
        "answer": "نُونُ التَّعْريفِ",
        "t": 0
      },
      {
        "answer": "نُونُ التَّعسُّفِ",
        "t": 0
      },
      {
        "answer": "نُونُ الوِقايةِ",
        "t": 1
      }
    ]
  },
  {
    "id": 6810,
    "q": "أن يأخُذَ العَربُ كَلِمةً مِن لُغةٍ أُخْرى، ويُدخِلوها في لُغتِهم، يُسمَّى:",
    "level": 2,
    "link": "https://dorar.net/arabia/3949",
    "section": "al-mstlhat",
    "answers": [
      {
        "answer": "الإِعرابَ",
        "t": 0
      },
      {
        "answer": "التَّعْريبَ",
        "t": 1
      },
      {
        "answer": "التَّصغِيرَ",
        "t": 0
      }
    ]
  },
  {
    "id": 6817,
    "q": "هو إطالةُ الصَّوتِ عِنْدَ النُّطْقِ بالحَرَكةِ لتُصبِحَ هذه الحَرَكةُ حَرْفَ مدٍّ مِن جِنْسِها:",
    "level": 2,
    "link": "https://dorar.net/arabia/3657",
    "section": "al-mstlhat",
    "answers": [
      {
        "answer": "الإشْباعُ",
        "t": 1
      },
      {
        "answer": "التَّعْويضُ",
        "t": 0
      },
      {
        "answer": "التَّغْليبُ",
        "t": 0
      }
    ]
  },
  {
    "id": 6807,
    "q": "مَجْموعةٌ مِنَ الخَرائِطِ تَتضمَّنُ تَسْجيلاتٍ دَقيقةً لِلُغةٍ مُعيَّنةٍ تُبيِّنُ خَصائِصَها ولَهَجاتِها:",
    "level": 2,
    "link": "https://dorar.net/arabia/3709",
    "section": "al-mstlhat",
    "answers": [
      {
        "answer": "اللِّسانِيَّاتُ الجُغرافيَّةُ",
        "t": 0
      },
      {
        "answer": "الخَرائِطُ العَربيَّةُ",
        "t": 0
      },
      {
        "answer": "الأطلَسُ اللُّغويُّ",
        "t": 1
      }
    ]
  },
  {
    "id": 6804,
    "q": "ما يدُلُّ على مُشارٍ إليه بواسِطةِ إشارةٍ حِسِّيَّةٍ أو مَعْنويَّةٍ، يُسمَّى:",
    "level": 2,
    "link": "https://dorar.net/arabia/3603",
    "section": "al-mstlhat",
    "answers": [
      {
        "answer": "اسمَ الإشارةِ",
        "t": 1
      },
      {
        "answer": "الإِعلالَ الصَّرفيَّ",
        "t": 0
      },
      {
        "answer": "التَّجانُسَ",
        "t": 0
      }
    ]
  },
  {
    "id": 6811,
    "q": "نونٌ ساكِنةٌ زائِدةٌ تَلحَقُ آخِرَ الاسمِ لَفْظًا، وتُفارِقُه خَطًّا ووَقْفًا:",
    "level": 2,
    "link": "https://dorar.net/arabia/4015",
    "section": "al-mstlhat",
    "answers": [
      {
        "answer": "التَّضْعيفُ",
        "t": 0
      },
      {
        "answer": "التَّنْوينُ",
        "t": 1
      },
      {
        "answer": "العَنْعَنَةُ",
        "t": 0
      }
    ]
  },
  {
    "id": 6813,
    "q": "المُجتَثُّ؛ هو:",
    "level": 2,
    "link": "https://dorar.net/arabia/4687",
    "section": "al-mstlhat",
    "answers": [
      {
        "answer": "صَوْتٌ مُركَّبٌ في جِسْمِ النُّونِ والمِيمِ",
        "t": 0
      },
      {
        "answer": "أحدُ البُحورِ الشِّعريَّةِ السِّتَّةَ عشَرَ",
        "t": 1
      },
      {
        "answer": "الحَرفُ الأخيرُ للكَلِمةِ الذي تَظهَرُ عليه حَركةُ الإِعرابِ",
        "t": 0
      }
    ]
  },
  {
    "id": 6812,
    "q": "هو تَكرارُ اللَّفْظِ نفْسِه وإعادتُه مرَّةً أُخْرى:",
    "level": 2,
    "link": "https://dorar.net/arabia/4036",
    "section": "al-mstlhat",
    "answers": [
      {
        "answer": "التَّوْكيدُ اللَّفْظيُّ",
        "t": 1
      },
      {
        "answer": "العَطْفُ",
        "t": 0
      },
      {
        "answer": "الإِعادَةُ",
        "t": 0
      }
    ]
  },
  {
    "id": 6814,
    "q": "واوُ المَعيَّةِ هي:",
    "level": 2,
    "link": "https://dorar.net/arabia/4804",
    "section": "al-mstlhat",
    "answers": [
      {
        "answer": "الواوُ الَّتي تُفيدُ مَعْنى المُصاحَبةِ",
        "t": 1
      },
      {
        "answer": "الواوُ التي تَفصِلُ آخِرَ الاسمِ عمَّا بعدَه؛ مثل واوِ (عَمرو)",
        "t": 0
      },
      {
        "answer": "الواوُ التي تَلحَقُ بجَمعِ المُذكَّرِ السَّالمِ",
        "t": 0
      }
    ]
  },
  {
    "id": 6816,
    "q": "هو تَقْصيرُ الكَلامِ وإيجازُه بحَذْفِ شيءٍ مِنه، معَ عَدَمِ الإخْلالِ بالمَعْنى المُرادِ:",
    "level": 2,
    "link": "https://dorar.net/arabia/3520",
    "section": "al-mstlhat",
    "answers": [
      {
        "answer": "التَّعْقيبُ",
        "t": 0
      },
      {
        "answer": "التَّصحِيحُ",
        "t": 0
      },
      {
        "answer": "الاختِصارُ",
        "t": 1
      }
    ]
  },
  {
    "id": 6818,
    "q": "الإمالةُ هي:",
    "level": 2,
    "link": "https://dorar.net/arabia/3785",
    "section": "al-mstlhat",
    "answers": [
      {
        "answer": "أن يُنْحَى بالفَتْحةِ نَحْوَ الكَسْرةِ، وبالألِفِ نَحْوَ الياء",
        "t": 1
      },
      {
        "answer": "تَكرارُ اللَّفْظِ نفْسِه وإعادتُه مرَّةً أُخْرى",
        "t": 0
      },
      {
        "answer": "أن يَتضمَّنَ الكلامُ مَعْنى \"مِن\" لِبَيانِ ما قَبْلَه مِنَ الإبْهامِ",
        "t": 0
      }
    ]
  },
  {
    "id": 6801,
    "q": "أحْرُفُ العِلَّةِ هي:",
    "level": 2,
    "link": "https://dorar.net/arabia/3516",
    "section": "al-mstlhat",
    "answers": [
      {
        "answer": "هي الألِفُ، والواوُ، والياءُ",
        "t": 1
      },
      {
        "answer": "البَاءُ، والقَافُ، والرَّاءُ",
        "t": 0
      },
      {
        "answer": "الثَّاءُ، والذَّالُ، والظَّاءُ ",
        "t": 0
      }
    ]
  },
  {
    "id": 6820,
    "q": "هو تَغْليبُ أمْرٍ على أمْرٍ بدَليلِ إثْباتِ مَزيَّةٍ لأحدِ الدَّليلَينِ على الآخَرِ:",
    "level": 2,
    "link": "https://dorar.net/arabia/3887",
    "section": "al-mstlhat",
    "answers": [
      {
        "answer": "الثُّبوتُ",
        "t": 0
      },
      {
        "answer": "التَّوهُّمُ",
        "t": 0
      },
      {
        "answer": "التَّرْجيحُ",
        "t": 1
      }
    ]
  },
  {
    "id": 6803,
    "q": "الإثْباتُ هو:",
    "level": 2,
    "link": "https://dorar.net/arabia/3508",
    "section": "al-mstlhat",
    "answers": [
      {
        "answer": "تَثبِيتُ الأَحكامِ لأَواخِرِ الكَلِمِ",
        "t": 0
      },
      {
        "answer": "التَّرْكيبُ المَعْهودُ",
        "t": 0
      },
      {
        "answer": "الحُكمُ بثُبوتِ شيءٍ لآخَرَ",
        "t": 1
      }
    ]
  },
  {
    "id": 6805,
    "q": "الاسمُ الَّذي يدُلُّ على أكْثَرَ مِن اثْنَينِ، وليس له مُفرَدٌ مِن لَفْظِه أو مِن مَعْناه، هو:",
    "level": 2,
    "link": "https://dorar.net/arabia/3607",
    "section": "al-mstlhat",
    "answers": [
      {
        "answer": "اسمُ الجَمْعِ",
        "t": 1
      },
      {
        "answer": "جَمعُ المُذكَّرِ السَّالمِ",
        "t": 0
      },
      {
        "answer": "النَّكِرَةُ",
        "t": 0
      }
    ]
  },
  {
    "id": 6802,
    "q": "اشتُهِرَ في دِراسةِ بعضِ العُلومِ الشَّرْعيَّةِ: الاهْتِمامُ بدِراسةِ المُصْطلحاتِ؛ كعِلمِ:",
    "level": 2,
    "link": "https://dorar.net/arabia/3467",
    "section": "al-mstlhat",
    "answers": [
      {
        "answer": "مُصطلَحِ العَقيدَةِ",
        "t": 0
      },
      {
        "answer": "مُصطلَحِ الحَديثِ",
        "t": 1
      },
      {
        "answer": "مُصطلَحِ التَّفسيرِ",
        "t": 0
      }
    ]
  },
  {
    "id": 6819,
    "q": "في عِلمِ العَروضِ: الوَزْنُ الشِّعريُّ للقَصائِدِ، يُسمَّى:",
    "level": 2,
    "link": "https://dorar.net/arabia/3813",
    "section": "al-mstlhat",
    "answers": [
      {
        "answer": "المِيزانَ",
        "t": 0
      },
      {
        "answer": "البَحْرَ",
        "t": 1
      },
      {
        "answer": "الاشتِقاقَ",
        "t": 0
      }
    ]
  },
  {
    "id": 6808,
    "q": "كَوْنُ الشَّيءِ شَبيهًا بآخَرَ بحيثُ لا يكادُ يكونُ بَيْنَهما تَفاوُتٌ واخْتِلافٌ:",
    "level": 2,
    "link": "https://dorar.net/arabia/3765",
    "section": "al-mstlhat",
    "answers": [
      {
        "answer": "التَّشْديدُ",
        "t": 0
      },
      {
        "answer": "الالْتِباسُ",
        "t": 1
      },
      {
        "answer": "الضَّميرُ المُسْتَتِرُ",
        "t": 0
      }
    ]
  }
]