[
  {
    "id": 6781,
    "q": "هو صُعوبةُ نُطْقِ اللِّسانِ بالحَرَكةِ أوِ الحَرْفِ:",
    "level": 1,
    "link": "https://dorar.net/arabia/3540",
    "section": "al-mstlhat",
    "answers": [
      {
        "answer": "العَنْعَنَة",
        "t": 0
      },
      {
        "answer": "الاسْتِثْقالُ",
        "t": 1
      },
      {
        "answer": "عَطَبُ اللِّسانِ",
        "t": 0
      }
    ]
  },
  {
    "id": 6792,
    "q": "التَّرْكيبُ، هو:",
    "level": 1,
    "link": "https://dorar.net/arabia/3891",
    "section": "al-mstlhat",
    "answers": [
      {
        "answer": "تَركيبُ الجُملِ؛ بحيث تكونُ اسمِيَّةً أو فِعلِيَّةً",
        "t": 0
      },
      {
        "answer": "جَعْلُ كَلِمتَينِ أو أكْثَرَ كَلِمةً واحِدةً",
        "t": 1
      },
      {
        "answer": "اختِصارُ حُروفِ الكَلامِ مِن أَجلِ الإيجازِ",
        "t": 0
      }
    ]
  },
  {
    "id": 6793,
    "q": "الخَطَأُ في كِتابةِ أو في نُطْقِ بعضِ حُروفِ الكَلِمةِ المُتَشابِهةِ في الرَّسْمِ:",
    "level": 1,
    "link": "https://dorar.net/arabia/3918",
    "section": "al-mstlhat",
    "answers": [
      {
        "answer": "التَّصنِيفُ",
        "t": 0
      },
      {
        "answer": "التَّصحيفُ",
        "t": 1
      },
      {
        "answer": "التَّراجُعُ",
        "t": 0
      }
    ]
  },
  {
    "id": 6791,
    "q": "نَقْلُ الكَلامِ مِن لُغةٍ إلى أُخْرى؛ يُسمَّى:",
    "level": 1,
    "link": "https://dorar.net/arabia/3883",
    "section": "al-mstlhat",
    "answers": [
      {
        "answer": "التَّنصِيصَ",
        "t": 0
      },
      {
        "answer": "الانتِقالَ",
        "t": 0
      },
      {
        "answer": "التَّرْجمةَ",
        "t": 1
      }
    ]
  },
  {
    "id": 6786,
    "q": "الاسْتِفْهامُ في اللُّغةِ هو:",
    "level": 1,
    "link": "https://dorar.net/arabia/3588",
    "section": "al-mstlhat",
    "answers": [
      {
        "answer": "طَلَبُ الزِّيادَةِ",
        "t": 0
      },
      {
        "answer": "طَلبُ السَّلامَةِ",
        "t": 0
      },
      {
        "answer": "طَلَبُ الفَهْمِ والعِلمِ",
        "t": 1
      }
    ]
  },
  {
    "id": 6790,
    "q": "جَعْلُ الشَّيءِ مُذكَّرًا، بحَذْفِ عَلاماتِ التَّأنيثِ:",
    "level": 1,
    "link": "https://dorar.net/arabia/3875",
    "section": "al-mstlhat",
    "answers": [
      {
        "answer": "الإِفرادُ",
        "t": 0
      },
      {
        "answer": "التَّذْكيرُ",
        "t": 1
      },
      {
        "answer": "الحَذفُ",
        "t": 0
      }
    ]
  },
  {
    "id": 6796,
    "q": "مَعنَى السُّكونُ:",
    "level": 1,
    "link": "https://dorar.net/arabia/4244",
    "section": "al-mstlhat",
    "answers": [
      {
        "answer": "الإِخفاءُ",
        "t": 0
      },
      {
        "answer": "ضِدُّ الحَرَكةِ",
        "t": 1
      },
      {
        "answer": "الإِدغامُ",
        "t": 0
      }
    ]
  },
  {
    "id": 6783,
    "q": "البيئةُ اللُّغويَّةُ هي:",
    "level": 1,
    "link": "https://dorar.net/arabia/3834",
    "section": "al-mstlhat",
    "answers": [
      {
        "answer": "الحالةُ الَّتي نشَأتْ فيها اللُغة",
        "t": 0
      },
      {
        "answer": "الزَّمانُ الَّذي نشَأتْ فيه اللُغةُ",
        "t": 0
      },
      {
        "answer": "المَكانُ الَّذي نشَأتْ فيه اللُغة",
        "t": 1
      }
    ]
  },
  {
    "id": 6798,
    "q": "مَعنَى (الغَلَبةُ) في اللُّغةِ:",
    "level": 1,
    "link": "https://dorar.net/arabia/4417",
    "section": "al-mstlhat",
    "answers": [
      {
        "answer": "الكَثْرةُ",
        "t": 1
      },
      {
        "answer": "النَّصرُ",
        "t": 0
      },
      {
        "answer": "النِّعمَةُ",
        "t": 0
      }
    ]
  },
  {
    "id": 6789,
    "q": "هو طَلَبُ فِعلِ شيءٍ صادِرٌ ممَّن هو أعلى لمَنْ هو أدْنَى:",
    "level": 1,
    "link": "https://dorar.net/arabia/3789",
    "section": "al-mstlhat",
    "answers": [
      {
        "answer": "الطَّلبُ",
        "t": 0
      },
      {
        "answer": "الأمْرُ",
        "t": 1
      },
      {
        "answer": "الرَّجاءُ",
        "t": 0
      }
    ]
  },
  {
    "id": 6785,
    "q": "وَصْفٌ في الكَلِمةِ يُوجِبُ ثِقَلَها على السَّمْعِ:",
    "level": 1,
    "link": "https://dorar.net/arabia/4006",
    "section": "al-mstlhat",
    "answers": [
      {
        "answer": "تَنافُرُ الحُروفِ ",
        "t": 1
      },
      {
        "answer": "التَّضادُّ",
        "t": 0
      },
      {
        "answer": "التَّكلُّف",
        "t": 0
      }
    ]
  },
  {
    "id": 6787,
    "q": "هي ما يَخرُجُ مِنَ الفَمِ مِنَ الألْفاظِ الَّتي تُحدِثُ مَوْجاتٍ صَوْتيَّةً خارِجيَّةً:",
    "level": 1,
    "link": "https://dorar.net/arabia/3686",
    "section": "al-mstlhat",
    "answers": [
      {
        "answer": "اللَّهْجَةُ",
        "t": 0
      },
      {
        "answer": "اللُّغَةُ",
        "t": 0
      },
      {
        "answer": "الأصْواتُ",
        "t": 1
      }
    ]
  },
  {
    "id": 6788,
    "q": "تَرْتيبُ الحُروفِ حسَبَ تَرْتيبِها المُتَشابِهةِ بعضِها قُرْبَ بعضٍ، مثل: أ، ب، ت، ث، يُسمَّى:",
    "level": 1,
    "link": "https://dorar.net/arabia/3781",
    "section": "al-mstlhat",
    "answers": [
      {
        "answer": "المُتَشابِهات",
        "t": 0
      },
      {
        "answer": "الأَبجَدِيَّات",
        "t": 0
      },
      {
        "answer": "الألِفباء",
        "t": 1
      }
    ]
  },
  {
    "id": 6784,
    "q": "طَلَبُ أمْرٍ مَحْبوبٍ يُرجَى حُصولُه، تَرغَبُه النَّفْسُ، وتَتمنَّى تَحقُّقَه، هو:",
    "level": 1,
    "link": "https://dorar.net/arabia/3994",
    "section": "al-mstlhat",
    "answers": [
      {
        "answer": "الاستِجابَةُ",
        "t": 0
      },
      {
        "answer": "التَّمنِّي",
        "t": 1
      },
      {
        "answer": "الغُفرانُ",
        "t": 0
      }
    ]
  },
  {
    "id": 6782,
    "q": "وضْعُ المَعاني الكَثيرةِ في ألفاظٍ أقلَّ مِنها، يُسمَّى في اللُّغةِ:",
    "level": 1,
    "link": "https://dorar.net/arabia/1771",
    "section": "al-mstlhat",
    "answers": [
      {
        "answer": "التَّوضيحَ",
        "t": 0
      },
      {
        "answer": "الشَّرحَ",
        "t": 0
      },
      {
        "answer": "الإيجازَ",
        "t": 1
      }
    ]
  },
  {
    "id": 6795,
    "q": "هو الوَقْفُ وانْقِطاعُ الصَّوْتِ عِنْدَ آخِرِ الكَلامِ:",
    "level": 1,
    "link": "https://dorar.net/arabia/4242",
    "section": "al-mstlhat",
    "answers": [
      {
        "answer": "السَّكْتُ",
        "t": 1
      },
      {
        "answer": "الانقِطاعُ",
        "t": 0
      },
      {
        "answer": "الوَقفُ الوُجُوبِيُّ",
        "t": 0
      }
    ]
  },
  {
    "id": 6797,
    "q": "مَعنَى كَلِمةِ (الظَّرْف) في اللُّغةِ: ",
    "level": 1,
    "link": "https://dorar.net/arabia/4352",
    "section": "al-mstlhat",
    "answers": [
      {
        "answer": "الزَّمانُ الذي يَحدُثُ فيه الشَّيءُ",
        "t": 0
      },
      {
        "answer": "ما كانَ وِعاءً لشَيءٍ",
        "t": 1
      },
      {
        "answer": "الحَالَةُ التي يكونُ عليها الشَّيءُ",
        "t": 0
      }
    ]
  },
  {
    "id": 6794,
    "q": "التَّعْويضُ هو: ",
    "level": 1,
    "link": "https://dorar.net/arabia/3968",
    "section": "al-mstlhat",
    "answers": [
      {
        "answer": "الحَركَةُ المَنطُوقَةُ التي تكونُ عِوَضًا عن حَذفِ حَرفِ العِلَّةِ",
        "t": 0
      },
      {
        "answer": "حَذْفُ حَرْفٍ والاسْتِغناءُ عنه بآخَرَ",
        "t": 1
      },
      {
        "answer": "التَّنوينُ الذي يَلحَقُ بأواخِرِ الأَسماءِ",
        "t": 0
      }
    ]
  },
  {
    "id": 6800,
    "q": "الحَلِفُ على شيءٍ بغَرَضِ تَأكيدِ الكَلام، يُسمَّى:",
    "level": 1,
    "link": "https://dorar.net/arabia/4471",
    "section": "al-mstlhat",
    "answers": [
      {
        "answer": "الأَملَ",
        "t": 0
      },
      {
        "answer": "التَّوبةَ",
        "t": 0
      },
      {
        "answer": "القَسَمَ",
        "t": 1
      }
    ]
  },
  {
    "id": 6799,
    "q": "وَصْفٌ للكَلِمةِ إذا كانت غيْرَ مَألوفةٍ للأسْماعِ:",
    "level": 1,
    "link": "https://dorar.net/arabia/4419",
    "section": "al-mstlhat",
    "answers": [
      {
        "answer": "الابتِذالُ",
        "t": 0
      },
      {
        "answer": "البَلادَةُ",
        "t": 0
      },
      {
        "answer": "الغَرابةُ",
        "t": 1
      }
    ]
  }
]