[
  {
    "id": 1008,
    "q": "دلَّ قولُه تعالَى: {وَلَا تَقْفُ مَا لَيْسَ لَكَ بِهِ عِلْمٌ} على:",
    "level": 3,
    "link": "https://www.dorar.net/tafseer/17/9\n",
    "section": "al-isra",
    "answers": [
      {
        "answer": "أنَّ التَقليدَ والاتِّباعَ يجب أن يكونَ على عِلمٍ",
        "t": 0
      },
      {
        "answer": "ذَمِّ القَفْوِ لأنَّه مِن عَقائِد الجاهِليَّة",
        "t": 0
      },
      {
        "answer": "حُرمةِ الحُكمِ والفتوى بغَيرِ عِلمٍ",
        "t": 1
      }
    ]
  },
  {
    "id": 1001,
    "q": "تَضمَّن قَولُه تعالَى: {وَلِيَدْخُلُوا الْمَسْجِدَ كَمَا دَخَلُوهُ أَوَّلَ مَرَّةٍ وَلِيُتَبِّرُوا مَا عَلَوْا تَتْبِيرًا}:",
    "level": 3,
    "link": "https://www.dorar.net/tafseer/17/2\n",
    "section": "al-isra",
    "answers": [
      {
        "answer": "تَعريضًا بالتَّهديدِ لقريشٍ بأنهم إن لم يرجِعوا، أبدَلَ أمنَهم في الحرَمِ خَوفًا وعِزَّهم ذُلًّا",
        "t": 1
      },
      {
        "answer": "بِشارةً لبني إسرائيلَ بالنَّصرِ الأبديِّ المُحقَّقِ",
        "t": 0
      },
      {
        "answer": "تَخويفًا للمُسلِمين مِن سُوءِ فِعلِ المُشرِكين",
        "t": 0
      }
    ]
  },
  {
    "id": 1013,
    "q": "قولُه تعالَى: {وَلَا يُظْلَمُونَ فَتِيلًا} المرادُ به:",
    "level": 3,
    "link": "https://www.dorar.net/tafseer/17/17\n",
    "section": "al-isra",
    "answers": [
      {
        "answer": "أصحابُ اليمينِ",
        "t": 0
      },
      {
        "answer": "النَّاسُ كلُّهم",
        "t": 1
      },
      {
        "answer": "أهلُ النارِ",
        "t": 0
      }
    ]
  },
  {
    "id": 1020,
    "q": "معنى (نأى) في قولِه تعالَى: {أَعْرَضَ وَنَأَى بِجَانِبِهِ}",
    "level": 3,
    "link": "https://www.dorar.net/tafseer/17/20\n",
    "section": "al-isra",
    "answers": [
      {
        "answer": "اقترَب",
        "t": 0
      },
      {
        "answer": "هرَب",
        "t": 0
      },
      {
        "answer": "تباعَد",
        "t": 1
      }
    ]
  },
  {
    "id": 1006,
    "q": "معنى (مَحسورًا) في قولِه تعالَى: {فَتَقْعُدَ مَلُومًا مَحْسُورًا}:",
    "level": 3,
    "link": "https://www.dorar.net/tafseer/17/7\n",
    "section": "al-isra",
    "answers": [
      {
        "answer": "مَذمومًا",
        "t": 0
      },
      {
        "answer": "مُنقَطِعًا عنِ النَّفقةِ",
        "t": 1
      },
      {
        "answer": "مُسرِفًا",
        "t": 0
      }
    ]
  },
  {
    "id": 1009,
    "q": "الفَرقُ بين المَذمومِ والمَلُومِ في قولِه تعالَى: {فَتَقْعُدَ مَلُومًا مَحْسُورًا} و{فَتَقْعُدَ مَذْمُومًا مَخْذُولًا}:",
    "level": 3,
    "link": "https://www.dorar.net/tafseer/17/9\n",
    "section": "al-isra",
    "answers": [
      {
        "answer": "المذمومُ: أنْ يذكُرَ أنَّ الفعلَ الَّذي أقدَمَ عليه قَبيحٌ مُنكَرٌ. والملومُ: أن يُقال لفاعلِه: لِم فعلْتَ كذا؟",
        "t": 1
      },
      {
        "answer": "المَذمُوم: ما لَحِقَه إِفراطٌ. والمَلُوم ما لَحِقَهُ تَفرِيط",
        "t": 0
      },
      {
        "answer": "المَذمُوم: كلُّ ما تَعلَّقَت به الحَسرةُ، والمَلُوم: كلُّ ما كان بِلا نَفعٍ",
        "t": 0
      }
    ]
  },
  {
    "id": 1004,
    "q": "جِيء بخِطابِ الجماعةِ في قولِه تعالَى: {وَقَضَى رَبُّكَ أَلَّا تَعْبُدُوا إِلَّا إِيَّاهُ} لأنَّ النهيَ مُوجَّهٌ:",
    "level": 3,
    "link": "https://www.dorar.net/tafseer/17/6\n",
    "section": "al-isra",
    "answers": [
      {
        "answer": "إلى كلِّ الناسِ",
        "t": 1
      },
      {
        "answer": "إلى مُشرِكي قُريشٍ",
        "t": 0
      },
      {
        "answer": "لعُمومِ المُسلِمين",
        "t": 0
      }
    ]
  },
  {
    "id": 1003,
    "q": "دلَّ قولُه تعالَى: {وَلَا تَزِرُ وَازِرَةٌ وِزْرَ أُخْرَى} على:",
    "level": 3,
    "link": "https://www.dorar.net/tafseer/17/4\n",
    "section": "al-isra",
    "answers": [
      {
        "answer": "أنَّه لا يَحمِل أحدٌ ذنْبَ أحدٍ، ولا يَجني جانٍ إلَّا على نفسِه",
        "t": 1
      },
      {
        "answer": "أنَّ كلَّ راعٍ مَسئُولٌ عن رَعِيَّتِه",
        "t": 0
      },
      {
        "answer": "أنَّ السَّيِّئةَ تَجلِبُ السَّيِّئةَ، وأنَّ الحَسنةَ تَجلِبُ الحَسنةَ",
        "t": 0
      }
    ]
  },
  {
    "id": 1016,
    "q": "في قولِه تعالَى: {أَقِمِ الصَّلَاةَ لِدُلُوكِ الشَّمْسِ إِلَى غَسَقِ اللَّيْلِ وَقُرْآنَ الْفَجْرِ إِنَّ قُرْآنَ الْفَجْرِ كَانَ مَشْهُودًا} دَلالةٌ على:",
    "level": 3,
    "link": "https://www.dorar.net/tafseer/17/19\n",
    "section": "al-isra",
    "answers": [
      {
        "answer": "وَقتِ صلاةِ الفَجرِ",
        "t": 0
      },
      {
        "answer": "مَواقيتِ الصَّلاةِ الخَمسةِ",
        "t": 1
      },
      {
        "answer": "وَقتِ صلاةِ الفَجرِ والمَغرِب",
        "t": 0
      }
    ]
  },
  {
    "id": 1017,
    "q": "الشِّفاءُ في قولِه تعالَى: {وَنُنَزِّلُ مِنَ الْقُرْآنِ مَا هُوَ شِفَاءٌ}:",
    "level": 3,
    "link": "https://www.dorar.net/tafseer/17/20\n",
    "section": "al-isra",
    "answers": [
      {
        "answer": "الشِّفاءَ القَلبيَّ والبدَنيَّ",
        "t": 1
      },
      {
        "answer": "الشِّفاءُ البدنيُّ",
        "t": 0
      },
      {
        "answer": "الشِّفاءُ القَلبيُّ",
        "t": 0
      }
    ]
  },
  {
    "id": 1011,
    "q": "دلَّ قولُه تعالَى: {وَيَرْجُونَ رَحْمَتَهُ وَيَخَافُونَ عَذَابَهُ} على أنَّ العِبادةَ:",
    "level": 3,
    "link": "https://www.dorar.net/tafseer/17/13\n",
    "section": "al-isra",
    "answers": [
      {
        "answer": "تُنجِّي مِن العَذابِ",
        "t": 0
      },
      {
        "answer": "لا تَتِمُّ إلَّا بالخَوفِ والرَّجاءِ",
        "t": 1
      },
      {
        "answer": "لها رُكنانِ: النِّيَّة والإخلاص",
        "t": 0
      }
    ]
  },
  {
    "id": 1019,
    "q": "معنى (الأذقان) في قولِه تعالَى: {يَخِرُّونَ لِلْأَذْقَانِ سُجَّدًا}:",
    "level": 3,
    "link": "https://www.dorar.net/tafseer/17/26\n",
    "section": "al-isra",
    "answers": [
      {
        "answer": "الأرضُ",
        "t": 0
      },
      {
        "answer": "مُجتمَعُ اللَّحْيَين",
        "t": 1
      },
      {
        "answer": "الأقدامُ",
        "t": 0
      }
    ]
  },
  {
    "id": 1015,
    "q": "معنى (نافلةً) في قَولِه تعالَى: {وَمِنَ اللَّيْلِ فَتَهَجَّدْ بِهِ نَافِلَةً لَكَ}:",
    "level": 3,
    "link": "https://www.dorar.net/tafseer/17/19\n",
    "section": "al-isra",
    "answers": [
      {
        "answer": "زِيادةٌ",
        "t": 1
      },
      {
        "answer": "بَركة",
        "t": 0
      },
      {
        "answer": "سُنَّة",
        "t": 0
      }
    ]
  },
  {
    "id": 1010,
    "q": "معنى (أكِنَّة) في قولِه تعالَى: {وَجَعَلْنَا عَلَى قُلُوبِهِمْ أَكِنَّةً}:",
    "level": 3,
    "link": "https://www.dorar.net/tafseer/17/11\n",
    "section": "al-isra",
    "answers": [
      {
        "answer": "أغطِيَةٌ",
        "t": 1
      },
      {
        "answer": "طُمأنَينَة",
        "t": 0
      },
      {
        "answer": "غَضَبٌ",
        "t": 0
      }
    ]
  },
  {
    "id": 1002,
    "q": "معنى الابتغاءِ في قولِه تعالَى: {لِتَبْتَغُوا فَضْلًا مِنْ رَبِّكُمْ}:",
    "level": 3,
    "link": "https://www.dorar.net/tafseer/17/4\n",
    "section": "al-isra",
    "answers": [
      {
        "answer": "الدُّعاء المُوقِن بالإجابَة",
        "t": 0
      },
      {
        "answer": "طَلَبُ الشَّيءِ بسعيٍ إليه ومَحبةٍ فيه",
        "t": 1
      },
      {
        "answer": "أخْذُ الشَّيءِ بلا مَشَقَّة",
        "t": 0
      }
    ]
  },
  {
    "id": 1012,
    "q": "قيَّدَ الإهلاكَ في قوله تعالَى: {وَإِنْ مِنْ قَرْيَةٍ إِلَّا نَحْنُ مُهْلِكُوهَا قَبْلَ يَوْمِ الْقِيَامَةِ} بكونِه قبْلَ يومِ القيامةِ:",
    "level": 3,
    "link": "https://www.dorar.net/tafseer/17/14\n",
    "section": "al-isra",
    "answers": [
      {
        "answer": "لإمهالِهم في الدُّنيا قبْلَ عقابِ الآخِرةِ",
        "t": 0
      },
      {
        "answer": "إِشارةً إلى البَعْثِ والنُّشورِ",
        "t": 0
      },
      {
        "answer": "زِيادةً في الإنذارِ والوَعيدِ",
        "t": 1
      }
    ]
  },
  {
    "id": 1007,
    "q": "دلَّ قولُه تعالَى: {فَقَدْ جَعَلْنَا لِوَلِيِّهِ سُلْطَانًا} على أنَّ الوليَ إذا عفا عنِ القاتلِ:",
    "level": 3,
    "link": "https://www.dorar.net/tafseer/17/8\n",
    "section": "al-isra",
    "answers": [
      {
        "answer": "سَقَط القصاصُ",
        "t": 1
      },
      {
        "answer": "فإنَّه يَدفَع دِيَةَ المَقتُول",
        "t": 0
      },
      {
        "answer": "لا يَسقُطِ القِصاصُ",
        "t": 0
      }
    ]
  },
  {
    "id": 1005,
    "q": "المقصودُ بالنَّهيِ في قَولِه تعالَى: {فَلَا تَقُلْ لَهُمَا أُفٍّ}:",
    "level": 3,
    "link": "https://www.dorar.net/tafseer/17/6\n",
    "section": "al-isra",
    "answers": [
      {
        "answer": "النَّهيُ عن كل أذًى قَوليِّ",
        "t": 0
      },
      {
        "answer": "النَّهيُ عنِ الأذى الذي أقلُّه الأذى باللِّسانِ بأوجَزِ كَلِمةٍ",
        "t": 1
      },
      {
        "answer": "النَّهيُ عن قَولِ (أُفٍّ)",
        "t": 0
      }
    ]
  },
  {
    "id": 1018,
    "q": "دلَّ قولُه تعالَى : {فَأَبَى أَكْثَرُ النَّاسِ إِلَّا كُفُورًا} على:",
    "level": 3,
    "link": "https://www.dorar.net/tafseer/17/22\n",
    "section": "al-isra",
    "answers": [
      {
        "answer": "التَّحذِير مِن الكُفرِ",
        "t": 0
      },
      {
        "answer": "ذَمِّ الكَثرةِ",
        "t": 0
      },
      {
        "answer": "أنَّ الكافِرين هم أكثرُ أهلِ الأرضِ",
        "t": 1
      }
    ]
  },
  {
    "id": 1014,
    "q": "المَوصولُ في قولِه تعالَى: {وَإِنْ كَادُوا لَيَفْتِنُونَكَ عَنِ الَّذِي أَوْحَيْنَا إِلَيْكَ}:",
    "level": 3,
    "link": "https://www.dorar.net/tafseer/17/18\n",
    "section": "al-isra",
    "answers": [
      {
        "answer": "للعهْدِ",
        "t": 1
      },
      {
        "answer": "للتَّعريفِ",
        "t": 0
      },
      {
        "answer": "للجِنسِ",
        "t": 0
      }
    ]
  }
]