[
  {
    "id": 995,
    "q": "معنى (تَركَن) في قولِه تعالَى: {وَلَوْلَا أَنْ ثَبَّتْنَاكَ لَقَدْ كِدْتَ تَرْكَنُ إِلَيْهِمْ شَيْئًا قَلِيلًا}:",
    "level": 2,
    "link": "https://www.dorar.net/tafseer/17/18\n",
    "section": "al-isra",
    "answers": [
      {
        "answer": "تَطمَئنُّ",
        "t": 1
      },
      {
        "answer": "تَدعُو",
        "t": 0
      },
      {
        "answer": "تَتَوَجَّه",
        "t": 0
      }
    ]
  },
  {
    "id": 982,
    "q": "دلَّ قولُه تعالَى: {وَمَا كُنَّا مُعَذِّبِينَ حَتَّى نَبْعَثَ رَسُولًا} على:",
    "level": 2,
    "link": "https://www.dorar.net/tafseer/17/4\n",
    "section": "al-isra",
    "answers": [
      {
        "answer": "أنَّ العَذابَ لا يكونُ إلَّا للمُشرِكين",
        "t": 0
      },
      {
        "answer": "أنَّ أَهلَ الفَترةِ حُكمُهُم حُكمُ أَهلِ الأَعرافِ",
        "t": 0
      },
      {
        "answer": "أنَّ الله لا يُعذِّب أحدًا حتى تقومَ عليه الحُجَّةُ بالرُّسُلِ",
        "t": 1
      }
    ]
  },
  {
    "id": 990,
    "q": "أفاد قولُه تعالَى: {رَبُّكُمْ أَعْلَمُ بِكُمْ إِنْ يَشَأْ يَرْحَمْكُمْ أَوْ إِنْ يَشَأْ يُعَذِّبْكُمْ}:",
    "level": 2,
    "link": "https://www.dorar.net/tafseer/17/13\n",
    "section": "al-isra",
    "answers": [
      {
        "answer": "أنَّ رحمةَ اللهِ وعذابَه صِفاتٌ لا إراديَّةٌ",
        "t": 0
      },
      {
        "answer": "أنَّ الرحمةَ والتعذيبَ مُعَلَّقانِ بالمَشيئةِ",
        "t": 1
      },
      {
        "answer": "أنَّ اللهَ تعالَى لا يَرحَمُ مَن يَستَحِقُّ العذابَ",
        "t": 0
      }
    ]
  },
  {
    "id": 998,
    "q": "معنى (خبَت) في قولِه تعالَى: {كُلَّمَا خَبَتْ زِدْنَاهُمْ سَعِيرًا}:",
    "level": 2,
    "link": "https://www.dorar.net/tafseer/17/24\n",
    "section": "al-isra",
    "answers": [
      {
        "answer": "اشتعَلت",
        "t": 0
      },
      {
        "answer": "زادتْ ضَجِيجًا",
        "t": 0
      },
      {
        "answer": "سكَن لهَبُها",
        "t": 1
      }
    ]
  },
  {
    "id": 993,
    "q": "معنى قولِه تعالَى: {رَبُّكُمُ الَّذِي يُزْجِي لَكُمُ الْفُلْكَ}:",
    "level": 2,
    "link": "https://www.dorar.net/tafseer/17/16\n",
    "section": "al-isra",
    "answers": [
      {
        "answer": "يُسَيِّر لكم السُّفُن",
        "t": 1
      },
      {
        "answer": "يَرزُقُكم بالسُّفُن",
        "t": 0
      },
      {
        "answer": "يُمسِك لكم السُّفُنَ عن الغَرَق",
        "t": 0
      }
    ]
  },
  {
    "id": 994,
    "q": "دلَّ قولُه تعالَى: {وَإِذَا مَسَّ الْإِنْسَانَ الضُّرُّ دَعَانَا لِجَنْبِهِ} على:",
    "level": 2,
    "link": "https://www.dorar.net/tafseer/17/16\n",
    "section": "al-isra",
    "answers": [
      {
        "answer": "أنَّ اللهَ لا يَقبَلُ دعوةَ المُشرِك",
        "t": 0
      },
      {
        "answer": "أنَّه مَن دعا اللهَ تعالَى موقِنًا بالإجابة؛ أجابَه، وقدْ يَكونُ مُشرِكًا فاسِقًا",
        "t": 1
      },
      {
        "answer": "أنَّ الدُّعاءَ على جَنبٍ هو أَفضلُ الدُّعاء",
        "t": 0
      }
    ]
  },
  {
    "id": 997,
    "q": "عُبِّر بـ(عسى) دون ما يُفيد القطعَ في قولِه تعالَى: {عَسَى أَنْ يَبْعَثَكَ رَبُّكَ مَقَامًا مَحْمُودًا}:",
    "level": 2,
    "link": "https://www.dorar.net/tafseer/17/19\n",
    "section": "al-isra",
    "answers": [
      {
        "answer": "لأنَّ عسَى في القُرآنِ بمعنى: لَزِمَ",
        "t": 0
      },
      {
        "answer": "لحَثِّ النبيِّ ﷺ على مُلازمَةِ الطَّاعةِ وعَدمِ الفُتُورِ",
        "t": 0
      },
      {
        "answer": "لأنَّ ذلك أقعَدُ في كلامِ الملوكِ؛ لأنه أدلُّ على العظَمةِ",
        "t": 1
      }
    ]
  },
  {
    "id": 1000,
    "q": "معنى (مَثبورًا) في قولِه تعالَى: {وَإِنِّي لَأَظُنُّكَ يَا فِرْعَوْنُ مَثْبُورًا}:",
    "level": 2,
    "link": "https://www.dorar.net/tafseer/17/25\n",
    "section": "al-isra",
    "answers": [
      {
        "answer": "مَغرُورًا",
        "t": 0
      },
      {
        "answer": "مُهلَكًا",
        "t": 1
      },
      {
        "answer": "مَسحُورًا",
        "t": 0
      }
    ]
  },
  {
    "id": 986,
    "q": "دلَّ قولُه تعالَى: {وَلَا تَقْرَبُوا مَالَ الْيَتِيمِ إِلَّا بِالَّتِي هِيَ أَحْسَنُ} على:",
    "level": 2,
    "link": "https://www.dorar.net/tafseer/17/8\n",
    "section": "al-isra",
    "answers": [
      {
        "answer": "حُرمةِ الاقتِرابِ من مالِ اليتيمِ مُطلَقًا",
        "t": 0
      },
      {
        "answer": "جَوازِ تَصَرُّفِ الوالي في مالِ اليتيمِ بما عاد صلاحُه على اليتيمِ",
        "t": 1
      },
      {
        "answer": "جَوازِ استعمالِ مالِ اليتيمِ عند الضَّرورَة",
        "t": 0
      }
    ]
  },
  {
    "id": 999,
    "q": "كم عددُ المعجزاتِ التي ذكَرها اللهُ تعالَى في القرآنِ لمُوسى عليه السلام؟",
    "level": 2,
    "link": "https://www.dorar.net/tafseer/17/25\n",
    "section": "al-isra",
    "answers": [
      {
        "answer": "سِتُّ مُعجزاتٍ",
        "t": 0
      },
      {
        "answer": "سِتَّ عَشْرةَ مُعجِزةً",
        "t": 1
      },
      {
        "answer": "إحدى عَشْرةَ مُعجِزةً",
        "t": 0
      }
    ]
  },
  {
    "id": 996,
    "q": "المقصودُ بالأرض في قولِه تعالَى: {وَإِنْ كَادُوا لَيَسْتَفِزُّونَكَ مِنَ الْأَرْضِ}:",
    "level": 2,
    "link": "https://www.dorar.net/tafseer/17/18\n",
    "section": "al-isra",
    "answers": [
      {
        "answer": "مكَّة",
        "t": 1
      },
      {
        "answer": "الطَّائف",
        "t": 0
      },
      {
        "answer": "المَدينة",
        "t": 0
      }
    ]
  },
  {
    "id": 988,
    "q": "معنى (أصْفاكم) في قولِه تعالَى: {أَفَأَصْفَاكُمْ رَبُّكُمْ بِالْبَنِينَ}:",
    "level": 2,
    "link": "https://www.dorar.net/tafseer/17/10\n",
    "section": "al-isra",
    "answers": [
      {
        "answer": "مَنَحَكُم",
        "t": 0
      },
      {
        "answer": "زَادَكُم",
        "t": 0
      },
      {
        "answer": "أَخْتَصَّكم",
        "t": 1
      }
    ]
  },
  {
    "id": 987,
    "q": "استدلَّوا بقولِه تعالَى: {وَلَا تَقْفُ مَا لَيْسَ لَكَ بِهِ عِلْمٌ} على مَنعِ الاجتِهادِ في الشَّرعِ مُطلَقًا، وتَضليلِ القائلِ به:",
    "level": 2,
    "link": "https://www.dorar.net/tafseer/17/9\n",
    "section": "al-isra",
    "answers": [
      {
        "answer": "المُعتَزِلَة",
        "t": 0
      },
      {
        "answer": "الأشاعِرَة",
        "t": 0
      },
      {
        "answer": "أهلُ الظَّاهِرِ",
        "t": 1
      }
    ]
  },
  {
    "id": 983,
    "q": "معنى (مُترفِيها) في قولِه تعالَى: {وَإِذَا أَرَدْنَا أَنْ نُهْلِكَ قَرْيَةً أَمَرْنَا مُتْرَفِيهَا}:",
    "level": 2,
    "link": "https://www.dorar.net/tafseer/17/5\n",
    "section": "al-isra",
    "answers": [
      {
        "answer": "المُنَعَّمون فيها",
        "t": 1
      },
      {
        "answer": "المَلائكَة التي تَحُوطُ بِها",
        "t": 0
      },
      {
        "answer": "أهلُها",
        "t": 0
      }
    ]
  },
  {
    "id": 991,
    "q": "معنى (مسطورًا) في قولِه تعالَى: {كَانَ ذَلِكَ فِي الْكِتَابِ مَسْطُورًا}:",
    "level": 2,
    "link": "https://www.dorar.net/tafseer/17/14\n",
    "section": "al-isra",
    "answers": [
      {
        "answer": "مَكتوبًا",
        "t": 1
      },
      {
        "answer": "مُهَيَّأً",
        "t": 0
      },
      {
        "answer": "مَعلومًا",
        "t": 0
      }
    ]
  },
  {
    "id": 992,
    "q": "صَوتُ الشَّيطانِ في قولِه تعالَى: {وَاسْتَفْزِزْ مَنِ اسْتَطَعْتَ مِنْهُمْ بِصَوْتِكَ} هو:",
    "level": 2,
    "link": "https://www.dorar.net/tafseer/17/15\n",
    "section": "al-isra",
    "answers": [
      {
        "answer": "الوَسوَسةُ التي يُلْقيها في قَلبِ الإنسانِ",
        "t": 0
      },
      {
        "answer": "كلُّ صوتٍ قَبيحٍ",
        "t": 0
      },
      {
        "answer": "كلُّ صوتٍ في غيرِ طاعة اللهِ، مِثلُ الغِناءِ",
        "t": 1
      }
    ]
  },
  {
    "id": 981,
    "q": "دلَّ قولُه تعالَى: {إِنْ أَحْسَنْتُمْ أَحْسَنْتُمْ لِأَنْفُسِكُمْ وَإِنْ أَسَأْتُمْ فَلَهَا} على:",
    "level": 2,
    "link": "https://www.dorar.net/tafseer/17/2\n",
    "section": "al-isra",
    "answers": [
      {
        "answer": "أنَّ رَحمةَ اللهِ غلَبَت غَضَبَه",
        "t": 1
      },
      {
        "answer": "أنَّ الله يُكافِئُ صاحِبَ الحَسنَة، ويُمهِل صاحِبَ السَّيِّئَة",
        "t": 0
      },
      {
        "answer": "أنَّ أَصلَ الإحسانِ: الإِحسانُ إلى النَّفسِ",
        "t": 0
      }
    ]
  },
  {
    "id": 985,
    "q": "الرَّحمةُ في قولِه تعالَى: {وَإِمَّا تُعْرِضَنَّ عَنْهُمُ ابْتِغَاءَ رَحْمَةٍ مِنْ رَبِّكَ تَرْجُوهَا فَقُلْ لَهُمْ قَوْلًا مَيْسُورًا}:",
    "level": 2,
    "link": "https://www.dorar.net/tafseer/17/7\n",
    "section": "al-isra",
    "answers": [
      {
        "answer": "الرِّزقُ الذي يَتأتَّى منه العطاءُ",
        "t": 1
      },
      {
        "answer": "المَغفِرَة",
        "t": 0
      },
      {
        "answer": "البِرُّ والصِّلةُ",
        "t": 0
      }
    ]
  },
  {
    "id": 984,
    "q": "دلَّ قولُه تعالَى: {مَنْ كَانَ يُرِيدُ الْعَاجِلَةَ عَجَّلْنَا لَهُ فِيهَا مَا نَشَاءُ لِمَنْ نُرِيدُ ثُمَّ جَعَلْنَا لَهُ جَهَنَّمَ يَصْلَاهَا مَذْمُومًا مَدْحُورًا} على أنَّ الكافِرَ:",
    "level": 2,
    "link": "https://www.dorar.net/tafseer/17/5\n",
    "section": "al-isra",
    "answers": [
      {
        "answer": "يُخفَّف عنه مِن العَذابِ بقَدرِ ما عَمِلَ مِن عَمَلٍ صالحٍ",
        "t": 0
      },
      {
        "answer": "يُجازى على عَمَلِه الحسَنِ في الدُّنيا لا في الآخِرةِ",
        "t": 1
      },
      {
        "answer": "لا يُجازَى بعَملِه الصَّالِح لا في الدُّنيا ولا في الآخِرةِ",
        "t": 0
      }
    ]
  },
  {
    "id": 989,
    "q": "دلَّ قولُه تعالَى: {يَوْمَ يَدْعُوكُمْ فَتَسْتَجِيبُونَ بِحَمْدِهِ وَتَظُنُّونَ إِنْ لَبِثْتُمْ إِلَّا قَلِيلًا} على أنَّ الميِّتَ:",
    "level": 2,
    "link": "https://www.dorar.net/tafseer/17/12\n",
    "section": "al-isra",
    "answers": [
      {
        "answer": "يُريدُ البَقاءَ في البَرزخِ",
        "t": 0
      },
      {
        "answer": "لا يَشعرُ بالعَذابِ أو النَّعيمِ في البَرزَخِ",
        "t": 0
      },
      {
        "answer": "لا يَشعرُ بعْدَ المساءلةِ بطولِ المُكثِ بالبَرزخِ",
        "t": 1
      }
    ]
  }
]