[
  {
    "id": 974,
    "q": "النَّهيُ عنِ التَّكلُّمِ بغَيرِ عِلمٍ في قولِه تعالَى: {وَلَا تَقْفُ مَا لَيْسَ لَكَ بِهِ عِلْمٌ}:",
    "level": 1,
    "link": "https://www.dorar.net/tafseer/17/9\n",
    "section": "al-isra",
    "answers": [
      {
        "answer": "خاصٌّ بالعِلمِ الدُّنيويِّ",
        "t": 0
      },
      {
        "answer": "نهيٌ عامٌّ في جميعِ أنواعِ الأخبارِ",
        "t": 1
      },
      {
        "answer": "خاصٌّ بالعِلمِ الشَّرعيِّ",
        "t": 0
      }
    ]
  },
  {
    "id": 977,
    "q": "دلَّ قولُه تعالَى: {وَمَا مَنَعَنَا أَنْ نُرْسِلَ بِالْآيَاتِ إِلَّا أَنْ كَذَّبَ بِهَا الْأَوَّلُونَ} على:",
    "level": 1,
    "link": "https://www.dorar.net/tafseer/17/14\n",
    "section": "al-isra",
    "answers": [
      {
        "answer": "أنَّ جَميعَ الأُمَمِ مُتساويَة عندَ الله تعالى",
        "t": 0
      },
      {
        "answer": "أنَّ كلَّ الأَنبياءِ كانت لهم مُعجِزات",
        "t": 0
      },
      {
        "answer": "تَشريفِ هذه الأُمَّةِ وتَفضيلِ رَسولِها على سائرِ الرُّسلِ",
        "t": 1
      }
    ]
  },
  {
    "id": 964,
    "q": "من مَوضوعاتِ سورة الإسراءِ:",
    "level": 1,
    "link": "https://www.dorar.net/tafseer/17\n",
    "section": "al-isra",
    "answers": [
      {
        "answer": "ذِكرُ الإسراءِ وبَيانُ حِكمتِه، والإشارةُ إلى المِعراجِ",
        "t": 1
      },
      {
        "answer": "إقامةُ الأدِلَّةِ على وَحدانيَّةِ اللهِ تعالى، وعلى شُمولِ قُدرتِه",
        "t": 0
      },
      {
        "answer": "الإنذارُ بالبَعثِ، وتحقيقُ وُقوعِه",
        "t": 0
      }
    ]
  },
  {
    "id": 976,
    "q": "معنى (رُفاتًا) في قولِه تعالَى: {وَقَالُوا أَإِذَا كُنَّا عِظَامًا وَرُفَاتًا}:",
    "level": 1,
    "link": "https://www.dorar.net/tafseer/17/12\n",
    "section": "al-isra",
    "answers": [
      {
        "answer": "مَوتى",
        "t": 0
      },
      {
        "answer": "تُرابٌ وفُتاتٌ",
        "t": 1
      },
      {
        "answer": "حِجارةٌ",
        "t": 0
      }
    ]
  },
  {
    "id": 962,
    "q": "سورة الإسراءِ:",
    "level": 1,
    "link": "https://www.dorar.net/tafseer/17\n",
    "section": "al-isra",
    "answers": [
      {
        "answer": "مَدنيَّةٌ",
        "t": 0
      },
      {
        "answer": "نزَل مُعظَمُها في مكَّة، ونزلَت آياتٌ منها بالمدينةِ",
        "t": 0
      },
      {
        "answer": "مكِّيةٌ",
        "t": 1
      }
    ]
  },
  {
    "id": 979,
    "q": "معنى (دُلوك) في قولِه تعالَى: {أَقِمِ الصَّلَاةَ لِدُلُوكِ الشَّمْسِ}:",
    "level": 1,
    "link": "https://www.dorar.net/tafseer/17/19\n",
    "section": "al-isra",
    "answers": [
      {
        "answer": "زَوالٌ",
        "t": 1
      },
      {
        "answer": "طُلوعٌ",
        "t": 0
      },
      {
        "answer": "ظُهورٌ",
        "t": 0
      }
    ]
  },
  {
    "id": 973,
    "q": "دلَّ قولُه تعالَى: {فَلَا يُسْرِفْ فِي الْقَتْلِ إِنَّهُ كَانَ مَنْصُورًا} على:",
    "level": 1,
    "link": "https://www.dorar.net/tafseer/17/8\n",
    "section": "al-isra",
    "answers": [
      {
        "answer": "أنَّ الإسرافَ مَنهِيٌّ عنه",
        "t": 0
      },
      {
        "answer": "أنَّه لا يَجوزُ لوليِّ المَقتولِ أنْ يَتجاوَز الحدَّ المشروعَ له",
        "t": 1
      },
      {
        "answer": "أنَّ القَتلَ الخَطأَ فيه القَصاصُ والدِّيَة",
        "t": 0
      }
    ]
  },
  {
    "id": 961,
    "q": "مِن أَسماءِ سُورةِ الإسراءِ:",
    "level": 1,
    "link": "https://www.dorar.net/tafseer/17\n",
    "section": "al-isra",
    "answers": [
      {
        "answer": "سُورةُ السَّجدَتَينِ",
        "t": 0
      },
      {
        "answer": "سُورةُ النِّعَم",
        "t": 0
      },
      {
        "answer": "سُورةُ بَنِي إِسرائيلَ",
        "t": 1
      }
    ]
  },
  {
    "id": 968,
    "q": "معنى (منشورًا) في قولِه تعالَى: {وَنُخْرِجُ لَهُ يَوْمَ الْقِيَامَةِ كِتَابًا يَلْقَاهُ مَنْشُورًا}:",
    "level": 1,
    "link": "https://www.dorar.net/tafseer/17/4\n",
    "section": "al-isra",
    "answers": [
      {
        "answer": "مَفتوحًا",
        "t": 1
      },
      {
        "answer": "مَطوِيًّا",
        "t": 0
      },
      {
        "answer": "مَحفوظًا",
        "t": 0
      }
    ]
  },
  {
    "id": 971,
    "q": "معنى (تُبذِّر) في قولِه تعالَى: {وَلَا تُبَذِّرْ تَبْذِيرًا}:",
    "level": 1,
    "link": "https://www.dorar.net/tafseer/17/7\n",
    "section": "al-isra",
    "answers": [
      {
        "answer": "تُشرِك",
        "t": 0
      },
      {
        "answer": "تُنفِقُ",
        "t": 0
      },
      {
        "answer": "تُسرِفُ",
        "t": 1
      }
    ]
  },
  {
    "id": 980,
    "q": "دلَّ قوله تعالَى: {وَقُرْآنَ الْفَجْرِ إِنَّ قُرْآنَ الْفَجْرِ كَانَ مَشْهُودًا} على أنَّ القِراءةَ في الصَّلاةِ:",
    "level": 1,
    "link": "https://www.dorar.net/tafseer/17/19\n",
    "section": "al-isra",
    "answers": [
      {
        "answer": "رُكنٌ",
        "t": 1
      },
      {
        "answer": "مُستحَبَّةٌ",
        "t": 0
      },
      {
        "answer": "واجِبَة",
        "t": 0
      }
    ]
  },
  {
    "id": 967,
    "q": "تَضمَّن قولُه تعالَى: {وَكَانَ الْإِنْسَانُ عَجُولًا}:",
    "level": 1,
    "link": "https://www.dorar.net/tafseer/17/3\n",
    "section": "al-isra",
    "answers": [
      {
        "answer": "الحَثَّ على التُّؤدَة",
        "t": 0
      },
      {
        "answer": "بَيانَ خَلقِ الإنسانِ",
        "t": 0
      },
      {
        "answer": "ذمَّ العجَلةِ",
        "t": 1
      }
    ]
  },
  {
    "id": 965,
    "q": "معنى قولِه تعالَى: {الَّذِي بَارَكْنَا حَوْلَهُ}:",
    "level": 1,
    "link": "https://www.dorar.net/tafseer/17/1\n",
    "section": "al-isra",
    "answers": [
      {
        "answer": "أرسَلْنا فيه الرُّسُلَ",
        "t": 0
      },
      {
        "answer": "حفَفْناه بالمَلائكةِ",
        "t": 0
      },
      {
        "answer": "جَعَلْنا حَولَه البَرَكةَ",
        "t": 1
      }
    ]
  },
  {
    "id": 963,
    "q": "من مَقاصدِ سورةِ الإسراءِ:",
    "level": 1,
    "link": "https://www.dorar.net/tafseer/17\n",
    "section": "al-isra",
    "answers": [
      {
        "answer": "تَرسيخُ أُصول العَقيدةِ الإسلاميَّةِ، وتَنقيتُها من كلِّ ما يَشوبُها",
        "t": 1
      },
      {
        "answer": "الدَّعوةُ إلى التعاونِ على البِرِّ والتَّقوى",
        "t": 0
      },
      {
        "answer": "الأمرُ بالجهادِ لرفعِ رايةِ الإسلامِ",
        "t": 0
      }
    ]
  },
  {
    "id": 966,
    "q": "معنى قولِه تعالَى: {وَلَتَعْلُنَّ عُلُوًّا كَبِيرًا}:",
    "level": 1,
    "link": "https://www.dorar.net/tafseer/17/2\n",
    "section": "al-isra",
    "answers": [
      {
        "answer": "تَرتفعُ مَنزلتُكم عندَ اللهِ إذا التَزمتُم بالتَّقوَى",
        "t": 0
      },
      {
        "answer": "تَستكبِرون على اللهِ بمُخالَفةِ أمْرِه، والتجبُّرِ على عِبادِه استِكبارًا وطُغيانًا شديدًا",
        "t": 1
      },
      {
        "answer": "تَعلو مَنزلتُكم بالعلمِ والعَمَلِ الصَّالِحِ",
        "t": 0
      }
    ]
  },
  {
    "id": 969,
    "q": "أفاد قولُه تعالَى: {وَكَفَى بِرَبِّكَ بِذُنُوبِ عِبَادِهِ خَبِيرَا بَصِيرًا}:",
    "level": 1,
    "link": "https://www.dorar.net/tafseer/17/5\n",
    "section": "al-isra",
    "answers": [
      {
        "answer": "إِثباتَ صِفَة القُدرةِ لله تعالى",
        "t": 0
      },
      {
        "answer": "أنَّ المَغفِرةَ لا تكونُ عَطاءً بلا سَعيٍ",
        "t": 0
      },
      {
        "answer": "أنَّ الذُّنوبَ هي ِ أسبابُ الهَلَكةِ",
        "t": 1
      }
    ]
  },
  {
    "id": 972,
    "q": "معنى (لوليِّه) في قولِه تعالَى: {فَقَدْ جَعَلْنَا لِوَلِيِّهِ سُلْطَانًا}:",
    "level": 1,
    "link": "https://www.dorar.net/tafseer/17/8\n",
    "section": "al-isra",
    "answers": [
      {
        "answer": "مَن تَربِطُهم به صِلةُ قَرابةٍ من عَصَبَتِه",
        "t": 0
      },
      {
        "answer": "مَن يَلي أمْرَه من ورَثتِه إنْ كانوا موجودين",
        "t": 1
      },
      {
        "answer": "مَن يَكبُره سِنًّا من إخوتِه",
        "t": 0
      }
    ]
  },
  {
    "id": 970,
    "q": "الأوَّابُ في قولِه تعالَى: {فَإِنَّهُ كَانَ لِلأَوَّابِينَ غَفُورًا}:",
    "level": 1,
    "link": "https://www.dorar.net/tafseer/17/6\n",
    "section": "al-isra",
    "answers": [
      {
        "answer": "كَثيرُ الأَوْبِ؛ أي: الصَّدقَة",
        "t": 0
      },
      {
        "answer": "الذي مِن عادتِه الرُّجوعُ إلى اللهِ تعالَى",
        "t": 1
      },
      {
        "answer": "الذي كَثُرت ذُنوبُه",
        "t": 0
      }
    ]
  },
  {
    "id": 975,
    "q": "أفاد قولُه تعالَى: {وَجَعَلْنَا عَلَى قُلُوبِهِمْ أَكِنَّةً أَنْ يَفْقَهُوهُ}:",
    "level": 1,
    "link": "https://www.dorar.net/tafseer/17/11\n",
    "section": "al-isra",
    "answers": [
      {
        "answer": "التَّحذيرَ مِن النِّفاقِ وأَهلِه",
        "t": 0
      },
      {
        "answer": "الحثَّ على فِقه القُرآنِ وتَعلُّم معناه",
        "t": 1
      },
      {
        "answer": "تَنبيهَ المُؤمنِينَ إلى تَزكيَة قُلوبِهم",
        "t": 0
      }
    ]
  },
  {
    "id": 978,
    "q": "أومَأ قولُه تعالَى: {وَإِنْ كَادُوا لَيَسْتَفِزُّونَكَ مِنَ الْأَرْضِ لِيُخْرِجُوكَ مِنْهَا وَإِذًا لَا يَلْبَثُونَ خِلَافَكَ إِلَّا قَلِيلًا} إلى:",
    "level": 1,
    "link": "https://www.dorar.net/tafseer/17/18\n",
    "section": "al-isra",
    "answers": [
      {
        "answer": "أنَّ اللهَ تعالَى سيَنصُرُ رسولَه على أهلِ مكَّة، فلا يستطيعون أنْ يُخرِجوه منها",
        "t": 0
      },
      {
        "answer": "أنَّ النبيَّ ﷺ سيُشيِّد دعائمَ أركانِ الإسلام في مكَّةَ",
        "t": 0
      },
      {
        "answer": "أنَّ الرَّسولَ سيَخرُجُ مِن مكَّةَ وأنَّ المُتسَبِّبينَ في خُروجِه لا يَلبَثونَ بَعدَه بمكَّةَ إلَّا قَليلًا",
        "t": 1
      }
    ]
  }
]