[
  {
    "id": 3378,
    "q": "تأويل الرُّؤَى، يَعنِي:",
    "level": 2,
    "link": "https://www.dorar.net/hadith/sharh/5939",
    "section": "hadith02",
    "answers": [
      {
        "answer": "الحِفظَ والرِّوايةَ للرُّؤيا",
        "t": 0
      },
      {
        "answer": "إِسقاطُ الرُّؤيا حَقيقةً في الواقِع",
        "t": 0
      },
      {
        "answer": "تَعبيرَ المَنامِ وتَفسيرَهُ",
        "t": 1
      }
    ]
  },
  {
    "id": 3385,
    "q": "جُملةُ \"ألَا إنَّ القوَّةَ الرَّميُ\"، تعني:",
    "level": 2,
    "link": "https://dorar.net/hadith/sharh/32625",
    "section": "hadith02",
    "answers": [
      {
        "answer": "أنَّ القُوَّةَ الحَقيقِيَّة في الرِّجالِ هي الصَّبرُ وَقتَ الحَربِ",
        "t": 0
      },
      {
        "answer": "أنَّ أَفضلَ طَريقةٍ لرَمْيَ الجَمَراتِ الرميُ بقُوَّةٍ",
        "t": 0
      },
      {
        "answer": "أنَّ الرَّميَ هو مِنَ القوَّةِ الحقيقيَّةِ في الحَربِ",
        "t": 1
      }
    ]
  },
  {
    "id": 3372,
    "q": "على أيِّ شيءٍ يَدُلُّ حَديثُ: \"لَا يُؤْمِنُ أحَدُكُمْ، حتَّى أكُونَ أحَبَّ إلَيْهِ مِن والِدِهِ ووَلَدِهِ والنَّاسِ أجْمَعِينَ\"؟\n ",
    "level": 2,
    "link": "https://www.dorar.net/hadith/sharh/7329",
    "section": "hadith02",
    "answers": [
      {
        "answer": "أنَّه كلَّما زادَ حُبُّ العَبدِ للنبيِّ ﷺ زادَ حُبُّه لِوَالِدِهِ ووَلَدِهِ والنَّاسِ أجْمَعِينَ",
        "t": 0
      },
      {
        "answer": "أنَّ مَحبَّةَ النَّبيِّ ﷺ من أُصولِ الإيمانِ",
        "t": 1
      },
      {
        "answer": "أنَّ مَحبَّةَ النَّبيِّ ﷺ مِن كَمالِ الإيمانِ",
        "t": 0
      }
    ]
  },
  {
    "id": 3384,
    "q": "كان الإيمانُ أفضَلَ الأعمالِ وأعظَمَها عندَ اللهِ أجرًا وثوابًا؛ لأنَّه:",
    "level": 2,
    "link": "https://www.dorar.net/hadith/sharh/3100",
    "section": "hadith02",
    "answers": [
      {
        "answer": "أفضَلُ ما يَتوصَّلُ به الإنسانُ إلى مَحبَّةِ النَّبيِّ ﷺ",
        "t": 0
      },
      {
        "answer": "شرْطٌ في صحَّةِ جميعِ العِباداتِ الشَّرعيَّةِ",
        "t": 1
      },
      {
        "answer": "أَصلُ حُسنِ الخُلُقِ الذي اختَصرَ النبيُّ ﷺ دَعوتَه لإتمامِها",
        "t": 0
      }
    ]
  },
  {
    "id": 3374,
    "q": "مَواقِعُ القَطْرِ، هي:\n ",
    "level": 2,
    "link": "https://www.dorar.net/hadith/sharh/2671",
    "section": "hadith02",
    "answers": [
      {
        "answer": "بُطونُ الأوديةِ والصَّحارى",
        "t": 1
      },
      {
        "answer": "مَواضِع وُجودِ الطَّعامِ",
        "t": 0
      },
      {
        "answer": "أَماكنُ العَيشِ في الخَلواتِ",
        "t": 0
      }
    ]
  },
  {
    "id": 3367,
    "q": "من فوائدِ حَديثِ: \"إخْوَانُكُمْ خَوَلُكُمْ، جَعَلَهُمُ اللَّهُ تَحْتَ أيْدِيكُمْ\":",
    "level": 2,
    "link": "https://www.dorar.net/hadith/sharh/5976",
    "section": "hadith02",
    "answers": [
      {
        "answer": "النَّهيُ عن عُقوقِ الإخوةِ أو الإساءَةِ إليهِم",
        "t": 0
      },
      {
        "answer": "الحثُّ على الإحسانِ إلى الرَّقيقِ والخَدَمِ",
        "t": 1
      },
      {
        "answer": "أنَّ النِّعَمَ تَدومُ بالشُّكرِ وتَذهبُ بالبَطَرِ",
        "t": 0
      }
    ]
  },
  {
    "id": 3382,
    "q": "يقولُ النبيُّ ﷺ: \"أُرِيتُ النَّارَ فَإِذَا أكْثَرُ أهْلِهَا:",
    "level": 2,
    "link": "https://www.dorar.net/hadith/sharh/3118",
    "section": "hadith02",
    "answers": [
      {
        "answer": "النِّسَاءُ",
        "t": 1
      },
      {
        "answer": "أهلُ الكتابِ",
        "t": 0
      },
      {
        "answer": "يأجُوجُ ومأجُوجُ",
        "t": 0
      }
    ]
  },
  {
    "id": 3370,
    "q": "سَأَلَ رَجُلٌ النَّبيَّ ﷺ: أيُّ الإسْلَامِ خَيْرٌ؟ فقالَ ﷺ:",
    "level": 2,
    "link": "https://www.dorar.net/hadith/sharh/5982",
    "section": "hadith02",
    "answers": [
      {
        "answer": "تَشهَدُ لا إله إلا الله وأنِّي رَسولُ الله",
        "t": 0
      },
      {
        "answer": "أن تَتقِي اللهَ حيثُما كنتَ وتَتبِعَ السَّيئةَ الحَسنةَ تَمحُها",
        "t": 0
      },
      {
        "answer": "تُطْعِمُ الطَّعَامَ وتَقْرَأُ السَّلَامَ علَى مَن عَرَفْتَ ومَن لَمْ تَعْرِفْ",
        "t": 1
      }
    ]
  },
  {
    "id": 3383,
    "q": "يقولُ النبيُّ ﷺ: إخْوَانُكُمْ خَوَلُكُمْ، جَعَلَهُمُ اللَّهُ:",
    "level": 2,
    "link": "https://dorar.net/hadith/sharh/5976",
    "section": "hadith02",
    "answers": [
      {
        "answer": "تَحْتَ أيْدِيكُمْ",
        "t": 1
      },
      {
        "answer": "مِن مَتاعِكم",
        "t": 0
      },
      {
        "answer": "عَونًا لكُم",
        "t": 0
      }
    ]
  },
  {
    "id": 3369,
    "q": "المُسلِمُ في قَولِ النبيِّ ﷺ: \"المُسْلِمُ مَن سَلِمَ المُسْلِمُونَ مِن لِسَانِهِ ويَدِهِ\" يُقصَدُ به:",
    "level": 2,
    "link": "https://www.dorar.net/hadith/sharh/7255",
    "section": "hadith02",
    "answers": [
      {
        "answer": "الكامِلُ الجامعُ لخِصالِ الإسلامِ",
        "t": 1
      },
      {
        "answer": "مَن شَهِدَ للهِ بالتَّوحيدِ",
        "t": 0
      },
      {
        "answer": "مَنْ أَسلَم وَجهَه لله مُخلِصًا له الدِّين",
        "t": 0
      }
    ]
  },
  {
    "id": 3371,
    "q": "أنواعُ الحَياءِ:",
    "level": 2,
    "link": "https://www.dorar.net/hadith/sharh/4331",
    "section": "hadith02",
    "answers": [
      {
        "answer": "نَوعٌ واحِدٌ، وهو فِطرةٌ فَطَر اللهُ النَّاسَ عَليها",
        "t": 0
      },
      {
        "answer": "ثلاثة: قَوليٌّ، وعَمَليٌّ، وقَلبيٌّ",
        "t": 0
      },
      {
        "answer": "نَوعانِ: ما كان خُلُقًا وجِبلَّةً غيرَ مُكتسَبٍ. وما كان مُكتسَبًا",
        "t": 1
      }
    ]
  },
  {
    "id": 3379,
    "q": "إطعامُ الطَّعامِ هو:\n ",
    "level": 2,
    "link": "https://www.dorar.net/hadith/sharh/5982",
    "section": "hadith02",
    "answers": [
      {
        "answer": "شُكرُ الله عزَّ وجلَّ بعدَ الأكلِ والشُّربِ",
        "t": 0
      },
      {
        "answer": "الإكثارُ مِن إطعامِ الناسِ الطَّعامَ، ويَدخُلُ فيه الصَّدقةُ والهَديَّةُ والضِّيافةُ والوليمةُ",
        "t": 1
      },
      {
        "answer": "أن تُحافِظَ على النِّعمَة بعَدمِ الإسرافِ فيها أو إِهدارِها",
        "t": 0
      }
    ]
  },
  {
    "id": 3377,
    "q": "يقولُ النبيُّ ﷺ: بيْنَا أنَا نَائِمٌ، رَأَيْتُ النَّاسَ يُعْرَضُونَ عَلَيَّ وعليهم:",
    "level": 2,
    "link": "https://www.dorar.net/hadith/sharh/5939",
    "section": "hadith02",
    "answers": [
      {
        "answer": "أَثَرُ السَّفَرِ",
        "t": 0
      },
      {
        "answer": "تاجُ الوقارِ",
        "t": 0
      },
      {
        "answer": "قُمُصٌ",
        "t": 1
      }
    ]
  },
  {
    "id": 3381,
    "q": "قال رَسولُ الله ﷺ لسَعدٍ رضي الله عنه: يا سَعْدُ، إنِّي لَأُعْطِي الرَّجُلَ، وغَيْرُهُ أحَبُّ إلَيَّ منه:",
    "level": 2,
    "link": "https://www.dorar.net/hadith/sharh/3111",
    "section": "hadith02",
    "answers": [
      {
        "answer": "إنَّما أنا قاسِمٌ واللهُ هو المُعطي",
        "t": 0
      },
      {
        "answer": "خَشْيَةَ أنْ يَكُبَّهُ اللَّهُ في النَّارِ",
        "t": 1
      },
      {
        "answer": "بأَمرٍ مِن الله، ولا حَظَّ لي فيهِ",
        "t": 0
      }
    ]
  },
  {
    "id": 3366,
    "q": "في الحديث: الإِيمَانُ بضْعٌ وسِتُّونَ شُعْبَةً، والحَيَاءُ:\n ",
    "level": 2,
    "link": "https://www.dorar.net/hadith/sharh/8228",
    "section": "hadith02",
    "answers": [
      {
        "answer": "هو الإيمانُ",
        "t": 0
      },
      {
        "answer": "أَعلَى شُعَبِ الإيمانِ",
        "t": 0
      },
      {
        "answer": "شُعْبَةٌ مِنَ الإيمَانِ",
        "t": 1
      }
    ]
  },
  {
    "id": 3380,
    "q": "الحجُّ المَبرورُ، هو:",
    "level": 2,
    "link": "https://www.dorar.net/hadith/sharh/3107",
    "section": "hadith02",
    "answers": [
      {
        "answer": "الَّذي يَجمَعُ بينَ العُمرةِ والحَجِّ في نُسُكٍ واحِدٍ",
        "t": 0
      },
      {
        "answer": "الَّذي يُؤدِّيه الإنسانُ وهو بارٌّ بوالِدَيهِ",
        "t": 0
      },
      {
        "answer": "الذي أُدِّيتْ أركانُه وكان خالِصًا لوجهِ اللهِ تعالَى، وخالِصًا مِن الرِّياءِ والسُّمعةِ والمالِ الحرامِ",
        "t": 1
      }
    ]
  },
  {
    "id": 3373,
    "q": "الفِتَنُ المَقصودةُ في قَولِه ﷺ: \"يَفِرُّ بدِينِهِ مِنَ الفِتَنِ\" هي:",
    "level": 2,
    "link": "https://www.dorar.net/hadith/sharh/2671",
    "section": "hadith02",
    "answers": [
      {
        "answer": "الفِتَنُ الَّتي يَختلِطُ فيها الحقُّ بالباطلِ",
        "t": 1
      },
      {
        "answer": "فِتنَةُ النِّساءِ وفِتنةُ المالِ",
        "t": 0
      },
      {
        "answer": "خُروجُ الكَذَّابين والدَّجَّالين آخِرَ الزَّمانِ",
        "t": 0
      }
    ]
  },
  {
    "id": 3376,
    "q": "لماذا قال المُسلِمون لِلنَّبيِّ ﷺ: \"إنَّا لَسْنَا كَهَيْئَتِكَ يا رَسولَ اللَّهِ، إنَّ اللَّهَ قدْ غَفَرَ لكَ ما تَقَدَّمَ مِن ذَنْبِكَ وما تَأَخَّرَ\"؟",
    "level": 2,
    "link": "https://www.dorar.net/hadith/sharh/5951",
    "section": "hadith02",
    "answers": [
      {
        "answer": "لأنَّهُم كانوا لشِدَّةِ حِرصِهم على الطَّاعاتِ يُريدونَ الاجتهادَ في العملِ، فطلَبوا الإذنَ في الزِّيادةِ",
        "t": 1
      },
      {
        "answer": "تَواضُعًا مِنهم للنبيِّ ﷺ تَعظيمًا لمَكانَتِه عِندهُم",
        "t": 0
      },
      {
        "answer": "اعتِرافًا منهم بأنَّ اللهَ سُبحانَه قد كرَّم نَبِيَّه فغَفَر له ذُنوبَه",
        "t": 0
      }
    ]
  },
  {
    "id": 3375,
    "q": "كانَ رَسولُ اللَّهِ ﷺ إذَا أمَرَ الصَّحابةَ أَمرًا، أمَرَهُمْ مِنَ الأعْمَالِ:",
    "level": 2,
    "link": "https://www.dorar.net/hadith/sharh/5951",
    "section": "hadith02",
    "answers": [
      {
        "answer": "دِينًا وَسَطًا",
        "t": 0
      },
      {
        "answer": "أَحسَنَها",
        "t": 0
      },
      {
        "answer": "بما يُطِيقُونَ",
        "t": 1
      }
    ]
  },
  {
    "id": 3368,
    "q": "سَبَبُ تَقديمِ اللِّسانِ في حَديثِ: \"المُسْلِمُ مَن سَلِمَ المُسْلِمُونَ مِن لِسَانِهِ ويَدِهِ\" هو:",
    "level": 2,
    "link": "https://www.dorar.net/hadith/sharh/7255",
    "section": "hadith02",
    "answers": [
      {
        "answer": "لأنه أشرف ما في الوجه فبه تنطق الشهادتان وذكر الله وغير ذلك",
        "t": 0
      },
      {
        "answer": "لأنَّ الإيذاءَ به أكثرُ وأسهلُ، وأشدُّ نِكايةً، ويعُمُّ الأحياءَ والأمواتَ جميعًا",
        "t": 1
      },
      {
        "answer": "لأنَّ اللِّسانَ هو قائِدُ الجَوارحِ؛ وله تَقولُ: إنَّما نحن بِك، فإنْ استَقمتَ استَقَمنا، وإنْ اعوَجَجتَ اعوَجَجنا",
        "t": 0
      }
    ]
  }
]