[
  {
    "id": 3363,
    "q": "في الحديث: \"إذا الْتَقَى المُسْلِمانِ بسَيْفَيْهِما:",
    "level": 1,
    "link": "https://www.dorar.net/hadith/sharh/3119",
    "section": "hadith02",
    "answers": [
      {
        "answer": "فعلَى ابنِ آدمَ الأوَّل كِفلٌ مِن دَمِّهما",
        "t": 0
      },
      {
        "answer": "فالْقاتِلُ والْمَقْتُولُ في النَّارِ",
        "t": 1
      },
      {
        "answer": "فلا تتْركوهُما للشَّيطانِ",
        "t": 0
      }
    ]
  },
  {
    "id": 3361,
    "q": "معنى (خَوَلُكم) في حديث: \"إخْوَانُكُمْ خَوَلُكُمْ، جَعَلَهُمُ اللَّهُ تَحْتَ أيْدِيكُمْ\":",
    "level": 1,
    "link": "https://www.dorar.net/hadith/sharh/5976",
    "section": "hadith02",
    "answers": [
      {
        "answer": "النِّساءُ التي تحتَ أَيديكُم مِن زَوجاتٍ وأَخواتٍ وغَيرهنَّ",
        "t": 0
      },
      {
        "answer": "خَدَمُكم وعَبيدُكم الَّذين يَلُونَ أُمورَكم ويُصلِحونها",
        "t": 1
      },
      {
        "answer": "أهلُ بَيتِكُم",
        "t": 0
      }
    ]
  },
  {
    "id": 3351,
    "q": "الرُّكنُ الثَّاني الَّذي بُنِي عَليهِ الإسلامُ هو:",
    "level": 1,
    "link": "https://www.dorar.net/hadith/sharh/8209",
    "section": "hadith02",
    "answers": [
      {
        "answer": "شَهادَةُ أنَّ محمدا رَسولُ الله",
        "t": 0
      },
      {
        "answer": "حَجُّ البَيتِ لمَن استَطاعَ إليه سَبيلًا",
        "t": 0
      },
      {
        "answer": "إقامةُ الصَّلاةِ",
        "t": 1
      }
    ]
  },
  {
    "id": 3355,
    "q": "نَفْيُ النَّبيِّ ﷺ: \"لَا يُؤْمِنُ أحَدُكُمْ حتَّى يُحِبَّ لأخِيهِ ما يُحِبُّ لِنَفْسِه\":",
    "level": 1,
    "link": "https://www.dorar.net/hadith/sharh/7317",
    "section": "hadith02",
    "answers": [
      {
        "answer": "نفْيُ كَمالِ الإيمانِ",
        "t": 1
      },
      {
        "answer": "نَفْيُ أصلِ الإيمانِ",
        "t": 0
      },
      {
        "answer": "نَفْيُ زِيادةِ الإيمانِ",
        "t": 0
      }
    ]
  },
  {
    "id": 3353,
    "q": "المُسْلِمُ مَن سَلِمَ المُسْلِمُونَ مِن لِسَانِهِ ويَدِهِ، والمُهَاجِرُ:\n ",
    "level": 1,
    "link": "https://www.dorar.net/hadith/sharh/7255",
    "section": "hadith02",
    "answers": [
      {
        "answer": "مَن هَجَرَ ما نَهَى اللَّهُ عنْه",
        "t": 1
      },
      {
        "answer": "مَن هَجَرَ أَرضَه ليَعبُدَ اللهَ",
        "t": 0
      },
      {
        "answer": "الَّذي يَهجُرُ أخاهُ",
        "t": 0
      }
    ]
  },
  {
    "id": 3354,
    "q": "إلقاءُ السَّلامِ عَلى كلِّ مُسلِمٍ من أفضَلِ أعمالِ الإسلامِ؛ لأنَّه:",
    "level": 1,
    "link": "https://www.dorar.net/hadith/sharh/5982",
    "section": "hadith02",
    "answers": [
      {
        "answer": "اسمٌ من أسماءِ اللهِ",
        "t": 0
      },
      {
        "answer": "تحيَّةُ الإسلامِ لعمومِ المسلِمينَ",
        "t": 1
      },
      {
        "answer": "أحَبُّ الأعمالِ إلى اللهِ",
        "t": 0
      }
    ]
  },
  {
    "id": 3360,
    "q": "الصَّلاةُ المكتوبةُ هي:",
    "level": 1,
    "link": "https://www.dorar.net/hadith/sharh/3100",
    "section": "hadith02",
    "answers": [
      {
        "answer": "الفَجرُ، والظُّهرُ، والعَصرُ، والمَغربُ، والعِشاءُ",
        "t": 1
      },
      {
        "answer": "النَّوافِلُ",
        "t": 0
      },
      {
        "answer": "الضُّحى",
        "t": 0
      }
    ]
  },
  {
    "id": 3350,
    "q": "بُنِيَ الإسْلَامُ علَى:",
    "level": 1,
    "link": "https://www.dorar.net/hadith/sharh/8209",
    "section": "hadith02",
    "answers": [
      {
        "answer": "خَمْسٍ",
        "t": 1
      },
      {
        "answer": "الجِهادِ في سَبيلِ الله",
        "t": 0
      },
      {
        "answer": "حُسنِ الخُلُقِ",
        "t": 0
      }
    ]
  },
  {
    "id": 3358,
    "q": "في الحديث: \"يقولُ اللَّهُ تَعَالَى: أخْرِجُوا مِنَ النَّارِ مَن كانَ في قَلْبِهِ مِثْقَالُ حَبَّةٍ مِن خَرْدَلٍ مِن إيمَانٍ...\". فما هو الخَرْدَلُ؟",
    "level": 1,
    "link": "https://dorar.net/hadith/sharh/5809",
    "section": "hadith02",
    "answers": [
      {
        "answer": "نَباتٌ مَعروفٌ يضرب به المثل في الشَّيءَ القَليلَ البليغَ في القِلَّةِ",
        "t": 1
      },
      {
        "answer": "شَجرٌ ذوُ ساقٍ طَويلةٍ وأَوراقُه عَريضَةٌ مُتفَرِّعَة",
        "t": 0
      },
      {
        "answer": "مَعدِنٌ يُكالُ به المِثقالُ",
        "t": 0
      }
    ]
  },
  {
    "id": 3346,
    "q": "قالَ رَسولُ اللَّهِ ﷺ عن الوَحيِ: (أحْيانًا يَأْتِينِي مِثْلَ صَلْصَلَةِ الجَرَسِ)؛ فما هي الصَّلْصَلةُ؟",
    "level": 1,
    "link": "https://www.dorar.net/hadith/sharh/23142",
    "section": "hadith02",
    "answers": [
      {
        "answer": "هو الصَّوتُ الَّذي يخرُجُ مِنَ الحديدِ عندَ تَدارُكِ الضَّربِ عَليهِ",
        "t": 1
      },
      {
        "answer": "السَّلاسِلُ عندما تَهتَزُّ فتصدرُ صَوتًا",
        "t": 0
      },
      {
        "answer": "صون الطِّينِ عندما يكون صَلْصالًا",
        "t": 0
      }
    ]
  },
  {
    "id": 3364,
    "q": "جُملةُ: \"مَن أعتَقَ رقبةً مُسلِمةً\" مَعناها:",
    "level": 1,
    "link": "https://dorar.net/hadith/sharh/92362",
    "section": "hadith02",
    "answers": [
      {
        "answer": "مَن أنجَي مُسلِمًا منَ القَتلِ",
        "t": 0
      },
      {
        "answer": "مَن أعتَقَ عبدًا أو أَمَةً",
        "t": 1
      },
      {
        "answer": "مَن أَعتَقَ أَمَتَهُ المُسلِمَة ثم تَزوَّجَها",
        "t": 0
      }
    ]
  },
  {
    "id": 3362,
    "q": "خُصَّ خُلُقُ الحياءِ بالذِّكْرِ في قَولِه ﷺ: \"والحَيَاءُ شُعْبَةٌ مِنَ الإيمَانِ\":",
    "level": 1,
    "link": "https://www.dorar.net/hadith/sharh/8228",
    "section": "hadith02",
    "answers": [
      {
        "answer": "لأنَّه مِن الوَحيِ العام",
        "t": 0
      },
      {
        "answer": "لأنَّهُ خُلُقُ العُبَّادِ والنُّسَّاكِ",
        "t": 0
      },
      {
        "answer": "لِكَوْنِه أمْرًا خُلُقيًّا ربَّما يُذهَلُ العَقلُ عن كَوْنِه مِن الإيمانِ",
        "t": 1
      }
    ]
  },
  {
    "id": 3348,
    "q": "كانَ رَسولُ اللَّهِ ﷺ يُعالِجُ مِنَ التَّنْزِيلِ:",
    "level": 1,
    "link": "https://www.dorar.net/hadith/sharh/5041",
    "section": "hadith02",
    "answers": [
      {
        "answer": "شِدَّةً",
        "t": 1
      },
      {
        "answer": "وَحْيًا",
        "t": 0
      },
      {
        "answer": "ثِقلًا",
        "t": 0
      }
    ]
  },
  {
    "id": 3365,
    "q": "يقول النبي ﷺ: قارِبُوا وسَدِّدُوا، واعْلَمُوا :",
    "level": 1,
    "link": "https://dorar.net/hadith/sharh/151191",
    "section": "hadith02",
    "answers": [
      {
        "answer": "أنَّه لَنْ يَنْجُوَ أحَدٌ مِنكُم بعَمَلِهِ",
        "t": 1
      },
      {
        "answer": "أنَّ الجنَّة طَيِّبَة التُّربَة وغِراسُها: سبحان الله والحمدُ لله",
        "t": 0
      },
      {
        "answer": "أنِّي لا أُغنِي عنكُم مِن الله شَيئًا",
        "t": 0
      }
    ]
  },
  {
    "id": 3349,
    "q": "في قوله تعالى: {جَمْعَهُ وَقُرْآنَهُ}، جَمْعُه يَعنِي:",
    "level": 1,
    "link": "https://www.dorar.net/hadith/sharh/5041",
    "section": "hadith02",
    "answers": [
      {
        "answer": "تَجميعَ الوَحيِ فلا يَتشابَه عليكَ",
        "t": 0
      },
      {
        "answer": "ضَمَّ السُّوَرِ إلى بَعضِها",
        "t": 0
      },
      {
        "answer": "جَمْعَه في صَدرِك فلا تَنْسَى منه شَيئًا",
        "t": 1
      }
    ]
  },
  {
    "id": 3357,
    "q": "خُصَّتِ الغَنَمُ بأنَّها خيرُ مالِ المُسْلِمِ عِندَما يَفِرُّ بدينِه ويَهيمُ في الجِبالِ؛ لأنَّها:",
    "level": 1,
    "link": "https://www.dorar.net/hadith/sharh/2671",
    "section": "hadith02",
    "answers": [
      {
        "answer": "فيها مِن السَّكينةِ والبَرَكةِ",
        "t": 1
      },
      {
        "answer": "لها منَ القُدرةِ والصَّبرِ على تَحمُّلِ الجوعِ والعَطَشِ",
        "t": 0
      },
      {
        "answer": "لا تَشرُد ولا تَجمحُ على أَهلِها",
        "t": 0
      }
    ]
  },
  {
    "id": 3347,
    "q": "كان الوَحيُ ثَقيلًا على النَّبيِّ ﷺ:\n ",
    "level": 1,
    "link": "https://www.dorar.net/hadith/sharh/23142",
    "section": "hadith02",
    "answers": [
      {
        "answer": "لضَعْفِ القُوَّةِ البشريَّةِ عن تحمُّلِ ذلك الوارِدِ العظيمِ مِن الجَنابِ الجَلِيلِ",
        "t": 1
      },
      {
        "answer": "لضَخامةِ المَلَكِ الذي يَنزِلُ بالوَحيِ",
        "t": 0
      },
      {
        "answer": "لكَثرةِ ما يُوحِي إليه",
        "t": 0
      }
    ]
  },
  {
    "id": 3352,
    "q": "شُعْبَةٌ مِنَ الإيمَانِ تَعنِي:\n ",
    "level": 1,
    "link": "https://www.dorar.net/hadith/sharh/8228",
    "section": "hadith02",
    "answers": [
      {
        "answer": "خَصلةٌ مِن خِصالِ الإيمانِ",
        "t": 1
      },
      {
        "answer": "دَليلٌ على كَمالِ الإيمانِ",
        "t": 0
      },
      {
        "answer": "رُكنٌ مِن أَركانِ الإيمانِ",
        "t": 0
      }
    ]
  },
  {
    "id": 3359,
    "q": "يقول النبي ﷺ: أُمِرْتُ أنْ أُقَاتِلَ النَّاسَ حتَّى:",
    "level": 1,
    "link": "https://www.dorar.net/hadith/sharh/3100",
    "section": "hadith02",
    "answers": [
      {
        "answer": "تَخرُجَ الظّعينةُ مِن صَنعاءَ إلى حَضرموت لا تَخشَى إلَّا الله",
        "t": 0
      },
      {
        "answer": "يَرجِعُوا مِن الشِّركِ إلى الحَنِيفِيَّةِ الأُولَى",
        "t": 0
      },
      {
        "answer": "يَشْهَدُوا أنْ لا إلَهَ إلَّا اللَّهُ، وأنَّ مُحَمَّدًا رَسولُ اللَّهِ",
        "t": 1
      }
    ]
  },
  {
    "id": 3356,
    "q": "\"يُوشِكُ أنْ يَكونَ خَيْرَ مَالِ المُسْلِمِ غَنَمٌ يَتْبَعُ بهَا شَعَفَ الجِبَالِ ومَوَاقِعَ القَطْرِ\" فما معنى شَعَف الجبالِ؟",
    "level": 1,
    "link": "https://www.dorar.net/hadith/sharh/2671",
    "section": "hadith02",
    "answers": [
      {
        "answer": "سُهولُها",
        "t": 0
      },
      {
        "answer": "رُؤوسُها وأعاليها",
        "t": 1
      },
      {
        "answer": "وِدْيانُها وقِيعانُها",
        "t": 0
      }
    ]
  }
]