[
  {
    "id": 3395,
    "q": "يَتحقَّقُ الإيمانُ الكامِلُ للمُؤمِنِ حين يُحِبُّ:",
    "level": 3,
    "link": "https://www.dorar.net/hadith/sharh/7317",
    "section": "hadith02",
    "answers": [
      {
        "answer": "تَقوَى الله وحُسنَ الخُلُقِ",
        "t": 0
      },
      {
        "answer": "لأخيهِ ما يُحِبُّ لنفْسِه",
        "t": 1
      },
      {
        "answer": "المَوتَ",
        "t": 0
      }
    ]
  },
  {
    "id": 3390,
    "q": "الحَياءُ الَّذي يَكونُ شُعبةً من شُعَبِ الإيمانِ، هو:",
    "level": 3,
    "link": "https://www.dorar.net/hadith/sharh/8228",
    "section": "hadith02",
    "answers": [
      {
        "answer": "الحياءُ مِن اللهِ تعالى",
        "t": 1
      },
      {
        "answer": "الحَياءُ النَّفْعيُّ",
        "t": 0
      },
      {
        "answer": "حَياءُ الخَوفِ",
        "t": 0
      }
    ]
  },
  {
    "id": 3404,
    "q": "سُئِلَ رَسولُ اللَّهِ ﷺ: أيُّ العَمَلِ أفْضَلُ؟ فَقالَ: إيمَانٌ باللَّهِ ورَسولِهِ. قيلَ: ثُمَّ مَاذَا؟ قالَ: الجِهَادُ في سَبيلِ اللَّهِ قيلَ: ثُمَّ مَاذَا؟ فقال ﷺ:",
    "level": 3,
    "link": "https://www.dorar.net/hadith/sharh/3100",
    "section": "hadith02",
    "answers": [
      {
        "answer": "تُؤدِّي زَكاةَ مالِك طَيِّبَةً بها نَفسُك",
        "t": 0
      },
      {
        "answer": "خَمسُ صَلواتٍ في اليومِ واللَّيلَة",
        "t": 0
      },
      {
        "answer": "حَجٌّ مَبْرُورٌ",
        "t": 1
      }
    ]
  },
  {
    "id": 3392,
    "q": "المُهَاجِرُ الحَقُّ هو:",
    "level": 3,
    "link": "https://www.dorar.net/hadith/sharh/7255",
    "section": "hadith02",
    "answers": [
      {
        "answer": "مَن هجَرَ أَرضَه لله خالِصًا مِن قَلبِه",
        "t": 0
      },
      {
        "answer": "مَن يَترُكُ الحَلالَ خَشيةَ الوُقوعِ في الحَرامِ",
        "t": 0
      },
      {
        "answer": "مَن هَجَرَ ما حرَّم اللهُ تعالَى عَليه",
        "t": 1
      }
    ]
  },
  {
    "id": 3396,
    "q": "من علاماتِ مَحبَّةِ المُسلِمِ لِلنَّبيِّ ﷺ:",
    "level": 3,
    "link": "https://www.dorar.net/hadith/sharh/7329",
    "section": "hadith02",
    "answers": [
      {
        "answer": "امتثالَ أوامرِه ﷺ وتَقديمُ طاعتِه على أيِّ داعٍ آخَر",
        "t": 1
      },
      {
        "answer": "رَفعُ الصَّوتِ أَثناءَ الأَذانِ عند: أَشهدُ أنَّ محمدا رَسولُ الله",
        "t": 0
      },
      {
        "answer": "الطَّوافُ بقَبرِه ﷺ والتَّمسُّح بجُدارنِه",
        "t": 0
      }
    ]
  },
  {
    "id": 3387,
    "q": "\"مَنْ لا يَرْحَمْ\" يَعنِي:",
    "level": 3,
    "link": "https://dorar.net/hadith/sharh/148852",
    "section": "hadith02",
    "answers": [
      {
        "answer": "يَستجْلِبِ الرَّحماتِ منَ النَّاسِ",
        "t": 0
      },
      {
        "answer": "لا يَطلُبِ الرَّحمةَ منَ الله",
        "t": 0
      },
      {
        "answer": "لا يَتعطَّفْ على غيرِه، ولا يَرأَفْ بهم، إنْسانًا كان أو حَيَوانًا",
        "t": 1
      }
    ]
  },
  {
    "id": 3402,
    "q": "في قَولِه ﷺ: \"فَإِذَا فَعَلُوا ذلكَ عَصَمُوا مِنِّي دِمَاءَهُمْ وأَمْوَالَهُمْ إلَّا بحَقِّ الإسْلَامِ، وحِسَابُهُمْ علَى اللَّهِ\" ماذا أفادَتْ عِبارةُ: \"إلَّا بحقِّ الإسلامِ\"؟",
    "level": 3,
    "link": "https://www.dorar.net/hadith/sharh/3100",
    "section": "hadith02",
    "answers": [
      {
        "answer": "أن الإسلامَ يَعصِمُ دِماءَهم وأموالَهم، إلَّا إذا ارتكَبوا جَريمةً يَستحِقُّون عليها القتلَ",
        "t": 1
      },
      {
        "answer": "أنَّ للإسلامِ حُقوقًا كما أنَّ للمُسلمِينَ حُقوقًا",
        "t": 0
      },
      {
        "answer": "أنَّ مَن فَعلَ ما نهَى النبيُّ ﷺ عنه فقد بَرِأَ مِن حَقِّ الإسلامِ",
        "t": 0
      }
    ]
  },
  {
    "id": 3403,
    "q": "في الحديثِ:  مَن مَاتَ يُشْرِكُ باللَّهِ شيئًا",
    "level": 3,
    "link": "https://www.dorar.net/hadith/sharh/13685",
    "section": "hadith02",
    "answers": [
      {
        "answer": "لا عُذرَ له عندَ الله",
        "t": 0
      },
      {
        "answer": "فقد حَبِطَ عَملُه",
        "t": 0
      },
      {
        "answer": "دَخَلَ النَّارَ",
        "t": 1
      }
    ]
  },
  {
    "id": 3398,
    "q": "تَنشَأُ مَحبَّةُ اللهِ سُبحانَه وتَعالَى في قَلبِ المُسلِمِ من:",
    "level": 3,
    "link": "https://www.dorar.net/hadith/sharh/7340",
    "section": "hadith02",
    "answers": [
      {
        "answer": "أن يُحِبَّ العَبدُ ما رَزَقه اللهُ به",
        "t": 0
      },
      {
        "answer": "إِقامَةِ الصَّلاةِ وإيتاءِ الزَّكاةِ وصَومِ رَمضانَ وحَجِّ البَيتِ",
        "t": 0
      },
      {
        "answer": "مَعرفةِ أسمائِه وصِفاتِه، والتَّفكُّرِ في مَصنوعاتِه",
        "t": 1
      }
    ]
  },
  {
    "id": 3386,
    "q": "يقولُ النبيُّ ﷺ: \"مَن لا يَرْحَمْ لا يُرْحَمْ ، ومَن لا يَغْفِرْ لا يُغْفَرْ له، ومَن لا يَتُبْ:\n ",
    "level": 3,
    "link": "https://dorar.net/hadith/sharh/148852",
    "section": "hadith02",
    "answers": [
      {
        "answer": "لا يُتَبْ عَليهِ",
        "t": 1
      },
      {
        "answer": "فإثمُه على نَفسِه",
        "t": 0
      },
      {
        "answer": "يَدخُل النارَ",
        "t": 0
      }
    ]
  },
  {
    "id": 3388,
    "q": "إيتاءُ الزَّكاةِ، يَعنِي:",
    "level": 3,
    "link": "https://www.dorar.net/hadith/sharh/8209",
    "section": "hadith02",
    "answers": [
      {
        "answer": "تَطهيرَ القَلبِ مِن التَّعلُّقِ بالدُّنيا",
        "t": 0
      },
      {
        "answer": "تَزكِيةَ النَّفِس بالزُّهدِ في المالِ",
        "t": 0
      },
      {
        "answer": "إخراجَ الزَّكاةِ المفروضةِ",
        "t": 1
      }
    ]
  },
  {
    "id": 3397,
    "q": "مِن الأُمورِ التي يَجِدُ بها المُؤمِنُ حَلاوةَ الإيمان:",
    "level": 3,
    "link": "https://www.dorar.net/hadith/sharh/7340",
    "section": "hadith02",
    "answers": [
      {
        "answer": "قَولُ \"لا إله إلا الله\" مُوقِنًا بِها",
        "t": 0
      },
      {
        "answer": "تَقوَى الله عزَّ وجلَّ في السِّرِّ والعَلانيةِ",
        "t": 0
      },
      {
        "answer": "أنْ يَكونَ اللَّهُ ورَسولُهُ أحَبَّ إلَيْهِ ممَّا سِوَاهُمَا",
        "t": 1
      }
    ]
  },
  {
    "id": 3405,
    "q": "مَعنى الإيمانِ بالنبيِّ ﷺ هو:",
    "level": 3,
    "link": "https://www.dorar.net/hadith/sharh/3100",
    "section": "hadith02",
    "answers": [
      {
        "answer": "اتباعُه وتَعظيمُه وتوقيرُه وأنَّه خاتمُ الأنبياءِ",
        "t": 1
      },
      {
        "answer": "كَثرةُ الصَّلاةِ عليه ﷺ عند ذِكرِ اسمِه",
        "t": 0
      },
      {
        "answer": "الإقرارُ بالشَّهادتَينِ وإِقامةُ الصَّلاةِ وإيتاءِ الزَّكاةِ وصَومِ رَمضان وحَجُّ البَيتِ",
        "t": 0
      }
    ]
  },
  {
    "id": 3401,
    "q": "في قَولِ عائشةَ رضي الله عنها: \"كانَ رَسولُ اللَّهِ ﷺ إذَا أمَرَهُمْ أمَرَهُمْ مِنَ الأعْمَالِ بما يُطِيقُونَ\" دَلالةٌ على:",
    "level": 3,
    "link": "https://www.dorar.net/hadith/sharh/5951",
    "section": "hadith02",
    "answers": [
      {
        "answer": "حِرصِ النبيِّ ﷺ على تعليمِ أُمَّتِه الإخلاصَ في العَملِ",
        "t": 0
      },
      {
        "answer": "أنَّ مِن السُّنَّةِ الاقتصادَ في النَّوافلِ، ومُلازَمةَ ما يُمكِنُ الدَّوامُ عَليهِ",
        "t": 1
      },
      {
        "answer": "أنَّ الاجتِهادَ في الطَّاعاتِ مَكروهٌ لِما فيه مِن التَّكلُّف",
        "t": 0
      }
    ]
  },
  {
    "id": 3391,
    "q": "مَعنَى الحَياءِ عُمومًا، هو:",
    "level": 3,
    "link": "https://www.dorar.net/hadith/sharh/8228",
    "section": "hadith02",
    "answers": [
      {
        "answer": "خُلُقٌ يبعَثُ صاحبَه على اجتنابِ القَبيحِ",
        "t": 1
      },
      {
        "answer": "التَّحرُّجُ منَ الأعمالِ الظَّاهِرَة",
        "t": 0
      },
      {
        "answer": "الخَوفُ منَ الوُقوعِ في الشَّرِّ",
        "t": 0
      }
    ]
  },
  {
    "id": 3393,
    "q": "نَستفيدُ من حَديثِ: \"المُسْلِمُ مَن سَلِمَ المُسْلِمُونَ مِن لِسَانِهِ ويَدِهِ...\" أن:",
    "level": 3,
    "link": "https://www.dorar.net/hadith/sharh/7255",
    "section": "hadith02",
    "answers": [
      {
        "answer": "المُؤمِنَ مُطالَبٌ بالأعمالِ الظَّاهِرةِ أما الباطِنَة فحِسابُها على الله",
        "t": 0
      },
      {
        "answer": "الظَّواهرَ لا يَعبَأُ اللهُ تعالَى بها إذا لم تُؤيِّدْها الأعمالُ الدَّالَّةُ على صِدقِها",
        "t": 1
      },
      {
        "answer": "الإسلامُ شُعَبٌ ودَرجاتٌ مِثل الإيمانِ",
        "t": 0
      }
    ]
  },
  {
    "id": 3394,
    "q": "الجَمعُ بينَ إطعامِ الطَّعامِ وإفشاءِ السَّلامِ من أفضَل ِأعمالِ الإسلامِ بعْدَ الإيمانِ وأداءِ الأركانِ؛ لأنَّ:",
    "level": 3,
    "link": "https://www.dorar.net/hadith/sharh/5982",
    "section": "hadith02",
    "answers": [
      {
        "answer": "بهما يَجتمِعُ الإحسانُ بالقولِ والفعلِ",
        "t": 1
      },
      {
        "answer": "إفشاءَ السَّلامِ مع كَثرةِ الطَّعامِ من عُمومِ الوَحيِ الذي لم يُنسَخ",
        "t": 0
      },
      {
        "answer": "جَميعَ مَراتِبِ الدِّينِ اجتَمعَت فيهِما",
        "t": 0
      }
    ]
  },
  {
    "id": 3389,
    "q": "يعد ركن الحج من أركانُ الإسلامِ:",
    "level": 3,
    "link": "https://www.dorar.net/hadith/sharh/8209",
    "section": "hadith02",
    "answers": [
      {
        "answer": "البدَنيَّة الماليَّة",
        "t": 1
      },
      {
        "answer": "اللِسانِيَّةٌ العَمَليَّةٌ",
        "t": 0
      },
      {
        "answer": "القَلبيَّة الماليَّة",
        "t": 0
      }
    ]
  },
  {
    "id": 3400,
    "q": "لماذا كان حُبُّ المُسلِمين للأنصارِ عَلامةً على صِدقِ الإيمانِ؟",
    "level": 3,
    "link": "https://www.dorar.net/hadith/sharh/2658",
    "section": "hadith02",
    "answers": [
      {
        "answer": "لأنَّ الأنصارَ أصدَقُ النَّاسِ إيمانًا",
        "t": 0
      },
      {
        "answer": "لِمَا كان مِن حُسنِ وَفائِهم بما عاهَدوا اللهَ سُبحانه وتعالَى عَليهِ؛ مِن إيواءِ نبيِّه ﷺ، ونَصرِه على أعدائِه",
        "t": 1
      },
      {
        "answer": "لأنَّ الله عزَّ وجلَّ اصطَفاهُم للنبيِّ ﷺ كما اصطَفَى الحَواريِّينَ لعِيسى عليه السلامُ",
        "t": 0
      }
    ]
  },
  {
    "id": 3399,
    "q": "قال رَسولُ الله ﷺ: ثَلَاثٌ مَن كُنَّ فيه وجَدَ حَلَاوَةَ الإيمَانِ: -وذكر منها- وأَنْ يَكْرَهَ أنْ يَعُودَ في الكُفْرِ كما يَكْرَهُ",
    "level": 3,
    "link": "https://www.dorar.net/hadith/sharh/7340",
    "section": "hadith02",
    "answers": [
      {
        "answer": "أنْ يُقْذَفَ في النَّارِ",
        "t": 1
      },
      {
        "answer": "أن تُضرَبَ عُنُقُه",
        "t": 0
      },
      {
        "answer": "أن تُؤتَى مَحارِمهُ",
        "t": 0
      }
    ]
  }
]