[
  {
    "id": 650,
    "q": "مَعنَى (تَخسير) في قَولِه تَعالَى: {فَمَا تَزِيدُونَنِي غَيْرَ تَخْسِيرٍ}:",
    "level": 3,
    "link": " \nhttps://www.dorar.net/tafseer/11/13",
    "section": "hood",
    "answers": [
      {
        "answer": "فَقْر",
        "t": 0
      },
      {
        "answer": "نُقصان",
        "t": 1
      },
      {
        "answer": "عَداوَة",
        "t": 0
      }
    ]
  },
  {
    "id": 659,
    "q": "الصَّلاةُ المَقصودةُ بقَولِه تَعالَى: {وَزُلَفًا مِنَ اللَّيْلِ} هي:",
    "level": 3,
    "link": "https://www.dorar.net/tafseer/11/21",
    "section": "hood",
    "answers": [
      {
        "answer": "صَلاةُ التَّراويحِ",
        "t": 0
      },
      {
        "answer": "صَلاةُ الفَجرِ",
        "t": 0
      },
      {
        "answer": "المَغرِب والعِشاء وقِيام اللَّيلِ",
        "t": 1
      }
    ]
  },
  {
    "id": 641,
    "q": "قُدِّمَ السِّرُّ على العَلَنِ في قَولِه تَعالَى: {يَعْلَمُ مَا يُسِرُّونَ وَمَا يُعْلِنُونَ}:",
    "level": 3,
    "link": "https://www.dorar.net/tafseer/11/1",
    "section": "hood",
    "answers": [
      {
        "answer": "لِأنَّهم أضمَروا في قُلوبِهم ما يُخالِفُ ظاهِر فِعلِهم",
        "t": 0
      },
      {
        "answer": "إيذانًا بافتِضاحِهم ووُقوعِ ما يَحذَرونه",
        "t": 1
      },
      {
        "answer": "لأنَّ غالِبَ ما يُسِرُّ الإنسانُ يكونُ مَعصِيَةً",
        "t": 0
      }
    ]
  },
  {
    "id": 648,
    "q": "أفادَ تَنكير كَلِمة (أُمَم) في قَولِه تَعالَى: {وَأُمَمٌ سَنُمَتِّعُهُمْ}:",
    "level": 3,
    "link": " \nhttps://www.dorar.net/tafseer/11/11",
    "section": "hood",
    "answers": [
      {
        "answer": "التَّهويل",
        "t": 0
      },
      {
        "answer": "الإبهام",
        "t": 0
      },
      {
        "answer": "التَّعميم",
        "t": 1
      }
    ]
  },
  {
    "id": 647,
    "q": "احتُجَّ  بقَولِه تَعالَى: {إِلَّا مَنْ سَبَقَ عَلَيْهِ الْقَوْلُ}، على:",
    "level": 3,
    "link": "https://www.dorar.net/tafseer/11/10",
    "section": "hood",
    "answers": [
      {
        "answer": "إثبات القَضاءِ اللَّازِمِ والقَدَر الواجِب",
        "t": 1
      },
      {
        "answer": "أنَّه لا يَردُّ القَدرَ إلَّا الدُّعاء",
        "t": 0
      },
      {
        "answer": "أنَّ السَّبقَ بالقَولِ يكونُ بكَثرةِ ذِكرِ الله تعالى",
        "t": 0
      }
    ]
  },
  {
    "id": 658,
    "q": "أفادَ الِاستِثناء في قَولِه تَعالَى: {خَالِدِينَ فِيهَا مَا دَامَتِ السَّمَوَاتُ وَالْأَرْضُ إِلَّا مَا شَاءَ رَبُّكَ}:",
    "level": 3,
    "link": "https://www.dorar.net/tafseer/11/20",
    "section": "hood",
    "answers": [
      {
        "answer": "أنَّ مُرتَكِبَ الكَبيرة كافِر",
        "t": 0
      },
      {
        "answer": "أنَّ أهلَ التَّوحيدِ خارِجونَ مِنَ النَّارِ",
        "t": 1
      },
      {
        "answer": "أنَّ الخُلودَ في الجنَّة والنارِ مَعنوِيًّا وليس حِسِّيًّا",
        "t": 0
      }
    ]
  },
  {
    "id": 656,
    "q": "دَلَّ قَوله تَعالَى: {يَقْدُمُ قَوْمَهُ يَوْمَ الْقِيَامَةِ فَأَوْرَدَهُمُ النَّارَ} على :",
    "level": 3,
    "link": "https://www.dorar.net/tafseer/11/19",
    "section": "hood",
    "answers": [
      {
        "answer": "أنَّه ما مِن بَشرٍ مِن بني آدمَ إلَّا وسَيقدُمُ على النارِ",
        "t": 0
      },
      {
        "answer": "أنَّ الإقدامَ لا يكونُ مَحمودًا دائمًا فقد يكونُ مَذمومًا",
        "t": 0
      },
      {
        "answer": "أنَّ فِرعَون ماتَ كافِرًا",
        "t": 1
      }
    ]
  },
  {
    "id": 657,
    "q": "مَعنَى (حَصيدٌ) في قَولِه تَعالَى: {ذَلِكَ مِنْ أَنْبَاءِ الْقُرَى نَقُصُّهُ عَلَيْكَ مِنْهَا قَائِمٌ وَحَصِيدٌ}:",
    "level": 3,
    "link": "https://www.dorar.net/tafseer/11/20",
    "section": "hood",
    "answers": [
      {
        "answer": "عامِرٌ بأَهلِه",
        "t": 0
      },
      {
        "answer": "أي: مَحصُود؛ والمقصود: قُرَى كَثيرةُ الخيرِ والنَّماءِ",
        "t": 0
      },
      {
        "answer": "خَرِب قَد مُحِيَ أثَرُه",
        "t": 1
      }
    ]
  },
  {
    "id": 645,
    "q": "مَعنَى (أخبَتوا) في قَولِه تَعالَى: {وَأَخْبَتُوا إِلَى رَبِّهِمْ}:",
    "level": 3,
    "link": "https://www.dorar.net/tafseer/11/6",
    "section": "hood",
    "answers": [
      {
        "answer": "تَواضَعوا وخَضَعوا",
        "t": 1
      },
      {
        "answer": "أخلَصوا",
        "t": 0
      },
      {
        "answer": "تابُوا ورَجَعُوا",
        "t": 0
      }
    ]
  },
  {
    "id": 649,
    "q": "في قَولِه تَعالَى: {وَأُتْبِعُوا فِي هَذِهِ الدُّنْيَا لَعْنَةً وَيَوْمَ الْقِيَامَةِ أَلَا إِنَّ عَادًا كَفَرُوا رَبَّهُمْ أَلَا بُعْدًا لِعَادٍ قَوْمِ هُودٍ}، رَدٌّ على:",
    "level": 3,
    "link": "https://www.dorar.net/tafseer/11/12",
    "section": "hood",
    "answers": [
      {
        "answer": "الَّذينَ يُصَوِّبونَ جَميع المِلَلِ",
        "t": 1
      },
      {
        "answer": "المُرجِئَة الذين يقُولون: إن أَصحابَ الكبائرِ في الجنَّة",
        "t": 0
      },
      {
        "answer": "مَن يُكَفِّرُ النَّاسَ بغَير مُوجِبِ تَكفير",
        "t": 0
      }
    ]
  },
  {
    "id": 646,
    "q": "(لا جَرَمَ)  في قَولِه تَعالَى: {لَا جَرَمَ أَنَّهُمْ فِي الْآخِرَةِ هُمُ الْأَخْسَرُونَ}:",
    "level": 3,
    "link": "https://www.dorar.net/tafseer/11/6",
    "section": "hood",
    "answers": [
      {
        "answer": "صِيغة مُبالَغة أفادَت الحَصرَ والقَصرَ",
        "t": 0
      },
      {
        "answer": "كَلِمة جَزْم ويَقين جَرَت مَجرَى المَثَلِ",
        "t": 1
      },
      {
        "answer": "حَرف جَزم وقَلب للتأكيد",
        "t": 0
      }
    ]
  },
  {
    "id": 652,
    "q": "لَمَّا جاءَت المَلائِكةُ نَبيَّ الله لُوطًا عليه السَّلامُ:",
    "level": 3,
    "link": "https://www.dorar.net/tafseer/11/15",
    "section": "hood",
    "answers": [
      {
        "answer": "لجأَ إليهم فارًّا مِن فاحِشَةِ قَومِه",
        "t": 0
      },
      {
        "answer": "لَم يَعلَم أنَّهم مَلائِكة",
        "t": 1
      },
      {
        "answer": "سَألهُم عن سَببِ نُزولِهم إلى الأرضِ",
        "t": 0
      }
    ]
  },
  {
    "id": 655,
    "q": "الِاستِفهام في قَولِه تَعالَى: {أَرَهْطِي أَعَزُّ عَلَيْكُمْ مِنَ اللَّهِ}:",
    "level": 3,
    "link": "https://www.dorar.net/tafseer/11/18",
    "section": "hood",
    "answers": [
      {
        "answer": "إنكاريٌّ",
        "t": 1
      },
      {
        "answer": "تَعجُّبيٌّ",
        "t": 0
      },
      {
        "answer": "تَقريريٌّ",
        "t": 0
      }
    ]
  },
  {
    "id": 644,
    "q": "عُرِّفتْ كَلِمة الحَقِّ في قَولِه تَعالَى: {إِنَّهُ الْحَقُّ مِنْ رَبِّكَ}:",
    "level": 3,
    "link": "https://www.dorar.net/tafseer/11/5",
    "section": "hood",
    "answers": [
      {
        "answer": "للدَّلالة على أنَّ القُرآنَ مُعجِز بألفاظِه ومَعانيه",
        "t": 0
      },
      {
        "answer": "لإفادةِ قَصْر جِنس الحَقِّ على القُرآنِ",
        "t": 1
      },
      {
        "answer": "للدَّلالة على صِدقِ مَن جاءَ به",
        "t": 0
      }
    ]
  },
  {
    "id": 653,
    "q": "قُدِّمَ النَّهي على الأمرِ في قَولِه تَعالَى: {وَلَا تَنْقُصُوا الْمِكْيَالَ وَالْمِيزَانَ}، {أَوْفُوا الْمِكْيَالَ وَالْمِيزَانَ بِالْقِسْطِ}:",
    "level": 3,
    "link": "https://www.dorar.net/tafseer/11/16",
    "section": "hood",
    "answers": [
      {
        "answer": "لِشِدَّة وقْعِ النَّهيِ في النَّفْسِ وتَأثُّرِها به",
        "t": 0
      },
      {
        "answer": "لِأنَّ دَفْعَ المَفاسِدِ آكَدُ مِن جَلْبِ المَصالِح",
        "t": 1
      },
      {
        "answer": "لأنَّ النهيَ عن الشيءِ أَمرٌ بضِدِّه",
        "t": 0
      }
    ]
  },
  {
    "id": 643,
    "q": "دَلَّ قَولَه تَعالَى: {أَمْ يَقُولُونَ افْتَرَاهُ قُلْ فَأْتُوا بِعَشْرِ سُوَرٍ مِثْلِهِ مُفْتَرَيَاتٍ وَادْعُوا مَنِ اسْتَطَعْتُمْ مِنْ دُونِ اللَّهِ إِنْ كُنْتُمْ صَادِقِينَ} على:",
    "level": 3,
    "link": "https://www.dorar.net/tafseer/11/4",
    "section": "hood",
    "answers": [
      {
        "answer": "أنَّ مُعجِزاتِ الأَنبياءِ باقِيةٌ إلى يومِ القِيامةِ",
        "t": 0
      },
      {
        "answer": "أنَّ الافتِراءَ على الأَنبياءِ مِن كَبائرِ الذُّنوبِ التي تُهلِكُ الأُمَمَ",
        "t": 0
      },
      {
        "answer": "أنَّ القُرآنَ مُعجِزٌ بنَفْسِه ولا يَقدِرُ أحَد مِنَ البَشَرِ على أن يَأتيَ بمِثلِه",
        "t": 1
      }
    ]
  },
  {
    "id": 651,
    "q": "يُستفادُ مِن قَولِه تَعالَى: {قَالُوا سَلَامًا قَالَ سَلَامٌ}:",
    "level": 3,
    "link": "https://www.dorar.net/tafseer/11/14",
    "section": "hood",
    "answers": [
      {
        "answer": "أنَّ رَدَّ السَّلامِ واجِب، وبَدْأَه سُنَّة",
        "t": 1
      },
      {
        "answer": "أنَّ رَدَّ السَّلامِ وبَدْأَه واجِبانِ",
        "t": 0
      },
      {
        "answer": "أنَّ رَدَّ السَّلامِ سُنَّة وبَدْأَه واجِب",
        "t": 0
      }
    ]
  },
  {
    "id": 660,
    "q": "عَبَّرَ عن عِبادةِ الآباءِ بالمُضارِعِ في قَولِه تَعالَى: {مَا يَعْبُدُونَ إِلَّا كَمَا يَعْبُدُ آبَاؤُهُمْ}:",
    "level": 3,
    "link": "https://www.dorar.net/tafseer/11/21",
    "section": "hood",
    "answers": [
      {
        "answer": "لِلدَّلالة على مُضِيِّ الحالِ",
        "t": 0
      },
      {
        "answer": "لِلدِّلالة على الِاستِمرارِ",
        "t": 1
      },
      {
        "answer": "لِبَيانِ شِدَّة كُفرِهم",
        "t": 0
      }
    ]
  },
  {
    "id": 642,
    "q": "أفادَ قَوله تَعالَى: {لِيَبْلُوَكُمْ أَيُّكُمْ أَحْسَنُ عَمَلًا}:",
    "level": 3,
    "link": "https://www.dorar.net/tafseer/11/2",
    "section": "hood",
    "answers": [
      {
        "answer": "أنَّ الحِكمةَ في خَلْق السَّموات والأرْض إظهارُ قُدْرة  اللَّهِ تعالى",
        "t": 0
      },
      {
        "answer": "أنَّ الحِكمةَ في الخَلْق أن يَختَبِرُهم اللهُ تعالى",
        "t": 1
      },
      {
        "answer": "أنَّ النَّاسَ خُلِقوا لِعِمارة الأرضِ",
        "t": 0
      }
    ]
  },
  {
    "id": 654,
    "q": "مَعنَى (يَجرِمنَكم) في قَولِه تَعالَى: {لَا يَجْرِمَنَّكُمْ شِقَاقِي}:",
    "level": 3,
    "link": "https://www.dorar.net/tafseer/11/17",
    "section": "hood",
    "answers": [
      {
        "answer": "يَمنَعَنَّكم",
        "t": 0
      },
      {
        "answer": "يَحمِلَنَّكم",
        "t": 1
      },
      {
        "answer": "يُخيفَنَّكم",
        "t": 0
      }
    ]
  }
]