[
  {
    "id": 603,
    "q": "مِن أهم مَقاصِد سُورةِ هودٍ:",
    "level": 1,
    "link": "https://www.dorar.net/tafseer/11",
    "section": "hood",
    "answers": [
      {
        "answer": "حَثُّ النَّاسِ على الإنفاقِ في سَبيلِ اللَّهِ تعالى",
        "t": 0
      },
      {
        "answer": "تَثبيت قَلْب النَّبيِّ صلَّى الله عليه وسلَّم وتَسليتُه",
        "t": 1
      },
      {
        "answer": "ذِكر الصَّومِ وشُروط صِحَّتِه",
        "t": 0
      }
    ]
  },
  {
    "id": 602,
    "q": "سُورة هود:",
    "level": 1,
    "link": "https://www.dorar.net/tafseer/11",
    "section": "hood",
    "answers": [
      {
        "answer": "مَكِّيَّة",
        "t": 1
      },
      {
        "answer": "مَدَنيَّة",
        "t": 0
      },
      {
        "answer": "نَزَلَ نِصفُها بمَكَّة ونِصفُها في المَدينة",
        "t": 0
      }
    ]
  },
  {
    "id": 609,
    "q": "تَفسير قَولِه تَعالَى: {وَاللَّهُ عَلَى كُلِّ شَيْءٍ وَكِيلٌ}:",
    "level": 1,
    "link": "https://www.dorar.net/tafseer/11/4",
    "section": "hood",
    "answers": [
      {
        "answer": "أنَّ اللَّهَ هو الَّذي بَدَأ الخَلْقَ",
        "t": 0
      },
      {
        "answer": "أنَّ اللَّهَ على كُلِّ شَيءٍ قَيِّمٌ، وبيدِه تَدبيرُ الأُمورِ",
        "t": 1
      },
      {
        "answer": "أنَّ اللَّهَ جامِعُ النَّاسِ ليومٍ لا رَيبَ فيه",
        "t": 0
      }
    ]
  },
  {
    "id": 604,
    "q": "مِن أهم مَوضوعاتِ سُورةِ هودٍ:",
    "level": 1,
    "link": "https://www.dorar.net/tafseer/11/1",
    "section": "hood",
    "answers": [
      {
        "answer": "بَيان أحكامِ الجِهادِ في سَبيلِ اللَّهِ تعالى",
        "t": 0
      },
      {
        "answer": "التَّنويه بشَأن القُرآن وإقامة الأدِلَّة على أنَّه مِن عِندِ اللَّهِ تعالى",
        "t": 1
      },
      {
        "answer": "ذِكر قِصَّة غَزوةِ حُنين",
        "t": 0
      }
    ]
  },
  {
    "id": 616,
    "q": "المُخاطَب بقَولِه تَعالَى: {فَاصْبِرْ إِنَّ الْعَاقِبَةَ لِلْمُتَّقِينَ}:",
    "level": 1,
    "link": " \nhttps://www.dorar.net/tafseer/11/11",
    "section": "hood",
    "answers": [
      {
        "answer": "هود عليه السَّلامُ",
        "t": 0
      },
      {
        "answer": "مُحَمَّد صلَّى الله عليه وسلَّم",
        "t": 1
      },
      {
        "answer": "نوح عليه السَّلامُ",
        "t": 0
      }
    ]
  },
  {
    "id": 607,
    "q": "دَلَّ قَوله تَعالَى: {وَهُوَ الَّذِي خَلَقَ السَّمَاوَاتِ وَالْأَرْضَ فِي سِتَّةِ أَيَّامٍ وَكَانَ عَرْشُهُ عَلَى الْمَاءِ لِيَبْلُوَكُمْ أَيُّكُمْ أَحْسَنُ عَمَلًا}، على أنَّ الحِكمةَ من خَلْقِ الأرضِ:",
    "level": 1,
    "link": "https://www.dorar.net/tafseer/11/2",
    "section": "hood",
    "answers": [
      {
        "answer": "تَعميرُها والخلودُ فيها",
        "t": 0
      },
      {
        "answer": "إظهارُ قُدرةِ الله تعالى في خَلقِه",
        "t": 0
      },
      {
        "answer": "صُدور الأعمالِ الفاضِلة مِن أشرَفِ المَخلوقات فيها",
        "t": 1
      }
    ]
  },
  {
    "id": 617,
    "q": "مَعنَى (مُفتَرونَ) في قَولِه تَعالَى: {إِنْ أَنْتُمْ إِلَّا مُفْتَرُونَ}:",
    "level": 1,
    "link": "https://www.dorar.net/tafseer/11/12",
    "section": "hood",
    "answers": [
      {
        "answer": "مُعَذَّبونَ",
        "t": 0
      },
      {
        "answer": "كاذِبونَ",
        "t": 1
      },
      {
        "answer": "مَبعوثونَ",
        "t": 0
      }
    ]
  },
  {
    "id": 615,
    "q": "في قِراءة: (إِنَّهُ عَمِلَ غَيْرَ صَالِحٍ) الضَّميرُ يَعودُ على :",
    "level": 1,
    "link": "https://www.dorar.net/tafseer/11/11",
    "section": "hood",
    "answers": [
      {
        "answer": "ابنُ نوح",
        "t": 1
      },
      {
        "answer": "نوح عليه السَّلامُ",
        "t": 0
      },
      {
        "answer": "أبو نوُح",
        "t": 0
      }
    ]
  },
  {
    "id": 606,
    "q": "كانَ عَرش اللَّه تعالى قَبلَ أن يَخلُقَ السَّمواتِ والأرضَ :",
    "level": 1,
    "link": "https://www.dorar.net/tafseer/11/2",
    "section": "hood",
    "answers": [
      {
        "answer": "في الهَواءِ",
        "t": 0
      },
      {
        "answer": "في العَدَمِ",
        "t": 0
      },
      {
        "answer": "على الماءِ",
        "t": 1
      }
    ]
  },
  {
    "id": 610,
    "q": "مَعنَى (يُبخَسونَ) في قَولِه تَعالَى: {وَهُمْ فِيهَا لَا يُبْخَسُونَ}:",
    "level": 1,
    "link": "https://www.dorar.net/tafseer/11/5",
    "section": "hood",
    "answers": [
      {
        "answer": "يُرحَمونَ",
        "t": 0
      },
      {
        "answer": "يَزيدونَ",
        "t": 0
      },
      {
        "answer": "يُنقَصونَ",
        "t": 1
      }
    ]
  },
  {
    "id": 601,
    "q": "كم اسمًا لِسُورة هود؟",
    "level": 1,
    "link": "https://www.dorar.net/tafseer/11",
    "section": "hood",
    "answers": [
      {
        "answer": "واحد",
        "t": 1
      },
      {
        "answer": "اثنانِ",
        "t": 0
      },
      {
        "answer": "ثَلاثة",
        "t": 0
      }
    ]
  },
  {
    "id": 620,
    "q": "دَلَّ قَوله تَعالَى: {وَلَا تَنْقُصُوا الْمِكْيَالَ وَالْمِيزَانَ} على:",
    "level": 1,
    "link": "https://www.dorar.net/tafseer/11/16",
    "section": "hood",
    "answers": [
      {
        "answer": "أنَّ نَقْصَ المَكاييل والمَوازين مِن كَبائِرِ الذُّنوبِ",
        "t": 1
      },
      {
        "answer": "أنَّ مَن نَقصَ في المكيالِ أو الميزانِ ففِيه شَبهٌ بقَومِ مَديَن",
        "t": 0
      },
      {
        "answer": "تَشابُه شَرائعِ الرُّسلِ السَّابقِينَ مع شَريعةِ محمدٍ ﷺ",
        "t": 0
      }
    ]
  },
  {
    "id": 608,
    "q": "لَم يُسنِدِ اللَّه سُبحانَه وتعالى المَسَّ إليه في الضَّرَّاء، كَما فَعَلَ في النَّعماءِ في قَولِه تَعالَى: {وَلَئِنْ أَذَقْنَاهُ نَعْمَاءَ بَعْدَ ضَرَّاءَ مَسَّتْهُ}:",
    "level": 1,
    "link": "https://www.dorar.net/tafseer/11/3",
    "section": "hood",
    "answers": [
      {
        "answer": "تَعليمًا لِلأدَبِ",
        "t": 1
      },
      {
        "answer": "لِإظهارِ رَحمته تعالى بخَلقِه",
        "t": 0
      },
      {
        "answer": "لِأنَّه تعالى لا يُصيبُ أحَدًا بالشَّرِّ أبَدًا",
        "t": 0
      }
    ]
  },
  {
    "id": 619,
    "q": "مَعنَى (عَصيبٌ) في قَولِه تَعالَى: {وَقَالَ هَذَا يَوْمٌ عَصِيبٌ}:",
    "level": 1,
    "link": "https://www.dorar.net/tafseer/11/15",
    "section": "hood",
    "answers": [
      {
        "answer": "كَثيرٌ خَيرُه",
        "t": 0
      },
      {
        "answer": "طَويل",
        "t": 0
      },
      {
        "answer": "شَديدٌ شَرُّه عَظيمٌ بَلاؤُه",
        "t": 1
      }
    ]
  },
  {
    "id": 613,
    "q": "دَلَّ قَوله تَعالَى: {وَأُوحِيَ إِلَى نُوحٍ أَنَّهُ لَنْ يُؤْمِنَ مِنْ قَوْمِكَ إِلَّا مَنْ قَدْ آمَنَ...} على:",
    "level": 1,
    "link": "https://www.dorar.net/tafseer/11/9",
    "section": "hood",
    "answers": [
      {
        "answer": "أنَّ الإيمانَ يَزيدُ ويَنقُص",
        "t": 0
      },
      {
        "answer": "أنَّ أُمورَ العِبادِ مَوكولةٌ إليهم",
        "t": 0
      },
      {
        "answer": "إثبات القَضاءِ والقَدَر",
        "t": 1
      }
    ]
  },
  {
    "id": 605,
    "q": "مَعنَى (يَثْنونَ) في قَولِه تَعالَى: {أَلَا إِنَّهُمْ يَثْنُونَ صُدُورَهُمْ}:",
    "level": 1,
    "link": "https://www.dorar.net/tafseer/11/1",
    "section": "hood",
    "answers": [
      {
        "answer": "يَطْوونَ ويُخْفونَ",
        "t": 1
      },
      {
        "answer": "يُظهِرونَ",
        "t": 0
      },
      {
        "answer": "يُطَهِّرونَ",
        "t": 0
      }
    ]
  },
  {
    "id": 614,
    "q": "مَعنَى (مَعزِل) في قَولِه تَعالَى: {وَكَانَ فِي مَعْزِلٍ}:",
    "level": 1,
    "link": "https://www.dorar.net/tafseer/11/10",
    "section": "hood",
    "answers": [
      {
        "answer": "مَكان مُنقَطِع",
        "t": 1
      },
      {
        "answer": "مَكان قَريب",
        "t": 0
      },
      {
        "answer": "مَكان مُنخَفِض",
        "t": 0
      }
    ]
  },
  {
    "id": 612,
    "q": "في قَولِه تَعالَى: {قَالُوا يَا نُوحُ قَدْ جَادَلْتَنَا فَأَكْثَرْتَ جِدَالَنَا}، دَليل على:",
    "level": 1,
    "link": "https://www.dorar.net/tafseer/11/8",
    "section": "hood",
    "answers": [
      {
        "answer": "بَيان سُوء عاقِبة الجِدالِ",
        "t": 0
      },
      {
        "answer": "جَواز المُجادَلة المَشروعة",
        "t": 1
      },
      {
        "answer": "حُرمة المُجادَلة",
        "t": 0
      }
    ]
  },
  {
    "id": 618,
    "q": "دَلَّ قَوله تَعالَى: {قَدْ جَاءَتْ رُسُلُنَا إِبْرَاهِيمَ بِالْبُشْرَى قَالُوا سَلَامًا قَالَ سَلَامٌ} على:",
    "level": 1,
    "link": "https://www.dorar.net/tafseer/11/14",
    "section": "hood",
    "answers": [
      {
        "answer": "أنَّ إلقاءَ السَّلامِ كانت تَحيَّة الملائِكَة",
        "t": 0
      },
      {
        "answer": "أنَّ الكَلامَ يَكونُ قَبلَ السَّلامِ",
        "t": 0
      },
      {
        "answer": "مَشروعيةِ السَّلامِ وأنَّه مِن مِلَّة إبراهيمَ عليه السَّلامُ",
        "t": 1
      }
    ]
  },
  {
    "id": 611,
    "q": "مَعنَى (أراذِلُنا) في قَولِه تَعالَى: {وَمَا نَرَاكَ اتَّبَعَكَ إِلَّا الَّذِينَ هُمْ أَرَاذِلُنَا}:",
    "level": 1,
    "link": "https://www.dorar.net/tafseer/11/7",
    "section": "hood",
    "answers": [
      {
        "answer": "سُفَهاؤُنا وضُعَفاؤُنا",
        "t": 0
      },
      {
        "answer": "سِفْلَتُنا وأخِسَّاؤنا",
        "t": 1
      },
      {
        "answer": "أَقلُّنا أَهلًا ومَالًا",
        "t": 0
      }
    ]
  }
]