[
  {
    "id": 633,
    "q": "في قَولِه تَعالَى: {وَإِلَى عَادٍ أَخَاهُمْ هُودًا}، الأُخوَّة هُنا:",
    "level": 2,
    "link": "https://www.dorar.net/tafseer/11/12",
    "section": "hood",
    "answers": [
      {
        "answer": "أُخوَّةٌ في الدِّينِ",
        "t": 0
      },
      {
        "answer": "أُخوَّةٌ في الجِوارِ",
        "t": 0
      },
      {
        "answer": "أُخوَّةٌ في النَّسَبِ",
        "t": 1
      }
    ]
  },
  {
    "id": 631,
    "q": "مَعنَى (مُقيم) في قَولِه تَعالَى: {وَيَحِلُّ عَلَيْهِ عَذَابٌ مُقِيمٌ}:",
    "level": 2,
    "link": "https://www.dorar.net/tafseer/11/9",
    "section": "hood",
    "answers": [
      {
        "answer": "يَسير",
        "t": 0
      },
      {
        "answer": "شَديد",
        "t": 0
      },
      {
        "answer": "دائِم",
        "t": 1
      }
    ]
  },
  {
    "id": 639,
    "q": "دَلَّ قَوله تَعالَى: {فَمَا أَغْنَتْ عَنْهُمْ آلِهَتُهُمُ الَّتِي يَدْعُونَ مِنْ دُونِ اللَّهِ مِنْ شَيْءٍ} على:",
    "level": 2,
    "link": "https://www.dorar.net/tafseer/11/20",
    "section": "hood",
    "answers": [
      {
        "answer": "أنَّ الانشغال بالدُّنيا مِن أسبابِ كَثرة الهَمِّ",
        "t": 0
      },
      {
        "answer": "أنَّ الاستِعانَة بالصَّالحِينَ مَشروعٌ عندَ الضَّرورةِ",
        "t": 0
      },
      {
        "answer": "أنَّ كُلَّ مَنِ التَجَأ إلى غَيرِ اللَّه لَمْ يَمنَعه ذلك عِندَ نُزولِ الشَّدائِدِ",
        "t": 1
      }
    ]
  },
  {
    "id": 632,
    "q": "المُراد بـ(تِلكَ) في قَولِه تعالى: {تِلْكَ مِنْ أَنْبَاءِ الْغَيْبِ نُوحِيهَا إِلَيْكَ}:",
    "level": 2,
    "link": "https://www.dorar.net/tafseer/11/11",
    "section": "hood",
    "answers": [
      {
        "answer": "قِصَّةُ هود عليه السَّلامُ",
        "t": 0
      },
      {
        "answer": "قِصَّةُ إبراهيمَ  عليه السَّلامُ",
        "t": 1
      },
      {
        "answer": "قِصَّةُ موسى عليه السَّلامُ",
        "t": 0
      }
    ]
  },
  {
    "id": 634,
    "q": "مَعنَى (مُريب) في قَولِه تَعالَى: {وَإِنَّنَا لَفِي شَكٍّ مِمَّا تَدْعُونَا إِلَيْهِ مُرِيبٍ}:",
    "level": 2,
    "link": "https://www.dorar.net/tafseer/11/13",
    "section": "hood",
    "answers": [
      {
        "answer": "مَوْقِع لِلتُّهمة",
        "t": 1
      },
      {
        "answer": "فِطرِي أو طَبِيعِي",
        "t": 0
      },
      {
        "answer": "شَديد عَظيم",
        "t": 0
      }
    ]
  },
  {
    "id": 635,
    "q": "دَلَّ قَوله تَعالَى: {قَالُوا سَلَامًا قَالَ سَلَامٌ} على:",
    "level": 2,
    "link": "https://www.dorar.net/tafseer/11/14",
    "section": "hood",
    "answers": [
      {
        "answer": "أنَّ المَلائِكة يَظهَرونَ لِلبَشَرِ",
        "t": 0
      },
      {
        "answer": "أنَّ المَلائِكة لَهم تَحيَّات مِثل البَشَر",
        "t": 0
      },
      {
        "answer": "أنَّ تَحية المَلائِكة السَّلام، كَتَحيةِ البَشَرِ",
        "t": 1
      }
    ]
  },
  {
    "id": 624,
    "q": "العَمَلُ الحَسَنُ في قَولِه تَعالَى: {لِيَبْلُوَكُمْ أَيُّكُمْ أَحْسَنُ عَمَلًا} هو:",
    "level": 2,
    "link": "https://www.dorar.net/tafseer/11/2",
    "section": "hood",
    "answers": [
      {
        "answer": "الأخلَص والأصوَب",
        "t": 1
      },
      {
        "answer": "ما طالَ وَقتُه ودَاوَمَ عليه صاحِبُه",
        "t": 0
      },
      {
        "answer": "ما اشتَدَّتْ مَشَقَّتُه",
        "t": 0
      }
    ]
  },
  {
    "id": 626,
    "q": "الضَّميرُ في (يَقولونَ) في قَولِه تَعالَى: {أَمْ يَقُولُونَ افْتَرَاهُ} يعود على:",
    "level": 2,
    "link": "https://www.dorar.net/tafseer/11/4",
    "section": "hood",
    "answers": [
      {
        "answer": "أهلِ الكتابِ",
        "t": 0
      },
      {
        "answer": "المُشرِكينَ",
        "t": 1
      },
      {
        "answer": "المُنافِقينَ",
        "t": 0
      }
    ]
  },
  {
    "id": 625,
    "q": "عَبَّرَ باليَومِ في قَولِه تَعالَى: {أَلَا يَوْمَ يَأْتِيهِمْ لَيْسَ مَصْرُوفًا عَنْهُمْ}:",
    "level": 2,
    "link": " \nhttps://www.dorar.net/tafseer/11/3",
    "section": "hood",
    "answers": [
      {
        "answer": "لِأنَّ اليَومَ قَد يُعَبَّرُ به عَنِ الوَقتِ، قَلَّ أو كَثُرَ",
        "t": 1
      },
      {
        "answer": "لِأنَّ اليَومَ أقَلُّ الأوقاتِ عُرْفًا",
        "t": 0
      },
      {
        "answer": "لِأنَّ اليَومَ هو وَسيلةُ تَعبيرِ العَربِ عن الوَقتِ",
        "t": 0
      }
    ]
  },
  {
    "id": 623,
    "q": "مَعنَى (فُصِّلَتْ) في قَولِه تَعالَى: {كِتَابٌ أُحْكِمَتْ آيَاتُهُ ثُمَّ فُصِّلَتْ}:",
    "level": 2,
    "link": "https://www.dorar.net/tafseer/11/1",
    "section": "hood",
    "answers": [
      {
        "answer": "بُيِّنَتْ",
        "t": 1
      },
      {
        "answer": "فُرِّقَتْ",
        "t": 0
      },
      {
        "answer": "أُنزِلَتْ",
        "t": 0
      }
    ]
  },
  {
    "id": 627,
    "q": "المُراد بالأحزابِ في قَولِه تَعالَى: {وَمَنْ يَكْفُرْ بِهِ مِنَ الْأَحْزَابِ}:",
    "level": 2,
    "link": "https://www.dorar.net/tafseer/11/5",
    "section": "hood",
    "answers": [
      {
        "answer": "مُنافِقو المَدينة",
        "t": 0
      },
      {
        "answer": "مُشرِكو قُرَيش",
        "t": 0
      },
      {
        "answer": "أهلُ المِلَلِ كُلِّها",
        "t": 1
      }
    ]
  },
  {
    "id": 630,
    "q": "في قَولِه تَعالَى: {فَأْتِنَا بِمَا تَعِدُنَا إِنْ كُنْتَ مِنَ الصَّادِقِينَ}، سَمَّوه وَعدًا:",
    "level": 2,
    "link": "https://www.dorar.net/tafseer/11/8",
    "section": "hood",
    "answers": [
      {
        "answer": "لِخَوفِهم مِن وُقوعِ وَعيدِه عليهم",
        "t": 0
      },
      {
        "answer": "لِشِدَّة كُفرِهم به",
        "t": 0
      },
      {
        "answer": "سُخريةً به، أي: الَّذي جَعَلتَه وَعيدًا هو عِندَنا وَعدٌ",
        "t": 1
      }
    ]
  },
  {
    "id": 637,
    "q": "أفادَ قَوله تَعالَى: {بَقِيَّتُ اللَّهِ خَيْرٌ لَكُمْ إِنْ كُنْتُمْ مُؤْمِنِينَ}:",
    "level": 2,
    "link": "https://www.dorar.net/tafseer/11/16",
    "section": "hood",
    "answers": [
      {
        "answer": "الحَثَّ على الزُّهدِ في الدُّنيا والشَّوقِ للآخِرةِ",
        "t": 0
      },
      {
        "answer": "أنَّ ما عندَ الله لا يُنالُ إلَّا بطاعَتِه",
        "t": 0
      },
      {
        "answer": "أنَّ القَناعة بالحَلالِ عَن الحَرامِ مِن لَوازِم الإيمان",
        "t": 1
      }
    ]
  },
  {
    "id": 628,
    "q": "الفَريقَانِ في قَولِه تَعالَى: {مَثَلُ الْفَرِيقَيْنِ كَالْأَعْمَى وَالْأَصَمِّ وَالْبَصِيرِ وَالسَّمِيعِ}:",
    "level": 2,
    "link": "https://www.dorar.net/tafseer/11/6",
    "section": "hood",
    "answers": [
      {
        "answer": "الكافِرونَ والمُؤمِنونَ",
        "t": 1
      },
      {
        "answer": "المُشرِكُون والمَجُوس",
        "t": 0
      },
      {
        "answer": "اليَهود والنَّصارَى",
        "t": 0
      }
    ]
  },
  {
    "id": 636,
    "q": "تَضَمَّنَ قَولُه تَعالَى: {قَالَ لَوْ أَنَّ لِي بِكُمْ قُوَّةً أَوْ آوِي إِلَى رُكْنٍ شَدِيدٍ}:",
    "level": 2,
    "link": "https://www.dorar.net/tafseer/11/15",
    "section": "hood",
    "answers": [
      {
        "answer": "أنَّ النَّهيَ عَنِ المُنكَرِ واجبٌ على جَميعِ الرُّسلِ",
        "t": 0
      },
      {
        "answer": "أنَّ المُؤمِنَ إذا رَأى مُنكَرًا لا يَقدِرُ على إزالَتِه  لَه أن يُنكِرَه بلِسانِه",
        "t": 1
      },
      {
        "answer": "أنَّ المُسلِمَ إذا لَمْ يَستَطِع تَغييرَ المُنكَرِ بيدِه فَإنَّه آثِمٌ",
        "t": 0
      }
    ]
  },
  {
    "id": 640,
    "q": "الصَّلاة المَأمور بها في قَولِه تَعالَى: {وَأَقِمِ الصَّلَاةَ طَرَفَيِ النَّهَارِ}:",
    "level": 2,
    "link": " \nhttps://www.dorar.net/tafseer/11/21",
    "section": "hood",
    "answers": [
      {
        "answer": "الصَّلاة المَفروضة",
        "t": 1
      },
      {
        "answer": "صَلاة النَّوافِلِ",
        "t": 0
      },
      {
        "answer": "صَلاة الضُّحَى",
        "t": 0
      }
    ]
  },
  {
    "id": 621,
    "q": "معنى {مُسْتَوْدَعَهَا} في قوله: {وَيَعْلَمُ مُسْتَقَرَّهَا وَمُسْتَوْدَعَهَا}:",
    "level": 2,
    "link": "https://www.dorar.net/tafseer/11/2",
    "section": "hood",
    "answers": [
      {
        "answer": "المكانَ الهادِئ",
        "t": 0
      },
      {
        "answer": "الموضِعَ الذي يُودِعُها",
        "t": 1
      },
      {
        "answer": "المكانَ المَليءَ بالماءِ",
        "t": 0
      }
    ]
  },
  {
    "id": 638,
    "q": "مَعنَى (شِقاقي) في قَولِه تَعالَى: {وَيَا قَوْمِ لَا يَجْرِمَنَّكُمْ شِقَاقِي}:",
    "level": 2,
    "link": " \nhttps://www.dorar.net/tafseer/11/17",
    "section": "hood",
    "answers": [
      {
        "answer": "عَداوَتي",
        "t": 1
      },
      {
        "answer": "مَحَبَّتي",
        "t": 0
      },
      {
        "answer": "قُرْبي",
        "t": 0
      }
    ]
  },
  {
    "id": 622,
    "q": "مِن أهم مَوضوعاتِ سُورةِ هود :",
    "level": 2,
    "link": "https://www.dorar.net/tafseer/11",
    "section": "hood",
    "answers": [
      {
        "answer": "ذِكْر حال الكافِرينَ إذا وقَفوا على النَّارِ",
        "t": 0
      },
      {
        "answer": "بَيان أحوالِ النَّاسِ في الشِّدَّة والرَّخاءِ",
        "t": 1
      },
      {
        "answer": "بَيان فَضْل الصَّدَقة وأحكامِها",
        "t": 0
      }
    ]
  },
  {
    "id": 629,
    "q": "مَعنَى (تَزدَري) في قَولِه تَعالَى: {وَلَا أَقُولُ لِلَّذِينَ تَزْدَرِي أَعْيُنُكُمْ}:",
    "level": 2,
    "link": "https://www.dorar.net/tafseer/11/7",
    "section": "hood",
    "answers": [
      {
        "answer": "تَكرَهُ وتُبغِضُ",
        "t": 0
      },
      {
        "answer": "تَحتَقِرُ وتَعيبُ",
        "t": 1
      },
      {
        "answer": "تَقولُ زُورًا",
        "t": 0
      }
    ]
  }
]