[
  {
    "id": 5806,
    "q": "الحَلِفُ بغَيرِ اللهِ تَعالَى هو من قَبيلِ:",
    "level": 3,
    "link": "https://dorar.net/aqeeda/2699",
    "section": "e-nawagid",
    "answers": [
      {
        "answer": "النِّفاقِ العَمليِّ",
        "t": 0
      },
      {
        "answer": "الكُفرِ الأكبَرِ",
        "t": 0
      },
      {
        "answer": "الكُفرِ الأصغَرِ",
        "t": 1
      }
    ]
  },
  {
    "id": 5808,
    "q": "كُلُّ ما ثَبَت بنَصٍّ أنَّه شِركٌ، لكِنْ دلَّتِ الدَّلائِلُ على أنَّه ليس شِركًا مُخرِجًا من المِلَّةِ، فهو:",
    "level": 3,
    "link": "https://dorar.net/aqeeda/2701",
    "section": "e-nawagid",
    "answers": [
      {
        "answer": "كُفرٌ أكبَرُ",
        "t": 0
      },
      {
        "answer": "نِفاقٌ عَمليٌّ",
        "t": 0
      },
      {
        "answer": "شِركٌ أصغَرُ",
        "t": 1
      }
    ]
  },
  {
    "id": 5811,
    "q": "من أُصولِ أهلِ السُّنَّةِ والجَماعةِ أنَّهُم لا يَشهَدونَ لمُعيَّنٍ بجَنَّةٍ ولا نارٍ إلَّا:",
    "level": 3,
    "link": "https://dorar.net/aqeeda/2745",
    "section": "e-nawagid",
    "answers": [
      {
        "answer": "بقِياسِ الأَوْلَى",
        "t": 0
      },
      {
        "answer": "بتَأويلٍ سائغٍ",
        "t": 0
      },
      {
        "answer": "بدَليلٍ خاصٍّ",
        "t": 1
      }
    ]
  },
  {
    "id": 5816,
    "q": "حُكمُ مَن قال: إنَّ المَلائكةَ ليست أجسامًا، بل هم عِبارةٌ عن قُوى الخيرِ الكامِنةِ في المخلوقاتِ، فهو:",
    "level": 3,
    "link": "https://www.dorar.net/aqeeda/2912",
    "section": "e-nawagid",
    "answers": [
      {
        "answer": "مُسلِمٌ عاصٍ",
        "t": 0
      },
      {
        "answer": "زِنديقٌ يقول بالفَلسفَةِ",
        "t": 0
      },
      {
        "answer": "كافِرٌ مُكذِّبٌ بآياتِ اللهِ، وسُنَّةِ رَسولِه",
        "t": 1
      }
    ]
  },
  {
    "id": 5820,
    "q": "مَن رَمَى أُمَّ المُؤمِنينَ عائِشةَ رَضيَ اللهُ عنها بالزِّنا؛ فإنَّه:",
    "level": 3,
    "link": "https://www.dorar.net/aqeeda/2941",
    "section": "e-nawagid",
    "answers": [
      {
        "answer": "يَكفُرُ بذلك كُفرًا أكبَرَ مُخرِجًا عنِ المِلَّةِ",
        "t": 1
      },
      {
        "answer": "يَفسُقُ بذلك ولا يَخرُجُ منَ المِلَّةِ",
        "t": 0
      },
      {
        "answer": "يَصيرُ مُشرِكًا ضالًّا",
        "t": 0
      }
    ]
  },
  {
    "id": 5805,
    "q": "كُفرُ النِّعمةِ؛ هو:",
    "level": 3,
    "link": "https://dorar.net/aqeeda/2699",
    "section": "e-nawagid",
    "answers": [
      {
        "answer": "أن يَصرفَها في غيرِ ما أَنزلَ الله سُبحانَه",
        "t": 0
      },
      {
        "answer": "أن يَنسُبَها إلى غَيرِ اللهِ تَعالَى بلِسانِه، دونَ قَلبِه",
        "t": 1
      },
      {
        "answer": "ألَّا يُؤدِّيَ شُكرَها نُكرانًا وجُحودًا",
        "t": 0
      }
    ]
  },
  {
    "id": 5807,
    "q": "الكُفرُ الأصغَرُ هو:",
    "level": 3,
    "link": "https://dorar.net/aqeeda/2701",
    "section": "e-nawagid",
    "answers": [
      {
        "answer": "ما لم يُناقِضْ أصْلَ الدِّينِ، وليس هو منَ اللَّمَمِ المَعفُوِّ عنه",
        "t": 1
      },
      {
        "answer": "ما ناقَضَ أصْلَ الدِّينِ",
        "t": 0
      },
      {
        "answer": "ما كان منَ اللَّمَمِ المَعفُوِّ عنه",
        "t": 0
      }
    ]
  },
  {
    "id": 5812,
    "q": "مَنِ ادَّعى النُّبوَّةَ بعدَ النَّبيِّ محمَّدٍ ﷺ فهو:",
    "level": 3,
    "link": "https://www.dorar.net/aqeeda/2884",
    "section": "e-nawagid",
    "answers": [
      {
        "answer": "مُنافِقٌ فاسِقٌ",
        "t": 0
      },
      {
        "answer": "كافِرٌ",
        "t": 1
      },
      {
        "answer": "مَجنونٌ",
        "t": 0
      }
    ]
  },
  {
    "id": 5818,
    "q": "إنكارُ نُصوصِ الوَعْدِ والوَعيدِ، هو:",
    "level": 3,
    "link": "https://www.dorar.net/aqeeda/2917",
    "section": "e-nawagid",
    "answers": [
      {
        "answer": "تَسفِيهٌ لعُلماءِ المُسلِمينَ",
        "t": 0
      },
      {
        "answer": "إِنكارٌ للإيمانِ بالقَدَرِ",
        "t": 0
      },
      {
        "answer": "تَعطيلٌ للشَّرائعِ وإبطالٌ للأوامِرِ والنَّواهي",
        "t": 1
      }
    ]
  },
  {
    "id": 5817,
    "q": "يُعَدُّ الإيمانُ بالملائكةِ عليهم السَّلامُ والإيمانُ بالجِنِّ مِن:",
    "level": 3,
    "link": "https://www.dorar.net/aqeeda/2912",
    "section": "e-nawagid",
    "answers": [
      {
        "answer": "الإيمانِ بالقَدَرِ خَيرِه وشَرِّه",
        "t": 0
      },
      {
        "answer": "الإيمانِ باليَومِ الآخِر",
        "t": 0
      },
      {
        "answer": "الإيمانِ بالغيبِ",
        "t": 1
      }
    ]
  },
  {
    "id": 5804,
    "q": "الكُفرُ الأصغَرُ يَترتَّبُ عليه:",
    "level": 3,
    "link": "https://dorar.net/aqeeda/2699",
    "section": "e-nawagid",
    "answers": [
      {
        "answer": "الخُروجُ منَ المِلَّةِ",
        "t": 0
      },
      {
        "answer": "الخُلودُ في جَهنَّمَ",
        "t": 0
      },
      {
        "answer": "يَنقُصُ أصلَ الإيمانِ ويُضعِفُه، ولا يُخرِجُ صاحِبَه منَ المِلَّةِ",
        "t": 1
      }
    ]
  },
  {
    "id": 5803,
    "q": "في قَولِه تَعالَى: {وَمِنَ النَّاسِ مَنْ يَقُولُ آمَنَّا بِاللَّهِ وَبِالْيَوْمِ الْآخِرِ وَمَا هُمْ بِمُؤْمِنِينَ} حُجَّةٌ على:",
    "level": 3,
    "link": "https://dorar.net/aqeeda/2697",
    "section": "e-nawagid",
    "answers": [
      {
        "answer": "الأشاعِرةِ الَّذين قالوا بالتَّأويلِ",
        "t": 0
      },
      {
        "answer": "الكَرَّامِيَّةِ الَّذين قالوا: إنَّ الإيمانَ قَولٌ باللِّسانِ وإن لم يعتَقِدْ بالقَلْبِ",
        "t": 1
      },
      {
        "answer": "المُعتزِلةِ الَّذين قالوا بالمَنزلةِ بينَ المَنزِلتَينِ",
        "t": 0
      }
    ]
  },
  {
    "id": 5809,
    "q": "الأحكامُ يُعمَلُ فيها:",
    "level": 3,
    "link": "https://dorar.net/aqeeda/2739",
    "section": "e-nawagid",
    "answers": [
      {
        "answer": "بالظَّواهِرِ، واللهُ يَتولَّى السَّرائرَ",
        "t": 1
      },
      {
        "answer": "بالخَيرِ دونَ الشَّرِّ",
        "t": 0
      },
      {
        "answer": "بالسَّرائرِ",
        "t": 0
      }
    ]
  },
  {
    "id": 5801,
    "q": "تُعَدُّ مُوالاةُ المُشرِكينَ ومُظاهَرَتُهم من:",
    "level": 3,
    "link": "https://dorar.net/aqeeda/2935",
    "section": "e-nawagid",
    "answers": [
      {
        "answer": "نَواقِضِ الإسلامِ",
        "t": 1
      },
      {
        "answer": "صَغائرِ الذُّنوبِ",
        "t": 0
      },
      {
        "answer": "نَواقِضِ الوُضوءِ",
        "t": 0
      }
    ]
  },
  {
    "id": 5814,
    "q": "مَن قال: إنَّ الفَلاسِفةَ أوِ الصُّوفيَّةَ، أوِ غيرهم: طريقتُهم أحسَنُ من طريقةِ مُحمَّدٍ ﷺ، فهذا:",
    "level": 3,
    "link": "https://www.dorar.net/aqeeda/2890",
    "section": "e-nawagid",
    "answers": [
      {
        "answer": "مُرتكِبٌ لكَبيرةٍ دونَ الكُفرِ",
        "t": 0
      },
      {
        "answer": "فاسِقٌ، ولا يَخرُجُ منَ المِلَّةِ",
        "t": 0
      },
      {
        "answer": "كافِرٌ، وخارِجٌ عنِ المِلَّةِ",
        "t": 1
      }
    ]
  },
  {
    "id": 5802,
    "q": "الكُفرُ يَكونُ:",
    "level": 3,
    "link": "https://dorar.net/aqeeda/2691",
    "section": "e-nawagid",
    "answers": [
      {
        "answer": "بالإقرارِ باللِّسانِ",
        "t": 0
      },
      {
        "answer": "بالقَولِ والعَمَلِ والاعتِقادِ",
        "t": 1
      },
      {
        "answer": "بجُحودِ القَلبِ",
        "t": 0
      }
    ]
  },
  {
    "id": 5819,
    "q": "مَن جَوَّز على الأنبياءِ الكَذِبَ فيما أتَوْا به؛ فهو:",
    "level": 3,
    "link": "https://www.dorar.net/aqeeda/2917",
    "section": "e-nawagid",
    "answers": [
      {
        "answer": "كافِرٌ بإجماعٍ",
        "t": 1
      },
      {
        "answer": "فاسِقٌ جاهِلٌ",
        "t": 0
      },
      {
        "answer": "مُؤمِنٌ عاصٍ",
        "t": 0
      }
    ]
  },
  {
    "id": 5813,
    "q": "مَن قَرأَ القرآنَ على ضَربِ الدُّفِّ؛ فإنَّه:",
    "level": 3,
    "link": "https://www.dorar.net/aqeeda/2886",
    "section": "e-nawagid",
    "answers": [
      {
        "answer": "يَكفُرُ بهذا الفِعلِ",
        "t": 1
      },
      {
        "answer": "يَأثَمُ بذلك، ولا يَخرُجُ منَ المِلَّةِ",
        "t": 0
      },
      {
        "answer": "يُسجَنُ، ويُعزَّرُ أبدًا",
        "t": 0
      }
    ]
  },
  {
    "id": 5815,
    "q": "إنكارُ وُجودِ الجِنِّ أوِ المَلائكةِ، هو:",
    "level": 3,
    "link": "https://www.dorar.net/aqeeda/2912",
    "section": "e-nawagid",
    "answers": [
      {
        "answer": "إثمٌ ومَعصيةٌ، ولا يَرتَقي إلى دَرجةِ الكُفرِ",
        "t": 0
      },
      {
        "answer": "كُفرٌ أكبَرُ",
        "t": 1
      },
      {
        "answer": "نِفاقٌ عَمَليٌّ",
        "t": 0
      }
    ]
  },
  {
    "id": 5810,
    "q": "التَّكفيرُ بأقوالٍ وأعمالٍ مُحتَمِلةِ الدَّلالةِ قبلَ التَّحقُّقِ من قَصدِ قائِلِها أو فاعِلِها، هو أمرٌ:",
    "level": 3,
    "link": "https://dorar.net/aqeeda/2743",
    "section": "e-nawagid",
    "answers": [
      {
        "answer": "يَجوزُ إذا كان لازِمُ قَولِه يَدُلُّ عليه، أو يَؤُولُ إليه",
        "t": 0
      },
      {
        "answer": "جائزٌ شَرعًا",
        "t": 0
      },
      {
        "answer": "لا يَجوزُ مُطلقًا",
        "t": 1
      }
    ]
  }
]