[
  {
    "id": 5780,
    "q": "الكَذِبُ على رَسولِ اللهِ ﷺ ووَضعُ الأحاديثِ المُختَلَقةِ عليه، هو من:",
    "level": 1,
    "link": "https://www.dorar.net/aqeeda/2939",
    "section": "e-nawagid",
    "answers": [
      {
        "answer": "الشِّركِ الأصغَرِ",
        "t": 0
      },
      {
        "answer": "الكَبائرِ",
        "t": 1
      },
      {
        "answer": "الكُفرِ الصَّريحِ",
        "t": 0
      }
    ]
  },
  {
    "id": 5772,
    "q": "اعتِقادُ أنَّ الحُكمَ بالشَّريعةِ أحسَنُ من الحُكْمِ بالقوانينِ، لكن يُجوِّزُ الحُكْمَ بالقوانينِ:",
    "level": 1,
    "link": "https://www.dorar.net/aqeeda/2890",
    "section": "e-nawagid",
    "answers": [
      {
        "answer": "كُفر",
        "t": 1
      },
      {
        "answer": "نِفاقٌ أكبَر",
        "t": 0
      },
      {
        "answer": "شِرْك",
        "t": 0
      }
    ]
  },
  {
    "id": 5766,
    "q": "الحُكمُ بغيرِ الشَّريعةِ في قَضيَّةٍ مُعَيَّنةٍ تغليبًا لشَهوةٍ لا استِحلالًا؛ هو من:",
    "level": 1,
    "link": "https://dorar.net/aqeeda/2701",
    "section": "e-nawagid",
    "answers": [
      {
        "answer": "النِّفاقِ الاعتِقادِيِّ",
        "t": 0
      },
      {
        "answer": "الكُفرِ الأكبَرِ",
        "t": 0
      },
      {
        "answer": "الكُفرِ الأصغَرِ",
        "t": 1
      }
    ]
  },
  {
    "id": 5764,
    "q": "عاقِبةُ الكُفرِ في الآخِرةِ:",
    "level": 1,
    "link": "https://dorar.net/aqeeda/2688",
    "section": "e-nawagid",
    "answers": [
      {
        "answer": "العذابُ في النَّارِ ثمَّ دُخولُ الجنَّةَ",
        "t": 0
      },
      {
        "answer": "دُخولُه النَّارَ، ثمَّ فَناؤُه",
        "t": 0
      },
      {
        "answer": "خُلودُ صاحِبِه في النَّارِ أبدًا",
        "t": 1
      }
    ]
  },
  {
    "id": 5773,
    "q": "إذا قال شَخصٌ: لو شَهِدَ عِندي الأنبياءُ والملائكةُ بكذا، ما صَدَّقتُهم؛ فإنَّه:",
    "level": 1,
    "link": "https://www.dorar.net/aqeeda/2912",
    "section": "e-nawagid",
    "answers": [
      {
        "answer": "يَكفُرُ بذلك",
        "t": 1
      },
      {
        "answer": "لا يُكفَّنُ ولا يُدفَنُ في مَقابرِ المُسلِمينَ",
        "t": 0
      },
      {
        "answer": "يُحجَرُ عليه، ويُسجَنُ حتى يَموتَ",
        "t": 0
      }
    ]
  },
  {
    "id": 5762,
    "q": "مَن شكَّ في كُفرِ بعضِ المُشركِينَ؛ كاليَهودِ أوِ النَّصارى، فهو:",
    "level": 1,
    "link": "https://dorar.net/aqeeda/2842",
    "section": "e-nawagid",
    "answers": [
      {
        "answer": "مُسلِمٌ مُرتكِبٌ لكَبيرةٍ",
        "t": 0
      },
      {
        "answer": "لا ذَنبَ عليه في ذلك",
        "t": 0
      },
      {
        "answer": "كافِرٌ باللهِ تَعالَى",
        "t": 1
      }
    ]
  },
  {
    "id": 5777,
    "q": "المعلومُ للخاصَّةِ منَ الدِّينِ بالضَّرورةِ، فإنَّه:",
    "level": 1,
    "link": "https://www.dorar.net/aqeeda/2925",
    "section": "e-nawagid",
    "answers": [
      {
        "answer": "يُعذَرُ جاهِلُه من العامَّةِ إذا خالَفه باستحلالٍ أو جُحودٍ",
        "t": 1
      },
      {
        "answer": "يُعاقَب مُنكِرُه من العامَّةِ",
        "t": 0
      },
      {
        "answer": "يَكفُرُ مُستحِلُّه من العامَّةِ مُطلقًا بلا عُذرٍ",
        "t": 0
      }
    ]
  },
  {
    "id": 5771,
    "q": "اتَّفَق العُلَماءُ على أنَّ مَن أنكَرَ الكُتُبَ المُنزَّلةَ، أوِ استَهزأَ بها، فهو:",
    "level": 1,
    "link": "https://www.dorar.net/aqeeda/2886",
    "section": "e-nawagid",
    "answers": [
      {
        "answer": "مُشرِكٌ",
        "t": 0
      },
      {
        "answer": "كافرٌ",
        "t": 1
      },
      {
        "answer": "منافق ظاهر النفاق",
        "t": 0
      }
    ]
  },
  {
    "id": 5775,
    "q": "الطَّعنُ في الأنبياءِ عَليهمُ السَّلامُ هو من قَبيلِ:",
    "level": 1,
    "link": "https://www.dorar.net/aqeeda/2917",
    "section": "e-nawagid",
    "answers": [
      {
        "answer": "الكُفرِ والرِّدَّةِ عنِ الإسلامِ",
        "t": 1
      },
      {
        "answer": "وَسائلِ الشِّركِ",
        "t": 0
      },
      {
        "answer": "النِّفاقِ العَمليِّ",
        "t": 0
      }
    ]
  },
  {
    "id": 5767,
    "q": "رَفضُ الشَّريعةِ بالكُليَّةِ، وتَحكيمُ القوانينِ الوضعيَّةِ؛ هو من قَبيلِ:",
    "level": 1,
    "link": "https://dorar.net/aqeeda/2701",
    "section": "e-nawagid",
    "answers": [
      {
        "answer": "الكُفرِ الأكبَرِ",
        "t": 1
      },
      {
        "answer": "الكُفرِ الأصغَرِ",
        "t": 0
      },
      {
        "answer": "النِّفاقِ العَمليِّ",
        "t": 0
      }
    ]
  },
  {
    "id": 5765,
    "q": "تَسميةُ بعضِ الأبناءِ بعبدِ الرَّسولِ، وعبدِ الحارِثِ، وغيرِ ذلك، هو من قَبيلِ:",
    "level": 1,
    "link": "https://dorar.net/aqeeda/2699",
    "section": "e-nawagid",
    "answers": [
      {
        "answer": "النِّفاقِ العمَليِّ",
        "t": 0
      },
      {
        "answer": "الكُفرِ الأكبَرِ",
        "t": 0
      },
      {
        "answer": "الكُفرِ الأصغَرِ",
        "t": 1
      }
    ]
  },
  {
    "id": 5761,
    "q": "من نواقِضِ الإسلامِ القَوليَّةِ:",
    "level": 1,
    "link": "https://dorar.net/aqeeda/2853",
    "section": "e-nawagid",
    "answers": [
      {
        "answer": "سَبُّ اللهِ سُبحانَه، أوِ البَراءةُ من دِينِه، أو الاستِغاثةُ بغَيرِه",
        "t": 1
      },
      {
        "answer": "التَّشَبُّه بالمُشرِكينَ",
        "t": 0
      },
      {
        "answer": "ذِكرُ اللهِ بما لم يَرِدْ في السُّنَّةِ",
        "t": 0
      }
    ]
  },
  {
    "id": 5769,
    "q": "من عَقيدةِ أهلِ السُّنَّةِ والجَماعةِ أنَّهم لا يُكَفِّرونَ أحدًا من أهلِ القِبلةِ بكُلِّ ذَنبٍ، إلَّا أن:",
    "level": 1,
    "link": "https://dorar.net/aqeeda/2735",
    "section": "e-nawagid",
    "answers": [
      {
        "answer": "يَستحِلَّه",
        "t": 1
      },
      {
        "answer": "يُظهِرَ بخِلافِ ما يُبطِنُ من حُبِّ المَعصِيةِ",
        "t": 0
      },
      {
        "answer": "يَجهَرَ به فيَتأسَّى الناسُ بهِ",
        "t": 0
      }
    ]
  },
  {
    "id": 5770,
    "q": "الإيمانُ بالكُتُبِ المُنزَّلةِ على الرُّسُلِ، هو أحدُ:",
    "level": 1,
    "link": "https://www.dorar.net/aqeeda/2886",
    "section": "e-nawagid",
    "answers": [
      {
        "answer": "الغَيبِيَّاتِ",
        "t": 0
      },
      {
        "answer": "مُوجِباتِ الإقرارِ بالشَّهادَتينِ",
        "t": 0
      },
      {
        "answer": "أركانِ الإيمانِ",
        "t": 1
      }
    ]
  },
  {
    "id": 5779,
    "q": "المُنافِقُ إذا لم يُظهِرْ ما في باطِنِه من مخالَفةِ الدِّينِ، وأظهَرَ الأعمالَ الظَّاهِرةَ منَ الإسلامِ؛ فهو:",
    "level": 1,
    "link": "https://www.dorar.net/aqeeda/2933",
    "section": "e-nawagid",
    "answers": [
      {
        "answer": "مُسلِمٌ فاسِقٌ",
        "t": 0
      },
      {
        "answer": "مُسلِمٌ وتَجري عَليهِ أحْكامُ الإسْلامِ الظَّاهرةُ في الدُّنيا",
        "t": 1
      },
      {
        "answer": "كافِرٌ في الظَّاهِرِ والباطِنِ",
        "t": 0
      }
    ]
  },
  {
    "id": 5763,
    "q": "مَن أبغَضَ شيئًا ممَّا جاء به النَّبيُّ ﷺ وهو يَعمَلُ به معَ ذلك؛ فإنَّه:",
    "level": 1,
    "link": "https://dorar.net/aqeeda/2888",
    "section": "e-nawagid",
    "answers": [
      {
        "answer": "يَكفُرُ باللهِ تَعالَى",
        "t": 1
      },
      {
        "answer": "يَأثَمُ",
        "t": 0
      },
      {
        "answer": "يُكرَهُ له ذلك",
        "t": 0
      }
    ]
  },
  {
    "id": 5768,
    "q": "يَدلُّ حَديثُ أبي ذرٍّ الغِفاريِّ رضيَ اللهُ عنه: «لا يَرمي رجُلٌ رجُلًا بالفُسوقِ، ولا يَرميهِ بالكُفرِ، إلَّا ارتَدَّتْ عليه، إنْ لم يَكُنْ صاحِبُه كذلك» على:",
    "level": 1,
    "link": "https://dorar.net/aqeeda/2733",
    "section": "e-nawagid",
    "answers": [
      {
        "answer": "أنَّ الفُسوقَ أَشدُّ جُرمًا مِن الكُفرِ",
        "t": 0
      },
      {
        "answer": "أنَّ مَن ارتَدَّ لا تُقبلُ تَوبتُه وإنْ تابَ",
        "t": 0
      },
      {
        "answer": "تَحريمُ تَكفيرِ المُسلِمِ بغَيرِ حَقٍّ",
        "t": 1
      }
    ]
  },
  {
    "id": 5778,
    "q": "مَن نَشأَ في باديةٍ بَعيدةٍ عن حاضِرةِ العِلمِ والعُلَماءِ، أو كان حديثَ عَهدٍ بالإسْلامِ؛ فإنَّه:",
    "level": 1,
    "link": "https://www.dorar.net/aqeeda/2925",
    "section": "e-nawagid",
    "answers": [
      {
        "answer": "لا يُعذَرُ بجَهلِ المَعلومِ منَ الدِّينِ بالضَّرورةِ",
        "t": 0
      },
      {
        "answer": "يُعذَرُ في الصَّغائرِ دونَ الكَبائرِ",
        "t": 0
      },
      {
        "answer": "يُعذَرُ بجَهلِ المعلومِ من الدِّينِ بالضَّرورةِ عندَ غيرِه",
        "t": 1
      }
    ]
  },
  {
    "id": 5774,
    "q": "إنكارُ البَعثِ بعدَ المَوتِ يومَ القِيامةِ، هو:",
    "level": 1,
    "link": "https://www.dorar.net/aqeeda/2915",
    "section": "e-nawagid",
    "answers": [
      {
        "answer": "كَبيرةٌ مِن الكَبائرِ المُوبِقات",
        "t": 0
      },
      {
        "answer": "شِركٌ أَصغَر",
        "t": 0
      },
      {
        "answer": "كُفرٌ مُخرِجٌ منَ المِلَّةِ",
        "t": 1
      }
    ]
  },
  {
    "id": 5776,
    "q": "المعلومُ من الدِّينِ بالضَّرورةِ يختَلِفُ كَونُه كذلك باختلافِ:",
    "level": 1,
    "link": "https://www.dorar.net/aqeeda/2923",
    "section": "e-nawagid",
    "answers": [
      {
        "answer": "الأزمِنةِ والأمكِنةِ من حيثُ ظهورُ آثارِ الرِّسالةِ أو دُروسِها",
        "t": 1
      },
      {
        "answer": "العَملِ بالشَّعائرِ الظَّاهِرةِ وانعِدامِها",
        "t": 0
      },
      {
        "answer": "الإيمانِ والنِّفاقِ",
        "t": 0
      }
    ]
  }
]