[
  {
    "id": 5789,
    "q": "كُفرانُ المرأةِ لفَضلِ زوجِها عَليها ومَكانَتِه، هو من قَبيلِ:",
    "level": 2,
    "link": "https://dorar.net/aqeeda/2699",
    "section": "e-nawagid",
    "answers": [
      {
        "answer": "النِّفاقِ",
        "t": 0
      },
      {
        "answer": "الكُفرِ الأكبَرِ",
        "t": 0
      },
      {
        "answer": "الكُفرِ الأصغَرِ",
        "t": 1
      }
    ]
  },
  {
    "id": 5791,
    "q": "مَن ثَبَت إسلامُه بيَقينٍ؛ فإنَّه:",
    "level": 2,
    "link": "https://dorar.net/aqeeda/2737",
    "section": "e-nawagid",
    "answers": [
      {
        "answer": "يَزولُ بالشُّبهَةِ دُونَ الشَّكِّ",
        "t": 0
      },
      {
        "answer": "لا يَزولُ عنه مُطلقًا",
        "t": 0
      },
      {
        "answer": "لا يَزولُ عنه إلَّا باليَقينِ، بعدَ إقامةِ الحُجَّةِ وإزالةِ الشُّبهةِ",
        "t": 1
      }
    ]
  },
  {
    "id": 5783,
    "q": "منِ اعتَقَد أنَّ غَيرَ هَديِ النَّبيِّ ﷺ أكمَلُ مِن هَدْيِه؛ فإنَّه:",
    "level": 2,
    "link": "https://dorar.net/aqeeda/2890",
    "section": "e-nawagid",
    "answers": [
      {
        "answer": "يَرتدُّ عن دِينِه",
        "t": 0
      },
      {
        "answer": "يَكفُرُ بذلك",
        "t": 1
      },
      {
        "answer": "يَتشبَّهُ باليَهودِ",
        "t": 0
      }
    ]
  },
  {
    "id": 5793,
    "q": "مَن سَبَّ المَلائكةَ واستَهزَأَ بهم، فهو:",
    "level": 2,
    "link": "https://www.dorar.net/aqeeda/2912",
    "section": "e-nawagid",
    "answers": [
      {
        "answer": "كافِرٌ مُرتدٌّ",
        "t": 1
      },
      {
        "answer": "مُنافِقٌ نفاقًا أصغَرَ",
        "t": 0
      },
      {
        "answer": "مُسلِمٌ عاصٍ",
        "t": 0
      }
    ]
  },
  {
    "id": 5785,
    "q": "يُعَدُّ مِن الرِّدَّةِ عن الإسلامِ:",
    "level": 2,
    "link": "https://dorar.net/aqeeda/2693",
    "section": "e-nawagid",
    "answers": [
      {
        "answer": "الاعتِمادُ على الأسبابِ دونَ التَّوكُّل على الله",
        "t": 0
      },
      {
        "answer": "الرُّقَى والتَّمائِمُ الشِّركِيَّة",
        "t": 0
      },
      {
        "answer": "قَولُ الكُفرِ أو فِعلُ الكُفرِ",
        "t": 1
      }
    ]
  },
  {
    "id": 5799,
    "q": "الاستِهزاءُ بالعُلماءِ والصَّالحينَ لِمَا لَدَيهِم منَ العِلمِ الشَّرعيِّ، هو مِن:",
    "level": 2,
    "link": "https://www.dorar.net/aqeeda/2943",
    "section": "e-nawagid",
    "answers": [
      {
        "answer": "كبائرِ الذُّنوبِ",
        "t": 0
      },
      {
        "answer": "الكُفرِ المُخرِجِ منَ المِلَّةِ",
        "t": 1
      },
      {
        "answer": "الفِسقِ الَّذي لا يُخرِجُ عنِ المِلَّةِ",
        "t": 0
      }
    ]
  },
  {
    "id": 5781,
    "q": "من نَواقِضِ الإسْلامِ الاعتقاديَّةِ:",
    "level": 2,
    "link": "https://dorar.net/aqeeda/2849",
    "section": "e-nawagid",
    "answers": [
      {
        "answer": "تَركُ المَذاهِب الفِقهيَّة وعدم التَّمَذهُب بأَحدِها",
        "t": 0
      },
      {
        "answer": "اعتِقادُ أنَّ الشَّرَّ أقْوى منَ الخَيرِ",
        "t": 0
      },
      {
        "answer": "الرِّضا بالكُفْرِ",
        "t": 1
      }
    ]
  },
  {
    "id": 5784,
    "q": "مَن فَعَل السِّحرَ أو رَضيَ به، فإنَّه:",
    "level": 2,
    "link": "https://dorar.net/aqeeda/2950",
    "section": "e-nawagid",
    "answers": [
      {
        "answer": "يَأثَمُ",
        "t": 0
      },
      {
        "answer": "مِن عَبَدَةِ الشَّياطِينَ",
        "t": 0
      },
      {
        "answer": "كافِرٌ",
        "t": 1
      }
    ]
  },
  {
    "id": 5782,
    "q": "المُوالاةُ المُطلَقَة للمُشرِكينَ:",
    "level": 2,
    "link": "https://dorar.net/aqeeda/2935",
    "section": "e-nawagid",
    "answers": [
      {
        "answer": "كَبيرَةٌ مِن الكَبائرِ",
        "t": 0
      },
      {
        "answer": "كُفرٌ مُخرِجٌ مِن المِلَّة",
        "t": 1
      },
      {
        "answer": "مِن الشِّركِ الأكبَر",
        "t": 0
      }
    ]
  },
  {
    "id": 5787,
    "q": "النِّفاقُ الاعتِقاديُّ من أقْسامِ:",
    "level": 2,
    "link": "https://dorar.net/aqeeda/2697",
    "section": "e-nawagid",
    "answers": [
      {
        "answer": "الشِّركِ الخَفِيِّ",
        "t": 0
      },
      {
        "answer": "الكُفرِ الأصغَرِ",
        "t": 0
      },
      {
        "answer": "الكُفرِ الأكبَرِ",
        "t": 1
      }
    ]
  },
  {
    "id": 5792,
    "q": "الإيمانُ بوُجودِ الجنِّ، هو أمرٌ:",
    "level": 2,
    "link": "https://www.dorar.net/aqeeda/2912",
    "section": "e-nawagid",
    "answers": [
      {
        "answer": "مِن أركانِ الإسلامِ",
        "t": 0
      },
      {
        "answer": "واجِبٌ شرعًا",
        "t": 1
      },
      {
        "answer": "واجِبٌ عَقلًا وحِسًّا",
        "t": 0
      }
    ]
  },
  {
    "id": 5800,
    "q": "السِّحرُ عِبارةٌ عن:",
    "level": 2,
    "link": "https://www.dorar.net/aqeeda/2950",
    "section": "e-nawagid",
    "answers": [
      {
        "answer": "ألعابِ الخِفَّةِ",
        "t": 0
      },
      {
        "answer": "خِداعِ النَّاسِ بخَواصِّ المَوادِّ",
        "t": 0
      },
      {
        "answer": "عُقَدٍ ورُقًى، وكلامٍ يَتكلَّمُ به أو يَكتُبُه",
        "t": 1
      }
    ]
  },
  {
    "id": 5798,
    "q": "المُستحِلُّ لسَبِّ أصْحابِ النَّبيِّ ﷺ هو:",
    "level": 2,
    "link": "https://www.dorar.net/aqeeda/2941",
    "section": "e-nawagid",
    "answers": [
      {
        "answer": "كافِرٌ خارِجٌ منَ المِلَّةِ",
        "t": 1
      },
      {
        "answer": "مُسلِمٌ عاصٍ",
        "t": 0
      },
      {
        "answer": "مُنافِقٌ نفاقًا أصغَرَ",
        "t": 0
      }
    ]
  },
  {
    "id": 5796,
    "q": "مَن ظَهَرت منه عَلاماتُ النِّفاقِ الدَّالَّةُ عليه؛ فإنَّه:",
    "level": 2,
    "link": "https://www.dorar.net/aqeeda/2935",
    "section": "e-nawagid",
    "answers": [
      {
        "answer": "يَجوزُ إطلاقُ اسمِ النِّفاقِ عليه",
        "t": 1
      },
      {
        "answer": "يُكرَهُ إطلاقُ اسمِ النِّفاقِ عليه",
        "t": 0
      },
      {
        "answer": "لا يَجوزُ إطلاقُ اسمِ النِّفاقِ عليه",
        "t": 0
      }
    ]
  },
  {
    "id": 5790,
    "q": "حُكمُ تارِكِ الصَّلاةِ أنَّه:",
    "level": 2,
    "link": "https://dorar.net/aqeeda/2701",
    "section": "e-nawagid",
    "answers": [
      {
        "answer": "كافِرٌ، وخارِجٌ منَ المِلَّةِ",
        "t": 1
      },
      {
        "answer": "مُسلِمٌ عاصٍ",
        "t": 0
      },
      {
        "answer": "مُنافِقٌ نِفاقًا عَمَليًّا",
        "t": 0
      }
    ]
  },
  {
    "id": 5795,
    "q": "إنكارُ نُصوصِ الوَعْدِ والوَعيدِ وصَرْفُها عن ظاهِرِها؛ يتضَمَّنُ:",
    "level": 2,
    "link": "https://www.dorar.net/aqeeda/2917",
    "section": "e-nawagid",
    "answers": [
      {
        "answer": "تَكذيبًا لأصحابِ الخُرافاتِ والأباطيلِ",
        "t": 0
      },
      {
        "answer": "طَعنًا في الأنبياءِ عَليهمُ السَّلامُ، وتَنَقُّصًا لهم",
        "t": 1
      },
      {
        "answer": "تَصديقًا لِلوَحيِ المُنزَّلِ",
        "t": 0
      }
    ]
  },
  {
    "id": 5786,
    "q": "الشَّكُّ في رِسالةِ النَّبيِّ ﷺ هو قِسمٌ من أقْسامِ:",
    "level": 2,
    "link": "https://dorar.net/aqeeda/2697",
    "section": "e-nawagid",
    "answers": [
      {
        "answer": "الكُفرِ الأكبَرِ",
        "t": 1
      },
      {
        "answer": "الكُفرِ الأصغَرِ",
        "t": 0
      },
      {
        "answer": "النِّفاقِ الأصغَرِ",
        "t": 0
      }
    ]
  },
  {
    "id": 5797,
    "q": "مَن كَذَب على رَسولِ اللهِ ﷺ في تَحليلِ حَرامٍ أو عَكسِه، فهو:",
    "level": 2,
    "link": "https://www.dorar.net/aqeeda/2939",
    "section": "e-nawagid",
    "answers": [
      {
        "answer": "مُنافِقٌ مَعلومُ النِّفاِق",
        "t": 0
      },
      {
        "answer": "مُسلِمٌ مُرتكِبٌ لكَبيرةٍ",
        "t": 0
      },
      {
        "answer": "كافِرٌ خارِجٌ منَ المِلَّةِ",
        "t": 1
      }
    ]
  },
  {
    "id": 5794,
    "q": "قَولُ مَلاحِدةِ المُتصَوِّفةِ: إنَّ الجَنَّةَ أوِ النَّارَ مَعانٍ باطنةٌ يُقصَدُ بها نعيمُ الأرواحِ أو تألُّمُها فقط، هو من قَبيلِ:",
    "level": 2,
    "link": "https://www.dorar.net/aqeeda/2917",
    "section": "e-nawagid",
    "answers": [
      {
        "answer": "النِّفاقِ العَمليِّ",
        "t": 0
      },
      {
        "answer": "الرِّياءِ المُفضِي إلى الشِّركِ",
        "t": 0
      },
      {
        "answer": "إنكارِ الوَعدِ والوَعيدِ الَّذي هو كُفرٌ",
        "t": 1
      }
    ]
  },
  {
    "id": 5788,
    "q": "قَولُ الرَّجُلِ: لولا فلانٌ ما كان كذا وكذا، هو من قَبيلِ:",
    "level": 2,
    "link": "https://dorar.net/aqeeda/2699",
    "section": "e-nawagid",
    "answers": [
      {
        "answer": "الكُفرِ الأكبَرِ",
        "t": 0
      },
      {
        "answer": "الكُفرِ الأصغَرِ",
        "t": 1
      },
      {
        "answer": "النِّفاقِ الاعتِقاديِّ",
        "t": 0
      }
    ]
  }
]