[
  {
    "id": 2898,
    "q": "يقولُ رَسولُ الله ﷺ: إِذَا انْتَعَلَ أَحَدُكُمْ:",
    "level": 2,
    "link": "https://www.dorar.net/hadith/sharh/151090",
    "section": "hadith01",
    "answers": [
      {
        "answer": "فليَحمَد الله",
        "t": 0
      },
      {
        "answer": "فليَقُل: باسمِ الله",
        "t": 0
      },
      {
        "answer": "فَلْيَبْدَأْ باليَمِينِ",
        "t": 1
      }
    ]
  },
  {
    "id": 2902,
    "q": "يقولُ رَسولُ الله ﷺ: إذا تَثاءَبَ أحَدُكُمْ في الصَّلاةِ، فَلْيَكْظِمْ ما اسْتَطاعَ، فإنَّ:",
    "level": 2,
    "link": "https://www.dorar.net/hadith/sharh/17853",
    "section": "hadith01",
    "answers": [
      {
        "answer": "الهَوامُّ تَعلَقُ في الفَمِ",
        "t": 0
      },
      {
        "answer": "الشَّيْطانَ يَدْخُلُ",
        "t": 1
      },
      {
        "answer": "ذلك أَدعَى للخُشُوعِ",
        "t": 0
      }
    ]
  },
  {
    "id": 2897,
    "q": "الإيمانُ والحِكمةُ يَمانِيةٌ، يَعنِي:",
    "level": 2,
    "link": "https://dorar.net/hadith/sharh/150320",
    "section": "hadith01",
    "answers": [
      {
        "answer": "مَصدَرُهُما حُبُّ التَّيامُنُ",
        "t": 0
      },
      {
        "answer": "تُنسَبُ إلى أهْلِ اليَمَنِ؛ لانْقيادِهم إلى الإيمانِ مِن غَيرِ تَكلُّفٍ",
        "t": 1
      },
      {
        "answer": "يُنسَبانِ إلى اليَمينِ",
        "t": 0
      }
    ]
  },
  {
    "id": 2893,
    "q": "قَرْنَا الشَّيطانِ، يَعنِي:",
    "level": 2,
    "link": "https://dorar.net/hadith/sharh/150696",
    "section": "hadith01",
    "answers": [
      {
        "answer": "جانِبَي رَأسِه",
        "t": 1
      },
      {
        "answer": "وَسْوَسَتُه وَغَيُّه",
        "t": 0
      },
      {
        "answer": "مُؤخَّر أُذُنَيهِ مِن فَوق",
        "t": 0
      }
    ]
  },
  {
    "id": 2888,
    "q": "ما مَعنَى قَولِ عُمرَ بنِ أبي سَلمَة: \"وكَانَتْ يَدِي تَطِيشُ في الصَّحْفَةِ\":\n ",
    "level": 2,
    "link": "https://www.dorar.net/hadith/sharh/150867",
    "section": "hadith01",
    "answers": [
      {
        "answer": "أي: يُحرِّكُها في جَوانبِ إناءِ الطَّعامِ؛ لِيَلتَقِطَه",
        "t": 1
      },
      {
        "answer": "أي: كان يَأكُل بشَراهةٍ ولم يَتمهَّل",
        "t": 0
      },
      {
        "answer": "أي: كانت يَدِي تَعبَثُ بالأَوراقِ والصُّحُفِ",
        "t": 0
      }
    ]
  },
  {
    "id": 2891,
    "q": "في قَولِه: \"خيارُكُم لنسائِهِم\" المَقصودُ بالنِّساءِ:",
    "level": 2,
    "link": "https://www.dorar.net/hadith/sharh/151063",
    "section": "hadith01",
    "answers": [
      {
        "answer": "النِّساءُ المُسلِماتِ غَيرُ المُحرَّماتِ",
        "t": 0
      },
      {
        "answer": "كُلُّ النِّساءِ ",
        "t": 0
      },
      {
        "answer": "أهلُه مِن النِّساءِ كزَوجتِه وبَناتِه وأخواتِه وقَريباتِه؛ لأنَّهُنَّ مَحَلُّ الرَّحْمةِ لضَعفِهنَّ",
        "t": 1
      }
    ]
  },
  {
    "id": 2892,
    "q": "مِصداقُ قَولِه: \"أنْفِقْ أُنْفِقْ عَلَيْكَ\" من القُرآنِ الكَريمِ، هو قَولُه تعالى:",
    "level": 2,
    "link": "https://dorar.net/hadith/sharh/151154",
    "section": "hadith01",
    "answers": [
      {
        "answer": "{وَمَا عِنْدَ اللَّهِ خَيْرٌ لِلْأَبْرَارِ} [آل عمران: 198]",
        "t": 0
      },
      {
        "answer": "{وَمَا أَنْفَقْتُمْ مِنْ شَيْءٍ فَهُوَ يُخْلِفُهُ} [سبأ:39]",
        "t": 1
      },
      {
        "answer": "{مَا عِنْدَكُمْ يَنْفَدُ وَمَا عِنْدَ اللَّهِ بَاقٍ} [النحل: 96]",
        "t": 0
      }
    ]
  },
  {
    "id": 2903,
    "q": "في الحَديثِ: إذَا صَلَّى أحَدُكُمْ إلى شيءٍ يَسْتُرُهُ مِنَ النَّاسِ فأرَادَ أحَدٌ أنْ يَجْتَازَ بيْنَ يَدَيْهِ، ",
    "level": 2,
    "link": "https://dorar.net/hadith/sharh/22421",
    "section": "hadith01",
    "answers": [
      {
        "answer": "فَلْيَدْفَعْهُ",
        "t": 1
      },
      {
        "answer": "فَلْيَتْرُكهُ",
        "t": 0
      },
      {
        "answer": "فَلْيُكرِمهُ",
        "t": 0
      }
    ]
  },
  {
    "id": 2890,
    "q": "خِيارُكم، يَعنِي:",
    "level": 2,
    "link": "https://dorar.net/hadith/sharh/32548",
    "section": "hadith01",
    "answers": [
      {
        "answer": "أفضَلُكم وأحسَنُكم",
        "t": 1
      },
      {
        "answer": "الطَّامِعين في الثَّوابِ",
        "t": 0
      },
      {
        "answer": "المُحبِّين للخَيرِ",
        "t": 0
      }
    ]
  },
  {
    "id": 2905,
    "q": "يقولُ رَسولُ الله ﷺ: مَن كانَ له ذِبْحٌ يَذْبَحُهُ فإذا أُهِلَّ هِلالُ ذِي الحِجَّةِ:",
    "level": 2,
    "link": "https://www.dorar.net/hadith/sharh/21160",
    "section": "hadith01",
    "answers": [
      {
        "answer": "فلا يَأْخُذَنَّ مِن شَعْرِهِ ولا مِن أظْفارِهِ شيئًا حتَّى يُضَحِّيَ",
        "t": 1
      },
      {
        "answer": "فليُمسِكها على العَلَفِ حتَّى تَسمُن",
        "t": 0
      },
      {
        "answer": "فَلْيَذبَح ذَبِيحَتَه وليُضَحِّ",
        "t": 0
      }
    ]
  },
  {
    "id": 2889,
    "q": "يقولُ رَسولُ الله ﷺ: أكْملُ المؤمنينَ إيمانًا أحسنُهُم خلقًا،  وخيارُكُم:",
    "level": 2,
    "link": "https://dorar.net/hadith/sharh/32548",
    "section": "hadith01",
    "answers": [
      {
        "answer": "في الجاهِلِيَّةِ خِيارُكُم في الإسلامِ",
        "t": 0
      },
      {
        "answer": "أكثَرُكُم ذِكرًا للهِ",
        "t": 0
      },
      {
        "answer": "خِيارُكُم لنِسائِهِم",
        "t": 1
      }
    ]
  },
  {
    "id": 2894,
    "q": "مَعنى الفَدَّادين:",
    "level": 2,
    "link": "https://dorar.net/hadith/sharh/150696",
    "section": "hadith01",
    "answers": [
      {
        "answer": "الكافِرون",
        "t": 0
      },
      {
        "answer": "النَّاعِقونَ الذين يُغيِّرُون خَلْقَ الله",
        "t": 0
      },
      {
        "answer": "الَّذين تَعلو أصواتُهم في إبلِهِم وخَيلِهم وحُروثِهم ونحْوِ ذلك",
        "t": 1
      }
    ]
  },
  {
    "id": 2901,
    "q": "التَّرجُّلُ، يَعنِي:",
    "level": 2,
    "link": "https://www.dorar.net/hadith/sharh/11696",
    "section": "hadith01",
    "answers": [
      {
        "answer": "أنْ يَصيرَ الغُلامُ رَجُلًا",
        "t": 0
      },
      {
        "answer": "لُبْسَ الحِذاءِ في الرِجْلِ",
        "t": 0
      },
      {
        "answer": "تَسريحَ شَعرِ الرَّأسِ بالمُشطِ",
        "t": 1
      }
    ]
  },
  {
    "id": 2887,
    "q": "في حَجْرِ النَّبيِّ ﷺ، يَعنِي:",
    "level": 2,
    "link": "https://www.dorar.net/hadith/sharh/150867",
    "section": "hadith01",
    "answers": [
      {
        "answer": "في تَربيتِه وتحْتَ رِعايتِه",
        "t": 1
      },
      {
        "answer": "الجُلوسُ على فَخِذِ النبيِّ ﷺ",
        "t": 0
      },
      {
        "answer": "الحياةُ على هَدْيِ النبيِّ ﷺ",
        "t": 0
      }
    ]
  },
  {
    "id": 2900,
    "q": "في حَديثِ: \"مَن يُرِدِ اللهُ به خيرًا يُفَقِّهْهُ في الدِّينِ\" جاءَت كَلِمةُ \"خَيرًا\" نَكِرةً لـ:",
    "level": 2,
    "link": "https://dorar.net/hadith/sharh/157",
    "section": "hadith01",
    "answers": [
      {
        "answer": "ليَشمَلَ القَليلَ والكثيرَ",
        "t": 1
      },
      {
        "answer": "للتَّنزيهِ",
        "t": 0
      },
      {
        "answer": "للحَصرِ والقَصرِ",
        "t": 0
      }
    ]
  },
  {
    "id": 2886,
    "q": "قال رَسولُ الله ﷺ لِعُمرَ بنِ أبي سَلَمةَ رَضِيَ اللهُ عنه: يا غُلَامُ: ",
    "level": 2,
    "link": "https://www.dorar.net/hadith/sharh/150867",
    "section": "hadith01",
    "answers": [
      {
        "answer": "سَمِّ اللَّهَ، وكُلْ بيَمِينِكَ",
        "t": 1
      },
      {
        "answer": "اتَّقِ اللهَ يجعَل لك مَخرجًا",
        "t": 0
      },
      {
        "answer": "احمَدِ اللهَ يكُن لك عَونًا",
        "t": 0
      }
    ]
  },
  {
    "id": 2904,
    "q": "عن أنس رضي الله عنه: أنَّهُ رَأَى رَسولَ اللَّهِ ﷺ شَرِبَ لَبَنًا، وعَنْ يَسَارِهِ أبو بَكْرٍ، وعَنْ يَمِينِهِ أعْرَابِيٌّ، فأعْطَى الأعْرَابِيَّ فَضْلَهُ، ثُمَّ قالَ:",
    "level": 2,
    "link": "https://www.dorar.net/hadith/sharh/151385",
    "section": "hadith01",
    "answers": [
      {
        "answer": "الغَريبُ أوَّلًا",
        "t": 0
      },
      {
        "answer": "الأيْمَنَ فَالأيْمَنَ",
        "t": 1
      },
      {
        "answer": "كَبِّرِ كَبِّرِ ",
        "t": 0
      }
    ]
  },
  {
    "id": 2896,
    "q": "الحِكمةُ هي:",
    "level": 2,
    "link": "https://dorar.net/hadith/sharh/150320",
    "section": "hadith01",
    "answers": [
      {
        "answer": "القَولُ اللَّيِّنُ",
        "t": 0
      },
      {
        "answer": "مَعرِفَةُ بَواطنِ الأُمورِ مِن ظَواهِرها",
        "t": 0
      },
      {
        "answer": "العِلمِ المُشتَمِلِ على مَعرِفةِ اللهِ تعالَى",
        "t": 1
      }
    ]
  },
  {
    "id": 2895,
    "q": "يقولُ رَسولُ الله ﷺ: السَّكِينَةُ والْوَقارُ في:",
    "level": 2,
    "link": "https://www.dorar.net/hadith/sharh/150320",
    "section": "hadith01",
    "answers": [
      {
        "answer": "أصْحابِ الشَّاءِ",
        "t": 1
      },
      {
        "answer": "قِيامِ اللَّيلِ",
        "t": 0
      },
      {
        "answer": "ذِكرِ الله وما وَالاهُ",
        "t": 0
      }
    ]
  },
  {
    "id": 2899,
    "q": "كانَ النبيُّ ﷺ يُعْجِبُهُ:",
    "level": 2,
    "link": "https://www.dorar.net/hadith/sharh/11696",
    "section": "hadith01",
    "answers": [
      {
        "answer": "التَّيَمُّنُ",
        "t": 1
      },
      {
        "answer": "تَمرُ العَجوَةِ",
        "t": 0
      },
      {
        "answer": "أنْ يَبدأَ يَومَه بركعَتينِ خَفيفَتينِ",
        "t": 0
      }
    ]
  }
]