[
  {
    "id": 2869,
    "q": "الصُّرَعة هو:",
    "level": 1,
    "link": "https://dorar.net/hadith/sharh/151201",
    "section": "hadith01",
    "answers": [
      {
        "answer": "المُصابُ بالصَّرَعِ",
        "t": 0
      },
      {
        "answer": "الَّذي يَتمتَّعُ بقوَّةٍ بَدنيَّةٍ يَستطيعُ بها أنْ يَصرَعَ الآخَرين ويَغلِبَهُم",
        "t": 1
      },
      {
        "answer": "الذي يَغلِبُه النَّاسُ ويَصرَعُونه",
        "t": 0
      }
    ]
  },
  {
    "id": 2870,
    "q": "يقولُ رَسولُ الله ﷺ: لا يؤمِنُ عبدٌ حتَّى يُؤْمِنَ بأربعٍ: يشهَدُ أن لا إلَهَ إلَّا اللَّهُ، وأنِّي مُحمَّدٌ رسولُ اللَّهِ بَعثَني بالحقِّ، ويُؤمنُ بالموتِ:",
    "level": 1,
    "link": "https://dorar.net/hadith/sharh/36089",
    "section": "hadith01",
    "answers": [
      {
        "answer": "وبالبَعثِ بعدَ الموتِ، ويؤمِنُ بالقَدرِ",
        "t": 1
      },
      {
        "answer": "ويُؤمِنُ بأنَّ ما أصابَه لم يَكن ليخطئَه وما أخطأَه لم يَكن ليصيبَه",
        "t": 0
      },
      {
        "answer": "ويُؤمِنُ باليومِ الآخِر",
        "t": 0
      }
    ]
  },
  {
    "id": 2879,
    "q": "القَتَّاتُ هو:",
    "level": 1,
    "link": "https://www.dorar.net/hadith/sharh/151114",
    "section": "hadith01",
    "answers": [
      {
        "answer": "الَّذي يُعدِّدُ على النَّاسِ نِعَمَ اللهِ",
        "t": 0
      },
      {
        "answer": "مَنْ تَسمَّعَ إلى حَديثِ شَخصٍ، فنَقَله إلى غيرِه بقَصْدِ الإفسادِ بيْنَهُما، ويُطلَقُ عليها النَّميمةُ",
        "t": 1
      },
      {
        "answer": "الَّذي يَأكُلُ القاتَ",
        "t": 0
      }
    ]
  },
  {
    "id": 2884,
    "q": "نَهَى النبيُّ ﷺ أنْ يُقِيمَ الرَّجُلُ أخَاهُ مِن مَقْعَدِهِ:",
    "level": 1,
    "link": "https://dorar.net/hadith/sharh/8584",
    "section": "hadith01",
    "answers": [
      {
        "answer": "ويَجْلِسَ فِيه",
        "t": 1
      },
      {
        "answer": "حَمِيَّةً للجاهِليَّة",
        "t": 0
      },
      {
        "answer": "ثم يَنهَرهُ",
        "t": 0
      }
    ]
  },
  {
    "id": 2868,
    "q": "يقولُ رَسولُ الله ﷺ: ليسَ الشَّدِيدُ بالصُّرَعَةِ، إنَّما الشَّدِيدُ الذي يَمْلِكُ نَفْسَهُ:",
    "level": 1,
    "link": "https://dorar.net/hadith/sharh/151201",
    "section": "hadith01",
    "answers": [
      {
        "answer": "ويُمسِكُ لِسانَه",
        "t": 0
      },
      {
        "answer": "عِنْدَ الغَضَبِ",
        "t": 1
      },
      {
        "answer": "عن الشِّركِ بالله",
        "t": 0
      }
    ]
  },
  {
    "id": 2874,
    "q": "يقولُ رَسولُ الله ﷺ: مَنِ اسْتَطَاعَ البَاءَةَ فَلْيَتَزَوَّجْ؛ فإنَّه أغَضُّ لِلْبَصَرِ، وأَحْصَنُ لِلْفَرْجِ، ومَن لَمْ يَسْتَطِعْ:",
    "level": 1,
    "link": "https://www.dorar.net/hadith/sharh/13848",
    "section": "hadith01",
    "answers": [
      {
        "answer": "فليَدَّخِر نَفسَه للحُورِ العِينِ",
        "t": 0
      },
      {
        "answer": "فَعليهِ بالدُّعاءِ",
        "t": 0
      },
      {
        "answer": "فَعلَيهِ بالصَّوْمِ فإنَّه له وِجَاءٌ",
        "t": 1
      }
    ]
  },
  {
    "id": 2878,
    "q": "الهَامَةُ هي:",
    "level": 1,
    "link": "https://www.dorar.net/hadith/sharh/150766",
    "section": "hadith01",
    "answers": [
      {
        "answer": "كلُّ ما له سَمٌّ",
        "t": 1
      },
      {
        "answer": "صَغائرُ الذُّنوبِ",
        "t": 0
      },
      {
        "answer": "الَّتي تُلِمُّ بالإنسانِ",
        "t": 0
      }
    ]
  },
  {
    "id": 2885,
    "q": "يقولُ رَسولُ الله ﷺ: إنَّ اللَّهَ يَغارُ، وغَيْرَةُ اللَّهِ:",
    "level": 1,
    "link": "https://www.dorar.net/hadith/sharh/151295",
    "section": "hadith01",
    "answers": [
      {
        "answer": "أن تُشرِكُوا به شَيئًا",
        "t": 0
      },
      {
        "answer": "أنْ يَسُبَّ الرجُلُ أباهُ وأُمَّه",
        "t": 0
      },
      {
        "answer": "أنْ يَأْتِيَ المُؤْمِنُ ما حَرَّمَ اللَّهُ",
        "t": 1
      }
    ]
  },
  {
    "id": 2872,
    "q": "يقولُ رَسولُ الله ﷺ: إِذَا مَاتَ الإنْسَانُ انْقَطَعَ عنْه عَمَلُهُ إِلَّا مِن ثَلَاثَةٍ: إِلَّا مِن صَدَقَةٍ جَارِيَةٍ، أَوْ عِلْمٍ يُنْتَفَعُ بِه أو:",
    "level": 1,
    "link": "https://www.dorar.net/hadith/sharh/785",
    "section": "hadith01",
    "answers": [
      {
        "answer": "عَينِ ماءٍ لابنِ السَّبيلِ",
        "t": 0
      },
      {
        "answer": "فَرسٍ تَرَكَهُ في سَبيلِ الله",
        "t": 0
      },
      {
        "answer": "وَلَدٍ صَالِحٍ يَدْعُو له",
        "t": 1
      }
    ]
  },
  {
    "id": 2880,
    "q": "يقولُ رَسولُ الله ﷺ: \"مَن نَزَلَ مَنْزِلًا، ثُمَّ قالَ: أَعُوذُ بكَلِمَاتِ اللهِ التَّامَّاتِ مِن شَرِّ ما خَلَقَ:",
    "level": 1,
    "link": "https://www.dorar.net/hadith/sharh/20520",
    "section": "hadith01",
    "answers": [
      {
        "answer": "لا يُصيبُه شَرٌّ مِن الجُمعَةِ إلى الجُمعَةِ",
        "t": 0
      },
      {
        "answer": "لَمْ يَضُرَّهُ شيءٌ حتَّى يَرْتَحِلَ مِن مَنْزِلِهِ ذلكَ\n ",
        "t": 1
      },
      {
        "answer": "لا يُخيفُه شَيطانٌ",
        "t": 0
      }
    ]
  },
  {
    "id": 2881,
    "q": "كَلِماتُ اللهِ التَّامَّاتُ هي:",
    "level": 1,
    "link": "https://www.dorar.net/hadith/sharh/20520",
    "section": "hadith01",
    "answers": [
      {
        "answer": "كَلِماتُ كلِّ ما أنزَلَه اللهُ على رَسولِه",
        "t": 0
      },
      {
        "answer": "كَلِماتُ اللهِ الكامِلَةُ الَّتي لا يَدخُلُها نَقصٌ ولا عَيبٌ",
        "t": 1
      },
      {
        "answer": "كَلِماتُ كُلِّ أنواعِ الذِّكرِ",
        "t": 0
      }
    ]
  },
  {
    "id": 2877,
    "q": "كانَ النبيُّ ﷺ يُعَوِّذُ الحَسَنَ والحُسَيْنَ، ويقولُ: أَعُوذُ بكَلِمَاتِ اللَّهِ التَّامَّةِ، مِن كُلِّ شيطَانٍ وهَامَّةٍ:",
    "level": 1,
    "link": "https://www.dorar.net/hadith/sharh/150766",
    "section": "hadith01",
    "answers": [
      {
        "answer": "ومِن كلِّ دابَّةٍ سامَّةٍ",
        "t": 0
      },
      {
        "answer": "ومِنْ كُلِّ عَيْنٍ لَامَّةٍ",
        "t": 1
      },
      {
        "answer": "ومِن شَرِّ حاسِدٍ وحاقِدٍ",
        "t": 0
      }
    ]
  },
  {
    "id": 2883,
    "q": "يقولُ رَسولُ الله ﷺ: لا فَرَعَ ولا:",
    "level": 1,
    "link": "https://www.dorar.net/hadith/sharh/151190",
    "section": "hadith01",
    "answers": [
      {
        "answer": "استِقسَامَ",
        "t": 0
      },
      {
        "answer": "جاهِليَّةَ",
        "t": 0
      },
      {
        "answer": "عَتِيرَةَ",
        "t": 1
      }
    ]
  },
  {
    "id": 2866,
    "q": "يقولُ رَسولُ الله ﷺ: مَن يُرِدِ اللهُ به خيرًا:",
    "level": 1,
    "link": "https://dorar.net/hadith/sharh/157",
    "section": "hadith01",
    "answers": [
      {
        "answer": "يَجعَل غِناهُ في قَلبِه",
        "t": 0
      },
      {
        "answer": "يَرزُقه مِن حيثُ لا يَحتسِب",
        "t": 0
      },
      {
        "answer": "يُفَقِّهْهُ في الدِّينِ",
        "t": 1
      }
    ]
  },
  {
    "id": 2882,
    "q": "إذا نَسِيَ المُسلِمُ أن يَذكُرَ اللهَ في أوَّلِ الطَّعامِ فإنَّه يَقولُ:",
    "level": 1,
    "link": "https://dorar.net/hadith/sharh/42591",
    "section": "hadith01",
    "answers": [
      {
        "answer": "باسمِكَ اللَّهُمَّ",
        "t": 0
      },
      {
        "answer": "باسمِ اللهِ في أوَّلِه وآخرِه",
        "t": 1
      },
      {
        "answer": "الحَمدُ للهِ الَذي أطعَمَني وسَقاني",
        "t": 0
      }
    ]
  },
  {
    "id": 2876,
    "q": "\"العَتِيرةُ\" هي:",
    "level": 1,
    "link": "https://www.dorar.net/hadith/sharh/151190",
    "section": "hadith01",
    "answers": [
      {
        "answer": "دابَّةٌ كانوا يَتشاءَمُون بها في الجاهِليَّة",
        "t": 0
      },
      {
        "answer": "صَنَمٌ كان لقَبيلَةِ هوازن",
        "t": 0
      },
      {
        "answer": "ذَبيحةٌ كانوا يَذْبَحونَها في رَجَبٍ",
        "t": 1
      }
    ]
  },
  {
    "id": 2871,
    "q": "بَوائِقُه تَعنِي:",
    "level": 1,
    "link": "https://dorar.net/hadith/sharh/151332",
    "section": "hadith01",
    "answers": [
      {
        "answer": "الغَدَراتِ",
        "t": 0
      },
      {
        "answer": "السِّبابَ والشَّتائمَ",
        "t": 0
      },
      {
        "answer": "الشُّرُور والظُّلمُ",
        "t": 1
      }
    ]
  },
  {
    "id": 2873,
    "q": "العَرَضُ هو:",
    "level": 1,
    "link": "https://dorar.net/hadith/sharh/9005",
    "section": "hadith01",
    "answers": [
      {
        "answer": "النَّفَقاتُ",
        "t": 0
      },
      {
        "answer": "ما يُنتفَع به من متاعِ الدُّنيا سِوى النَّقدين",
        "t": 1
      },
      {
        "answer": "المَصائبُ والأمراضُ",
        "t": 0
      }
    ]
  },
  {
    "id": 2875,
    "q": "يقولُ رَسولُ الله ﷺ: تُنْكَحُ المَرْأَةُ لأَرْبَعٍ: لِمَالِهَا، وَلِحَسَبِهَا، وَلِجَمَالِهَا، وَلِدِينِهَا، فَاظْفَرْ:",
    "level": 1,
    "link": "https://dorar.net/hadith/sharh/151172",
    "section": "hadith01",
    "answers": [
      {
        "answer": "بذَاتِ الجَمالِ تَقَرُّ عَينُك",
        "t": 0
      },
      {
        "answer": "بذَاتِ الحَسَبِ يكُن لك جِوار",
        "t": 0
      },
      {
        "answer": "بذَاتِ الدِّينِ تَرِبَتْ يَدَاك",
        "t": 1
      }
    ]
  },
  {
    "id": 2867,
    "q": "يقولُ رَسولُ الله ﷺ: سِبابُ المُؤمِنِ فُسوقٌ:",
    "level": 1,
    "link": "https://www.dorar.net/hadith/sharh/1412",
    "section": "hadith01",
    "answers": [
      {
        "answer": "وقِتالُه كُفرٌ",
        "t": 1
      },
      {
        "answer": "وضَرْبُه شِركٌ",
        "t": 0
      },
      {
        "answer": "وحُبُّه فَرضٌ",
        "t": 0
      }
    ]
  }
]