[
  {
    "id": 2918,
    "q": "يقولُ رَسولُ الله ﷺ: إنِّي رَأيتُ كأنَّ عَمودَ الكِتابِ انتُزِعَ مِن تَحتِ وِسادتي، فأَتبَعْتُه بَصري، فإذا هوَ نورٌ ساطِعٌ، عُمِدَ به إلى الشَّامِ، ألَا:",
    "level": 3,
    "link": "https://www.dorar.net/hadith/sharh/91946",
    "section": "hadith01",
    "answers": [
      {
        "answer": "وإنَّ الإيمانَ إذا وَقَعَتِ الفِتنُ بِالشَّامِ",
        "t": 1
      },
      {
        "answer": "فانتَظِروا السَّاعةَ",
        "t": 0
      },
      {
        "answer": "فاعتَبِروا يا أُولي الألبابِ",
        "t": 0
      }
    ]
  },
  {
    "id": 2916,
    "q": "المَقصُود بالأيَّامِ في قَولِ النبيِّ ﷺ: \"ما العَمَلُ في أيَّامٍ أفْضَلَ منها في هذه\"",
    "level": 3,
    "link": "https://www.dorar.net/hadith/sharh/5572",
    "section": "hadith01",
    "answers": [
      {
        "answer": "أيامُ عَشرِ ذي الحجَّة",
        "t": 1
      },
      {
        "answer": "الأَشهُر الحُرُم",
        "t": 0
      },
      {
        "answer": "العَشرُ الأَواخِرُ مِن رَمضان",
        "t": 0
      }
    ]
  },
  {
    "id": 2913,
    "q": "\"عَنان السَّماءِ\" يَعني:",
    "level": 3,
    "link": "https://dorar.net/hadith/sharh/36079",
    "section": "hadith01",
    "answers": [
      {
        "answer": "المَطَر",
        "t": 0
      },
      {
        "answer": "السَّحاب",
        "t": 1
      },
      {
        "answer": "الفَضاء الواسِع",
        "t": 0
      }
    ]
  },
  {
    "id": 2911,
    "q": "يقولُ رَسولُ الله ﷺ: \"قالَ اللَّهُ تبارَكَ وتعالى: يا ابنَ آدمَ إنَّكَ ما دَعَوتَني ورَجَوتَني:",
    "level": 3,
    "link": "https://www.dorar.net/hadith/sharh/36079",
    "section": "hadith01",
    "answers": [
      {
        "answer": "بذُنوبٍ كالجِبالِ غَفَرتُ لك",
        "t": 0
      },
      {
        "answer": "أَعطَيتُكَ مَسأَلتَكَ ولا يَنقُص مِن مُلكِي شَيئٌ",
        "t": 0
      },
      {
        "answer": "غَفَرتُ لَكَ على ما كانَ فيكَ ولا أُبالِي",
        "t": 1
      }
    ]
  },
  {
    "id": 2922,
    "q": "\"المُزَفَّتْ\" يعني:",
    "level": 3,
    "link": "https://www.dorar.net/hadith/sharh/149106",
    "section": "hadith01",
    "answers": [
      {
        "answer": "الوِعاءَ المَطْلِيَّ بالزِّفْتِ",
        "t": 1
      },
      {
        "answer": "الإناءَ المَصنُوع منَ الخَشَبِ",
        "t": 0
      },
      {
        "answer": "الإناءَ  الذي فيه شَيءٌ مِن الذَّهَبِ",
        "t": 0
      }
    ]
  },
  {
    "id": 2920,
    "q": "يقول رسول الله ﷺ: أنا زَعيمُ بيتٍ في رَبَضِ الجنةِ  لِمَن:",
    "level": 3,
    "link": "https://www.dorar.net/hadith/sharh/31133",
    "section": "hadith01",
    "answers": [
      {
        "answer": "اتَّقَى اللهَ في السِّرِّ والعَلانِيَة",
        "t": 0
      },
      {
        "answer": "صَلَّى باللَّيلِ والناسُ نِيامٌ",
        "t": 0
      },
      {
        "answer": "تَرَك المِراءَ وإن كان مُحِقًّا",
        "t": 1
      }
    ]
  },
  {
    "id": 2925,
    "q": "لا يَأخُذُ غَيرُ المُحْرمِ من أظفارِه وشَعرِه شَيئًا إذا بَدَأت عَشْرُ ذي الحِجَّةِ وأراد أن يُضحِّيَ:",
    "level": 3,
    "link": "https://dorar.net/hadith/sharh/21160",
    "section": "hadith01",
    "answers": [
      {
        "answer": "احتِرامًا للأُضحِيَّةِ وتَشبُّهًا بالمُحْرِمِ",
        "t": 1
      },
      {
        "answer": "اتِّباعًا لشَريعَةِ نبيِّ الله إبراهيمَ عليه السلامُ التي لم تُنسَخ",
        "t": 0
      },
      {
        "answer": "حتَّى يَتحَلَّلَ مع الحُجَّاجِ يومَ النَّحرِ",
        "t": 0
      }
    ]
  },
  {
    "id": 2906,
    "q": "يقولُ رَسولُ الله ﷺ: \"قالَ اللَّهُ عزَّ وجلَّ: أنْفِقْ:",
    "level": 3,
    "link": "https://www.dorar.net/hadith/sharh/151154",
    "section": "hadith01",
    "answers": [
      {
        "answer": "أُنْفِقْ عَلَيْكَ",
        "t": 1
      },
      {
        "answer": "فمَا أَنفَقتُم من شَيءٍ فهو يُخْلِفُهُ ",
        "t": 0
      },
      {
        "answer": "فالحَسنةُ بعَشرِ أَمثالِها واللهُ يُضاعِفُ لمَن يَشاءُ",
        "t": 0
      }
    ]
  },
  {
    "id": 2915,
    "q": "منَ الآنِيةِ التي وَرَد النَّهيُ عن شُربِ ما يَتخَمَّرُ فيها:\n ",
    "level": 3,
    "link": "https://www.dorar.net/hadith/sharh/149106",
    "section": "hadith01",
    "answers": [
      {
        "answer": "آنِيةُ النُّحاسِ والحَديدِ والخَشَبِ",
        "t": 0
      },
      {
        "answer": "الدُّبَّاءُ والحَنْتَمُ والمُزَفَّتُ",
        "t": 1
      },
      {
        "answer": "السِّقاءُ المَصنُوع مِن الجِلد ",
        "t": 0
      }
    ]
  },
  {
    "id": 2917,
    "q": "\"شُغزُبًّا\" يعني: ",
    "level": 3,
    "link": "https://dorar.net/hadith/sharh/30162",
    "section": "hadith01",
    "answers": [
      {
        "answer": "قَوِيًّا غَليظَ اللَّحْمِ",
        "t": 1
      },
      {
        "answer": "ذا شَعَرٍ وزَغَبٍ",
        "t": 0
      },
      {
        "answer": "طَويلًا وجَميلًا",
        "t": 0
      }
    ]
  },
  {
    "id": 2912,
    "q": "\"بقرابِ الأرضِ\" تعني:",
    "level": 3,
    "link": "https://dorar.net/hadith/sharh/36079",
    "section": "hadith01",
    "answers": [
      {
        "answer": "بمكانٍ وَسطَ الأرضِ",
        "t": 0
      },
      {
        "answer": "بمِثلِ الأرضِ",
        "t": 0
      },
      {
        "answer": "بمِلْء الأرضِ",
        "t": 1
      }
    ]
  },
  {
    "id": 2908,
    "q": "\"سَحَّاءُ اللَّيلَ والنَّهارَ\" تَعنِي:",
    "level": 3,
    "link": "https://dorar.net/hadith/sharh/151154",
    "section": "hadith01",
    "answers": [
      {
        "answer": "تَكثُرُ فيها العَظَمةُ",
        "t": 0
      },
      {
        "answer": "كثيرةُ العَطاءِ في كُلِّ الأوقاتِ",
        "t": 1
      },
      {
        "answer": "تُغَطِّي اللَّيلَ والنَّهارَ",
        "t": 0
      }
    ]
  },
  {
    "id": 2914,
    "q": "يقولُ رَسولُ الله ﷺ: إنِّي كُنتُ نُهيتُكم عن لُحومِ الأضاحيِّ أنْ تُمسِكوا بعدَ ثلاثةِ أيَّامٍ:",
    "level": 3,
    "link": "https://www.dorar.net/hadith/sharh/149106",
    "section": "hadith01",
    "answers": [
      {
        "answer": "إلَّا لحَاجَةٍ",
        "t": 0
      },
      {
        "answer": "حتَّى لا يَبقَى في المَدينَةِ جائِعٌ",
        "t": 0
      },
      {
        "answer": "فكُلوا ما بَدا لكُم",
        "t": 1
      }
    ]
  },
  {
    "id": 2910,
    "q": "التَّيَمُّنُ هو: ",
    "level": 3,
    "link": "https://www.dorar.net/hadith/sharh/11696",
    "section": "hadith01",
    "answers": [
      {
        "answer": "الابتداءُ باليَمينِ",
        "t": 1
      },
      {
        "answer": "الحَلِفُ بالأَيمانِ",
        "t": 0
      },
      {
        "answer": "التَّفاؤُلُ والبِشْرُ",
        "t": 0
      }
    ]
  },
  {
    "id": 2921,
    "q": "\"رَبَض الجنَّةِ\" يعني:",
    "level": 3,
    "link": "https://dorar.net/hadith/sharh/31133",
    "section": "hadith01",
    "answers": [
      {
        "answer": "نواحِيَها وأطرافَها",
        "t": 1
      },
      {
        "answer": "أشجارَها",
        "t": 0
      },
      {
        "answer": "أنهارَها",
        "t": 0
      }
    ]
  },
  {
    "id": 2924,
    "q": "يقولُ رَسولُ الله ﷺ: الإيمَانُ يَمَانٍ هَا هُنَا، ألَا إنَّ القَسْوَةَ وغِلَظَ القُلُوبِ في:",
    "level": 3,
    "link": "https://dorar.net/hadith/sharh/150696",
    "section": "hadith01",
    "answers": [
      {
        "answer": "الجَبَّارِينَ",
        "t": 0
      },
      {
        "answer": "المُتَكبِّرِينَ",
        "t": 0
      },
      {
        "answer": "الفَدَّادِينَ",
        "t": 1
      }
    ]
  },
  {
    "id": 2919,
    "q": "المَقصُود ببِلادِ الشَّامِ:",
    "level": 3,
    "link": "https://dorar.net/hadith/sharh/91946",
    "section": "hadith01",
    "answers": [
      {
        "answer": "الجَزيرةُ العربية",
        "t": 0
      },
      {
        "answer": "بَيتُ المَقدِسِ",
        "t": 0
      },
      {
        "answer": "البِلادُ التي تَقَعُ إلى الشَّمالِ من الجَزيرَةِ العَرَبيَّةِ، وتَضُمُّ حالِيًا سُورِيَا والأُرْدُنَّ وفِلَسْطِينَ ولُبْنانَ",
        "t": 1
      }
    ]
  },
  {
    "id": 2909,
    "q": "ماذا أثبَتَ قَولُه: \"يَدُ اللَّهِ مَلْأَى\".",
    "level": 3,
    "link": "https://dorar.net/hadith/sharh/151154",
    "section": "hadith01",
    "answers": [
      {
        "answer": "أنَّ اللهَ يحبُّ العبدَ المُلِحَّ في الدُّعاءِ",
        "t": 0
      },
      {
        "answer": "أنَّ يدَ اللهِ هي قُدرتُه ورِزقُه لعباده",
        "t": 0
      },
      {
        "answer": "إثباتُ صِفةِ اليَدِ للهِ سبحانه على ما يَليقُ بكمالِه وجلالِه",
        "t": 1
      }
    ]
  },
  {
    "id": 2923,
    "q": "العَمَلُ في أيَّامٍ عَشرِ ذي الحِجَّةِ، يُقصَدُ به:",
    "level": 3,
    "link": "https://dorar.net/hadith/sharh/5572",
    "section": "hadith01",
    "answers": [
      {
        "answer": "الإنفاقُ في سَبيلِ اللهِ",
        "t": 0
      },
      {
        "answer": "كلُّ أعْمالِ البِرِّ",
        "t": 1
      },
      {
        "answer": "الصَّومُ عامَّة وصَومُ يَومِ عَرفةَ خاصَّة",
        "t": 0
      }
    ]
  },
  {
    "id": 2907,
    "q": "جُملةُ \"لا تَغِيضُها نَفَقَةٌ\" معناها:",
    "level": 3,
    "link": "https://www.dorar.net/hadith/sharh/151154",
    "section": "hadith01",
    "answers": [
      {
        "answer": "لا تَنقُصُها نفَقةٌ مهما عَظُمَت",
        "t": 1
      },
      {
        "answer": "لا تَمنَعُ النَّفقةَ",
        "t": 0
      },
      {
        "answer": "لا تَترُك نَفقةً حتى تُضاعِفَها",
        "t": 0
      }
    ]
  }
]