[
  {
    "id": 2203,
    "q": "الوَفاءُ في نَذرِ اللَّجاجِ والغَضَبِ",
    "level": 3,
    "link": "https://www.dorar.net/feqhia/5806",
    "section": "e-nozor",
    "answers": [
      {
        "answer": "يُخيَّرُ بين الوَفاءِ وبين الكفَّارةِ",
        "t": 1
      },
      {
        "answer": "لا يَجِبُ الوَفاءُ",
        "t": 0
      },
      {
        "answer": "يَجِبُ الوَفاءُ",
        "t": 0
      }
    ]
  },
  {
    "id": 2220,
    "q": "مَنِ استَثنَى في يَمينِه فقال: إنْ شاءَ اللهُ",
    "level": 3,
    "link": "https://www.dorar.net/feqhia/5575",
    "section": "e-nozor",
    "answers": [
      {
        "answer": "لا تَجِبُ عَليهِ الكفَّارةُ",
        "t": 1
      },
      {
        "answer": "يَجِبُ عَليهِ الكفَّارةُ حَنِث أو لم يَحنَثْ",
        "t": 0
      },
      {
        "answer": "لا يُؤثِّرُ الاستِثناءُ",
        "t": 0
      }
    ]
  },
  {
    "id": 2205,
    "q": "تَعليقُ النَّذرِ",
    "level": 3,
    "link": "https://www.dorar.net/feqhia/5839",
    "section": "e-nozor",
    "answers": [
      {
        "answer": "لا يَصِحُّ",
        "t": 0
      },
      {
        "answer": "يَصِحُّ",
        "t": 1
      },
      {
        "answer": "يُوجِبُ الكفَّارةَ فَورًا",
        "t": 0
      }
    ]
  },
  {
    "id": 2215,
    "q": "تَصرُّفُ النَّاذرِ في المَنذورِ المُعيَّنِ ببَيعٍ أو هِبةٍ",
    "level": 3,
    "link": "https://www.dorar.net/feqhia/5901",
    "section": "e-nozor",
    "answers": [
      {
        "answer": "لا يجوزُ",
        "t": 1
      },
      {
        "answer": "يجوزُ",
        "t": 0
      },
      {
        "answer": "يُكرَهُ",
        "t": 0
      }
    ]
  },
  {
    "id": 2217,
    "q": "اليَمينُ عَلى تَركِ واجِبٍ أو فِعلِ مُحرَّمٍ",
    "level": 3,
    "link": "https://www.dorar.net/feqhia/5519",
    "section": "e-nozor",
    "answers": [
      {
        "answer": "تَنعَقِدُ ويَجِبُ أن يَحنَثَ في يَمينِه",
        "t": 1
      },
      {
        "answer": "تَنعَقِدُ ويَلزَمُ الوَفاءُ والكفَّارةُ",
        "t": 0
      },
      {
        "answer": "لا تَنعَقِدُ",
        "t": 0
      }
    ]
  },
  {
    "id": 2213,
    "q": "كفَّارةُ النَّذرِ",
    "level": 3,
    "link": "https://www.dorar.net/feqhia/5883",
    "section": "e-nozor",
    "answers": [
      {
        "answer": "كفَّارةُ يَمينٍ",
        "t": 1
      },
      {
        "answer": "صِيامُ شَهرَينِ",
        "t": 0
      },
      {
        "answer": "كفَّارةُ ظِهاٍر",
        "t": 0
      }
    ]
  },
  {
    "id": 2208,
    "q": "مَن عَجَز عنِ النَّذرِ بعَجزٍ مُؤقَّتٍ",
    "level": 3,
    "link": "https://www.dorar.net/feqhia/5870",
    "section": "e-nozor",
    "answers": [
      {
        "answer": "يَنفي الكفَّارةَ",
        "t": 0
      },
      {
        "answer": "يَمنَعُ الانعِقادَ",
        "t": 0
      },
      {
        "answer": "لا يَمنَعُ الوَفاءَ",
        "t": 1
      }
    ]
  },
  {
    "id": 2210,
    "q": "اليُمينُ على المستحيلِ عقلًا",
    "level": 3,
    "link": "https://www.dorar.net/feqhia/5510",
    "section": "e-nozor",
    "answers": [
      {
        "answer": "على قولَينِ عندَ أهلِ العِلمِ بيْن الانعقادِ وعدَمِه",
        "t": 1
      },
      {
        "answer": "لا تَنعقِدُ إجماعًا",
        "t": 0
      },
      {
        "answer": "تنعقِدُ إجماعًا",
        "t": 0
      }
    ]
  },
  {
    "id": 2206,
    "q": "النَّذرُ بمُجرَّدِ النِّيَّةِ",
    "level": 3,
    "link": "https://www.dorar.net/feqhia/5842",
    "section": "e-nozor",
    "answers": [
      {
        "answer": "تَكفي النِّيَّةُ",
        "t": 0
      },
      {
        "answer": "لا يَنعَقِدُ",
        "t": 1
      },
      {
        "answer": "يُستحَبُّ التَّلفُّظُ",
        "t": 0
      }
    ]
  },
  {
    "id": 2212,
    "q": "نَذَر صَومَ يَومٍ مُعيَّنٍ فأفطَرَ",
    "level": 3,
    "link": "https://www.dorar.net/feqhia/5879",
    "section": "e-nozor",
    "answers": [
      {
        "answer": "عَليهِ القَضاءُ",
        "t": 1
      },
      {
        "answer": "عَليهِ الكفَّارةُ",
        "t": 0
      },
      {
        "answer": "عَليهِ القَضاءُ والكفَّارةُ",
        "t": 0
      }
    ]
  },
  {
    "id": 2207,
    "q": "مَن عَجِز عنِ النَّذرِ بعَجزٍ بَدَنيٍّ دائمٍ",
    "level": 3,
    "link": "https://www.dorar.net/feqhia/5868",
    "section": "e-nozor",
    "answers": [
      {
        "answer": "لا شَيءَ عَليهِ",
        "t": 0
      },
      {
        "answer": "يَجِبُ الوَفاءُ به، أو يوصي بذلك",
        "t": 0
      },
      {
        "answer": "عَليهِ الكفَّارةُ",
        "t": 1
      }
    ]
  },
  {
    "id": 2218,
    "q": "حَذفُ حُروفِ القَسَمِ من  لَفظِ الجَلالةِ",
    "level": 3,
    "link": "https://www.dorar.net/feqhia/5568",
    "section": "e-nozor",
    "answers": [
      {
        "answer": "لا تَنعَقِدُ اليَمينُ",
        "t": 0
      },
      {
        "answer": "تَنعَقِدُ اليَمينُ",
        "t": 1
      },
      {
        "answer": "تَجِبُ الكفَّارةُ حَنِث أو لم يَحْنَثْ",
        "t": 0
      }
    ]
  },
  {
    "id": 2219,
    "q": "النُّطقُ باليَمينِ للقادِرِ عَليهِ",
    "level": 3,
    "link": "https://www.dorar.net/feqhia/5571",
    "section": "e-nozor",
    "answers": [
      {
        "answer": "يُشتَرَطُ مُطلَقًا فلا يَقَع يَمينُ الأخرسِ",
        "t": 0
      },
      {
        "answer": "شَرطٌ",
        "t": 1
      },
      {
        "answer": "ليس شَرطًا",
        "t": 0
      }
    ]
  },
  {
    "id": 2222,
    "q": "ما يَسبِقُ عَلى لِسانِ المُتكلِّمِ بلا قَصدٍ",
    "level": 3,
    "link": "https://www.dorar.net/feqhia/5616",
    "section": "e-nozor",
    "answers": [
      {
        "answer": "إنْ كان غَموسًا لم يَنعَقِدُ وإلَّا انعَقَد",
        "t": 0
      },
      {
        "answer": "يَمينٌ يَنعَقِدُ",
        "t": 0
      },
      {
        "answer": "لا يَنعَقِدُ ويَكونُ لَغْوًا ولا كفَّارةَ فيه",
        "t": 1
      }
    ]
  },
  {
    "id": 2214,
    "q": "تَلزَمُ كفَّارةُ النَّذرِ",
    "level": 3,
    "link": "https://www.dorar.net/feqhia/5885",
    "section": "e-nozor",
    "answers": [
      {
        "answer": "عِندَ التَّلفُّظِ بالنَّذرِ",
        "t": 0
      },
      {
        "answer": "قبْلَ المَوتِ",
        "t": 0
      },
      {
        "answer": "عِندَ عَدَمِ الوَفاءِ",
        "t": 1
      }
    ]
  },
  {
    "id": 2204,
    "q": "نَذرُ الكافِرِ",
    "level": 3,
    "link": "https://www.dorar.net/feqhia/5810",
    "section": "e-nozor",
    "answers": [
      {
        "answer": "لا يَنعَقِدُ",
        "t": 0
      },
      {
        "answer": "يَنعَقِدُ ويَلزَمُه في كُفرِه",
        "t": 0
      },
      {
        "answer": "يَنعَقِدُ ويَلزَمُه إذا أسلَمَ",
        "t": 1
      }
    ]
  },
  {
    "id": 2221,
    "q": "انعِقادُ اليَمينِ الغَموسِ",
    "level": 3,
    "link": "https://www.dorar.net/feqhia/5613",
    "section": "e-nozor",
    "answers": [
      {
        "answer": "تَنعَقِدُ وفيها الكفَّارةُ",
        "t": 0
      },
      {
        "answer": "لا تَنعَقِدُ، وكفَّارَتُها التَّوبةُ",
        "t": 1
      },
      {
        "answer": "تَنعَقِدُ ولا شَيءَ فيها",
        "t": 0
      }
    ]
  },
  {
    "id": 2216,
    "q": "اليَمينُ عَلى تَركِ مَندوبٍ وفِعلِ مَكروهٍ",
    "level": 3,
    "link": "https://www.dorar.net/feqhia/5517",
    "section": "e-nozor",
    "answers": [
      {
        "answer": "تَنعَقِدُ عَلى تَركِ المَندوبِ فَقَط",
        "t": 0
      },
      {
        "answer": "تَنعَقِدُ",
        "t": 1
      },
      {
        "answer": "لا تَنعَقِدُ عَلى فِعلِ المَكروهِ فَقَط",
        "t": 0
      }
    ]
  },
  {
    "id": 2211,
    "q": "لو شَكَّ هل نَذَر أم لا",
    "level": 3,
    "link": "https://www.dorar.net/feqhia/5877",
    "section": "e-nozor",
    "answers": [
      {
        "answer": "تَلزَمُه الكفَّارةُ",
        "t": 0
      },
      {
        "answer": "لا شَيءَ عَليهِ",
        "t": 1
      },
      {
        "answer": "يَجِبُ احتياطًا",
        "t": 0
      }
    ]
  },
  {
    "id": 2209,
    "q": "نَذَر نَذرًا في مَكانٍ مُعيَّنٍ",
    "level": 3,
    "link": "https://www.dorar.net/feqhia/5873",
    "section": "e-nozor",
    "answers": [
      {
        "answer": "يَجِبُ الوَفاءُ في مَكاِنه",
        "t": 0
      },
      {
        "answer": "يَفعَلُه في أيِّ مَكانٍ وعَليهِ كفَّارةٌ",
        "t": 0
      },
      {
        "answer": "لا يَلزَمُ النَّذرُ في المَكانِ المُعيَّنِ إلَّا المَسجِدَ الحَرامَ والمسجد النَّبوِيَّ والمسجد الأقصَى",
        "t": 1
      }
    ]
  }
]