[
  {
    "id": 2181,
    "q": "نَذرُ المُباحِ",
    "level": 1,
    "link": "https://www.dorar.net/feqhia/5799",
    "section": "e-nozor",
    "answers": [
      {
        "answer": "لا يَنعَقِدُ",
        "t": 0
      },
      {
        "answer": "يَنعَقِدُ ويُخيَّرُ بينَ الوَفاءِ والكفَّارةِ",
        "t": 1
      },
      {
        "answer": "يَنعَقِدُ ويُكرَهُ الوَفاءُ",
        "t": 0
      }
    ]
  },
  {
    "id": 2164,
    "q": "الوَفاءُ بنَذرِ القُربةِ",
    "level": 1,
    "link": "https://www.dorar.net/feqhia/5786",
    "section": "e-nozor",
    "answers": [
      {
        "answer": "مَكروهٌ",
        "t": 0
      },
      {
        "answer": "واجِبٌ",
        "t": 1
      },
      {
        "answer": "مُستحَبٌّ",
        "t": 0
      }
    ]
  },
  {
    "id": 2167,
    "q": "النَّذرُ لغَيرِ اللهِ",
    "level": 1,
    "link": "https://www.dorar.net/feqhia/5795",
    "section": "e-nozor",
    "answers": [
      {
        "answer": "يجوزُ ولا يَجِبُ الوَفاءُ",
        "t": 0
      },
      {
        "answer": "لا يجوزُ ويَجِبُ الوَفاءُ",
        "t": 0
      },
      {
        "answer": "لا يجوزُ ولا يَجِبُ الوَفاءُ",
        "t": 1
      }
    ]
  },
  {
    "id": 2171,
    "q": "النَّذرُ المُطلَقُ؛ كقَولِه: للهِ عَليَّ صَلاةٌ أو صِيامٌ، أو يَقولُ: للهِ عَليَّ نَذرٌ",
    "level": 1,
    "link": "https://www.dorar.net/feqhia/5848",
    "section": "e-nozor",
    "answers": [
      {
        "answer": "يَصِحُّ",
        "t": 1
      },
      {
        "answer": "لا مَعنَى له",
        "t": 0
      },
      {
        "answer": "لا يَصِحُّ",
        "t": 0
      }
    ]
  },
  {
    "id": 2169,
    "q": "النَّذر بإقامةِ الصَّلَواتِ الخَمسِ",
    "level": 1,
    "link": "https://www.dorar.net/feqhia/5829",
    "section": "e-nozor",
    "answers": [
      {
        "answer": "لا يَنعَقِدُ",
        "t": 1
      },
      {
        "answer": "يُستحَبُّ الوَفاءُ به",
        "t": 0
      },
      {
        "answer": "يَنعَقِدُ",
        "t": 0
      }
    ]
  },
  {
    "id": 2182,
    "q": "نَذرُ الصَّبيِّ",
    "level": 1,
    "link": "https://www.dorar.net/feqhia/5812",
    "section": "e-nozor",
    "answers": [
      {
        "answer": "يَنعَقِدُ ويُكفِّرُ أهلُه",
        "t": 0
      },
      {
        "answer": "لا يَنعَقِدُ",
        "t": 1
      },
      {
        "answer": "يَنعَقِدُ",
        "t": 0
      }
    ]
  },
  {
    "id": 2170,
    "q": "النَّذرُ بالكِتابةِ",
    "level": 1,
    "link": "https://www.dorar.net/feqhia/5844",
    "section": "e-nozor",
    "answers": [
      {
        "answer": "يَنعَقِدُ",
        "t": 1
      },
      {
        "answer": "لا يَنعَقِدُ",
        "t": 0
      },
      {
        "answer": "يُكرَهُ",
        "t": 0
      }
    ]
  },
  {
    "id": 2163,
    "q": "حُكمُ النَّذرِ",
    "level": 1,
    "link": "https://www.dorar.net/feqhia/5783",
    "section": "e-nozor",
    "answers": [
      {
        "answer": "واجِبٌ",
        "t": 0
      },
      {
        "answer": "مَكروهٌ",
        "t": 1
      },
      {
        "answer": "مُستحَبٌّ",
        "t": 0
      }
    ]
  },
  {
    "id": 2173,
    "q": "نَذَر مُعيَّنًا وتَلِفَ بغَيرِ تَفريطٍ منه",
    "level": 1,
    "link": "https://www.dorar.net/feqhia/5907",
    "section": "e-nozor",
    "answers": [
      {
        "answer": "لا شَيءَ عَليهِ",
        "t": 1
      },
      {
        "answer": "عَليهِ الكفَّارةُ",
        "t": 0
      },
      {
        "answer": "يَستبدِلُ به",
        "t": 0
      }
    ]
  },
  {
    "id": 2176,
    "q": "نِيَّةُ الحالِفِ",
    "level": 1,
    "link": "https://www.dorar.net/feqhia/5682",
    "section": "e-nozor",
    "answers": [
      {
        "answer": "لا عِبرةَ بها",
        "t": 0
      },
      {
        "answer": "لا تُخصِّصُ العامَّ",
        "t": 0
      },
      {
        "answer": "تُخصِّصُ العامَّ",
        "t": 1
      }
    ]
  },
  {
    "id": 2175,
    "q": "اليَمينُ بالكِتابةِ",
    "level": 1,
    "link": "https://www.dorar.net/feqhia/5589",
    "section": "e-nozor",
    "answers": [
      {
        "answer": "لا تَنعَقِدُ",
        "t": 0
      },
      {
        "answer": "تَنعَقِدُ في الطَّلاقِ فحَسْبُ",
        "t": 0
      },
      {
        "answer": "تَنعَقِدُ",
        "t": 1
      }
    ]
  },
  {
    "id": 2179,
    "q": "الجَمعُ بينَ الصَّومِ والإطعامِ أوِ الكِسوةِ في كفَّارةٍ واحِدةٍ",
    "level": 1,
    "link": "https://www.dorar.net/feqhia/5745",
    "section": "e-nozor",
    "answers": [
      {
        "answer": "لا يُجزِئُ",
        "t": 1
      },
      {
        "answer": "يُجزِئُ ويُكرَهُ",
        "t": 0
      },
      {
        "answer": "يُجزِئُ",
        "t": 0
      }
    ]
  },
  {
    "id": 2168,
    "q": "نَذرُ ما لا يَملِكُ",
    "level": 1,
    "link": "https://www.dorar.net/feqhia/5827",
    "section": "e-nozor",
    "answers": [
      {
        "answer": "لا يَنعَقِدُ",
        "t": 1
      },
      {
        "answer": "يُستحَبُّ الوَفاءُ به",
        "t": 0
      },
      {
        "answer": "يَنعَقِدُ",
        "t": 0
      }
    ]
  },
  {
    "id": 2166,
    "q": "الوَفاءُ بنَذرِ المَعصِيةِ",
    "level": 1,
    "link": "https://www.dorar.net/feqhia/5791",
    "section": "e-nozor",
    "answers": [
      {
        "answer": "يُكرَهُ",
        "t": 0
      },
      {
        "answer": "يجوزُ",
        "t": 0
      },
      {
        "answer": "يَحرُمُ",
        "t": 1
      }
    ]
  },
  {
    "id": 2174,
    "q": "صَرفُ النَّذرِ لآلِ النَّبيِّ ﷺ من بَني هاشِمٍ",
    "level": 1,
    "link": "https://www.dorar.net/feqhia/5910",
    "section": "e-nozor",
    "answers": [
      {
        "answer": "يُستحَبُّ",
        "t": 0
      },
      {
        "answer": "يجوزُ",
        "t": 0
      },
      {
        "answer": "يَحرُمُ",
        "t": 1
      }
    ]
  },
  {
    "id": 2177,
    "q": "كفَّارةُ اليَمينِ",
    "level": 1,
    "link": "https://www.dorar.net/feqhia/5690",
    "section": "e-nozor",
    "answers": [
      {
        "answer": "ما يُتقَرَّبُ بهِ مِن أَنواعِ القُرَبِ",
        "t": 0
      },
      {
        "answer": "ما يُخرِجُه الحانِثُ في يَمينِه من إطعامٍ أو كِسوةٍ أو عِتقٍ أو صَومٍ",
        "t": 1
      },
      {
        "answer": "ما يُخرِجُه المُكفِّرُ للعَودةِ إلى زَوجتِه",
        "t": 0
      }
    ]
  },
  {
    "id": 2178,
    "q": "لو أطعَمَ خَمسةَ مَساكينَ وكسَا نِصفَهُم",
    "level": 1,
    "link": "https://www.dorar.net/feqhia/5739",
    "section": "e-nozor",
    "answers": [
      {
        "answer": "يُجزِئُه ذلك",
        "t": 0
      },
      {
        "answer": "يُجزِئُه ويُكرَهُ",
        "t": 0
      },
      {
        "answer": "عَلى قَولَيْنِ في الإجزاءِ وعَدَمِه",
        "t": 1
      }
    ]
  },
  {
    "id": 2172,
    "q": "مَن نَذَر نَذرًا فعَجَزَ عنه لعُذرٍ شَرعيٍّ",
    "level": 1,
    "link": "https://www.dorar.net/feqhia/5865",
    "section": "e-nozor",
    "answers": [
      {
        "answer": "يَجِبُ الوَفاءُ به",
        "t": 0
      },
      {
        "answer": "يَجِبُ به الكفَّارةُ",
        "t": 0
      },
      {
        "answer": "لا شَيءَ عَليهِ",
        "t": 1
      }
    ]
  },
  {
    "id": 2180,
    "q": "نَذرُ المَكروهِ",
    "level": 1,
    "link": "https://www.dorar.net/feqhia/5797",
    "section": "e-nozor",
    "answers": [
      {
        "answer": "يَنعَقِدُ ويَجِبُ الوَفاءُ",
        "t": 0
      },
      {
        "answer": "يَنعَقِدُ ويُستحَبُّ عَدَمُ الوَفاءِ",
        "t": 1
      },
      {
        "answer": "يَنعَقِدُ ولا يَجِبُ الوَفاءُ",
        "t": 0
      }
    ]
  },
  {
    "id": 2165,
    "q": "نَذرُ المَعصِيةِ",
    "level": 1,
    "link": "https://www.dorar.net/feqhia/5789",
    "section": "e-nozor",
    "answers": [
      {
        "answer": "مَكروهٌ",
        "t": 0
      },
      {
        "answer": "حَرامٌ",
        "t": 1
      },
      {
        "answer": "جائزٌ",
        "t": 0
      }
    ]
  }
]