[
  {
    "id": 2198,
    "q": "لوِ استبدَلَ المَنذورَ المُعيَّنَ بأفضَلَ منه",
    "level": 2,
    "link": "https://www.dorar.net/feqhia/5905",
    "section": "e-nozor",
    "answers": [
      {
        "answer": "يجوزُ",
        "t": 1
      },
      {
        "answer": "لا يجوزُ",
        "t": 0
      },
      {
        "answer": "يُكرَهُ",
        "t": 0
      }
    ]
  },
  {
    "id": 2186,
    "q": "إن نَذَرَتْ زَوجةٌ صِيامًا أوِ اعتِكافًا",
    "level": 2,
    "link": "https://www.dorar.net/feqhia/5820",
    "section": "e-nozor",
    "answers": [
      {
        "answer": "لا يَنعقِدُ إن كان زَوجُها حاضِرًا",
        "t": 0
      },
      {
        "answer": "يَجِبُ الوَفاءُ",
        "t": 0
      },
      {
        "answer": "لزَوجِها أن يَمنَعَها منه",
        "t": 1
      }
    ]
  },
  {
    "id": 2187,
    "q": "نَذرُ المُحالِ كأنْ يقولَ: للهِ علَيَّ صَومُ أمسِ",
    "level": 2,
    "link": "https://www.dorar.net/feqhia/5823",
    "section": "e-nozor",
    "answers": [
      {
        "answer": "ليس فيه كفَّارةٌ",
        "t": 1
      },
      {
        "answer": "يَنعَقِدُ ويَجِبُ الوَفاءُ",
        "t": 0
      },
      {
        "answer": "يَنعَقِدُ وفيه الكفَّارةُ",
        "t": 0
      }
    ]
  },
  {
    "id": 2188,
    "q": "نَذرُ ما لا يُطاقُ",
    "level": 2,
    "link": "https://www.dorar.net/feqhia/5831",
    "section": "e-nozor",
    "answers": [
      {
        "answer": "يَنعَقِدُ ويَجِبُ الوَفاءُ",
        "t": 0
      },
      {
        "answer": "يَنعَقِدُ ولا يَجِبُ الوَفاءُ",
        "t": 0
      },
      {
        "answer": "لا يَنعَقِدُ",
        "t": 1
      }
    ]
  },
  {
    "id": 2201,
    "q": "إذا كانَتِ اليَمينُ واحِدةً وحَلَف عَلى أُمورٍ مُختلِفةٍ، فحَنِث في جَميعِها، كقَولِه: واللهِ لا كَلَّمتُ زَيدًا ولا خَالِدًا، ولا دَخَلتُ دارَ عبدِ اللهِ",
    "level": 2,
    "link": "https://www.dorar.net/feqhia/5771",
    "section": "e-nozor",
    "answers": [
      {
        "answer": "عَليهِ كفَّارةٌ واحِدةٌ",
        "t": 1
      },
      {
        "answer": "عَليهِ كفَّارةٌ لكُلِّ واحِدةٍ منَ الأُمورِ",
        "t": 0
      },
      {
        "answer": "لا كفَّارةَ عَليهِ",
        "t": 0
      }
    ]
  },
  {
    "id": 2194,
    "q": "قَضاءُ الصَّومِ المَنذورِ عنِ المَيِّتِ",
    "level": 2,
    "link": "https://www.dorar.net/feqhia/5893",
    "section": "e-nozor",
    "answers": [
      {
        "answer": "لا يجوزُ",
        "t": 0
      },
      {
        "answer": "يجوزُ",
        "t": 1
      },
      {
        "answer": "يُكرَهُ",
        "t": 0
      }
    ]
  },
  {
    "id": 2196,
    "q": "قَضاءُ الحَجِّ المَنذورِ عنِ الحيِّ العاجِزِ",
    "level": 2,
    "link": "https://www.dorar.net/feqhia/5898",
    "section": "e-nozor",
    "answers": [
      {
        "answer": "يُكرَهُ",
        "t": 0
      },
      {
        "answer": "لا يجوزُ",
        "t": 0
      },
      {
        "answer": "يجوزُ",
        "t": 1
      }
    ]
  },
  {
    "id": 2185,
    "q": "نَذرُ السَّفيهِ",
    "level": 2,
    "link": "https://www.dorar.net/feqhia/5818",
    "section": "e-nozor",
    "answers": [
      {
        "answer": "لا يَلزَمُ الوَفاءُ به",
        "t": 0
      },
      {
        "answer": "لا يَنعَقِدُ أصلًا",
        "t": 0
      },
      {
        "answer": "يَنعَقِدُ ويَلزَمُ الوَفاءُ به ما لم يَكُنْ مالًا",
        "t": 1
      }
    ]
  },
  {
    "id": 2191,
    "q": "تَعجيلُ النَّذرِ المُعلَّقِ قبْلَ حُصولِ الصِّفةِ أوِ الشَّرطِ",
    "level": 2,
    "link": "https://www.dorar.net/feqhia/5859",
    "section": "e-nozor",
    "answers": [
      {
        "answer": "يجوزُ وإنْ تحقَّقَ الشَّرطُ أعاد",
        "t": 0
      },
      {
        "answer": "يجوزُ",
        "t": 1
      },
      {
        "answer": "لا يجوزُ",
        "t": 0
      }
    ]
  },
  {
    "id": 2189,
    "q": "الصِّيغةُ في النَّذرِ",
    "level": 2,
    "link": "https://www.dorar.net/feqhia/5835",
    "section": "e-nozor",
    "answers": [
      {
        "answer": "يُشترَطُ الصِّيغُ المُتَّفَقُ عليها",
        "t": 0
      },
      {
        "answer": "لا يُشترَطُ فيه صيغةٌ",
        "t": 1
      },
      {
        "answer": "لا يَصِحُّ إلَّا بقَولِه: نَذَرتُ",
        "t": 0
      }
    ]
  },
  {
    "id": 2190,
    "q": "تَعجيلُ النَّذرِ عن وَقتِه",
    "level": 2,
    "link": "https://www.dorar.net/feqhia/5855",
    "section": "e-nozor",
    "answers": [
      {
        "answer": "يجوزُ",
        "t": 1
      },
      {
        "answer": "يُكرَه",
        "t": 0
      },
      {
        "answer": "لا يجوزُ",
        "t": 0
      }
    ]
  },
  {
    "id": 2195,
    "q": "قَضاءُ الصَّومِ المَنذورِ عن عاجِزٍ حيٍّ",
    "level": 2,
    "link": "https://www.dorar.net/feqhia/5896",
    "section": "e-nozor",
    "answers": [
      {
        "answer": "لا يجوزُ",
        "t": 1
      },
      {
        "answer": "يجوزُ",
        "t": 0
      },
      {
        "answer": "يُستحَبُّ",
        "t": 0
      }
    ]
  },
  {
    "id": 2200,
    "q": "إذا كرَّرَ اليَمينَ عَلى شَيءٍ واحِدٍ",
    "level": 2,
    "link": "https://www.dorar.net/feqhia/5773",
    "section": "e-nozor",
    "answers": [
      {
        "answer": "عَليهِ كفَّارةٌ لكُلِّ يَمينٍ",
        "t": 0
      },
      {
        "answer": "عَليهِ كفَّارةٌ واحِدةٌ",
        "t": 1
      },
      {
        "answer": "لا كفَّارةَ عَليهِ",
        "t": 0
      }
    ]
  },
  {
    "id": 2197,
    "q": "نَذَر التَّصدُّقَ بمالِه كُلِّه",
    "level": 2,
    "link": "https://www.dorar.net/feqhia/5903",
    "section": "e-nozor",
    "answers": [
      {
        "answer": "يُجزِئُه الثُّلُثُ إجماعًا",
        "t": 0
      },
      {
        "answer": "عَلى قَولَينِ: إمَّا يَلزَمُه الثُّلُثُ، وإمَّا يَلزَمُه التَّصدُّقُ به كلِّه",
        "t": 1
      },
      {
        "answer": "يَجِبُ الوَفاءُ إجماعًا",
        "t": 0
      }
    ]
  },
  {
    "id": 2192,
    "q": "قَضاءُ النَّذرِ",
    "level": 2,
    "link": "https://www.dorar.net/feqhia/5888",
    "section": "e-nozor",
    "answers": [
      {
        "answer": "واجِبٌ",
        "t": 1
      },
      {
        "answer": "جائزٌ",
        "t": 0
      },
      {
        "answer": "بِدعةٌ",
        "t": 0
      }
    ]
  },
  {
    "id": 2183,
    "q": "الكفَّارةُ في نَذرِ المَعصِيةِ",
    "level": 2,
    "link": "https://www.dorar.net/feqhia/5793",
    "section": "e-nozor",
    "answers": [
      {
        "answer": "لا تَجِبُ إجماعًا",
        "t": 0
      },
      {
        "answer": "تَجِبُ إجماعًا",
        "t": 0
      },
      {
        "answer": "اختَلَف العُلَماءُ فيها عَلى قَولَيْنِ بينَ الوُجوبِ وعَدَمِه",
        "t": 1
      }
    ]
  },
  {
    "id": 2184,
    "q": "نَذرُ المَجنونِ",
    "level": 2,
    "link": "https://www.dorar.net/feqhia/5814",
    "section": "e-nozor",
    "answers": [
      {
        "answer": "يَنعَقِدُ",
        "t": 0
      },
      {
        "answer": "لا يَنعَقِدُ",
        "t": 1
      },
      {
        "answer": "يُستحَبُّ التَّكفيرُ",
        "t": 0
      }
    ]
  },
  {
    "id": 2202,
    "q": "نَذْرُ اللَّجاجِ والغَضَبِ",
    "level": 2,
    "link": "https://www.dorar.net/feqhia/5804",
    "section": "e-nozor",
    "answers": [
      {
        "answer": "يَنعَقِدُ",
        "t": 1
      },
      {
        "answer": "يَنعَقِدُ ولا يَجِبُ الوَفاءُ",
        "t": 0
      },
      {
        "answer": "لا يَنعَقِدُ",
        "t": 0
      }
    ]
  },
  {
    "id": 2193,
    "q": "قَضاءُ الحَجِّ المَنذورِ عنِ الميِّتِ",
    "level": 2,
    "link": "https://www.dorar.net/feqhia/5891",
    "section": "e-nozor",
    "answers": [
      {
        "answer": "يجوزُ",
        "t": 1
      },
      {
        "answer": "يُكرَهُ",
        "t": 0
      },
      {
        "answer": "لا يجوزُ",
        "t": 0
      }
    ]
  },
  {
    "id": 2199,
    "q": "مَن تَكرَّرَت يَمينُه عَلى شيءٍ واحِدٍ وقَصَد بيَمينِه تَكرُّرَ الحِنثِ",
    "level": 2,
    "link": "https://www.dorar.net/feqhia/5775",
    "section": "e-nozor",
    "answers": [
      {
        "answer": "لا شَيءَ عَليهِ",
        "t": 0
      },
      {
        "answer": "عَليهِ كفَّارةٌ واحِدةٌ",
        "t": 0
      },
      {
        "answer": "تَتكرَّرُ الكفَّارةُ",
        "t": 1
      }
    ]
  }
]