[
  {
    "id": 1892,
    "q": "لُبسُ الحريرِ للرجالِ:",
    "level": 2,
    "link": "https://www.dorar.net/feqhia/3170/المطلب-الأول:-الشروط-والضوابط-العامة-للباس-الرجل-والمرأة#t-4",
    "section": "figh-zina",
    "answers": [
      {
        "answer": "مَكروهٌ",
        "t": 0
      },
      {
        "answer": "محرَّم",
        "t": 1
      },
      {
        "answer": "يجوزُ",
        "t": 0
      }
    ]
  },
  {
    "id": 1901,
    "q": "إلباسُ الصبيِّ الصغيرِ الحريرَ:",
    "level": 2,
    "link": "https://www.dorar.net/feqhia/3210/الفرع-الخامس:-إلباس-الصبي-الصغير-الحرير",
    "section": "figh-zina",
    "answers": [
      {
        "answer": "جائزٌ",
        "t": 0
      },
      {
        "answer": "محرَّم",
        "t": 1
      },
      {
        "answer": "مُستحَبٌّ",
        "t": 0
      }
    ]
  },
  {
    "id": 1888,
    "q": "حُكمُ لُبسِ الجوْربِ؛ وهو ما يُلبَسُ مِن القِماشِ ونَحوِه بالقَدَمينِ إلى ما فوقَ الكعبينِ:",
    "level": 2,
    "link": "https://www.dorar.net/feqhia/3165",
    "section": "figh-zina",
    "answers": [
      {
        "answer": "مُستحَبٌّ",
        "t": 0
      },
      {
        "answer": "واجبٌ",
        "t": 0
      },
      {
        "answer": "مُباحٌ",
        "t": 1
      }
    ]
  },
  {
    "id": 1886,
    "q": "لُبْسُ الكعبِ العالي للمرأةِ:",
    "level": 2,
    "link": "https://www.dorar.net/feqhia/3165",
    "section": "figh-zina",
    "answers": [
      {
        "answer": "مَكروهٌ",
        "t": 1
      },
      {
        "answer": "محرَّم",
        "t": 0
      },
      {
        "answer": "مُباحٌ",
        "t": 0
      }
    ]
  },
  {
    "id": 1897,
    "q": "لُبسُ البُرقع:",
    "level": 2,
    "link": "https://www.dorar.net/feqhia/3175/الفرع-الثاني:-الملابس-الخاصة-بالحجاب#t-4",
    "section": "figh-zina",
    "answers": [
      {
        "answer": "مَشروع",
        "t": 1
      },
      {
        "answer": "مَكروهٌ",
        "t": 0
      },
      {
        "answer": "محرَّم",
        "t": 0
      }
    ]
  },
  {
    "id": 1894,
    "q": "مِن شروطِ حِجاب المرأةِ:",
    "level": 2,
    "link": "https://www.dorar.net/feqhia/3173/الفرع-الأول:-شروط-وضوابط-حجاب-المرأة",
    "section": "figh-zina",
    "answers": [
      {
        "answer": "أن يَستُرَ جميعَ جسدِها، وألا يَصِف أو يشِفَّ، وأن لا يكونَ معطرًا، وألَّا يكونَ زِينةً في نفسِه\n ",
        "t": 1
      },
      {
        "answer": "السَّترُ والسَّعةُ",
        "t": 0
      },
      {
        "answer": "أن يكونَ أَسوَدَ ساتِرًا للرَّأسِ والبَدنِ",
        "t": 0
      }
    ]
  },
  {
    "id": 1895,
    "q": "خِمارُ الرأسِ للمرأةِ:",
    "level": 2,
    "link": "https://www.dorar.net/feqhia/3175/الفرع-الثاني:-الملابس-الخاصة-بالحجاب#t-2",
    "section": "figh-zina",
    "answers": [
      {
        "answer": "مُستحَبٌّ",
        "t": 0
      },
      {
        "answer": "مُباحٌ",
        "t": 0
      },
      {
        "answer": "واجبٌ",
        "t": 1
      }
    ]
  },
  {
    "id": 1882,
    "q": "سَترُ جميعِ بَدَنِ المَرأةِ",
    "level": 2,
    "link": "\r\nhttps://www.dorar.net/feqhia/3173",
    "section": "figh-zina",
    "answers": [
      {
        "answer": "ليس من ضَوابِطِ حِجابِ المَرأةِ",
        "t": 0
      },
      {
        "answer": "من مُستحَبَّاتِ حِجابِ المرأةِ",
        "t": 0
      },
      {
        "answer": "من شُروطِ حِجابِ المَرأةِ",
        "t": 1
      }
    ]
  },
  {
    "id": 1887,
    "q": "حُكمُ لُبسِ الخُفِّ؛ وهو ما يُلبَسُ في القدَمِ مِن جِلدٍ رَقيقٍ:",
    "level": 2,
    "link": "https://www.dorar.net/feqhia/3165",
    "section": "figh-zina",
    "answers": [
      {
        "answer": "مُباحٌ",
        "t": 1
      },
      {
        "answer": "بِدعةٌ",
        "t": 0
      },
      {
        "answer": "واجبٌ",
        "t": 0
      }
    ]
  },
  {
    "id": 1900,
    "q": "إسبالُ الرجُلِ الثوبَ لغيرِ الخيلاءِ:",
    "level": 2,
    "link": "https://www.dorar.net/feqhia/3195/المبحث-الثاني:-حكم-الإسبال-بغير-خيلاء-للرجل",
    "section": "figh-zina",
    "answers": [
      {
        "answer": "محرَّم",
        "t": 1
      },
      {
        "answer": "جائزٌ",
        "t": 0
      },
      {
        "answer": "مُستحَبٌّ",
        "t": 0
      }
    ]
  },
  {
    "id": 1896,
    "q": "حُكمُ النِّقاب:",
    "level": 2,
    "link": "https://www.dorar.net/feqhia/3175/الفرع-الثاني:-الملابس-الخاصة-بالحجاب#t-3",
    "section": "figh-zina",
    "answers": [
      {
        "answer": "فرضٌ بالإجماعِ",
        "t": 0
      },
      {
        "answer": "بِدعةٌ لم يكن معروفًا من قبْلُ",
        "t": 0
      },
      {
        "answer": "مَشروعٌ، وهو سمْتُ المؤمناتِ",
        "t": 1
      }
    ]
  },
  {
    "id": 1884,
    "q": "لُبسُ النِّساءِ للبَنطلون الواسِعُ الذي لا يَصِف العوْرة:",
    "level": 2,
    "link": "https://www.dorar.net/feqhia/3163",
    "section": "figh-zina",
    "answers": [
      {
        "answer": "حرامٌ",
        "t": 0
      },
      {
        "answer": "مُباحٌ",
        "t": 1
      },
      {
        "answer": "مُستحَبٌّ",
        "t": 0
      }
    ]
  },
  {
    "id": 1898,
    "q": "لُبس القُفازينِ في اليدينِ للمرأةِ:",
    "level": 2,
    "link": "https://www.dorar.net/feqhia/3175/الفرع-الثاني:-الملابس-الخاصة-بالحجاب#t-5",
    "section": "figh-zina",
    "answers": [
      {
        "answer": "محرَّم؛ بدليلِ نزعِه في الإحرامِ",
        "t": 0
      },
      {
        "answer": "مَكروهٌ",
        "t": 0
      },
      {
        "answer": "مَشروع",
        "t": 1
      }
    ]
  },
  {
    "id": 1883,
    "q": "لُبسُ الرِّجالِ للبنطلون:",
    "level": 2,
    "link": "https://www.dorar.net/feqhia/3163",
    "section": "figh-zina",
    "answers": [
      {
        "answer": "بِدعة",
        "t": 0
      },
      {
        "answer": "مَكروهٌ",
        "t": 0
      },
      {
        "answer": "مُباحٌ",
        "t": 1
      }
    ]
  },
  {
    "id": 1889,
    "q": "لُبسُ الثَّوبِ الأسوَدِ للرِّجالِ والنِّساءِ:",
    "level": 2,
    "link": "https://www.dorar.net/feqhia/3167",
    "section": "figh-zina",
    "answers": [
      {
        "answer": "مُباحٌ",
        "t": 1
      },
      {
        "answer": "يُكرَه للرجال",
        "t": 0
      },
      {
        "answer": "مُباحٌ للنساء دون الرِّجال",
        "t": 0
      }
    ]
  },
  {
    "id": 1891,
    "q": "لُبسُ الشُّهرة:",
    "level": 2,
    "link": "https://www.dorar.net/feqhia/3170/المطلب-الأول:-الشروط-والضوابط-العامة-للباس-الرجل-والمرأة#t-3",
    "section": "figh-zina",
    "answers": [
      {
        "answer": "محرَّمٌ",
        "t": 1
      },
      {
        "answer": "جائزٌ",
        "t": 0
      },
      {
        "answer": "مندوبٌ",
        "t": 0
      }
    ]
  },
  {
    "id": 1893,
    "q": "يُشترَطُ في اللباسِ:",
    "level": 2,
    "link": "https://www.dorar.net/feqhia/3170/المطلب-الأول:-الشروط-والضوابط-العامة-للباس-الرجل-والمرأة#t-5",
    "section": "figh-zina",
    "answers": [
      {
        "answer": "لبسُ البَياضِ",
        "t": 0
      },
      {
        "answer": "أن يكونَ سابِغًا للبَدَنِ",
        "t": 0
      },
      {
        "answer": "عدمُ الإسرافِ",
        "t": 1
      }
    ]
  },
  {
    "id": 1899,
    "q": "إسبالُ الرجُلِ الثوبَ للخيلاءِ:",
    "level": 2,
    "link": "https://www.dorar.net/feqhia/3193/المبحث-الأول:-حكم-الإسبال-للخيلاء",
    "section": "figh-zina",
    "answers": [
      {
        "answer": "محرَّم",
        "t": 1
      },
      {
        "answer": "جائزٌ",
        "t": 0
      },
      {
        "answer": "مَكروهٌ",
        "t": 0
      }
    ]
  },
  {
    "id": 1885,
    "q": "حُكمُ لُبسِ رابطةِ العنقِ:",
    "level": 2,
    "link": "https://www.dorar.net/feqhia/3163",
    "section": "figh-zina",
    "answers": [
      {
        "answer": "مُستحَبٌّ",
        "t": 0
      },
      {
        "answer": "بدعةٌ",
        "t": 0
      },
      {
        "answer": "مُباحٌ",
        "t": 1
      }
    ]
  },
  {
    "id": 1890,
    "q": "التشبُّه بيْن الرجالِ والنساءِ في اللِّباس:",
    "level": 2,
    "link": "https://www.dorar.net/feqhia/3170/المطلب-الأول:-الشروط-والضوابط-العامة-للباس-الرجل-والمرأة#t-1",
    "section": "figh-zina",
    "answers": [
      {
        "answer": "لا يجوزُ للرجالِ أن يتشبَّهوا بالنساءِ، ولا للنِّساء أن يتشبَّهْنَ بالرجالِ",
        "t": 1
      },
      {
        "answer": "جائزٌ للنساءِ لا الرجالِ",
        "t": 0
      },
      {
        "answer": "جائزٌ للرِّجال والنساءِ",
        "t": 0
      }
    ]
  }
]