[
  {
    "id": 1872,
    "q": "لُبس القَلَنْسُوَة؛ وهي ما يغطِّي الرأسَ :",
    "level": 1,
    "link": "https://www.dorar.net/feqhia/3161",
    "section": "figh-zina",
    "answers": [
      {
        "answer": "واجبٌ",
        "t": 0
      },
      {
        "answer": "مُباحٌ",
        "t": 1
      },
      {
        "answer": "مَكروهٌ",
        "t": 0
      }
    ]
  },
  {
    "id": 1863,
    "q": "سَترُ المرأة بدَنِها كُلِّه أمامَ الرجُلِ الأجنبيِّ، بما في ذلك الوجهُ والكَفَّانِ:",
    "level": 1,
    "link": "https://www.dorar.net/feqhia/3141",
    "section": "figh-zina",
    "answers": [
      {
        "answer": "مُستحَبٌّ",
        "t": 0
      },
      {
        "answer": "لا يُشرَعُ",
        "t": 0
      },
      {
        "answer": "واجبٌ",
        "t": 1
      }
    ]
  },
  {
    "id": 1864,
    "q": "عورةُ المرأةِ أمامَ مَحارِمِها :",
    "level": 1,
    "link": "https://www.dorar.net/feqhia/3143",
    "section": "figh-zina",
    "answers": [
      {
        "answer": "جميعُ بدَنِها، سوى ما يظهَرُ منها غالبًا، كالرَّقبةِ، والشَّعرِ، والقَدَمينِ",
        "t": 1
      },
      {
        "answer": "ما بين السُّرَّةِ والرُّكبةِ",
        "t": 0
      },
      {
        "answer": "بدنُها كلُّه",
        "t": 0
      }
    ]
  },
  {
    "id": 1871,
    "q": "الأصلُ في الملبوساتِ:",
    "level": 1,
    "link": "https://www.dorar.net/feqhia/3158",
    "section": "figh-zina",
    "answers": [
      {
        "answer": "الإباحةُ إلَّا ما استثناهُ الشَّارِعُ",
        "t": 1
      },
      {
        "answer": "الاستحبابُ",
        "t": 0
      },
      {
        "answer": "الحرمةُ",
        "t": 0
      }
    ]
  },
  {
    "id": 1879,
    "q": "حُكمُ لُبسِ البُرنسِ؛ وهو كلُّ ثوبٍ رأسُه منه مُلتَزِقٌ به:",
    "level": 1,
    "link": "https://www.dorar.net/feqhia/3163",
    "section": "figh-zina",
    "answers": [
      {
        "answer": "مُستحَبٌّ",
        "t": 0
      },
      {
        "answer": "مُباحٌ",
        "t": 1
      },
      {
        "answer": "حرامٌ",
        "t": 0
      }
    ]
  },
  {
    "id": 1873,
    "q": "لُبسُ البرْنيطة (القُبَّعة):",
    "level": 1,
    "link": "https://www.dorar.net/feqhia/3161",
    "section": "figh-zina",
    "answers": [
      {
        "answer": "مُباحٌ",
        "t": 1
      },
      {
        "answer": "مُستحَبٌّ",
        "t": 0
      },
      {
        "answer": "مَكروهٌ",
        "t": 0
      }
    ]
  },
  {
    "id": 1867,
    "q": "سَترُ العَورةِ حالَ الخَلوةِ إذا لم تكنْ حاجةٌ تَدعو إلى كشفِها:",
    "level": 1,
    "link": "https://www.dorar.net/feqhia/3149",
    "section": "figh-zina",
    "answers": [
      {
        "answer": "مُباحٌ",
        "t": 0
      },
      {
        "answer": "واجبٌ",
        "t": 1
      },
      {
        "answer": "مَكروهٌ",
        "t": 0
      }
    ]
  },
  {
    "id": 1866,
    "q": "عورةُ المرأةِ المُسلِمةِ أمامَ المرأةِ الكافرة:",
    "level": 1,
    "link": "https://www.dorar.net/feqhia/3147",
    "section": "figh-zina",
    "answers": [
      {
        "answer": "تأخذُ حكمَ المرأةِ المسلمةِ من سَتْر بدَنِها سوى ما يَظهرُ منها غالبًا، كالرَّقَبةِ والشَّعرِ والقَدَمينِ",
        "t": 1
      },
      {
        "answer": "لا تأخذُ حُكمَ المسلمةِ، وتسترُ كلَّ البدنِ والوَجه والكفينِ",
        "t": 0
      },
      {
        "answer": "يُستحبُّ سَترُ كلِّ البدنِ سوى الوجهِ والكفينِ",
        "t": 0
      }
    ]
  },
  {
    "id": 1877,
    "q": "حُكم لُبسِ الرِّداء؛ وهو ما يُوضعُ على المَنكِبَينِ وفوقَ الكَتِفَينِ مِن ثَوبٍ:",
    "level": 1,
    "link": "https://www.dorar.net/feqhia/3163",
    "section": "figh-zina",
    "answers": [
      {
        "answer": "واجبٌ",
        "t": 0
      },
      {
        "answer": "مُباحٌ",
        "t": 1
      },
      {
        "answer": "مَكروهٌ",
        "t": 0
      }
    ]
  },
  {
    "id": 1880,
    "q": "حُكمُ لُبسِ البُرْدة؛ وهي كِساءٌ أسوَدُ مُرَبَّعٌ مُخَطَّط يُلتَحَفُ به:",
    "level": 1,
    "link": "https://www.dorar.net/feqhia/3163",
    "section": "figh-zina",
    "answers": [
      {
        "answer": "مُباحٌ",
        "t": 1
      },
      {
        "answer": "واجبٌ",
        "t": 0
      },
      {
        "answer": "مُستحَبٌّ",
        "t": 0
      }
    ]
  },
  {
    "id": 1865,
    "q": "عورةُ المرأةِ أمامَ المرأةِ المُسلِمةِ:",
    "level": 1,
    "link": "https://www.dorar.net/feqhia/3145",
    "section": "figh-zina",
    "answers": [
      {
        "answer": "يجِبُ سَترُ كلِّ البدنِ سوى الوجهِ والكفَّين",
        "t": 0
      },
      {
        "answer": "تَستُرُ بدَنَها سوى ما يَظهرُ منها غالبًا، كالرَّقَبةِ والشَّعرِ والقَدَمينِ، ونحوِ ذلك",
        "t": 1
      },
      {
        "answer": "يُستحَبُّ سترُ جميعِ البدنِ دون استثناءٍ",
        "t": 0
      }
    ]
  },
  {
    "id": 1868,
    "q": "لُبسُ اللِّباسِ الشَّفافِ الذي يَصِفُ البَدَنَ مُبَيِّنًا للعَورةِ للرِّجال والنساء:",
    "level": 1,
    "link": "https://www.dorar.net/feqhia/3152",
    "section": "figh-zina",
    "answers": [
      {
        "answer": "حرامٌ على النساء دون الرجالِ",
        "t": 0
      },
      {
        "answer": "حرامٌ على النِّساء والرجالِ",
        "t": 1
      },
      {
        "answer": "مَكروهٌ",
        "t": 0
      }
    ]
  },
  {
    "id": 1861,
    "q": "هو كُلُّ ما يَستُرُ الجِسمَ مِن ثِيابٍ ودِرعٍ:",
    "level": 1,
    "link": "https://www.dorar.net/feqhia/3132",
    "section": "figh-zina",
    "answers": [
      {
        "answer": "الكفَنُ",
        "t": 0
      },
      {
        "answer": "اللِّباسُ",
        "t": 1
      },
      {
        "answer": "ثِيابُ الإحرامِ",
        "t": 0
      }
    ]
  },
  {
    "id": 1876,
    "q": "لُبْس الإزار؛ وهو ثوبٌ يُحيطُ بالنِّصفِ الأسفَلِ مِن البَدَنِ:",
    "level": 1,
    "link": "https://www.dorar.net/feqhia/3163",
    "section": "figh-zina",
    "answers": [
      {
        "answer": "مُباحٌ",
        "t": 1
      },
      {
        "answer": "لا يُشرَعُ",
        "t": 0
      },
      {
        "answer": "مَكروهٌ",
        "t": 0
      }
    ]
  },
  {
    "id": 1862,
    "q": "سَترُ الرجلِ ما بين السُّرَّةِ والرُّكبةِ أمام الرِّجالِ:",
    "level": 1,
    "link": "https://dorar.net/feqhia/3136",
    "section": "figh-zina",
    "answers": [
      {
        "answer": "واجبٌ باتِّفاقِ المَذاهِبِ الفِقهيَّةِ الأربَعةِ",
        "t": 1
      },
      {
        "answer": "مُباحٌ",
        "t": 0
      },
      {
        "answer": "مُستحَبٌّ",
        "t": 0
      }
    ]
  },
  {
    "id": 1870,
    "q": "لُبسُ الملابِس الضَّيِّقَة للنساء:",
    "level": 1,
    "link": "https://www.dorar.net/feqhia/3154",
    "section": "figh-zina",
    "answers": [
      {
        "answer": "مَكروهٌ",
        "t": 0
      },
      {
        "answer": "حرامٌ",
        "t": 1
      },
      {
        "answer": "مُباحٌ",
        "t": 0
      }
    ]
  },
  {
    "id": 1878,
    "q": "حُكمُ لُبسِ القَباءِ؛ وهو ثوبٌ يُجمَع بعضُه على بعضٍ:",
    "level": 1,
    "link": "https://www.dorar.net/feqhia/3163",
    "section": "figh-zina",
    "answers": [
      {
        "answer": "بِدعةٌ",
        "t": 0
      },
      {
        "answer": "حرامٌ",
        "t": 0
      },
      {
        "answer": "مُباحٌ",
        "t": 1
      }
    ]
  },
  {
    "id": 1869,
    "q": "لُبسُ الملابِس الضَّيِّقَة للرجالِ:",
    "level": 1,
    "link": "https://www.dorar.net/feqhia/3154",
    "section": "figh-zina",
    "answers": [
      {
        "answer": "حرامٌ",
        "t": 0
      },
      {
        "answer": "مَكروهٌ",
        "t": 1
      },
      {
        "answer": "مُباحٌ",
        "t": 0
      }
    ]
  },
  {
    "id": 1881,
    "q": "حُكمُ لُبسِ الجُبةِ؛ وهي ثوبٌ سابِغٌ واسِعُ الكُمَّينِ، مَشقوقُ المُقَدَّم، يُلبَسُ فوقَ الثيابِ:",
    "level": 1,
    "link": "https://www.dorar.net/feqhia/3163",
    "section": "figh-zina",
    "answers": [
      {
        "answer": "واجبٌ",
        "t": 0
      },
      {
        "answer": "سُنة مؤكَّدة",
        "t": 0
      },
      {
        "answer": "مُباحٌ",
        "t": 1
      }
    ]
  },
  {
    "id": 1874,
    "q": "لُبْس القميصِ؛ اسمٌ لِما يُلبَسُ مِن المَخِيط الذي له كُمَّانِ وجَيبٌ:",
    "level": 1,
    "link": "https://www.dorar.net/feqhia/3163",
    "section": "figh-zina",
    "answers": [
      {
        "answer": "واجبٌ",
        "t": 0
      },
      {
        "answer": "مَكروهٌ",
        "t": 0
      },
      {
        "answer": "مُباحٌ",
        "t": 1
      }
    ]
  }
]