[
  {
    "id": 1915,
    "q": "وضعُ المناكيرِ على الأظافرِ:",
    "level": 3,
    "link": "https://www.dorar.net/feqhia/3277/المطلب-الثاني:-طلاء-الأظفار-المناكير",
    "section": "figh-zina",
    "answers": [
      {
        "answer": "مندوبٌ",
        "t": 0
      },
      {
        "answer": "حرامٌ",
        "t": 0
      },
      {
        "answer": "جائزٌ",
        "t": 1
      }
    ]
  },
  {
    "id": 1919,
    "q": "تحلِّي الرجُلِ بالذهبِ:",
    "level": 3,
    "link": "https://www.dorar.net/feqhia/3294/الفرع-الأول:-حكم-لبس-الرجل-الذهب-والتزين-به#t-1",
    "section": "figh-zina",
    "answers": [
      {
        "answer": "جائزٌ",
        "t": 0
      },
      {
        "answer": "مَكروهٌ",
        "t": 0
      },
      {
        "answer": "مُحرَّم",
        "t": 1
      }
    ]
  },
  {
    "id": 1904,
    "q": "لُبسُ الثِّيابِ الجميلةِ دون إسرافٍ:",
    "level": 3,
    "link": "https://www.dorar.net/feqhia/3223/الفصل-السابع:-آداب-اللباس-ومُستحَبٌّاته#t-5",
    "section": "figh-zina",
    "answers": [
      {
        "answer": "مُستحَبٌّ",
        "t": 1
      },
      {
        "answer": "مُحرَّم",
        "t": 0
      },
      {
        "answer": "مَكروهٌ",
        "t": 0
      }
    ]
  },
  {
    "id": 1911,
    "q": "التزيُّن بما يُشبِهُ لباسَ الكفَّار والمبْتدِعة",
    "level": 3,
    "link": "https://www.dorar.net/feqhia/3226",
    "section": "figh-zina",
    "answers": [
      {
        "answer": "جائزٌ",
        "t": 0
      },
      {
        "answer": "مُحرَّم",
        "t": 1
      },
      {
        "answer": "مَكروهٌ",
        "t": 0
      }
    ]
  },
  {
    "id": 1918,
    "q": "تَزيُّن المرأةِ بحُليِّ الذهبِ والفِضة:",
    "level": 3,
    "link": "https://www.dorar.net/feqhia/3291/المطلب-الأول:-تزين-المرأة-بالذهب-والفضة",
    "section": "figh-zina",
    "answers": [
      {
        "answer": "يُكرَه الذهبُ دون الفِضةِ",
        "t": 0
      },
      {
        "answer": "مُباحانِ",
        "t": 1
      },
      {
        "answer": "تُكرَه الفِضةُ دون الذهبِ",
        "t": 0
      }
    ]
  },
  {
    "id": 1902,
    "q": "لُبسُ الخزِّ للرِّجالِ:",
    "level": 3,
    "link": "https://www.dorar.net/feqhia/3219/المبحث-الثالث:-حكم-لبس-الرجال-للخز",
    "section": "figh-zina",
    "answers": [
      {
        "answer": "مَكروهٌ",
        "t": 0
      },
      {
        "answer": "محرَّم",
        "t": 0
      },
      {
        "answer": "جائزٌ",
        "t": 1
      }
    ]
  },
  {
    "id": 1920,
    "q": "تختُّمُ الرجُلِ بخاتمِ الذهبِ:",
    "level": 3,
    "link": "https://www.dorar.net/feqhia/3302/الفرع-الأول:-خاتم-الذهب",
    "section": "figh-zina",
    "answers": [
      {
        "answer": "مُحرَّم",
        "t": 1
      },
      {
        "answer": "جائزٌ",
        "t": 0
      },
      {
        "answer": "مَكروهٌ",
        "t": 0
      }
    ]
  },
  {
    "id": 1909,
    "q": "حُكمُ التشبُّه بين الرجال والنِّساء في الزينةِ:",
    "level": 3,
    "link": "https://www.dorar.net/feqhia/3226",
    "section": "figh-zina",
    "answers": [
      {
        "answer": "جائزٌ",
        "t": 0
      },
      {
        "answer": "مُحرَّم على الرِّجال والنِّساء",
        "t": 1
      },
      {
        "answer": "مَكروهٌ للرجالِ مُحرَّم للنساءِ",
        "t": 0
      }
    ]
  },
  {
    "id": 1912,
    "q": "الإسرافُ في التزيينِ:",
    "level": 3,
    "link": "https://www.dorar.net/feqhia/3226",
    "section": "figh-zina",
    "answers": [
      {
        "answer": "جائزٌ للرِّجال والنساءِ",
        "t": 0
      },
      {
        "answer": "جائزٌ للنِّساء",
        "t": 0
      },
      {
        "answer": "مُحرَّم على الرِّجال والنساءِ",
        "t": 1
      }
    ]
  },
  {
    "id": 1922,
    "q": "التختُّمُ بخاتمِ الحديدِ:",
    "level": 3,
    "link": "https://www.dorar.net/feqhia/3308/المطلب-الثالث:-التختم-بالحديد",
    "section": "figh-zina",
    "answers": [
      {
        "answer": "مُحرَّم",
        "t": 0
      },
      {
        "answer": "جائزٌ",
        "t": 1
      },
      {
        "answer": "مَكروهٌ",
        "t": 0
      }
    ]
  },
  {
    "id": 1903,
    "q": "لُبسُ الأبيضِ من الثيابِ:",
    "level": 3,
    "link": "https://www.dorar.net/feqhia/3223/الفصل-السابع:-آداب-اللباس-ومُستحَبٌّاته#t-4",
    "section": "figh-zina",
    "answers": [
      {
        "answer": "مُستحَبٌّ",
        "t": 1
      },
      {
        "answer": "مُستحَبٌّ للجمعة فقطْ",
        "t": 0
      },
      {
        "answer": "مَكروهٌ",
        "t": 0
      }
    ]
  },
  {
    "id": 1906,
    "q": "مِن آدابِ اللِّباسِ:",
    "level": 3,
    "link": "https://www.dorar.net/feqhia/3223/الفصل-السابع:-آداب-اللباس-ومُستحَبٌّاته#t-8",
    "section": "figh-zina",
    "answers": [
      {
        "answer": "اشتِمالُ الصَّمَّاءِ",
        "t": 0
      },
      {
        "answer": "الزُّهدُ في اللِّباسِ",
        "t": 0
      },
      {
        "answer": "نَظافةُ الملْبسِ",
        "t": 1
      }
    ]
  },
  {
    "id": 1917,
    "q": "خضْبُ الأيدي والأرجُلِ للنِّساء:",
    "level": 3,
    "link": "https://www.dorar.net/feqhia/3285/المطلب-الثالث:-الخضاب-في-غير-الشعر#t-1",
    "section": "figh-zina",
    "answers": [
      {
        "answer": "جائزٌ",
        "t": 1
      },
      {
        "answer": "مُحرَّم",
        "t": 0
      },
      {
        "answer": "مَكروهٌ",
        "t": 0
      }
    ]
  },
  {
    "id": 1905,
    "q": "التواضعُ في الثيابِ:",
    "level": 3,
    "link": "https://www.dorar.net/feqhia/3223/الفصل-السابع:-آداب-اللباس-ومُستحَبٌّاته#t-7",
    "section": "figh-zina",
    "answers": [
      {
        "answer": "مَكروهٌ",
        "t": 0
      },
      {
        "answer": "مُستحَبٌّ",
        "t": 1
      },
      {
        "answer": "مُحرَّم",
        "t": 0
      }
    ]
  },
  {
    "id": 1913,
    "q": "تَغييرُ خلْقِ الله في التَّزيينِ:",
    "level": 3,
    "link": "https://www.dorar.net/feqhia/3226/الفصل-الأول:-تعريف-الزينة-وضوابطها#t-7",
    "section": "figh-zina",
    "answers": [
      {
        "answer": "حرامٌ للرجالِ",
        "t": 0
      },
      {
        "answer": "حرامٌ على الرجال والنِّساء",
        "t": 1
      },
      {
        "answer": "جائزٌ",
        "t": 0
      }
    ]
  },
  {
    "id": 1908,
    "q": "اشتمالُ الصَّمَّاء؛ هو:",
    "level": 3,
    "link": "https://www.dorar.net/feqhia/3223/الفصل-السابع:-آداب-اللباس-ومُستحَبٌّاته#t-10",
    "section": "figh-zina",
    "answers": [
      {
        "answer": "البُردَةُ التي تكونُ مِن جِنسٍ واحدٍ لا يُخالِطُها أَعلامٌ",
        "t": 0
      },
      {
        "answer": "لبسُ الثِّيابِ التي بها غِطاءٌ للرَّأسِ",
        "t": 0
      },
      {
        "answer": "أن يتغطَّى بثوبٍ واحدٍ ليس عليه غيرُه، ثم يَرفعَه مِن أحدِ جانبيْه فيضَعَه على مَنكبِه",
        "t": 1
      }
    ]
  },
  {
    "id": 1916,
    "q": "خِضابُ الشَّعر بالسَّواد:",
    "level": 3,
    "link": "https://www.dorar.net/feqhia/3281/المطلب-الأول:-خضاب-الشعر-بالسواد",
    "section": "figh-zina",
    "answers": [
      {
        "answer": "مَكروهٌ",
        "t": 1
      },
      {
        "answer": "مُباحٌ للنساءِ",
        "t": 0
      },
      {
        "answer": "مُباحٌ",
        "t": 0
      }
    ]
  },
  {
    "id": 1907,
    "q": "المشْيُ في النَّعل الواحدةِ:",
    "level": 3,
    "link": "https://www.dorar.net/feqhia/3223/الفصل-السابع:-آداب-اللباس-ومُستحَبٌّاته#t-9",
    "section": "figh-zina",
    "answers": [
      {
        "answer": "جائزٌ",
        "t": 0
      },
      {
        "answer": "واجبٌ",
        "t": 0
      },
      {
        "answer": "مَكروهٌ",
        "t": 1
      }
    ]
  },
  {
    "id": 1914,
    "q": "حُكم إطالةِ الأظافرِ:",
    "level": 3,
    "link": "https://www.dorar.net/feqhia/3275/المطلب-الأول:-حكم-إطالة-الأظفار",
    "section": "figh-zina",
    "answers": [
      {
        "answer": "جائزٌ",
        "t": 0
      },
      {
        "answer": "مندوبٌ",
        "t": 0
      },
      {
        "answer": "مَكروهٌ",
        "t": 1
      }
    ]
  },
  {
    "id": 1921,
    "q": "التختُّمُ بالفضةِ للرجُلِ:",
    "level": 3,
    "link": "https://www.dorar.net/feqhia/3306/المطلب-الثاني:-التختم-بالفضة",
    "section": "figh-zina",
    "answers": [
      {
        "answer": "مَكروهٌ على الأرجَح",
        "t": 0
      },
      {
        "answer": "جائزٌ إجماعًا",
        "t": 1
      },
      {
        "answer": "حَرامٌ",
        "t": 0
      }
    ]
  }
]