[
  {
    "id": 2593,
    "q": "يَبدأ وَقتُ طَواف القُدومِ بدُخول مَكة، وآخِرُه:",
    "level": 3,
    "link": "https: //www.dorar.net/feqhia/2995",
    "section": "hajj",
    "answers": [
      {
        "answer": "انتِهاء شَهر ذي الحِجِّة",
        "t": 0
      },
      {
        "answer": "يَومُ عَرَفة",
        "t": 1
      },
      {
        "answer": "غُروبِ شَمسِ آخِر أيَّامِ التَّشريقِ",
        "t": 0
      }
    ]
  },
  {
    "id": 2602,
    "q": "فَواتُ العُمرة يَكون بِـ:",
    "level": 3,
    "link": "https: //www.dorar.net/feqhia/3106",
    "section": "hajj",
    "answers": [
      {
        "answer": "الطَّواف قَبلَ الإحرام",
        "t": 0
      },
      {
        "answer": "العُمرة لا يُتصَوَّر فَواتُها",
        "t": 1
      },
      {
        "answer": "السَّعْي قَبلَ الطَّواف",
        "t": 0
      }
    ]
  },
  {
    "id": 2601,
    "q": "النائِبُ إذا لم يَحُجَّ عن نَفْسِه",
    "level": 3,
    "link": "https: //www.dorar.net/feqhia/3103",
    "section": "hajj",
    "answers": [
      {
        "answer": "لا يُجزِئُه حتى يَحُجَّ عن نَفْسِه",
        "t": 1
      },
      {
        "answer": "يَعتَمِر ثم يَحُجُّ عن غَيره",
        "t": 0
      },
      {
        "answer": "يُجزِئُه أنْ يَحُجَّ عن غَيره",
        "t": 0
      }
    ]
  },
  {
    "id": 2584,
    "q": "مَن كان قادرًا على الحَجِّ بماله عاجزًا ببَدَنه؛ فإنه:",
    "level": 3,
    "link": "https: //www.dorar.net/feqhia/2899",
    "section": "hajj",
    "answers": [
      {
        "answer": "يَسقُط عنه الحَجُّ؛ وعليه فِديَةُ طَعامٍ أو صَدَقَةٍ أو نُسُكٍ",
        "t": 0
      },
      {
        "answer": "يَجِب عليه الحَجُّ، بإرسال مَن يَنوب عنه",
        "t": 1
      },
      {
        "answer": "لا شيءَ عليه",
        "t": 0
      }
    ]
  },
  {
    "id": 2594,
    "q": "المُوالاةُ في السَّعْي",
    "level": 3,
    "link": "https: //www.dorar.net/feqhia/3004",
    "section": "hajj",
    "answers": [
      {
        "answer": "مُستَحبَّة مُطلقًا",
        "t": 1
      },
      {
        "answer": "شَرْط مُطلقًا",
        "t": 0
      },
      {
        "answer": "شَرْطٌ لِلقادِر فقط",
        "t": 0
      }
    ]
  },
  {
    "id": 2588,
    "q": "مَن أحرَمَ ولم يُعيِّنْ نُسُكه فإنه:",
    "level": 3,
    "link": "https: //www.dorar.net/feqhia/2939",
    "section": "hajj",
    "answers": [
      {
        "answer": "يَلزَمه الإفراد",
        "t": 0
      },
      {
        "answer": "يَنعَقِد إحرامه، ويَصرِفه إلى ما شاء مِن أنواع النُّسُك قَبلَ شُروعه في أفعال النُّسُك",
        "t": 1
      },
      {
        "answer": "لا يَنعَقِد إحرامه",
        "t": 0
      }
    ]
  },
  {
    "id": 2585,
    "q": "مَن أحرَمَ بَعدَ الميقات، ثم رَجَع إلى الميقات؛ فإنه",
    "level": 3,
    "link": "https: //www.dorar.net/feqhia/2917",
    "section": "hajj",
    "answers": [
      {
        "answer": "يُطعِم عَشرةَ مَساكِينَ",
        "t": 0
      },
      {
        "answer": "لا شَيءَ عليه",
        "t": 0
      },
      {
        "answer": "لا يَسقُط عنه الدَّمُ",
        "t": 1
      }
    ]
  },
  {
    "id": 2592,
    "q": "حُكْم الرَّمَل",
    "level": 3,
    "link": "https: //www.dorar.net/feqhia/2990",
    "section": "hajj",
    "answers": [
      {
        "answer": "واجِبٌ بالإجماعِ",
        "t": 0
      },
      {
        "answer": "سُنَّة لِلمُحرِم باتِّفاق المَذاهِب الأربَعة",
        "t": 1
      },
      {
        "answer": "رُكن",
        "t": 0
      }
    ]
  },
  {
    "id": 2589,
    "q": "إنْ اشتَرَط في الحَجِّ أو العُمرة وقال: إنْ مَرِضتُ ونَحوَ ذلك فأنا حَلال، فإنه:",
    "level": 3,
    "link": "https: //www.dorar.net/feqhia/2947",
    "section": "hajj",
    "answers": [
      {
        "answer": "مَتى وُجِد الشَّرط حَلَّ بوُجوده",
        "t": 1
      },
      {
        "answer": "لا يُحِلُّ أبدًا",
        "t": 0
      },
      {
        "answer": "مُخيَّر بَينَ البَقاء على إحرامه وبَينَ التَّحلُّل",
        "t": 0
      }
    ]
  },
  {
    "id": 2600,
    "q": "إذا طَهُرتِ الحائِض والنُّفَساء بَعدَ أنْ خَرَجتْ ولم تكُن قد طافَت طَوافَ الوَداعِ",
    "level": 3,
    "link": "https: //www.dorar.net/feqhia/3092",
    "section": "hajj",
    "answers": [
      {
        "answer": "تَرجِع وتَطوفُ مُطلَقًا",
        "t": 0
      },
      {
        "answer": "إنْ كانَتْ قَريبةً رَجَعتْ، وإلا فلا شَيءَ عليها",
        "t": 1
      },
      {
        "answer": "لا تَرجِع مُطلَقًا",
        "t": 0
      }
    ]
  },
  {
    "id": 2587,
    "q": "النُّسُك الذي أحرَمَ به النَّبيُّ صلى الله عليه وسلم هو",
    "level": 3,
    "link": "https: //www.dorar.net/feqhia/2939",
    "section": "hajj",
    "answers": [
      {
        "answer": "الإفراد",
        "t": 0
      },
      {
        "answer": "التَّمتُّع",
        "t": 0
      },
      {
        "answer": "القِران",
        "t": 1
      }
    ]
  },
  {
    "id": 2582,
    "q": "حُكم تَكرار العُمرة في السَّنة الواحِدة",
    "level": 3,
    "link": "https: //www.dorar.net/feqhia/2881",
    "section": "hajj",
    "answers": [
      {
        "answer": "مَكروه",
        "t": 0
      },
      {
        "answer": "لا يَجوز",
        "t": 0
      },
      {
        "answer": "يَجوز",
        "t": 1
      }
    ]
  },
  {
    "id": 2595,
    "q": "إذا دَفَع الواقِف قَبلَ الغُروب ثم عاد ليلًا قَبلَ طُلوع الشَّمس",
    "level": 3,
    "link": "https: //www.dorar.net/feqhia/3028",
    "section": "hajj",
    "answers": [
      {
        "answer": "يَلزَمه الدَّمُ ولا يَسقُط",
        "t": 0
      },
      {
        "answer": "حَجُّه فاسِد",
        "t": 0
      },
      {
        "answer": "لا شَيءَ عليه",
        "t": 1
      }
    ]
  },
  {
    "id": 2597,
    "q": "مَن لم يجِد الهَدْيَ ولم يَصُمِ الأيامَ الثلاثة حتى غادَر إلى وَطَنه",
    "level": 3,
    "link": "https: //www.dorar.net/feqhia/3072",
    "section": "hajj",
    "answers": [
      {
        "answer": "لا شَيءَ عليه",
        "t": 0
      },
      {
        "answer": "يَجِب عليه الدَّمُ",
        "t": 0
      },
      {
        "answer": "يَجِب عليه قضاؤها في وَطَنه",
        "t": 1
      }
    ]
  },
  {
    "id": 2583,
    "q": "مَن أراد حَجَّ الفَريضةِ وكان بَينَه وبَينَ غَيره عَقْدٌ يُلزِمه بالعَمَلِ في أيَّام الحَجِّ أو بَعضِها، فإنَّه:",
    "level": 3,
    "link": "https: //www.dorar.net/feqhia/2893",
    "section": "hajj",
    "answers": [
      {
        "answer": "يَلزَمه الحَجُّ",
        "t": 0
      },
      {
        "answer": "لا يُشرَع لِصاحِب العَمَل مَنْعه",
        "t": 0
      },
      {
        "answer": "يَستأذِن منه، فإنْ أذِنَ له وإلَّا وَجَبَ عليه الوَفاء بالعَقْد",
        "t": 1
      }
    ]
  },
  {
    "id": 2599,
    "q": "إذا غَرَبتِ الشَّمس على المتعجِّلِ مِن مِنًى وهو سائِرٌ فيها؛ لكنْ لم يَخرُجْ منها لِلازدِحام:",
    "level": 3,
    "link": "https: //www.dorar.net/feqhia/3083",
    "section": "hajj",
    "answers": [
      {
        "answer": "يَخرُج ولا شَيء عليه",
        "t": 1
      },
      {
        "answer": "يَلزَمه المَبيت",
        "t": 0
      },
      {
        "answer": "يَخرُج وعليه دَمٌ",
        "t": 0
      }
    ]
  },
  {
    "id": 2603,
    "q": "مَن أُحصِر عنِ الوُقوف بعَرَفة",
    "level": 3,
    "link": "https: //www.dorar.net/feqhia/3108",
    "section": "hajj",
    "answers": [
      {
        "answer": "يَتحَلَّل بعُمرة، وعليه القَضاء",
        "t": 0
      },
      {
        "answer": "لا يُعَدُّ مُحصَرًا",
        "t": 0
      },
      {
        "answer": "يَتحَلَّل بعُمرة ولا شَيءَ عليه",
        "t": 1
      }
    ]
  },
  {
    "id": 2591,
    "q": "مَن شَكَّ في أثناء الطَّواف في عَدَد الأشواط التي طافَها؛ فإنه:",
    "level": 3,
    "link": "https: //www.dorar.net/feqhia/2988",
    "section": "hajj",
    "answers": [
      {
        "answer": "يَبني على اليَقين، وهو الأقَلُّ",
        "t": 1
      },
      {
        "answer": "يُعيد كل الأشواط",
        "t": 0
      },
      {
        "answer": "يُكمِل ويَطرَح الشَّكَّ",
        "t": 0
      }
    ]
  },
  {
    "id": 2596,
    "q": "الدُّعاء بَعدَ رَمْي الجِمار",
    "level": 3,
    "link": "https: //www.dorar.net/feqhia/3059",
    "section": "hajj",
    "answers": [
      {
        "answer": "يَدعو بَعدَ كل الجَمراتِ",
        "t": 0
      },
      {
        "answer": "لا يَدعو",
        "t": 0
      },
      {
        "answer": "يَدعو بَعدَ كل جَمرة إلا جَمرة العَقَبة",
        "t": 1
      }
    ]
  },
  {
    "id": 2590,
    "q": "مَحظورَا الإحرام اللَّذانِ يَختَصَّانِ بالرِّجال اثنان، هُما:",
    "level": 3,
    "link": "https: //www.dorar.net/feqhia/2950",
    "section": "hajj",
    "answers": [
      {
        "answer": "لُبْس المَخيط، وتَغطية الرَّأْس",
        "t": 1
      },
      {
        "answer": "لُبْس المَخيط، والطِّيب",
        "t": 0
      },
      {
        "answer": "لُبْس المَخيط، والجِماع",
        "t": 0
      }
    ]
  }
]