[
  {
    "id": 2557,
    "q": "التَّصدُّق بقيمة الهَدْي",
    "level": 1,
    "link": "https: //www.dorar.net/feqhia/3072",
    "section": "hajj",
    "answers": [
      {
        "answer": "لا يُجزِئ إلا الذَّبْح",
        "t": 1
      },
      {
        "answer": "يجوزُ مع الكَراهَة",
        "t": 0
      },
      {
        "answer": "يَجوز وهو أفضَلُ مِنَ الذَّبْح",
        "t": 0
      }
    ]
  },
  {
    "id": 2545,
    "q": "حُكم حَلْق شَعر الرَّأْس لِلمُحرِم",
    "level": 1,
    "link": "https: //www.dorar.net/feqhia/2955",
    "section": "hajj",
    "answers": [
      {
        "answer": "مَكروه",
        "t": 0
      },
      {
        "answer": "مِن مَحظورات الإحرام",
        "t": 1
      },
      {
        "answer": "مِن سُنَنِ الإحرامِ",
        "t": 0
      }
    ]
  },
  {
    "id": 2543,
    "q": "مَن تَجاوَزَ الميقاتَ بغَيْر إحرام ثم رَجَع إلى الميقاتِ فأحرَمَ منه؛ فإنَّه:",
    "level": 1,
    "link": "https: //www.dorar.net/feqhia/2917",
    "section": "hajj",
    "answers": [
      {
        "answer": "لا دَمَ عليه",
        "t": 1
      },
      {
        "answer": "بَطَلَ حَجُّه",
        "t": 0
      },
      {
        "answer": "عليه دَمٌ",
        "t": 0
      }
    ]
  },
  {
    "id": 2558,
    "q": "الأكْلُ مِن هَدْي الكَفَّارات",
    "level": 1,
    "link": "https: //www.dorar.net/feqhia/3072",
    "section": "hajj",
    "answers": [
      {
        "answer": "لا يَجوز",
        "t": 1
      },
      {
        "answer": "يَجوز",
        "t": 0
      },
      {
        "answer": "يُستَحبُّ",
        "t": 0
      }
    ]
  },
  {
    "id": 2552,
    "q": "رَمْيُ الجِمار ليلًا لِمَن لم يَرْمِ نَهارًا",
    "level": 1,
    "link": "https: //www.dorar.net/feqhia/3065",
    "section": "hajj",
    "answers": [
      {
        "answer": "يُكرَه",
        "t": 0
      },
      {
        "answer": "لا يَجوز",
        "t": 0
      },
      {
        "answer": "يَجوز",
        "t": 1
      }
    ]
  },
  {
    "id": 2547,
    "q": "هل نَمِرةُ مِن عَرَفةَ",
    "level": 1,
    "link": "https: //www.dorar.net/feqhia/3028",
    "section": "hajj",
    "answers": [
      {
        "answer": "ليستْ مِن عَرَفة ويُجزِئ الوُقوفُ بها",
        "t": 0
      },
      {
        "answer": "أفضَلُ بُقْعة في عَرَفة",
        "t": 0
      },
      {
        "answer": "ليستْ مِن عَرَفة ولا يُجزِئ الوُقوف بها",
        "t": 1
      }
    ]
  },
  {
    "id": 2549,
    "q": "مَن وَقَف بعَرَفة نائمًا",
    "level": 1,
    "link": "https: //www.dorar.net/feqhia/3028",
    "section": "hajj",
    "answers": [
      {
        "answer": "عليه قَضاء حَجِّهِ",
        "t": 0
      },
      {
        "answer": "لا يُجزِئُه",
        "t": 0
      },
      {
        "answer": "حَجُّهُ صَحيح",
        "t": 1
      }
    ]
  },
  {
    "id": 2541,
    "q": "مَحرَم المرأة هو:",
    "level": 1,
    "link": "https: //www.dorar.net/feqhia/2905",
    "section": "hajj",
    "answers": [
      {
        "answer": "مَن له صلة قَرابة بالمرأَةِ مِنَ النَّسَب فقط",
        "t": 0
      },
      {
        "answer": "زَوجُها أو مَن يَحرُم عليها بالتأبيد؛ ويَكون مُسلِمًا بالغًا عاقِلًا ثِقةً مأمونًا",
        "t": 1
      },
      {
        "answer": "زَوجُها أو مَن يَحِلُّ مَحلَّه كأَبيهِ وأَخيهِ ونحو ذلك",
        "t": 0
      }
    ]
  },
  {
    "id": 2539,
    "q": "حُكم العُمرة",
    "level": 1,
    "link": "https: //www.dorar.net/feqhia/2881",
    "section": "hajj",
    "answers": [
      {
        "answer": "مُستَحبَّة",
        "t": 0
      },
      {
        "answer": "فَرْضُ كِفاية",
        "t": 0
      },
      {
        "answer": "واجِبة",
        "t": 1
      }
    ]
  },
  {
    "id": 2551,
    "q": "لو كان الرامي قريبًا مِنَ الحَوْض، فوَضَعَ الجَمَرات دون أنْ يَرميَها",
    "level": 1,
    "link": "https: //www.dorar.net/feqhia/3057",
    "section": "hajj",
    "answers": [
      {
        "answer": "لا يُجزِئُه إلا الرَّمْيُ",
        "t": 1
      },
      {
        "answer": "يُجزِئُه ذلك",
        "t": 0
      },
      {
        "answer": "يَجوزُ مع الكَراهَة وتَرْكُه أَوْلَى",
        "t": 0
      }
    ]
  },
  {
    "id": 2550,
    "q": "الدُّعاء والذِّكْر والتَّلبية يَومَ عَرَفةَ",
    "level": 1,
    "link": "https: //www.dorar.net/feqhia/3030",
    "section": "hajj",
    "answers": [
      {
        "answer": "مُستَحَبٌّ",
        "t": 1
      },
      {
        "answer": "رُكْن",
        "t": 0
      },
      {
        "answer": "واجِب",
        "t": 0
      }
    ]
  },
  {
    "id": 2554,
    "q": "السُّنَّة في طَواف الإفاضة",
    "level": 1,
    "link": "https: //www.dorar.net/feqhia/3078",
    "section": "hajj",
    "answers": [
      {
        "answer": "بَعدَ الرَّمْي وقَبلَ النَّحْر",
        "t": 0
      },
      {
        "answer": "بَعدَ الرَّمْي والنَّحْر والحَلْق",
        "t": 1
      },
      {
        "answer": "بَعدَ الرَّمْي والنَّحْر وقَبلَ الحَلْق",
        "t": 0
      }
    ]
  },
  {
    "id": 2556,
    "q": "الرَّمْي بالحَجَر المُستَعمَل",
    "level": 1,
    "link": "https: //www.dorar.net/feqhia/3059",
    "section": "hajj",
    "answers": [
      {
        "answer": "يَجوز مع أنَّ غَيرَه أوْلى منه",
        "t": 1
      },
      {
        "answer": "يُستَحَبُّ",
        "t": 0
      },
      {
        "answer": "لا يَجوز",
        "t": 0
      }
    ]
  },
  {
    "id": 2542,
    "q": "الإحرام مِن جِدَّة",
    "level": 1,
    "link": "https: //www.dorar.net/feqhia/2917",
    "section": "hajj",
    "answers": [
      {
        "answer": "لا يَجوز لِأحَد أنْ يَتجاوَزَ ميقاتَه ويُحرِمَ مِن جِدَّة",
        "t": 1
      },
      {
        "answer": "يَجوز",
        "t": 0
      },
      {
        "answer": "يجوز للضَّرورَةِ فقط",
        "t": 0
      }
    ]
  },
  {
    "id": 2540,
    "q": "الوُقوفُ بعَرَفة، والمَبيت بمُزدَلِفة ومِنًى لِلصَّبيِّ:",
    "level": 1,
    "link": "https: //www.dorar.net/feqhia/2888",
    "section": "hajj",
    "answers": [
      {
        "answer": "لا يَلزَم الصَّبيَّ فِعلُ شَيء",
        "t": 0
      },
      {
        "answer": "يَلزَمه فِعله، ولا تَجوز فيه النِّيابة",
        "t": 1
      },
      {
        "answer": "يَلزَم وَليَّ الصَّبيِّ",
        "t": 0
      }
    ]
  },
  {
    "id": 2538,
    "q": "تَوديعُ المُسَافِر أهلَه وجيرانَه وأصدقاءَه وأحبابَه",
    "level": 1,
    "link": "https: //www.dorar.net/feqhia/2874",
    "section": "hajj",
    "answers": [
      {
        "answer": "مُباح",
        "t": 0
      },
      {
        "answer": "مُستَحَبٌّ",
        "t": 1
      },
      {
        "answer": "واجِب",
        "t": 0
      }
    ]
  },
  {
    "id": 2555,
    "q": "بمَ يَحصُل التَّحلُّلُ الأوَّل",
    "level": 1,
    "link": "https: //www.dorar.net/feqhia/3080",
    "section": "hajj",
    "answers": [
      {
        "answer": "بالرَّمْي",
        "t": 0
      },
      {
        "answer": "بالوُقوف بعَرَفة",
        "t": 0
      },
      {
        "answer": "بأمرَيْن مِن ثلاثة: الرَّمْي والحَلْق والطَّواف",
        "t": 1
      }
    ]
  },
  {
    "id": 2546,
    "q": "لُبْس المَخيط لِلذَّكَر المُحرِم",
    "level": 1,
    "link": "https: //www.dorar.net/feqhia/2963",
    "section": "hajj",
    "answers": [
      {
        "answer": "مِن مَحظوراتِ الإحرام",
        "t": 1
      },
      {
        "answer": "مَكروه",
        "t": 0
      },
      {
        "answer": "لا شَيءَ فيه",
        "t": 0
      }
    ]
  },
  {
    "id": 2544,
    "q": "ابتداء وَقْت التَّلبية",
    "level": 1,
    "link": "https: //www.dorar.net/feqhia/2935",
    "section": "hajj",
    "answers": [
      {
        "answer": "مِن بِدايَةِ رِحلَةِ الحاجِّ مِن بَلدِه",
        "t": 0
      },
      {
        "answer": "عِندَ رُؤية الكَعبة",
        "t": 0
      },
      {
        "answer": "يُستَحَبُّ مِن حين الإحرام",
        "t": 1
      }
    ]
  },
  {
    "id": 2553,
    "q": "الأكْل مِن هَدْي القِران والتَّمتُّع",
    "level": 1,
    "link": "https: //www.dorar.net/feqhia/3072",
    "section": "hajj",
    "answers": [
      {
        "answer": "مُستَحَبٌّ",
        "t": 1
      },
      {
        "answer": "حَرام",
        "t": 0
      },
      {
        "answer": "واجِب",
        "t": 0
      }
    ]
  }
]