[
  {
    "id": 2577,
    "q": "المُوالاة بَينَ الرَّميات السَّبْع",
    "level": 2,
    "link": "https: //www.dorar.net/feqhia/3059",
    "section": "hajj",
    "answers": [
      {
        "answer": "واجِب",
        "t": 0
      },
      {
        "answer": "شَرْط",
        "t": 0
      },
      {
        "answer": "مُستَحَبَّة",
        "t": 1
      }
    ]
  },
  {
    "id": 2565,
    "q": "الإحرام بالعُمرة في أشْهُر الحَجِّ",
    "level": 2,
    "link": "https: //www.dorar.net/feqhia/2945",
    "section": "hajj",
    "answers": [
      {
        "answer": "مُستَحَبٌّ في التَّمتُّع",
        "t": 0
      },
      {
        "answer": "شَرط لِلمُتمَتِّع بالإجماع",
        "t": 1
      },
      {
        "answer": "يُكرَه لِلمُتمَتِّع",
        "t": 0
      }
    ]
  },
  {
    "id": 2575,
    "q": "جَمْع والمَشعَر الحَرام مِن أسماء",
    "level": 2,
    "link": "https: //www.dorar.net/feqhia/3035",
    "section": "hajj",
    "answers": [
      {
        "answer": "المُزدَلِفة",
        "t": 1
      },
      {
        "answer": "مِنًى",
        "t": 0
      },
      {
        "answer": "جَبَل الرَّحمة",
        "t": 0
      }
    ]
  },
  {
    "id": 2573,
    "q": "مَن كان عاجِزًا عن المَشْي، وطافَ راكبًا:",
    "level": 2,
    "link": "https: //www.dorar.net/feqhia/2988",
    "section": "hajj",
    "answers": [
      {
        "answer": "لا يُجزِئُه",
        "t": 0
      },
      {
        "answer": "لا فِداء، ولا إثْم عليه",
        "t": 1
      },
      {
        "answer": "يُجزِئه مع فِديَةِ دَمٍ",
        "t": 0
      }
    ]
  },
  {
    "id": 2563,
    "q": "التَّطيُّب في ثَوْب الإحرام",
    "level": 2,
    "link": "https: //www.dorar.net/feqhia/2931",
    "section": "hajj",
    "answers": [
      {
        "answer": "يُمنَع مِن تَطييب ثياب إحرامِه قَبلَ الإحرام وبَعدَه",
        "t": 1
      },
      {
        "answer": "مَكروه",
        "t": 0
      },
      {
        "answer": "مَشروع",
        "t": 0
      }
    ]
  },
  {
    "id": 2580,
    "q": "التَّحلُّل الأوَّل يُحِلُّ كل شَيء إلا",
    "level": 2,
    "link": "https: //www.dorar.net/feqhia/3080",
    "section": "hajj",
    "answers": [
      {
        "answer": "النِّساء والصَّيْد والطِّيب",
        "t": 0
      },
      {
        "answer": "النِّساء فحَسْبُ",
        "t": 1
      },
      {
        "answer": "النِّساء والطِّيب",
        "t": 0
      }
    ]
  },
  {
    "id": 2572,
    "q": "طَوافُ المُستَحاضة ومَن به سَلَسُ البَوْل ونَحو ذلك:",
    "level": 2,
    "link": "https: //www.dorar.net/feqhia/2988",
    "section": "hajj",
    "answers": [
      {
        "answer": "مَكرُوه",
        "t": 0
      },
      {
        "answer": "لا يُجزِئ",
        "t": 0
      },
      {
        "answer": "جائِزٌ، ولا شيء عليهما",
        "t": 1
      }
    ]
  },
  {
    "id": 2562,
    "q": "إذا كان العبدُ قادرًا ببَدَنه ومالِه فإنَّه:",
    "level": 2,
    "link": "https: //www.dorar.net/feqhia/2895",
    "section": "hajj",
    "answers": [
      {
        "answer": "يُباح الحَجُّ والعُمرة بنَفْسه",
        "t": 0
      },
      {
        "answer": "يَلزَمه الحَجُّ والعُمرة بنَفْسِه بالإجماع",
        "t": 1
      },
      {
        "answer": "يُستَحَبُّ الحَجُّ والعُمرة بنَفْسِه",
        "t": 0
      }
    ]
  },
  {
    "id": 2566,
    "q": "تَغطية الرَّأْس للمُحرِم الذَّكَر:",
    "level": 2,
    "link": "https: //www.dorar.net/feqhia/2961",
    "section": "hajj",
    "answers": [
      {
        "answer": "يُكرَه ولا يَحرُم",
        "t": 0
      },
      {
        "answer": "لا شَيء عليه",
        "t": 0
      },
      {
        "answer": "مِن مَحظورات الإحرام",
        "t": 1
      }
    ]
  },
  {
    "id": 2567,
    "q": "حُكم عَقْد النِّكاح لِلمُحرِم\n ",
    "level": 2,
    "link": "https: //www.dorar.net/feqhia/2966",
    "section": "hajj",
    "answers": [
      {
        "answer": "يُكرَه له ابتِداءً",
        "t": 0
      },
      {
        "answer": "يجُوز",
        "t": 0
      },
      {
        "answer": "يَحرُم، ولا يَصِحُّ",
        "t": 1
      }
    ]
  },
  {
    "id": 2576,
    "q": "مَن تَرَك المَبيت بمُزدَلِفة لغَير عُذْر",
    "level": 2,
    "link": "https: //www.dorar.net/feqhia/3041",
    "section": "hajj",
    "answers": [
      {
        "answer": "حَجُّه صَحيح ولا شَيءَ عليه",
        "t": 0
      },
      {
        "answer": "حَجُّه باطِل",
        "t": 0
      },
      {
        "answer": "يَلزَمه دَمٌ",
        "t": 1
      }
    ]
  },
  {
    "id": 2574,
    "q": "هو: أنْ يَتوَشَّح برِدائه ويُخرِجَه مِن تَحتِ إبْطِه الأيمَن، ويُلقيه على مَنْكِبِه الأيسَر، ويُغطِّيه، ويُبدي مَنْكِبِه الأيمَنَ",
    "level": 2,
    "link": "https: //www.dorar.net/feqhia/2990",
    "section": "hajj",
    "answers": [
      {
        "answer": "الاضطِباع",
        "t": 1
      },
      {
        "answer": "الهَرْوَلَة",
        "t": 0
      },
      {
        "answer": "الرَّمَل",
        "t": 0
      }
    ]
  },
  {
    "id": 2560,
    "q": "وَقتُ العُمرة",
    "level": 2,
    "link": "https: //www.dorar.net/feqhia/2881",
    "section": "hajj",
    "answers": [
      {
        "answer": "مِنَ المَولِدِ النَّبويِّ إلى رَمَضان",
        "t": 0
      },
      {
        "answer": "في كُلِّ أوقات السَّنة لِمَن لم يَكُنْ مُتلَبِّسًا بأعمال الحَجِّ",
        "t": 1
      },
      {
        "answer": "في شُهور رَجَب وشَعبان ورَمَضان فقط",
        "t": 0
      }
    ]
  },
  {
    "id": 2561,
    "q": "حُكم حَجِّ الكافِر",
    "level": 2,
    "link": "https: //www.dorar.net/feqhia/2886",
    "section": "hajj",
    "answers": [
      {
        "answer": "لا يَصِحُّ الحَجُّ مِنَ الكافِر، ويُجزِئُ عنه إنْ وَقَع منه",
        "t": 0
      },
      {
        "answer": "لا يَصِحُّ الحَجُّ مِنَ الكافِر، ولا يَجِب عليه، ولا يُجزِئ عنه إنْ وَقَعَ منه",
        "t": 1
      },
      {
        "answer": "لا يَصِحُّ الحَجُّ مِنَ الكافِر، ويَجِب عليه",
        "t": 0
      }
    ]
  },
  {
    "id": 2579,
    "q": "الأكْل مِن هَدْي التَّطَوُّع",
    "level": 2,
    "link": "https: //www.dorar.net/feqhia/3072",
    "section": "hajj",
    "answers": [
      {
        "answer": "مُستَحَبٌّ",
        "t": 1
      },
      {
        "answer": "واجِب",
        "t": 0
      },
      {
        "answer": "حَرام",
        "t": 0
      }
    ]
  },
  {
    "id": 2578,
    "q": "صِيامُ الأيَّامِ السَّبعةِ في مَكَّة بَعدَ انتِهاء الحَجِّ لمَن لم يجِد هَدْيًا:",
    "level": 2,
    "link": "https: //www.dorar.net/feqhia/3072",
    "section": "hajj",
    "answers": [
      {
        "answer": "يُجزِئ عنه، والأفضَل أنْ يَصومَها في وَطَنه",
        "t": 1
      },
      {
        "answer": "لا يَجوز",
        "t": 0
      },
      {
        "answer": "يُجزِئ عنه وعليه فِديَةُ دَمٍ",
        "t": 0
      }
    ]
  },
  {
    "id": 2569,
    "q": "السِّواكُ لِلمُحْرِم",
    "level": 2,
    "link": "https: //www.dorar.net/feqhia/2980",
    "section": "hajj",
    "answers": [
      {
        "answer": "جائِز",
        "t": 1
      },
      {
        "answer": "واجِب",
        "t": 0
      },
      {
        "answer": "مَكروه",
        "t": 0
      }
    ]
  },
  {
    "id": 2568,
    "q": "فِدْية تَرْك الواجِب\n ",
    "level": 2,
    "link": "https: //www.dorar.net/feqhia/2978",
    "section": "hajj",
    "answers": [
      {
        "answer": "إِطعامُ سِتِّينَ مِسكينًا",
        "t": 0
      },
      {
        "answer": "دَمٌ، باتِّفاق المذاهِب الفِقهيَّة الأربَعة",
        "t": 1
      },
      {
        "answer": "صِيام ثلاثةِ أيَّامٍ",
        "t": 0
      }
    ]
  },
  {
    "id": 2571,
    "q": "لو طاف ناسيًا أو ساهيًا عن نوع الطَّواف",
    "level": 2,
    "link": "https: //www.dorar.net/feqhia/2988",
    "section": "hajj",
    "answers": [
      {
        "answer": "أعادَ طَوافَه",
        "t": 0
      },
      {
        "answer": "يَصِحُّ مع فِديَةِ صِيامٍ",
        "t": 0
      },
      {
        "answer": "أجزأه عنِ الطَّواف المَشروع في وَقْته، ما دام قد نَوَى النُّسُك الذي هو فيه",
        "t": 1
      }
    ]
  },
  {
    "id": 2581,
    "q": "يَنتَهي وَقتُ رَمْي الجَمَرات",
    "level": 2,
    "link": "https: //www.dorar.net/feqhia/3085",
    "section": "hajj",
    "answers": [
      {
        "answer": "نهايةَ شَهر ذي الحِجَّة",
        "t": 0
      },
      {
        "answer": "غُروبَ شَمس آخِر أيام التَّشريق",
        "t": 1
      },
      {
        "answer": "لا وَقتَ لآخِرِه",
        "t": 0
      }
    ]
  }
]