[
  {
    "id": 5525,
    "q": "\"كلُّ نَقصٍ وعيبٍ يُنزَّهُ عنه المَخلوقُ؛ فتَنزيهُ الخالِقِ أوْلى...\" هذا:",
    "level": 1,
    "link": "https://www.dorar.net/aqeeda/430",
    "section": "t-name",
    "answers": [
      {
        "answer": "قياسُ الأَوْلى في الإثباتِ",
        "t": 0
      },
      {
        "answer": "قياسُ الأَوْلى في التَّنزيهِ",
        "t": 1
      },
      {
        "answer": "قياسٌ شُموليٌّ",
        "t": 0
      }
    ]
  },
  {
    "id": 5528,
    "q": "أسماءُ البَشَرِ",
    "level": 1,
    "link": "https://www.dorar.net/aqeeda/433",
    "section": "t-name",
    "answers": [
      {
        "answer": "تدلُّ على الذَّاتِ فَقَط",
        "t": 1
      },
      {
        "answer": "تدلُّ على الذَّاتِ والصِّفةِ",
        "t": 0
      },
      {
        "answer": "تدلُّ على الصِّفةِ فحسبُ",
        "t": 0
      }
    ]
  },
  {
    "id": 5522,
    "q": "أنكَرَتِ الصِّفاتِ كُلَّها، وأوَّلَتْها على غَيرِ مُرادِها",
    "level": 1,
    "link": "https://www.dorar.net/aqeeda/418",
    "section": "t-name",
    "answers": [
      {
        "answer": "الشَّافعيَّةُ",
        "t": 0
      },
      {
        "answer": "أهلُ السُّنةِ",
        "t": 0
      },
      {
        "answer": "الجَهميَّةُ",
        "t": 1
      }
    ]
  },
  {
    "id": 5527,
    "q": "اللَّفظُ المَوضوعُ للدَّلالةِ على المُسمَّى",
    "level": 1,
    "link": "https://www.dorar.net/aqeeda/433",
    "section": "t-name",
    "answers": [
      {
        "answer": "النَّعتُ",
        "t": 0
      },
      {
        "answer": "الصِّفةُ",
        "t": 0
      },
      {
        "answer": "الاسمُ",
        "t": 1
      }
    ]
  },
  {
    "id": 5534,
    "q": "الغَيرةُ",
    "level": 1,
    "link": "https://www.dorar.net/aqeeda/765",
    "section": "t-name",
    "answers": [
      {
        "answer": "يُكرَهُ وَصفُ اللهِ بها",
        "t": 0
      },
      {
        "answer": "يَجوزُ وَصفُ اللهِ بها",
        "t": 1
      },
      {
        "answer": "لا يَجوزُ وَصفُ اللهِ بها",
        "t": 0
      }
    ]
  },
  {
    "id": 5539,
    "q": "التَّسمِّي بـ\"مَلِكِ الأملاكِ\"",
    "level": 1,
    "link": "https://www.dorar.net/aqeeda/767",
    "section": "t-name",
    "answers": [
      {
        "answer": "مَكروهٌ",
        "t": 0
      },
      {
        "answer": "مُحرَّمٌ",
        "t": 1
      },
      {
        "answer": "جائزٌ",
        "t": 0
      }
    ]
  },
  {
    "id": 5538,
    "q": "المَحبَّةُ واليَقينُ والرِّضا والتوكُّلُ",
    "level": 1,
    "link": "https://www.dorar.net/aqeeda/932",
    "section": "t-name",
    "answers": [
      {
        "answer": "من مُتطلَّباتِ الإيمانِ بالأسماءِ والصِّفاتِ",
        "t": 0
      },
      {
        "answer": "من آثارِ الإيمانِ بأسماءِ اللهِ وصِفاتِه",
        "t": 1
      },
      {
        "answer": "مِن شُروطِ الصِّفاتِ الذَّاتِيَّة دُونَ الخَبريَّة",
        "t": 0
      }
    ]
  },
  {
    "id": 5524,
    "q": "الإلحادُ في أَسماءِ اللهِ وصفاتِه",
    "level": 1,
    "link": "https://www.dorar.net/aqeeda/422",
    "section": "t-name",
    "answers": [
      {
        "answer": "يُعذَرُ العالِمُ ويُعاقَبُ الجاهِلُ",
        "t": 0
      },
      {
        "answer": "يَستَوي فيه العالمُ والجاهِلُ",
        "t": 0
      },
      {
        "answer": "كُفرٌ، لكِنَّه يُعذَرُ فيه الجاهِلُ",
        "t": 1
      }
    ]
  },
  {
    "id": 5521,
    "q": "اعتِقادُ انفِرادِ الرَّبِّ بالكَمالِ المُطلَقِ من جَميعِ الوُجوهِ بنُعوتِ العَظَمةِ والجَلالِ",
    "level": 1,
    "link": "https://www.dorar.net/aqeeda/404",
    "section": "t-name",
    "answers": [
      {
        "answer": "تَوحيدُ الأُلوهيَّةِ",
        "t": 0
      },
      {
        "answer": "تَوحيدُ الأسماءِ والصِّفاتِ",
        "t": 1
      },
      {
        "answer": "تَوحيدُ الرُّبوبيَّةِ",
        "t": 0
      }
    ]
  },
  {
    "id": 5529,
    "q": "صِفاتُ اللهِ تَعالى",
    "level": 1,
    "link": "https://www.dorar.net/aqeeda/472",
    "section": "t-name",
    "answers": [
      {
        "answer": "ظَنيَّةٌ",
        "t": 0
      },
      {
        "answer": "تَوقيفيَّةٌ",
        "t": 1
      },
      {
        "answer": "اجتِهاديَّةٌ",
        "t": 0
      }
    ]
  },
  {
    "id": 5523,
    "q": "عَقيدةُ أهلِ السُّنةِ في نُزولِ الله تَعالى كلَّ لَيلةٍ في الثُّلُثِ الأخيرِ",
    "level": 1,
    "link": "https://www.dorar.net/aqeeda/859",
    "section": "t-name",
    "answers": [
      {
        "answer": "الإثباتُ بلا تَشبيهٍ ولا تَكييفٍ",
        "t": 1
      },
      {
        "answer": "إنكارُ حَقيقةِ النُّزولِ وتَأويلُها بالصِّفاتِ",
        "t": 0
      },
      {
        "answer": "المُرادُ بالنُّزولِ الرَّحمةُ والمَغفِرةُ ونحو ذلك",
        "t": 0
      }
    ]
  },
  {
    "id": 5531,
    "q": "مَعنى الباطِنِ:",
    "level": 1,
    "link": "https://www.dorar.net/aqeeda/569",
    "section": "t-name",
    "answers": [
      {
        "answer": "المُحتَجِبُ عن ذَوي الألبابِ",
        "t": 0
      },
      {
        "answer": "جَميعُ ما سَبَق",
        "t": 1
      },
      {
        "answer": "الخَبيرُ ببَواطِنِ الأُمورِ",
        "t": 0
      }
    ]
  },
  {
    "id": 5530,
    "q": "صِفاتُ اللهِ تَعالى",
    "level": 1,
    "link": "https://www.dorar.net/aqeeda/506",
    "section": "t-name",
    "answers": [
      {
        "answer": "تِسعةٌ وتِسعونَ",
        "t": 0
      },
      {
        "answer": "لا حَصرَ لها",
        "t": 1
      },
      {
        "answer": "ألفُ صِفةٍ",
        "t": 0
      }
    ]
  },
  {
    "id": 5535,
    "q": "اليَدانِ في حَقِّ الله في القُرآنِ والسُّنةِ",
    "level": 1,
    "link": "https://www.dorar.net/aqeeda/897",
    "section": "t-name",
    "answers": [
      {
        "answer": "بمَعنى الإرادةِ",
        "t": 0
      },
      {
        "answer": "صِفةٌ ثابِتةٌ للهِ، بلا تَشبيهٍ أو تَعطيلٍ",
        "t": 1
      },
      {
        "answer": "بمَعنى القُدرةِ",
        "t": 0
      }
    ]
  },
  {
    "id": 5540,
    "q": "سَعيُ العَبدِ إلى الاتِّصافِ والتَّحلِّي بمُقتَضى بَعضِ صِفاتِ اللهِ تَعالى بما يَليقُ بالعَبدِ:",
    "level": 1,
    "link": "https://www.dorar.net/aqeeda/1047",
    "section": "t-name",
    "answers": [
      {
        "answer": "مُستحَبٌّ",
        "t": 1
      },
      {
        "answer": "مُحرَّمٌ",
        "t": 0
      },
      {
        "answer": "مَكروهٌ",
        "t": 0
      }
    ]
  },
  {
    "id": 5533,
    "q": "العُلوُّ في حَقِّ اللهِ",
    "level": 1,
    "link": "https://www.dorar.net/aqeeda/749",
    "section": "t-name",
    "answers": [
      {
        "answer": "جَميعُ ما سَبَق",
        "t": 1
      },
      {
        "answer": "عُلوُّ فَوقيَّةٍ",
        "t": 0
      },
      {
        "answer": "عُلوُّ شَأنٍ وقَهرٍ",
        "t": 0
      }
    ]
  },
  {
    "id": 5526,
    "q": "الصِّفةُ والوَصفُ والنَّعتُ:",
    "level": 1,
    "link": "https://www.dorar.net/aqeeda/433",
    "section": "t-name",
    "answers": [
      {
        "answer": "الوَصفُ والصِّفةُ غَيرُ النَّعتِ",
        "t": 0
      },
      {
        "answer": "أُمورٌ مُختَلِفةٌ",
        "t": 0
      },
      {
        "answer": "بمعنًى واحِدٍ",
        "t": 1
      }
    ]
  },
  {
    "id": 5532,
    "q": "مَعنى الصَّمَدِ:",
    "level": 1,
    "link": "https://www.dorar.net/aqeeda/717",
    "section": "t-name",
    "answers": [
      {
        "answer": "المُتَعالي فَوقَ جَميعِ خَلقِه",
        "t": 0
      },
      {
        "answer": "السَّيِّدُ الَّذي انتَهى سُؤدَدُه",
        "t": 1
      },
      {
        "answer": "المُبتَدئُ الشَّيء مِن العَدَم",
        "t": 0
      }
    ]
  },
  {
    "id": 5536,
    "q": "منَ الصِّفاتِ المَنفيَّةِ عنِ اللهِ تعالى",
    "level": 1,
    "link": "https://www.dorar.net/aqeeda/905",
    "section": "t-name",
    "answers": [
      {
        "answer": "الإِتيانُ والـمَجِيءُ",
        "t": 0
      },
      {
        "answer": "الكِبرُ والكِبرياءُ",
        "t": 0
      },
      {
        "answer": "البُخلُ والغُلولُ",
        "t": 1
      }
    ]
  },
  {
    "id": 5537,
    "q": "التَّفاضُلُ بين صِفاتِ اللهِ",
    "level": 1,
    "link": "https://www.dorar.net/aqeeda/927",
    "section": "t-name",
    "answers": [
      {
        "answer": "يقَعُ بينَ الصِّفاتِ، ويقَعُ في الصِّفةِ الواحِدةِ",
        "t": 1
      },
      {
        "answer": "يقَعُ في الصِّفةِ الواحِدةِ، ولا تَفاضُلَ بينَ الصِّفاتِ",
        "t": 0
      },
      {
        "answer": "لا يقَعُ بينَ الصِّفاتِ، ولا يقَعُ في الصِّفةِ الواحِدةِ",
        "t": 0
      }
    ]
  }
]