[
  {
    "id": 5565,
    "q": "قِراءةُ الآياتِ والأحاديثِ في الأسماءِ والصِّفاتِ دُونَ التَّطرُّقِ لفَهمِ مَعانيها، واعتِقادِ أنَّه لا يَعلَمُ مَعناها إلَّا اللهُ",
    "level": 3,
    "link": "https://www.dorar.net/aqeeda/426",
    "section": "t-name",
    "answers": [
      {
        "answer": "تَشبيهٌ",
        "t": 0
      },
      {
        "answer": "تَفويضٌ",
        "t": 1
      },
      {
        "answer": "تَعطيلٌ",
        "t": 0
      }
    ]
  },
  {
    "id": 5568,
    "q": "دَلَّ على ذاتِ اللهِ معَ صِفاتِ الكَمالِ القائمةِ به",
    "level": 3,
    "link": "https://www.dorar.net/aqeeda/433",
    "section": "t-name",
    "answers": [
      {
        "answer": "صِفاتُ اللهِ",
        "t": 0
      },
      {
        "answer": "أسماءُ اللهِ",
        "t": 1
      },
      {
        "answer": "إثباتُ الأسماءِ والصِّفاتِ",
        "t": 0
      }
    ]
  },
  {
    "id": 5579,
    "q": "\"الرَّحمَنُ\"",
    "level": 3,
    "link": "https://www.dorar.net/aqeeda/453",
    "section": "t-name",
    "answers": [
      {
        "answer": "الاسمُ صِفةٌ للمُسَمَّى",
        "t": 0
      },
      {
        "answer": "الاسمُ هنا غَيرُ المُسمَّى",
        "t": 1
      },
      {
        "answer": "الاسمُ هنا هو المُسمَّى",
        "t": 0
      }
    ]
  },
  {
    "id": 5573,
    "q": "\"ما أَذِنَ اللهُ لشَيءٍ كأَذَنِه لنَبيٍّ يَتغَنَّى بالقُرآنِ\" مَعنَى الأَذَنِ:",
    "level": 3,
    "link": "https://www.dorar.net/aqeeda/527",
    "section": "t-name",
    "answers": [
      {
        "answer": "الاستِماعُ",
        "t": 1
      },
      {
        "answer": "الأمرُ والسَّماحُ",
        "t": 0
      },
      {
        "answer": "الفَرَحُ والسُّرورُ",
        "t": 0
      }
    ]
  },
  {
    "id": 5580,
    "q": "تَفسيرُ الخَطَّابِي للغفَّارِ والغَفورِ",
    "level": 3,
    "link": "https://www.dorar.net/aqeeda/841",
    "section": "t-name",
    "answers": [
      {
        "answer": "الغَفَّارُ مُبالغةٌ بالنِّسبةِ للمَرَّاتِ، والغَفورُ مُبالغةٌ بِالنِّسبةِ لكَثرةِ الذُّنوبِ",
        "t": 1
      },
      {
        "answer": "الغَفَّارُ مُبالَغةٌ بالنِّسبةِ لكَثرةِ الذُّنوبِ، والغَفورُ مُبالَغةٌ بالنِّسبةِ للمَرَّاتِ",
        "t": 0
      },
      {
        "answer": "كِلاهُما بمعنًى واحِدٍ",
        "t": 0
      }
    ]
  },
  {
    "id": 5567,
    "q": "حَديثُ: \"لَلَّهُ أفرَحُ بتَوبةِ أحَدِكُم\"",
    "level": 3,
    "link": "https://www.dorar.net/aqeeda/430",
    "section": "t-name",
    "answers": [
      {
        "answer": "قِياسُ الأَوْلى في الإثباتِ",
        "t": 1
      },
      {
        "answer": "قِياسُ الأَوْلى في التَّنزيهِ",
        "t": 0
      },
      {
        "answer": "قِياسٌ تَمثيليٌّ",
        "t": 0
      }
    ]
  },
  {
    "id": 5571,
    "q": "النَّفيُ المُفصَّلُ والإثباتُ المُجمَلُ مَنهَجُ",
    "level": 3,
    "link": "https://www.dorar.net/aqeeda/480",
    "section": "t-name",
    "answers": [
      {
        "answer": "الفُقَهاءِ",
        "t": 0
      },
      {
        "answer": "أهلِ السُّنَّةِ",
        "t": 0
      },
      {
        "answer": "أهلِ الكَلامِ",
        "t": 1
      }
    ]
  },
  {
    "id": 5564,
    "q": "\"الِاستِواءُ مَعلومٌ، والكَيفُ مَجهولٌ، والإيمانُ به واجِبٌ، والسُّؤالُ عنه بِدعةٌ\" قَولُ:",
    "level": 3,
    "link": "https://www.dorar.net/aqeeda/424",
    "section": "t-name",
    "answers": [
      {
        "answer": "مالِكِ بنِ أنَسٍ",
        "t": 1
      },
      {
        "answer": "أبي حَنيفةَ",
        "t": 0
      },
      {
        "answer": "اللَّيثِ بنِ سَعدٍ",
        "t": 0
      }
    ]
  },
  {
    "id": 5574,
    "q": "الصِّفاتُ التي لا سَبيلَ إلى إثباتِها إلَّا القُرآنُ والسُّنَّةُ",
    "level": 3,
    "link": "https://www.dorar.net/aqeeda/508",
    "section": "t-name",
    "answers": [
      {
        "answer": "صِفاتٌ عقليَّةٌ",
        "t": 0
      },
      {
        "answer": "صِفاتٌ خَبَريَّةٌ",
        "t": 1
      },
      {
        "answer": "صِفاتٌ أزَليَّةٌ",
        "t": 0
      }
    ]
  },
  {
    "id": 5572,
    "q": "المَجيءُ والنُّزولُ والفَرَحُ",
    "level": 3,
    "link": "https://www.dorar.net/aqeeda/486",
    "section": "t-name",
    "answers": [
      {
        "answer": "صِفاتٌ فِعليَّةٌ",
        "t": 1
      },
      {
        "answer": "صِفاتٌ أزليَّةٌ",
        "t": 0
      },
      {
        "answer": "صِفاتٌ مَنفيَّةٌ",
        "t": 0
      }
    ]
  },
  {
    "id": 5569,
    "q": "الاسمُ والصِّفةُ",
    "level": 3,
    "link": "https://www.dorar.net/aqeeda/433",
    "section": "t-name",
    "answers": [
      {
        "answer": "يَلزَمُ من إثباتِ أحدِهِما إثباتُ الآخَرِ",
        "t": 0
      },
      {
        "answer": "لا يَلزَمُ من إثباتِ أحدِهِما إثباتُ الآخَرِ",
        "t": 0
      },
      {
        "answer": "يَلزَمُ من إثباتِ الاسمِ إثباتُ الصِّفةِ، ولا يَلزَمُ من إثباتِ الصِّفةِ إثباتُ الاسمِ",
        "t": 1
      }
    ]
  },
  {
    "id": 5562,
    "q": "الإيمانُ بالأسماءِ والصِّفاتِ يكون بـ",
    "level": 3,
    "link": "https://www.dorar.net/aqeeda/418",
    "section": "t-name",
    "answers": [
      {
        "answer": "بإثباتِها للهِ من غَيرِ تَشبيهٍ",
        "t": 1
      },
      {
        "answer": "بِحِفظِها وحَصرِها وإِظهارِ مَحاسِنِها",
        "t": 0
      },
      {
        "answer": "بِتَفويضِها أو تَأوِيلها أو نَفْيِها",
        "t": 0
      }
    ]
  },
  {
    "id": 5576,
    "q": "دَلالةُ \"الخالقِ\" على العِلمِ والقُدرةِ",
    "level": 3,
    "link": "https://www.dorar.net/aqeeda/453",
    "section": "t-name",
    "answers": [
      {
        "answer": "بالمُطابَقةِ",
        "t": 0
      },
      {
        "answer": "بالالتِزامِ",
        "t": 1
      },
      {
        "answer": "بالتَّضمُّنِ",
        "t": 0
      }
    ]
  },
  {
    "id": 5563,
    "q": "\"أكثَرُ ما يُخطِئُ النَّاسُ من جِهةِ التَّأويلِ والقِياسِ\" قَولُ:",
    "level": 3,
    "link": "https://www.dorar.net/aqeeda/424",
    "section": "t-name",
    "answers": [
      {
        "answer": "الشَّافعيِّ",
        "t": 0
      },
      {
        "answer": "ابنِ تَيميَّةَ",
        "t": 0
      },
      {
        "answer": "أحمَدَ بنِ حَنبَلٍ",
        "t": 1
      }
    ]
  },
  {
    "id": 5566,
    "q": "يُستعمَلُ في قَضايا التَّوحيدِ",
    "level": 3,
    "link": "https://www.dorar.net/aqeeda/430",
    "section": "t-name",
    "answers": [
      {
        "answer": "قِياسُ الأَوْلى",
        "t": 1
      },
      {
        "answer": "القِياسُ الشُّموليُّ",
        "t": 0
      },
      {
        "answer": "القِياسُ التَّمثيليُّ",
        "t": 0
      }
    ]
  },
  {
    "id": 5570,
    "q": "قَولُ اللهِ تَعالى في الحَديثِ القُدسِيِّ: \"أنا الدَّهرُ\"",
    "level": 3,
    "link": "https://www.dorar.net/aqeeda/447",
    "section": "t-name",
    "answers": [
      {
        "answer": "وَصفٌ له به",
        "t": 0
      },
      {
        "answer": "مَجازٌ منَ الكَلامِ، ولا يَصِحُّ تَسميَتُه تَعالى بذلك",
        "t": 1
      },
      {
        "answer": "تَسمِيةٌ له به",
        "t": 0
      }
    ]
  },
  {
    "id": 5561,
    "q": "أسماءُ اللهِ الحُسْنى",
    "level": 3,
    "link": "https://www.dorar.net/aqeeda/506",
    "section": "t-name",
    "answers": [
      {
        "answer": "مِئةٌ وثَمانيةٌ وتِسعونَ",
        "t": 0
      },
      {
        "answer": "لا حَصرَ لها",
        "t": 1
      },
      {
        "answer": "تِسعةٌ وتِسعونَ",
        "t": 0
      }
    ]
  },
  {
    "id": 5577,
    "q": "مَذهَبُ أهلِ السُّنَّةِ أنَّ الاسمَ في اللهِ",
    "level": 3,
    "link": "https://www.dorar.net/aqeeda/453",
    "section": "t-name",
    "answers": [
      {
        "answer": "هو المُسمَّى",
        "t": 1
      },
      {
        "answer": "صِفةٌ للمُسمَّى",
        "t": 0
      },
      {
        "answer": "غَيرُ المُسمَّى",
        "t": 0
      }
    ]
  },
  {
    "id": 5578,
    "q": "تَسميةُ الأوثانِ بأسماءِ اللهِ",
    "level": 3,
    "link": "https://www.dorar.net/aqeeda/457",
    "section": "t-name",
    "answers": [
      {
        "answer": "إلحادٌ",
        "t": 1
      },
      {
        "answer": "ابتِداعٌ في الأسماءِ",
        "t": 0
      },
      {
        "answer": "فُجورٌ",
        "t": 0
      }
    ]
  },
  {
    "id": 5575,
    "q": "صِفاتُ اللهِ تَعالى",
    "level": 3,
    "link": "https://www.dorar.net/aqeeda/449",
    "section": "t-name",
    "answers": [
      {
        "answer": "باعتِبارِ دَلالَتِها على الذَّاتِ أعلامٌ مُتَرادِفةٌ، وبِاعتِبارِ المَعانِي أوصافٌ مُتَبايِنةٌ",
        "t": 1
      },
      {
        "answer": "باعتِبارِ دَلالَتِها على الذَّاتِ أوصافٌ وباعتِبارِ الدَّلالةِ على المَعانِي أعلامٌ",
        "t": 0
      },
      {
        "answer": "باعتِبارِ دَلالَتِها على الذَّاتِ مُتبايِنةٌ، وباعتِبارِ المَعانِي مُترادِفةٌ",
        "t": 0
      }
    ]
  }
]