[
  {
    "id": 5542,
    "q": "الدُّعاءُ نَوعانِ:",
    "level": 2,
    "link": "https://www.dorar.net/aqeeda/519",
    "section": "t-name",
    "answers": [
      {
        "answer": "دُعاءُ خَوفٍ، ودُعاءُ طمَعٍ",
        "t": 0
      },
      {
        "answer": "دُعاءُ مَسألةٍ، ودُعاءُ عِبادةٍ",
        "t": 1
      },
      {
        "answer": "دُعاءُ مَحبَّةٍ، ودُعاءُ اضطِرارٍ",
        "t": 0
      }
    ]
  },
  {
    "id": 5550,
    "q": "الماكِرُ والمُستَهزِئُ والخادِعُ",
    "level": 2,
    "link": "https://www.dorar.net/aqeeda/437",
    "section": "t-name",
    "answers": [
      {
        "answer": "لَيسَت صِفاتٍ له أبدًا",
        "t": 0
      },
      {
        "answer": "صِفاتُ كَمالٍ مُقيَّدةٌ؛ يُقالُ: ماكِرٌ بالماكِرين، ومُستهزِئٌ بالمُنافقينَ",
        "t": 1
      },
      {
        "answer": "صِفاتٌ للهِ تَعالى مُطلقًا",
        "t": 0
      }
    ]
  },
  {
    "id": 5544,
    "q": "\"إنَّ للهِ تِسعةً وتِسعينَ اسمًا، مَن أحْصاها دَخَل الجَنَّةَ\" مَعنى أحْصاها:",
    "level": 2,
    "link": "https://www.dorar.net/aqeeda/413",
    "section": "t-name",
    "answers": [
      {
        "answer": "عَدَّها واحِدَةً تلوَ الأُخرَى",
        "t": 0
      },
      {
        "answer": "حفِظَها وفهِمَ مَعانيَها واعتَقَدَها وتَعبَّدَ بها",
        "t": 1
      },
      {
        "answer": "حَصرَها واستَنبطَها",
        "t": 0
      }
    ]
  },
  {
    "id": 5548,
    "q": "الُمصطَفى والمُختارُ والرَّشيدُ",
    "level": 2,
    "link": "https://www.dorar.net/aqeeda/433",
    "section": "t-name",
    "answers": [
      {
        "answer": "صِفاتٌ مَنفِيَّة عن النبيِّ ﷺ",
        "t": 0
      },
      {
        "answer": "صِفاتٌ للنَّبيِّ ﷺ",
        "t": 1
      },
      {
        "answer": "أسماءٌ للنَّبيِّ ﷺ",
        "t": 0
      }
    ]
  },
  {
    "id": 5559,
    "q": "قوله تعالى: {وَإِذَا مَرِضْتُ فَهُوَ يَشْفِينِ}",
    "level": 2,
    "link": "https://www.dorar.net/aqeeda/705",
    "section": "t-name",
    "answers": [
      {
        "answer": "أسنَدَ المَرَضَ إلى نَفسِه تأدُّبًا، وإنْ كان كُلٌّ منَ اللهِ",
        "t": 1
      },
      {
        "answer": "نَفيٌ للقَدَرِ",
        "t": 0
      },
      {
        "answer": "دَليلٌ على أنَّ المَرَضَ ليس منَ اللهِ",
        "t": 0
      }
    ]
  },
  {
    "id": 5541,
    "q": "وَسيلةٌ لمُعامَلةِ اللهِ تَعالى بثَمَراتِها منَ الخَوفِ والرَّجاءِ والمَهابةِ والمَحبَّةِ والتوكُّلِ",
    "level": 2,
    "link": "https://www.dorar.net/aqeeda/1047",
    "section": "t-name",
    "answers": [
      {
        "answer": "مَعرِفةُ أسماءِ اللهِ وفَهمِ مَعانيها",
        "t": 1
      },
      {
        "answer": "الإيمانُ",
        "t": 0
      },
      {
        "answer": "الصَّلاةُ",
        "t": 0
      }
    ]
  },
  {
    "id": 5558,
    "q": "حَديثُ: ((يُؤتَى بِالقُرآنِ وأَهلِه... تَقدُمُه سُورةُ البَقَرةِ وآلِ عِمرانَ)) دَليلٌ على:",
    "level": 2,
    "link": "https://www.dorar.net/aqeeda/929",
    "section": "t-name",
    "answers": [
      {
        "answer": "وُقوعُ التَّفاضُلِ في الصِّفاتِ المُختلِفةِ",
        "t": 0
      },
      {
        "answer": "وُقوعُ التَّفاضُلِ في الصِّفةِ الواحِدةِ",
        "t": 1
      },
      {
        "answer": "عَدمِ وُقوعِ التَّفاضُلِ في الصِّفةِ الواحِدةِ",
        "t": 0
      }
    ]
  },
  {
    "id": 5557,
    "q": "وَظيفةُ العَقلِ في بابِ الأسماءِ والصِّفاتِ",
    "level": 2,
    "link": "https://www.dorar.net/aqeeda/918",
    "section": "t-name",
    "answers": [
      {
        "answer": "فَهمُ مَعانيها",
        "t": 1
      },
      {
        "answer": "تَأويلُ الصِّفاتِ وتَشبِيهُها",
        "t": 0
      },
      {
        "answer": "إدراكُ كُنهِها",
        "t": 0
      }
    ]
  },
  {
    "id": 5553,
    "q": "الحَلِفُ بصِفاتِ اللهِ تَعالى",
    "level": 2,
    "link": "https://www.dorar.net/aqeeda/490",
    "section": "t-name",
    "answers": [
      {
        "answer": "جائِزٌ",
        "t": 1
      },
      {
        "answer": "حَرامٌ",
        "t": 0
      },
      {
        "answer": "مَكروهٌ",
        "t": 0
      }
    ]
  },
  {
    "id": 5560,
    "q": "وَصفُ اللهِ بالرِّقَّةِ والجَلَدِ والِاستِطاعةِ",
    "level": 2,
    "link": "https://www.dorar.net/aqeeda/504",
    "section": "t-name",
    "answers": [
      {
        "answer": "لا يَجوزُ؛ لأنَّ الصِّفاتِ لا يُقاسُ عليها",
        "t": 1
      },
      {
        "answer": "ثَبَت بِالكتابِ والسُّنَّةِ",
        "t": 0
      },
      {
        "answer": "جائِزٌ قِياسًا على الرَّحمةِ والقُوَّةِ",
        "t": 0
      }
    ]
  },
  {
    "id": 5549,
    "q": "يا رَحمةَ اللهِ ارحَمِيني",
    "level": 2,
    "link": "https://www.dorar.net/aqeeda/433",
    "section": "t-name",
    "answers": [
      {
        "answer": "كُفرٌ باتِّفاقٍ",
        "t": 1
      },
      {
        "answer": "دُعاءٌ مُستحَبٌّ",
        "t": 0
      },
      {
        "answer": "دُعاءٌ مَكروهٌ",
        "t": 0
      }
    ]
  },
  {
    "id": 5554,
    "q": "وَصفُ اللهِ بأنَّه لا يَعبأُ ولا يُبالي",
    "level": 2,
    "link": "https://www.dorar.net/aqeeda/901",
    "section": "t-name",
    "answers": [
      {
        "answer": "يَجوزُ الإخبارُ عنه بذلك، وليس بصِفةٍ",
        "t": 1
      },
      {
        "answer": "صِفةٌ له",
        "t": 0
      },
      {
        "answer": "لا يَجوزُ",
        "t": 0
      }
    ]
  },
  {
    "id": 5545,
    "q": "مَعنى قَولِهم: \"أَمِرُّوها بلا كَيفٍ\"",
    "level": 2,
    "link": "https://www.dorar.net/aqeeda/449",
    "section": "t-name",
    "answers": [
      {
        "answer": "التَّفويضُ",
        "t": 0
      },
      {
        "answer": "التَّأويلُ",
        "t": 0
      },
      {
        "answer": "الإثباتُ بلا تَأويلٍ ولا تَكييفٍ",
        "t": 1
      }
    ]
  },
  {
    "id": 5546,
    "q": "خَبَرُ الآحادِ إذا صَحَّ وحَصَل به العِلمُ",
    "level": 2,
    "link": "https://www.dorar.net/aqeeda/420",
    "section": "t-name",
    "answers": [
      {
        "answer": "يُقبَلُ في جَميعِ فُروعِ العِلمِ",
        "t": 1
      },
      {
        "answer": "يُقبَلُ فيما يُصدِّقُه العَقلُ ولا يُقبَلُ في الغَيبِيَّاتِ",
        "t": 0
      },
      {
        "answer": "يُقبَلُ في مَسائلِ الفِقهِ ولا يُقبَلُ في العَقيدةِ",
        "t": 0
      }
    ]
  },
  {
    "id": 5555,
    "q": "قوله تعالى:{قُلْ أَيُّ شَيْءٍ أَكْبَرُ شَهَادَةً قُلِ اللهُ}",
    "level": 2,
    "link": "https://www.dorar.net/aqeeda/783",
    "section": "t-name",
    "answers": [
      {
        "answer": "دَليلٌ على أنَّه يَجوزُ الإخبارُ عنه بأنَّه شيءٌ، لكِنْ ليس على الإطْلاقِ.",
        "t": 1
      },
      {
        "answer": "دَليلٌ على أنَّ الشَّيءَ صِفةٌ للهِ",
        "t": 0
      },
      {
        "answer": "دَليلٌ على أنَّ الشَّيءَ اسمٌ من أسماءِ اللهِ",
        "t": 0
      }
    ]
  },
  {
    "id": 5547,
    "q": "تفسير الِاستِواء: بالمُلكِ والقَهرِ",
    "level": 2,
    "link": "https://www.dorar.net/aqeeda/424",
    "section": "t-name",
    "answers": [
      {
        "answer": "قَولُ أهلِ السُّنةِ",
        "t": 0
      },
      {
        "answer": "قَولُ المُشبِّهةِ",
        "t": 0
      },
      {
        "answer": "قَولُ المُعطِّلةِ",
        "t": 1
      }
    ]
  },
  {
    "id": 5556,
    "q": "تَنازَعَ الصَّحابةُ في",
    "level": 2,
    "link": "https://www.dorar.net/aqeeda/913",
    "section": "t-name",
    "answers": [
      {
        "answer": "آياتِ الصِّفاتِ وآياتِ الأحكامِ",
        "t": 0
      },
      {
        "answer": "آياتِ الصِّفاتِ دونَ آياتِ الأحكامِ",
        "t": 0
      },
      {
        "answer": "آياتِ الأحكامِ دونَ آياتِ الصِّفاتِ",
        "t": 1
      }
    ]
  },
  {
    "id": 5543,
    "q": "مَعرِفةُ اللهِ بالقَلبِ",
    "level": 2,
    "link": "https://www.dorar.net/aqeeda/413",
    "section": "t-name",
    "answers": [
      {
        "answer": "تَزيدُ بمَعرِفةِ تَفاصيلِ الأسماءِ والصِّفاتِ، وبزِيادةِ الأدِلَّةِ على الوَحدانيَّةِ",
        "t": 1
      },
      {
        "answer": "لا تَزيدُ، ولا تَنقُصُ",
        "t": 0
      },
      {
        "answer": "تَزيدُ بالطَّاعةِ، وتَنقُصُ بالمَعصيةِ",
        "t": 0
      }
    ]
  },
  {
    "id": 5552,
    "q": "كلُّ صِفةٍ ثَبَتَت بالنَّقلِ الصَّحيحِ",
    "level": 2,
    "link": "https://www.dorar.net/aqeeda/476",
    "section": "t-name",
    "answers": [
      {
        "answer": "ليس شَرطًا أن تُوافِقَ العَقلَ",
        "t": 0
      },
      {
        "answer": "عارَضَتِ العَقلَ الصَّريحَ",
        "t": 0
      },
      {
        "answer": "وافَقَتِ العَقلَ ولا بدَّ",
        "t": 1
      }
    ]
  },
  {
    "id": 5551,
    "q": "الجِسمُ والجِهةُ والحَيِّزُ والجَوهَرُ",
    "level": 2,
    "link": "https://www.dorar.net/aqeeda/474",
    "section": "t-name",
    "answers": [
      {
        "answer": "أوصافٌ نَبويَّةٌ",
        "t": 0
      },
      {
        "answer": "ألفاظٌ مُستَحدَثةٌ يُتوقَّفُ على مَعرِفةِ المُرادِ منها",
        "t": 1
      },
      {
        "answer": "مُسمَّياتٌ قُرآنيَّةٌ",
        "t": 0
      }
    ]
  }
]