[
  {
    "id": 7199,
    "q": "مُؤلِّف كِتاب (الصَّاحِبي في فِقْهِ اللُّغةِ، وسَنَنِ العَرَبِ في كِلامِها):",
    "level": 3,
    "link": "https://dorar.net/arabia/2109",
    "section": "fiqh-allgh",
    "answers": [
      {
        "answer": "أحمَدُ بنُ فارِس",
        "t": 1
      },
      {
        "answer": "ابنُ سِيدَه",
        "t": 0
      },
      {
        "answer": "الجَواليقِيُّ",
        "t": 0
      }
    ]
  },
  {
    "id": 7182,
    "q": "من أنواع اللُّغاتِ السَّاميَّةِ",
    "level": 3,
    "link": "https://dorar.net/arabia/2122",
    "section": "fiqh-allgh",
    "answers": [
      {
        "answer": "لُغاتٌ ساميَّةٌ شَرقيَّةٌ",
        "t": 1
      },
      {
        "answer": "لُغاتٌ ساميَّةٌ دِينِيَّةٌ",
        "t": 0
      },
      {
        "answer": "لُغاتٌ ساميَّةٌ أُورُوبِّيَّة",
        "t": 0
      }
    ]
  },
  {
    "id": 7192,
    "q": "اللَّفظُ الأجنَبيُّ الذي غَيَّره العَرَبُ بالنَّقَصِ أوِ الزِّيادةِ، أوِ القَلبِ أوِ الإبدالِ، يُسمَّى:",
    "level": 3,
    "link": "https://dorar.net/arabia/2285",
    "section": "fiqh-allgh",
    "answers": [
      {
        "answer": "المُجَدَّد",
        "t": 0
      },
      {
        "answer": "المُعَرَّب",
        "t": 1
      },
      {
        "answer": "المُطْبَق",
        "t": 0
      }
    ]
  },
  {
    "id": 7181,
    "q": "الحُروفُ اللَّهَويَّةُ هي:",
    "level": 3,
    "link": "https://dorar.net/arabia/2214",
    "section": "fiqh-allgh",
    "answers": [
      {
        "answer": "السِّينُ والنُّونُ",
        "t": 0
      },
      {
        "answer": "الواوُ والفَاءُ",
        "t": 0
      },
      {
        "answer": "القَافُ والكَافُ",
        "t": 1
      }
    ]
  },
  {
    "id": 7183,
    "q": "اللَّهجَةُ الصَّفَويَّةُ، تُنسَبُ إلى:",
    "level": 3,
    "link": "https://dorar.net/arabia/2127",
    "section": "fiqh-allgh",
    "answers": [
      {
        "answer": "الدَّولَةِ الصَّفَوِيَّةِ",
        "t": 0
      },
      {
        "answer": " قَبائِلِ لِحْيانٍ",
        "t": 0
      },
      {
        "answer": "منطَقةِ الصَّفَا",
        "t": 1
      }
    ]
  },
  {
    "id": 7191,
    "q": "المُشتَرَكُ اللَّفظيُّ هو:",
    "level": 3,
    "link": "https://dorar.net/arabia/2254",
    "section": "fiqh-allgh",
    "answers": [
      {
        "answer": "اتفاقُ اللفظينِ واختلافُ المعنيَينِ",
        "t": 1
      },
      {
        "answer": "الإتيانُ بكَلمةٍ على نَفسِ وزنٍ وقافيةِ الكَلمةِ المُرادِ تَأكيدُها وإن كانت مُخالِفةً في المَعنى",
        "t": 0
      },
      {
        "answer": "هو ما اتَّحَدَ مَعناه واختَلَفَ لَفظُه",
        "t": 0
      }
    ]
  },
  {
    "id": 7200,
    "q": "عَدَدِ مَخارِجِ الحُروفِ عند أكثَر النَّحويِّينَ وأكثَر القُرَّاءِ ",
    "level": 3,
    "link": "https://dorar.net/arabia/2212",
    "section": "fiqh-allgh",
    "answers": [
      {
        "answer": "تِسعَةَ عَشَرَ مَخرَجًا",
        "t": 0
      },
      {
        "answer": "سَبعةَ عَشَرَ مَخرَجًا",
        "t": 1
      },
      {
        "answer": "ثَلاثةَ عَشَرَ مَخرَجًا",
        "t": 0
      }
    ]
  },
  {
    "id": 7193,
    "q": "مِن أَنواعِ النُّقوشِ القَديمةِ:",
    "level": 3,
    "link": "https://dorar.net/arabia/2308",
    "section": "fiqh-allgh",
    "answers": [
      {
        "answer": "نَقشُ النمارةِ",
        "t": 1
      },
      {
        "answer": "نَقشُ المِحْجَرِ",
        "t": 0
      },
      {
        "answer": "نَقشُ الجُلمُودِ",
        "t": 0
      }
    ]
  },
  {
    "id": 7184,
    "q": "يُروَى عن بَعضِ القَبائلِ الإِبدالُ؛ مِثل:",
    "level": 3,
    "link": "https://dorar.net/arabia/2134",
    "section": "fiqh-allgh",
    "answers": [
      {
        "answer": "السَّفْسَطَةِ، والطَّقْطَقَةِ، والذَّنْفَلَةِ",
        "t": 0
      },
      {
        "answer": "العَنعَنةِ، والفَحفَحةِ، والكَشَكشةِ",
        "t": 1
      },
      {
        "answer": "البَسْمَلَةِ، والحَوْقَلَةِ",
        "t": 0
      }
    ]
  },
  {
    "id": 7197,
    "q": "مِن المَوضوعات التي يُعالجُها فِقْهُ اللُّغةِ:",
    "level": 3,
    "link": "https://dorar.net/arabia/2091",
    "section": "fiqh-allgh",
    "answers": [
      {
        "answer": "المَذاهِبُ الفَلسَفِيَّةُ اللُّغوِيَّةُ",
        "t": 0
      },
      {
        "answer": "عِلمُ الأصَواتِ اللُّغَويَّةِ",
        "t": 1
      },
      {
        "answer": "تَراجِمُ اللُّغوِيِّينَ",
        "t": 0
      }
    ]
  },
  {
    "id": 7186,
    "q": "من شُروط الاشتِقاقِ:",
    "level": 3,
    "link": "https://dorar.net/arabia/2177",
    "section": "fiqh-allgh",
    "answers": [
      {
        "answer": "ألَّا يُغَيِّرَ المُشتَقُ وَزنَ الكَلِمَةِ ",
        "t": 0
      },
      {
        "answer": "أن يُناسِبَ المُشتَقُّ الأصلَ في الحُروفِ من حيث العَدَدُ والتَّرتيبُ",
        "t": 1
      },
      {
        "answer": "أنْ يُخالِفَ المُشتَقُّ الأصلَ في المَعنَى",
        "t": 0
      }
    ]
  },
  {
    "id": 7198,
    "q": "من أقدَمَ الدِّراساتِ القَديمةِ في المَباحِثِ التي تَتَعَلَّقُ بفِقْهِ اللُّغةِ:",
    "level": 3,
    "link": "https://dorar.net/arabia/2109",
    "section": "fiqh-allgh",
    "answers": [
      {
        "answer": "مَباحِثُ الأصمَعيِّ عن الاشتِقاقِ في العَرَبيَّةِ",
        "t": 1
      },
      {
        "answer": "مَباحِثُ الشِّعرِ الجاهِليِّ للثَّعالِبي",
        "t": 0
      },
      {
        "answer": "مَباحِثُ الأَخْفَش في المَعاني النَّحويَّةِ ",
        "t": 0
      }
    ]
  },
  {
    "id": 7196,
    "q": "نَقشٌ عُثِرَ عليه جَنوبَ حَورانَ، شَرقَ الأردُن:",
    "level": 3,
    "link": "https://dorar.net/arabia/2310",
    "section": "fiqh-allgh",
    "answers": [
      {
        "answer": "نَقش أمِّ الجمالِ",
        "t": 1
      },
      {
        "answer": "نَقشُ الخَيَّالِ",
        "t": 0
      },
      {
        "answer": "نَقشُ عَدنان",
        "t": 0
      }
    ]
  },
  {
    "id": 7195,
    "q": "مِن أَهمِّ الشُّروطِ التي يَنبَغي مُراعاتُها أثناءَ النَّقلِ والتَّعريبِ:",
    "level": 3,
    "link": "https://dorar.net/arabia/2291",
    "section": "fiqh-allgh",
    "answers": [
      {
        "answer": "الفَصلُ بين الأَصيلِ والمُعرَّبِ بالآَلِيَّاتِ المُتَّبَعَة",
        "t": 0
      },
      {
        "answer": "عدمُ استِعمالِ النَّحتِ عندَ التَّعريبِ",
        "t": 0
      },
      {
        "answer": "التَّرجَمةُ الدَّقيقةُ التي تَقومُ مَقامَ التَّعريبِ",
        "t": 1
      }
    ]
  },
  {
    "id": 7190,
    "q": "الاستِفالُ هو:",
    "level": 3,
    "link": "https://dorar.net/arabia/2216",
    "section": "fiqh-allgh",
    "answers": [
      {
        "answer": "انحِباسُ جَرْيِ النَّفَسِ عِندَ النُّطقِ بالحَرفِ",
        "t": 0
      },
      {
        "answer": "انحِطاطُ اللِّسانِ عن خُروجِ الحَرفِ منَ الحَنَكِ إلى قاعِ الفَمِ",
        "t": 1
      },
      {
        "answer": "الاعتِمادُ عِندَ النُّطقِ بالحَرفِ على ذَلقِ اللِّسانِ والشَّفَةِ",
        "t": 0
      }
    ]
  },
  {
    "id": 7185,
    "q": "مَعنًى زائِدٌ على المَعنى الأساسيِّ يُدرَكُ من خِلال سياقِ الجُملةِ:",
    "level": 3,
    "link": "https://dorar.net/arabia/2172",
    "section": "fiqh-allgh",
    "answers": [
      {
        "answer": "الدَّلالَةُ المُكتَسَبةُ",
        "t": 1
      },
      {
        "answer": "الدَّلالَةُ الذَّاتِيَّةُ",
        "t": 0
      },
      {
        "answer": "الدَّلالَةُ المُركَّبَةُ",
        "t": 0
      }
    ]
  },
  {
    "id": 7188,
    "q": "هو أن تَقصِدَ إحدى الجُمَلِ فتُكَوِّنَ من مَجموعِ حُروفها كَلِمةً فريدةً تُعَبِّرُ عمَّا كان يَصِفُه هذا المجموعُ:",
    "level": 3,
    "link": "https://dorar.net/arabia/2193",
    "section": "fiqh-allgh",
    "answers": [
      {
        "answer": "التَّركيبُ المَزْجِيُّ",
        "t": 0
      },
      {
        "answer": "النَّحتُ",
        "t": 1
      },
      {
        "answer": "المُقابَلَةُ",
        "t": 0
      }
    ]
  },
  {
    "id": 7187,
    "q": "مِن أَنواعِ الاشتِقاقِ \"الاشتِقاقُ الأَكبرُ\" ويُطلَقُ عليهِ:",
    "level": 3,
    "link": "https://dorar.net/arabia/2188",
    "section": "fiqh-allgh",
    "answers": [
      {
        "answer": "التَّقلِيبُ ",
        "t": 0
      },
      {
        "answer": "التَّنوُّعُ الاشتِقاقِي",
        "t": 0
      },
      {
        "answer": "الإِبدالُ اللُّغوِيُّ",
        "t": 1
      }
    ]
  },
  {
    "id": 7189,
    "q": "في النَّحتِ النِّسبيِّ إلى بَلدَتي: (طبَرِسْتان وخَوارِزم) نَقولُ:",
    "level": 3,
    "link": "https://dorar.net/arabia/2198",
    "section": "fiqh-allgh",
    "answers": [
      {
        "answer": "طَبْرَخازِيُّ",
        "t": 0
      },
      {
        "answer": "طَبرَخزيٌّ",
        "t": 1
      },
      {
        "answer": "طَبْرَخُورِزمَ",
        "t": 0
      }
    ]
  },
  {
    "id": 7194,
    "q": "مِن الأَقلامِ التي تَأثَّر بها العَرَبُ:",
    "level": 3,
    "link": "https://dorar.net/arabia/2306",
    "section": "fiqh-allgh",
    "answers": [
      {
        "answer": "خَطُّ النَّبَطِ",
        "t": 1
      },
      {
        "answer": "خَطُّ حِمْيَر",
        "t": 0
      },
      {
        "answer": "الخَطُّ السُّرسُوانيُّ",
        "t": 0
      }
    ]
  }
]