[
  {
    "id": 7180,
    "q": "الاشتِقاقُ في اللُّغةِ هو:",
    "level": 2,
    "link": "https://dorar.net/arabia/2175",
    "section": "fiqh-allgh",
    "answers": [
      {
        "answer": "الاعتِمادُ على الجُذورِ اللُّغويَّة في اشتِقاقِ الأَسماءِ والأَفعالِ",
        "t": 0
      },
      {
        "answer": "أخذُ صيغةٍ من أُخرى مع اتِّفاقِهما مَعنًى ومادَّةً أصليَّةً",
        "t": 1
      },
      {
        "answer": "المُشابهَةُ في المَبْنَى دُونَ المَعنَى",
        "t": 0
      }
    ]
  },
  {
    "id": 7171,
    "q": "إدخالُ بَعضِ حُروفِ العَجَمِ في بَعضِ حُروفِ العَرَبِ، يُسمَّى:",
    "level": 2,
    "link": "https://dorar.net/arabia/2222",
    "section": "fiqh-allgh",
    "answers": [
      {
        "answer": "الإِدغامُ",
        "t": 0
      },
      {
        "answer": "اللُّكْنةُ",
        "t": 1
      },
      {
        "answer": "الاختِلاطُ",
        "t": 0
      }
    ]
  },
  {
    "id": 7167,
    "q": "جَرَيانُ الصَّوتِ مع الحَرفِ لضَعفِ الاعتِمادِ على المَخرَجِ هو:",
    "level": 2,
    "link": "https://dorar.net/arabia/2216",
    "section": "fiqh-allgh",
    "answers": [
      {
        "answer": "الرَّخاوَةُ ",
        "t": 1
      },
      {
        "answer": "الاستِطالَةُ",
        "t": 0
      },
      {
        "answer": "الهَمسُ",
        "t": 0
      }
    ]
  },
  {
    "id": 7179,
    "q": "بَدَأتِ الدَّعوةُ إلى العاميَّةِ مع:",
    "level": 2,
    "link": "https://dorar.net/arabia/2298",
    "section": "fiqh-allgh",
    "answers": [
      {
        "answer": "سُقوطِ الخِلافَةِ العُثمانِيَّةِ بعدَ الحَربِ العالميَّة الثانِيَةِ",
        "t": 0
      },
      {
        "answer": "بِدايةِ الحَمَلاتِ الصَّليبيَّةِ على بلادِ المُسلِمينَ",
        "t": 1
      },
      {
        "answer": "التَّرَفِ الذي أَصابَ أواخِرَ العَصرِ العَبَّاسِيِّ",
        "t": 0
      }
    ]
  },
  {
    "id": 7168,
    "q": "هو تَلاصُقُ ما يُحاذي اللِّسانَ منَ الحَنَكِ الأعلى",
    "level": 2,
    "link": "https://dorar.net/arabia/2216",
    "section": "fiqh-allgh",
    "answers": [
      {
        "answer": "الإِبدالُ",
        "t": 0
      },
      {
        "answer": "الإطباقُ",
        "t": 1
      },
      {
        "answer": "الإِخفاءُ",
        "t": 0
      }
    ]
  },
  {
    "id": 7174,
    "q": "مِن اللُّغات السَّاميَّة الجَزريَّة المُعاصِرة:",
    "level": 2,
    "link": "https://dorar.net/arabia/2122",
    "section": "fiqh-allgh",
    "answers": [
      {
        "answer": "السُّرْيانيَّةُ، الآراميَّةُ",
        "t": 0
      },
      {
        "answer": "الأموريَّةُ، الفِينيقيَّةُ، العِبْريَّةُ",
        "t": 0
      },
      {
        "answer": "الشَّحريَّةُ، المِهريَّةُ، السقطريَّةُ",
        "t": 1
      }
    ]
  },
  {
    "id": 7177,
    "q": "جَرَيانُ النَّفَسِ عِندَ النُّطقِ بالحَرفِ لضَعفِ الاعتِمادِ على المَخرَجِ؛ يُسمَّى:",
    "level": 2,
    "link": "https://dorar.net/arabia/2216",
    "section": "fiqh-allgh",
    "answers": [
      {
        "answer": "الاستِعلاءُ",
        "t": 0
      },
      {
        "answer": "الهَمْسُ",
        "t": 1
      },
      {
        "answer": "الإذلاقِ",
        "t": 0
      }
    ]
  },
  {
    "id": 7169,
    "q": "من عُيوب المَنطِقِ العَربيِّ:",
    "level": 2,
    "link": "https://dorar.net/arabia/2222",
    "section": "fiqh-allgh",
    "answers": [
      {
        "answer": "الدَّخْمَشَةُ",
        "t": 0
      },
      {
        "answer": "السَّنْقَلةُ",
        "t": 0
      },
      {
        "answer": "الفَأفَأةُ",
        "t": 1
      }
    ]
  },
  {
    "id": 7163,
    "q": "بعض الصِّفاتِ اللُّغَويَّةِ التي تَعودُ إلى بيئةٍ خاصَّةٍ، ويَشتَرِكُ جَميعُ أفرادِها فيها، تُسَمَّى:",
    "level": 2,
    "link": "https://dorar.net/arabia/2132",
    "section": "fiqh-allgh",
    "answers": [
      {
        "answer": "اللَّهجَةُ القَبلَيةُ",
        "t": 0
      },
      {
        "answer": "مَفهومُ اللَّهجةِ",
        "t": 1
      },
      {
        "answer": "اللَّكْنَةُ",
        "t": 0
      }
    ]
  },
  {
    "id": 7175,
    "q": "العقْلةُ هيَ:",
    "level": 2,
    "link": "https://dorar.net/arabia/2222",
    "section": "fiqh-allgh",
    "answers": [
      {
        "answer": "التِواءُ اللِّسانِ عِندَ الكَلامِ",
        "t": 1
      },
      {
        "answer": "تَعذُّرُ النُّطقِ",
        "t": 0
      },
      {
        "answer": "إيصالُ بَعضِ الكَلامِ ببَعضٍ دونَ إفادةٍ",
        "t": 0
      }
    ]
  },
  {
    "id": 7161,
    "q": "مِن أَهمِّ لَهجاتِ العَرَبِ الباقِيَة:",
    "level": 2,
    "link": "https://dorar.net/arabia/2127",
    "section": "fiqh-allgh",
    "answers": [
      {
        "answer": "السَّلمانِيَّة",
        "t": 0
      },
      {
        "answer": "اللِّحيانيَّة",
        "t": 1
      },
      {
        "answer": "النُّورانِيَّة",
        "t": 0
      }
    ]
  },
  {
    "id": 7164,
    "q": "كَلِمةُ (بَسْمَل) مأخُوذَةُ مِن (بسمِ اللهِ الرَّحمنِ الرَّحيمِ) وهذا عند أَهلِ اللغة يُسمَّى:",
    "level": 2,
    "link": "https://dorar.net/arabia/2198",
    "section": "fiqh-allgh",
    "answers": [
      {
        "answer": "الترَّكيبَ",
        "t": 0
      },
      {
        "answer": "النَّحْتَ",
        "t": 1
      },
      {
        "answer": "الاشتِقاقَ",
        "t": 0
      }
    ]
  },
  {
    "id": 7166,
    "q": " تُسَمَّى الضَّادُّ والذَّالُ والتَّاءُ بـ:",
    "level": 2,
    "link": "https://dorar.net/arabia/2214",
    "section": "fiqh-allgh",
    "answers": [
      {
        "answer": "الحُروفِ الحَلْقِيَّةِ",
        "t": 0
      },
      {
        "answer": "الحُروفِ اللَّثَويَّةِ",
        "t": 1
      },
      {
        "answer": "الحُروفِ الوَسَطِيَّةِ",
        "t": 0
      }
    ]
  },
  {
    "id": 7173,
    "q": "التَّمتَمةُ هيَ:",
    "level": 2,
    "link": "https://dorar.net/arabia/2222",
    "section": "fiqh-allgh",
    "answers": [
      {
        "answer": "التَّردُّدُ في نُطقِ التَّاءِ",
        "t": 1
      },
      {
        "answer": "البراعة في الخطابة",
        "t": 0
      },
      {
        "answer": "إتمام المعنى",
        "t": 0
      }
    ]
  },
  {
    "id": 7165,
    "q": "مِن المَوضوعاتِ التي يُعالجُها فِقْهُ اللُّغةِ:",
    "level": 2,
    "link": "https://dorar.net/arabia/2091",
    "section": "fiqh-allgh",
    "answers": [
      {
        "answer": "لَهجاتُ العَرَبِ",
        "t": 1
      },
      {
        "answer": "إِعرابُ القُرآنِ الكَريمِ",
        "t": 0
      },
      {
        "answer": "مَوضُوعاتُ البَلاغَة (المَعانِي والبَيانُ والبَديعُ)",
        "t": 0
      }
    ]
  },
  {
    "id": 7178,
    "q": "تُشكِّل مُعظَمُ النُّقوشِ المَوجودةِ في اللَّهَجاتِ العَربيَّةِ الجَنوبيَّةِ قَديمًا:  ",
    "level": 2,
    "link": "https://dorar.net/arabia/2129",
    "section": "fiqh-allgh",
    "answers": [
      {
        "answer": "اللُّغةَ المُهَرِيَّةَ",
        "t": 0
      },
      {
        "answer": "اللُّغةَ الحِمْيَرِيَّةَ",
        "t": 0
      },
      {
        "answer": "اللُّغةَ السَّبئيَّةَ",
        "t": 1
      }
    ]
  },
  {
    "id": 7176,
    "q": "أهمّ اللَّهَجاتِ العَربيَّةِ الجَنوبيَّةِ قَديمًا:",
    "level": 2,
    "link": "https://dorar.net/arabia/2122",
    "section": "fiqh-allgh",
    "answers": [
      {
        "answer": "العِبْريَّةُ، والعَمونيَّةُ، والأدوميَّةُ",
        "t": 0
      },
      {
        "answer": "الأَمِيرِيَّةُ، والصَّنْعانِيَّةُ، والعَبَّاسِيَّةُ",
        "t": 0
      },
      {
        "answer": "الحَضرَميَّةُ، والهرَميَّةُ، والسَّبَئيَّةُ",
        "t": 1
      }
    ]
  },
  {
    "id": 7170,
    "q": "من المُؤَلَّفاتِ التي اعتنت بالألفاظِ المُعَرَّبةِ والمُوَلَّدةِ والدَّخيلةِ:",
    "level": 2,
    "link": "https://dorar.net/arabia/2293",
    "section": "fiqh-allgh",
    "answers": [
      {
        "answer": "كِتابُ (العَيْنِ) للخَليلِ بن أحمَد الفَراهِيدي",
        "t": 0
      },
      {
        "answer": "تَهذِيبُ اللُّغَة",
        "t": 0
      },
      {
        "answer": "شِفاءُ الغَليل في كَلامِ العَرَبِ منَ الدَّخيل",
        "t": 1
      }
    ]
  },
  {
    "id": 7162,
    "q": "المقصود بالعَرَبيَّةِ البائِدةِ:",
    "level": 2,
    "link": "https://dorar.net/arabia/2127",
    "section": "fiqh-allgh",
    "answers": [
      {
        "answer": "عَربِيَّةُ البادِيَة (البَعيدَةُ عن الحَضَر)",
        "t": 0
      },
      {
        "answer": "اللَّهجَةُ العَربيَّةُ العامِيَّة",
        "t": 0
      },
      {
        "answer": "عَرَبيَّةُ النُّقوشِ، التي اختفت لهجاتُها قَبلَ الإسلامِ",
        "t": 1
      }
    ]
  },
  {
    "id": 7172,
    "q": "هو ما اتَّحَدَ مَعناه واختَلَفَ لَفظُه:",
    "level": 2,
    "link": "https://dorar.net/arabia/2228",
    "section": "fiqh-allgh",
    "answers": [
      {
        "answer": "التَّنوُّعُ",
        "t": 0
      },
      {
        "answer": "التَّفسِيرُ",
        "t": 0
      },
      {
        "answer": "التَّرادُفُ",
        "t": 1
      }
    ]
  }
]