[
  {
    "id": 7148,
    "q": "الحُروفُ الشَّفَويَّةُ هي:",
    "level": 1,
    "link": "https://dorar.net/arabia/2214",
    "section": "fiqh-allgh",
    "answers": [
      {
        "answer": "الحاءُ والصَّادُ والضَّادُ ",
        "t": 0
      },
      {
        "answer": "الثَّاءُ والذَّالُ",
        "t": 0
      },
      {
        "answer": "الفاءُ والواوُ والباءُ والميمُ",
        "t": 1
      }
    ]
  },
  {
    "id": 7147,
    "q": "الحُروفُ الشَّجَريَّةُ هي:",
    "level": 1,
    "link": "https://dorar.net/arabia/2214",
    "section": "fiqh-allgh",
    "answers": [
      {
        "answer": "الجِيمُ والشِّينُ واليَاءُ",
        "t": 1
      },
      {
        "answer": "الفَاءُ والقَافُ والكَافُ",
        "t": 0
      },
      {
        "answer": "اللَّامُ والمِيمُ والنُّونُ",
        "t": 0
      }
    ]
  },
  {
    "id": 7141,
    "q": "فِقْهِ اللُّغةِ هو:",
    "level": 1,
    "link": "https://dorar.net/arabia/2089",
    "section": "fiqh-allgh",
    "answers": [
      {
        "answer": "فَهمُ اللُّغةِ، ودِراسةِ قَضاياها، ومَوضوعاتِها",
        "t": 1
      },
      {
        "answer": "العِلمُ الذي يَدرُس عِلاقَةَ اللُّغةِ العَربيَّةِ بفِقْه الشَّريعَة، وفَهمِ دَلالاتِ الأَحكامِ",
        "t": 0
      },
      {
        "answer": "عِلمٌ بأُصولٍ يُعرَفُ بها أحوالُ أبنيةِ الكَلِمةِ الَّتي ليسَت بإعرابٍ ولا بِناءٍ",
        "t": 0
      }
    ]
  },
  {
    "id": 7145,
    "q": "الحُروفُ الجَوفيَّةُ هيَ:",
    "level": 1,
    "link": "https://dorar.net/arabia/2214",
    "section": "fiqh-allgh",
    "answers": [
      {
        "answer": "الحُروفُ التي تَخرُجُ مِن أَسفَلِ الحَلْقِ",
        "t": 0
      },
      {
        "answer": "الحروف الجافة",
        "t": 0
      },
      {
        "answer": "حُروفُ المَدِّ الثَّلاثةِ",
        "t": 1
      }
    ]
  },
  {
    "id": 7144,
    "q": "اللُّغةِ العَرَبيَّةِ الفُصحى من أعظَم اللُّغاتِ الإنسانيَّةِ، وذلك لأنَّها:",
    "level": 1,
    "link": "https://dorar.net/arabia/2139",
    "section": "fiqh-allgh",
    "answers": [
      {
        "answer": "لُغةُ أَبِي البَشَرِ آدمَ عليه السَّلامُ",
        "t": 0
      },
      {
        "answer": "أَكثرُ لُغاتِ العَالمِ تِعدادًا للحُروفِ",
        "t": 0
      },
      {
        "answer": "تمتَلِكُ مميِّزاتٍ وخصائِصَ كُبرى انفرَدت بها",
        "t": 1
      }
    ]
  },
  {
    "id": 7146,
    "q": "الهمزةُ والهاءُ، والعَينُ والحاءُ، والغَينُ والخاءُ، لُقِّبت بالحُروفِ:",
    "level": 1,
    "link": "https://dorar.net/arabia/2214",
    "section": "fiqh-allgh",
    "answers": [
      {
        "answer": "الحَلْقِيَّة ",
        "t": 1
      },
      {
        "answer": "اللَّثَوِيَّة",
        "t": 0
      },
      {
        "answer": "اللَّهَوِيَّة",
        "t": 0
      }
    ]
  },
  {
    "id": 7158,
    "q": "من اللَّهَجاتِ التي تفرَّدَت بخَصائِصِها اللُّغَويَّةِ:",
    "level": 1,
    "link": "https://dorar.net/arabia/2136",
    "section": "fiqh-allgh",
    "answers": [
      {
        "answer": "اللَّهجَةُ الآارامِيَّة",
        "t": 0
      },
      {
        "answer": "اللَّهجةُ التَّميميَّة",
        "t": 1
      },
      {
        "answer": "اللَّهجَةُ السَّاسانِيَّة",
        "t": 0
      }
    ]
  },
  {
    "id": 7157,
    "q": "مِن الخَصائِصِ المهمّة التي تُفرِّق بين اللَّهَجاتِ:",
    "level": 1,
    "link": "https://dorar.net/arabia/2134",
    "section": "fiqh-allgh",
    "answers": [
      {
        "answer": "أَوزانُ القَصائدِ الشِّعرِيَّة",
        "t": 0
      },
      {
        "answer": "عَددُ الحُروفِ المُستَخدمَةِ في كلِّ لَهْجَة",
        "t": 0
      },
      {
        "answer": "المُستَوى الصَّوتيِّ",
        "t": 1
      }
    ]
  },
  {
    "id": 7151,
    "q": "التَّرَدُّدُ والعَجْزُ عنِ النُّطقِ يُسَمَّى:",
    "level": 1,
    "link": "https://dorar.net/arabia/2222",
    "section": "fiqh-allgh",
    "answers": [
      {
        "answer": "اللُّكْنَة",
        "t": 0
      },
      {
        "answer": "الطَّمَطَمة",
        "t": 0
      },
      {
        "answer": "التَّعتَعة",
        "t": 1
      }
    ]
  },
  {
    "id": 7156,
    "q": "تَتَمِيَّزُ الفُصحى المُشتَرَكةُ بسِماتٍ مُحدَّدةٍ، مِنها:",
    "level": 1,
    "link": "https://dorar.net/arabia/2125",
    "section": "fiqh-allgh",
    "answers": [
      {
        "answer": "أنَّها تُمثِّلُ مُستَوًى أرْقى مِن لَهَجاتِ الخِطابِ",
        "t": 1
      },
      {
        "answer": "أنَّها لُغةُ الأدَبِ والطَّبَقةِ الرَّاقيةِ فقط",
        "t": 0
      },
      {
        "answer": "أنَّها كانت ذاتَ طابَعٍ مَحَلِّيٍّ فلم تَختَلِط بغيرِها",
        "t": 0
      }
    ]
  },
  {
    "id": 7143,
    "q": "يُسهِّل أهلُ الحِجازِ الهمزةَ ولا يَنبرُونَها، فيَقولونَ في (رأس، وفأس):",
    "level": 1,
    "link": "https://dorar.net/arabia/2136",
    "section": "fiqh-allgh",
    "answers": [
      {
        "answer": "امْراس وامْفاس",
        "t": 0
      },
      {
        "answer": "رَس وفَس",
        "t": 0
      },
      {
        "answer": "راس وفاس",
        "t": 1
      }
    ]
  },
  {
    "id": 7149,
    "q": "القَلقَلةُ هي:",
    "level": 1,
    "link": "https://dorar.net/arabia/2216",
    "section": "fiqh-allgh",
    "answers": [
      {
        "answer": "الاعتِمادُ عِندَ النُّطقِ بالحَرفِ على ذَلقِ اللِّسانِ والشَّفَةِ",
        "t": 0
      },
      {
        "answer": "انحِطاطُ اللِّسانِ عن خُروجِ الحَرفِ منَ الحَنَكِ إلى قاعِ الفَمِ",
        "t": 0
      },
      {
        "answer": "عِبارةٌ عن تَقَلقُل المَخرَجِ بالحَرفِ عِندَ خُروجِه ساكِنًا",
        "t": 1
      }
    ]
  },
  {
    "id": 7152,
    "q": "مِن أدوات الكِتابةِ العَرَبيَّةِ قديما:",
    "level": 1,
    "link": "https://dorar.net/arabia/2319",
    "section": "fiqh-allgh",
    "answers": [
      {
        "answer": "الكتابة على الجُلودِ",
        "t": 1
      },
      {
        "answer": "الكِتابةُ بالرِّمالِ",
        "t": 0
      },
      {
        "answer": "الكِتابةُ في جُذُوعِ الأَشجارِ ",
        "t": 0
      }
    ]
  },
  {
    "id": 7150,
    "q": "الغُنَّةُ هي:",
    "level": 1,
    "link": "https://dorar.net/arabia/2222",
    "section": "fiqh-allgh",
    "answers": [
      {
        "answer": "أن يَشرَبَ الصَّوتَ الخَيشومُ",
        "t": 1
      },
      {
        "answer": "حَذفُ بَعضِ الكَلِمةِ لتَعذُّرِ النُّطقِ به",
        "t": 0
      },
      {
        "answer": "التِواءُ اللِّسانِ عِندَ الكَلامِ",
        "t": 0
      }
    ]
  },
  {
    "id": 7142,
    "q": "من أهمّ اللَّهَجاتِ العَربيَّةِ الجَنوبيَّةِ قَديمًا:",
    "level": 1,
    "link": "https://dorar.net/arabia/2129",
    "section": "fiqh-allgh",
    "answers": [
      {
        "answer": "السِّريالِيَّة",
        "t": 0
      },
      {
        "answer": "القتبانيَّةُ",
        "t": 1
      },
      {
        "answer": "الأَشُورِيَّة",
        "t": 0
      }
    ]
  },
  {
    "id": 7159,
    "q": "استُمِدَّت العَربيَّةُ الفُصحَى مِن: ",
    "level": 1,
    "link": "https://dorar.net/arabia/2144",
    "section": "fiqh-allgh",
    "answers": [
      {
        "answer": "الباديةِ والعَرَبِ القُدامى الموثوقِ بهم",
        "t": 1
      },
      {
        "answer": "أبي العَربِ نَبيِّ الله إِسماعيلَ عليه السَّلامُ",
        "t": 0
      },
      {
        "answer": "المُعَلَّقاتِ التي كانت تُعلَّقُ على أَستارِ الكَعبَة",
        "t": 0
      }
    ]
  },
  {
    "id": 7160,
    "q": "الغَرَضُ مِنَ النَّحتِ في الكلمات:",
    "level": 1,
    "link": "https://dorar.net/arabia/2200",
    "section": "fiqh-allgh",
    "answers": [
      {
        "answer": "تَيسِيرُ واختِصارُ التَّعبيرَ",
        "t": 1
      },
      {
        "answer": "تَقليلُ عَددِ الحُروفِ المُستَعمَلةِ",
        "t": 0
      },
      {
        "answer": "المُحافَظَةُ على اللُّغةِ مِن المُصطَلحاتِ الأَعجمِيَّة",
        "t": 0
      }
    ]
  },
  {
    "id": 7154,
    "q": "يُقصَدُ بالعربيَّةِ الباقيةِ: ",
    "level": 1,
    "link": "https://dorar.net/arabia/2125",
    "section": "fiqh-allgh",
    "answers": [
      {
        "answer": "العَربِيَّة الجاهِلِيَّة",
        "t": 0
      },
      {
        "answer": "العَرَبيَّة الفُصحى الَّتي نَتحدَّثُ بها اليَومَ",
        "t": 1
      },
      {
        "answer": "العَربِيَّة التي نَشأَت وتَطوَّرَت في سَبأٍ باليَمنِ",
        "t": 0
      }
    ]
  },
  {
    "id": 7155,
    "q": "أوَّل ما ظَهَرَ مُصطَلَح (فِقه اللُّغة) ظَهَرَ عِند: ",
    "level": 1,
    "link": "https://dorar.net/arabia/2105",
    "section": "fiqh-allgh",
    "answers": [
      {
        "answer": "الخَليلِ بنِ أحمدَ الفراهيدي",
        "t": 0
      },
      {
        "answer": "ابنِ فارِس",
        "t": 1
      },
      {
        "answer": "أبي الأَسْوَدِ الدُّؤَلي",
        "t": 0
      }
    ]
  },
  {
    "id": 7153,
    "q": "يُطلَقُ على اللُّغاتُ السَّاميَّةِ:",
    "level": 1,
    "link": "https://dorar.net/arabia/2120",
    "section": "fiqh-allgh",
    "answers": [
      {
        "answer": "اللُّغاتُ الأَصِيلَةُ",
        "t": 0
      },
      {
        "answer": "اللُّغاتُ الأَفلاطُونِيَّة",
        "t": 0
      },
      {
        "answer": "اللُّغاتُ العُروبيَّةُ",
        "t": 1
      }
    ]
  }
]