[
  {
    "id": 3657,
    "q": "أَفضلُ الصَّلاةِ بَعدَ الصَّلاةِ المَكتوبةِ:",
    "level": 1,
    "link": "https://dorar.net/hadith/sharh/21294",
    "section": "hadith07",
    "answers": [
      {
        "answer": "الصَّلاةُ في جَوفِ اللَّيلِ",
        "t": 1
      },
      {
        "answer": "صَلاةُ الضُّحى",
        "t": 0
      },
      {
        "answer": "صَلاةُ الفَجرِ",
        "t": 0
      }
    ]
  },
  {
    "id": 3665,
    "q": "مَن مات بالطَّاعونِ منَ المُؤمِنين، وهو صابِرٌ مُحتَسِبٌ، فإنَّ له أجْرَ:",
    "level": 1,
    "link": "https://dorar.net/hadith/sharh/150479",
    "section": "hadith07",
    "answers": [
      {
        "answer": "الشَّهيدِ",
        "t": 1
      },
      {
        "answer": "الصِّدِّيقين",
        "t": 0
      },
      {
        "answer": "سَبعِينَ شَفِيعًا",
        "t": 0
      }
    ]
  },
  {
    "id": 3659,
    "q": "قَالَ رَسُولُ اللهِ ﷺ: تَصَدَّقْنَ، يَا مَعْشَرَ النِّسَاءِ، وَلَوْ مِنْ:",
    "level": 1,
    "link": "https://dorar.net/hadith/sharh/23226",
    "section": "hadith07",
    "answers": [
      {
        "answer": "حُلِيِّكُنَّ",
        "t": 1
      },
      {
        "answer": "الطَعامِ والشَّرابِ",
        "t": 0
      },
      {
        "answer": "أموالِ أزواجِكُنَّ",
        "t": 0
      }
    ]
  },
  {
    "id": 3646,
    "q": "الحِكمةُ من قَولِه ﷺ: «ما سَقَى كافِرًا منها شَرْبةَ ماءٍ»",
    "level": 1,
    "link": "https://dorar.net/hadith/sharh/35566",
    "section": "hadith07",
    "answers": [
      {
        "answer": "لعَدَمِ المُبالاةِ به أو بما يَفعَلُ",
        "t": 0
      },
      {
        "answer": "للدَّلالةِ على أنَّ أَفضلَ الصَّدقَةِ سُقْيا الماءِ",
        "t": 0
      },
      {
        "answer": "جَزاءً له وعِقابًا على كُفرِه",
        "t": 1
      }
    ]
  },
  {
    "id": 3648,
    "q": "يُؤخَذُ من قَولِه ﷺ: «اللهُ أرحَمُ بعِبادِهِ مِن هَذِه المَرأَةِ بوَلَدِها»",
    "level": 1,
    "link": "https://dorar.net/hadith/sharh/150963",
    "section": "hadith07",
    "answers": [
      {
        "answer": "أنَّ اللهَ تَعالَى لا يُعذِّبُ أحَدًا مِن خَلقِه",
        "t": 0
      },
      {
        "answer": "ضَرْبُ المثَلِ بما يُدرَكُ بالحَواسِّ لِمَا لا يُدرَكُ بها؛ لتَحصيلِ مَعرفةِ الشَّيءِ على وجْهِه",
        "t": 1
      },
      {
        "answer": "أنَّ حُبَّ الأبناءِ مِن فِطرَةِ الله التي فَطرَ الناسَ عليها",
        "t": 0
      }
    ]
  },
  {
    "id": 3655,
    "q": "المُرادُ بالعَينِ الوارِدةِ في حَديثِ أَبِي هُرَيْرَةَ رَضِيَ اللهُ عَنهُ، عَنِ النَّبِيِّ ﷺ قَالَ: «العَيْنُ حَقٌّ»:",
    "level": 1,
    "link": "https://dorar.net/hadith/sharh/151199",
    "section": "hadith07",
    "answers": [
      {
        "answer": "عَينُ الماءِ التي يُفجِّرها اللهُ مِن بين الصُّخورِ آيةً للناسِ",
        "t": 0
      },
      {
        "answer": "الرُّؤَى التي يراها المُؤمِنُ في مَنامِه هي حَقٌّ مِن الله تعالى",
        "t": 0
      },
      {
        "answer": "الإصابةُ نَتيجةَ نَظْرةِ العينِ والحَسَدِ",
        "t": 1
      }
    ]
  },
  {
    "id": 3660,
    "q": "خَيرُ الصَّدَقةِ ما كان على:",
    "level": 1,
    "link": "https://dorar.net/hadith/sharh/23226",
    "section": "hadith07",
    "answers": [
      {
        "answer": "ذَوي الحاجةِ منَ الأقارِبِ",
        "t": 1
      },
      {
        "answer": "ذَوي الحاجةِ منَ الأصدِقاءِ",
        "t": 0
      },
      {
        "answer": "ذَوي الحاجةِ منَ الجيرانِ",
        "t": 0
      }
    ]
  },
  {
    "id": 3663,
    "q": "ما المَقصودُ بالكَمْأةِ في حَديثِ: «الكَمْأَةُ مِنَ المَنِّ، وماؤُها شِفاءٌ لِلْعَيْنِ»:",
    "level": 1,
    "link": "https://dorar.net/hadith/sharh/150322",
    "section": "hadith07",
    "answers": [
      {
        "answer": "نَباتٌ كَثيرُ الأغصانِ يَنبُتُ في الجَزيرةِ العَرَبِيَّةِ",
        "t": 0
      },
      {
        "answer": "شَجَرٌ غَليظٌ مُلتَفٌّ يَنبُتُ بالشَّامِ",
        "t": 0
      },
      {
        "answer": "نَوعٌ منَ النَّباتِ لا وَرَقَ له ولا ساقَ، يَخرُجُ في الأرضِ بدونِ زَرعٍ",
        "t": 1
      }
    ]
  },
  {
    "id": 3649,
    "q": "ما مِن نَبيٍّ يَبعَثُه اللهُ تَعالَى إلَّا:",
    "level": 1,
    "link": "https://dorar.net/hadith/sharh/151324",
    "section": "hadith07",
    "answers": [
      {
        "answer": "أعْطاه مُعجِزةً يُستَدَلُّ بها على نُبوَّتِه",
        "t": 1
      },
      {
        "answer": "بَشَّرَ أُمَّتَه بِنَبِيِّ آخرِ الزَّمانِ محمدٍ ﷺ",
        "t": 0
      },
      {
        "answer": "أيَّدَه اللهُ بمَلَكٍ يُكلِّمُ النَّاسَ عنه",
        "t": 0
      }
    ]
  },
  {
    "id": 3656,
    "q": "أفضَلُ الأيَّامِ الأُسبوعِيَّةِ عند المُسلِمين",
    "level": 1,
    "link": "https://dorar.net/hadith/sharh/28559",
    "section": "hadith07",
    "answers": [
      {
        "answer": "يومُ عَرفَة",
        "t": 0
      },
      {
        "answer": "يومُ الجُمُعةِ",
        "t": 1
      },
      {
        "answer": "يومُ فَتحِ مكَّة",
        "t": 0
      }
    ]
  },
  {
    "id": 3662,
    "q": "المُرادُ بالرِّكازِ؛ هو:",
    "level": 1,
    "link": "https://dorar.net/hadith/sharh/5907",
    "section": "hadith07",
    "answers": [
      {
        "answer": "الغَنائمُ التي يَحوزُها المُسلِمونَ في الفُتوحاتِ",
        "t": 0
      },
      {
        "answer": "الماءُ المُستَقِرُّ الذي يُسقَى به الزَّرعُ",
        "t": 0
      },
      {
        "answer": "المالُ والكُنوزُ الجاهِلِيَّةُ المَدفونةُ في الأرضِ",
        "t": 1
      }
    ]
  },
  {
    "id": 3647,
    "q": "رَحمةُ الوَلَدِ الصَّغيرِ ومُعانقتُه وتَقبيلُه والرِّفقُ به:",
    "level": 1,
    "link": "https://dorar.net/hadith/sharh/151039",
    "section": "hadith07",
    "answers": [
      {
        "answer": "مِن الأَعمالِ الفِطريَّة التي لا ثَوابَ عليها ولا عِقاب",
        "t": 0
      },
      {
        "answer": "مِنَ الأعمالِ الَّتي يَرْضاها اللهُ ويُجازي عَلَيها",
        "t": 1
      },
      {
        "answer": "مِن عَلاماتِ حُسنِ الخاتِمة",
        "t": 0
      }
    ]
  },
  {
    "id": 3653,
    "q": "عَنِ النَّبِيِّ ﷺ قَالَ: كُلُّ عَيْنٍ زَانِيَةٌ، وَالمَرْأَةُ إِذَا اسْتَعْطَرَتْ فَمَرَّتْ بِالمَجْلِسِ:",
    "level": 1,
    "link": "https://dorar.net/hadith/sharh/35190",
    "section": "hadith07",
    "answers": [
      {
        "answer": "فَهِيَ كَذَا وَكَذَا؛ يَعْنِي: زَانِيَةً",
        "t": 1
      },
      {
        "answer": "فرُدُّوها ولا تَأذَنُوا لها",
        "t": 0
      },
      {
        "answer": "فقد بَرِئَت منها الذِّمَّةُ",
        "t": 0
      }
    ]
  },
  {
    "id": 3664,
    "q": "ما المَقصودُ بالعَينِ المَذكورةِ في حَديثِ: «أمَرَ رسولُ اللهِ صلَّى اللهُ عَليهِ وسلَّم أنْ يُسْتَرْقَى مِنَ العَيْنِ»",
    "level": 1,
    "link": "https://dorar.net/hadith/sharh/151081",
    "section": "hadith07",
    "answers": [
      {
        "answer": "أنْ يَنظُرَ شَخصٌ باستِحسانٍ إلى شَيءٍ فيَتطلَّعَ إليه، دونَ أن يَذكُرَ اسمَ اللهِ عَليهِ",
        "t": 1
      },
      {
        "answer": "مَرضٌ يُصيبُ الإنسانِ فيُوهِنُ قِواهُ",
        "t": 0
      },
      {
        "answer": "عَينُ الماءِ التي تَكدَّرَت وصارَت غَيرَ صالِحةٍ",
        "t": 0
      }
    ]
  },
  {
    "id": 3652,
    "q": "يُقَيَّضُ لكُلِّ إنسانٍ قَرينٌ منَ الجِنِّ يُغويه، وكذا يُقيَّضُ له قَرينٌ من:",
    "level": 1,
    "link": "https://dorar.net/hadith/sharh/20816",
    "section": "hadith07",
    "answers": [
      {
        "answer": "صُحبَتِه التي يَختارُها في الدُّنيا",
        "t": 0
      },
      {
        "answer": "المَلائكةِ يُسدِّدُه ويُرْشدُه",
        "t": 1
      },
      {
        "answer": "صالِحي المُؤمِنين ليَهدِيَه إلى سَبيلِ الله",
        "t": 0
      }
    ]
  },
  {
    "id": 3654,
    "q": "يُؤخَذُ من قَولِ رَسُولُ اللَّهِ ﷺ: «اخْتَتَنَ إِبْرَاهِيمُ عَلَيْهِ السَّلاَمُ وَهُوَ ابْنُ ثَمَانِينَ سَنَةً بِالقَدُّومِ»",
    "level": 1,
    "link": "https://dorar.net/hadith/sharh/150319",
    "section": "hadith07",
    "answers": [
      {
        "answer": "أنَّ إبراهيمَ عليه السَّلامُ كان مُتَّبِعًا لشَريعَةِ محمدٍ ﷺ",
        "t": 0
      },
      {
        "answer": "أنَّ الخِتانَ في حَقِّ الصَّغيرِ والكَبيرِ",
        "t": 1
      },
      {
        "answer": "أنَّ الخِتانَ لا يُجزِئ قبلَ بُلوغِ الثَّمانين",
        "t": 0
      }
    ]
  },
  {
    "id": 3650,
    "q": "المُرادُ بقَولِه ﷺ: «بُعِثتُ بين يَدَيِ السَّاعةِ بالسَّيفِ»",
    "level": 1,
    "link": "https://dorar.net/hadith/sharh/92122",
    "section": "hadith07",
    "answers": [
      {
        "answer": "السَّيفُ المَقصُودُ هنا هو القُرآنُ، وهو مُعجِزتُه الباقِيَة ﷺ",
        "t": 0
      },
      {
        "answer": "أنَّ مِن عَلاماتِ السَّاعَة انتِشارَ السَّيفِ؛ أي: القَتل",
        "t": 0
      },
      {
        "answer": "أنَّه ﷺ بُعِثَ بالجِهادِ؛ لنَشرِ تَوحيدِ اللهِ وعِبادتِه دون شَريكٍ",
        "t": 1
      }
    ]
  },
  {
    "id": 3661,
    "q": "قال رَسُولُ اللَّهِ ﷺ: العَجْمَاءُ جُبَارٌ، وَالبِئْرُ جُبَارٌ:",
    "level": 1,
    "link": "https://dorar.net/hadith/sharh/5907",
    "section": "hadith07",
    "answers": [
      {
        "answer": "ولَيسَ فيما دُونَ خَمسِ ذَوْدٍ صَدَقةٌ",
        "t": 0
      },
      {
        "answer": "واللهُ طَيِّبٌ لا يَقبَلُ إلَّا طَيِّبًا",
        "t": 0
      },
      {
        "answer": "وَالمَعْدِنُ جُبَارٌ",
        "t": 1
      }
    ]
  },
  {
    "id": 3651,
    "q": "أوَّلُ مَن يَدخُلُ الجَنَّةَ ويَستَفتِحُ بابَها يَومَ القِيامةِ؛ هو:",
    "level": 1,
    "link": "https://dorar.net/hadith/sharh/22915",
    "section": "hadith07",
    "answers": [
      {
        "answer": "إبراهيمُ عَليهِ السَّلامُ",
        "t": 0
      },
      {
        "answer": "نَبِيُّنا مُحمَّدٌ ﷺ",
        "t": 1
      },
      {
        "answer": "آدَمُ عَليهِ السَّلامُ",
        "t": 0
      }
    ]
  },
  {
    "id": 3658,
    "q": "يُشرَعُ استِلامُ الحَجَرِ الأسوَدِ بقَصدِ:",
    "level": 1,
    "link": "https://dorar.net/hadith/sharh/35539",
    "section": "hadith07",
    "answers": [
      {
        "answer": "تَعظيمِه وتَقديسِه",
        "t": 0
      },
      {
        "answer": "التأسِّي بعُمرَ بنِ الخطَّابِ رضي الله عنه",
        "t": 0
      },
      {
        "answer": "الإخلاصِ والتَّعبُّدِ للهِ عزَّ وجلَّ",
        "t": 1
      }
    ]
  }
]