[
  {
    "id": 3699,
    "q": "يُؤخَذُ من حَديثِ أَبِي سَعِيدٍ الْخُدْرِيِّ، أَنَّ رَسُولَ اللهِ ﷺ قَالَ: «لَا يَنْظُرُ الرَّجُلُ إِلَى عَوْرَةِ الرَّجُلِ»:",
    "level": 3,
    "link": "https://dorar.net/hadith/sharh/21398",
    "section": "hadith07",
    "answers": [
      {
        "answer": "أنَّ النَّهيَ خاصٌّ بالرِّجالِ أمَّا النِّساءُ فلا يَشمَلهُنَّ النَّهيُ",
        "t": 0
      },
      {
        "answer": "عَدَمُ مَشروعِيَّةِ رُؤيةِ العَوْراتِ ولو بين الأزواجِ",
        "t": 0
      },
      {
        "answer": "عَدَمُ مَشروعيَّةِ النَّظرِ إلى العَورةِ",
        "t": 1
      }
    ]
  },
  {
    "id": 3705,
    "q": "قال رَسولُ الله ﷺ: «لا يَنْبَغِي لِصِدِّيقٍ أنْ يَكونَ لَعَّانًا» معنى «صِدِّيق»:",
    "level": 3,
    "link": "https://dorar.net/hadith/sharh/17559",
    "section": "hadith07",
    "answers": [
      {
        "answer": "الصِّديقُ هو لَقبُ أبي بكرٍ رضي الله عنه",
        "t": 0
      },
      {
        "answer": "مُبالِغًا في الصِّدقِ",
        "t": 1
      },
      {
        "answer": "أي: المُؤمِنُ الصَّادِقُ في إيمانِه",
        "t": 0
      }
    ]
  },
  {
    "id": 3703,
    "q": "في قَولِ النَّبيِّ ﷺ «لا يَنظُرُ اللَّهُ إلى مَن جَرَّ إزارَهُ بَطَرًا» مَعنَى «بَطَرًا» هو:",
    "level": 3,
    "link": "https://dorar.net/hadith/sharh/43996",
    "section": "hadith07",
    "answers": [
      {
        "answer": "إظهارُ الإيمانِ وإبطانُ الكُفرِ",
        "t": 0
      },
      {
        "answer": "الكِبرُ والخُيَلاءُ، والعُجْبُ بالنَّفسِ",
        "t": 1
      },
      {
        "answer": "مُخالَفةٌ للباطِنِ؛ حَيث يَلبَسُ زِيَّ التَّقوى وهو مُصِرٌّ على العِصيانِ",
        "t": 0
      }
    ]
  },
  {
    "id": 3700,
    "q": "المُرادُ بالمُخالَفةِ بين الطَّرَفينِ في حَديثِ: «مَن صلَّى في ثَوبٍ فلْيُخَالِفْ بينَ طَرَفيهِ»:",
    "level": 3,
    "link": "https://dorar.net/hadith/sharh/22428",
    "section": "hadith07",
    "answers": [
      {
        "answer": "أن يَجعلَ طرَفَه الأيمنَ على عاتقِه الأيسرِ، وطَرَفَه الأيسرَ على عاتقِه الأيمنِ",
        "t": 1
      },
      {
        "answer": "أن يُحوِّلَ رِداءَه كما يُفعَل في صَلاةِ الاستِسقاءِ",
        "t": 0
      },
      {
        "answer": "أن يَجعَلَ أحَدَ طَرَفَيهِ تَحتَ إبْطِه وطَرَفَه الآخَرَ على مَنكِبِه",
        "t": 0
      }
    ]
  },
  {
    "id": 3688,
    "q": "المَقصودُ بذِمَّةِ اللهِ، الَّتي وَرَد ذِكرُها في حَديثِ: «مَن صَلَّى الصُّبحَ فهُوَ في ذِمَّةِ اللهِ»:",
    "level": 3,
    "link": "https://dorar.net/hadith/sharh/23391",
    "section": "hadith07",
    "answers": [
      {
        "answer": "أي: في عَفوِه ومَغفِرَتِه",
        "t": 0
      },
      {
        "answer": "أي: في أمانِه وضَمانتِه",
        "t": 1
      },
      {
        "answer": "أي: في نَعيمِ جَنَّتِه",
        "t": 0
      }
    ]
  },
  {
    "id": 3704,
    "q": "في الحَديثِ: «نَظَرَ أنَسٌ إلى النَّاسِ يَومَ الجُمُعَةِ، فَرَأَى طَيَالِسَةً، فَقالَ: كَأنَّهُمُ السَّاعَةَ يَهُودُ خَيْبَرَ» ما معنى «طَيالِسةً»:",
    "level": 3,
    "link": "https://dorar.net/hadith/sharh/150445",
    "section": "hadith07",
    "answers": [
      {
        "answer": "نَوعٌ من ثِيابِ كان يَلبَسُها نَصارَى نَجران",
        "t": 0
      },
      {
        "answer": "نَوعٌ مِن الثِّيابِ العَرَبيَّةً، كانت مُنتَشِرَة في المَدينَة",
        "t": 0
      },
      {
        "answer": "نَوعٌ منَ الثِّيابِ لَيستْ عَرَبيَّةً، كان يَلبَسُها اليَهودُ",
        "t": 1
      }
    ]
  },
  {
    "id": 3702,
    "q": "المَقصودُ بالِاستِحدادِ في حَديثِ النَّبيِّ ﷺ: «الفِطْرَةُ خَمْسٌ، أَوْ خَمْسٌ مِنَ الفِطْرَةِ: الخِتَانُ، وَالِاسْتِحْدَادُ؟»",
    "level": 3,
    "link": "https://dorar.net/hadith/sharh/151082",
    "section": "hadith07",
    "answers": [
      {
        "answer": "امتِهانُ الحِدادةِ مثل نَبيِّ الله داودَ عليه السلامُ",
        "t": 0
      },
      {
        "answer": "صِناعَة السُّيوفِ مِن الحَديدِ مِن أَجلِ الجِهادِ في سَبيلِ الله",
        "t": 0
      },
      {
        "answer": "استِعمالُ المُوسَى في حَلْقِ العَانَةِ",
        "t": 1
      }
    ]
  },
  {
    "id": 3690,
    "q": "يَرجِعُ اختِلافُ الرِّواياتِ في تَحديدِ الدَّرَجاتِ التي تَفضُلُها صَلاةُ الجَماعةِ على صَلاةِ الفَذِّ إلى:",
    "level": 3,
    "link": "https://dorar.net/hadith/sharh/6951",
    "section": "hadith07",
    "answers": [
      {
        "answer": "جِنسِ الصَّلاةِ",
        "t": 0
      },
      {
        "answer": "تَكاثُر الجَماعاتِ",
        "t": 0
      },
      {
        "answer": "اختِلافِ أحوالِ المُصلِّين والصَّلاةِ",
        "t": 1
      }
    ]
  },
  {
    "id": 3697,
    "q": "في الحديثِ: «كانَ أنَسٌ يَنْعَتُ لَنَا صَلَاةَ النبيِّ ﷺ، فَكانَ يُصَلِّي وإذَا رَفَعَ رَأْسَهُ مِنَ الرُّكُوعِ، قَامَ حتَّى نَقُولَ:",
    "level": 3,
    "link": "https://dorar.net/hadith/sharh/1848",
    "section": "hadith07",
    "answers": [
      {
        "answer": "هل يَسجُد؟",
        "t": 0
      },
      {
        "answer": "أَطالَ الوُقوفَ",
        "t": 0
      },
      {
        "answer": "قدْ نَسِيَ",
        "t": 1
      }
    ]
  },
  {
    "id": 3689,
    "q": "المُرادُ بالبَردَينِ، الوارِدِ ذِكرُهُما في حَديثِ: «مَنْ صلَّى البَرْدَين دَخَل الجَنَّةَ»:",
    "level": 3,
    "link": "https://dorar.net/hadith/sharh/23267",
    "section": "hadith07",
    "answers": [
      {
        "answer": "صَلاةُ العِشاءِ وصَلاةُ الصُّبحِ",
        "t": 0
      },
      {
        "answer": "صَلاةُ الظُّهرِ وصَلاةُ العَصرِ",
        "t": 0
      },
      {
        "answer": "صَلاةُ الصُّبحِ وصَلاةُ العَصرِ",
        "t": 1
      }
    ]
  },
  {
    "id": 3698,
    "q": "يُؤخَذُ من حديثِ: «َلَا يُفْضِي الرَّجُلُ إِلَى الرَّجُلِ فِي ثَوْبٍ وَاحِدٍ، وَلَا تُفْضِي الْمَرْأَةُ إِلَى الْمَرْأَةِ فِي الثَّوْبِ الْوَاحِدِ»",
    "level": 3,
    "link": "https://dorar.net/hadith/sharh/21398",
    "section": "hadith07",
    "answers": [
      {
        "answer": "عَدَمُ مَشروعِيَّةِ أن يَخلُوَ الرَّجُلُ إلى الرَّجُلِ أوِ المَرأةُ إلى المَرأةِ في ثَوبٍ واحِدٍ مُتَجَرِّدَيْنِ",
        "t": 1
      },
      {
        "answer": "عَدَمُ مَشروعِيَّةِ نَظَرِ الرَّجُلِ إلى عَورةِ المَرأةِ وإنْ كانت زَوجَتَه",
        "t": 0
      },
      {
        "answer": "الحَثُّ على التَستُّرِ بالإزارِ والرِّداءِ لأنَّه أَستَرُ للعَورةِ وأَحفَظُ للبَدَنِ",
        "t": 0
      }
    ]
  },
  {
    "id": 3695,
    "q": "عَنْ عِمْرَانَ بْنِ حُصَيْنٍ رَضِيَ اللهُ عَنهُ، قَالَ: كَانَتْ بِي بَوَاسِيرُ، فَسَأَلْتُ النَّبِيَّ ﷺ عَنِ الصَّلَاةِ، فَقَالَ: صَلِّ قَائِمًا، فَإِنْ لَمْ تَسْتَطِعْ فَقَاعِدًا، فَإِنْ لَمْ تَسْتَطِعْ:",
    "level": 3,
    "link": "https://dorar.net/hadith/sharh/23305",
    "section": "hadith07",
    "answers": [
      {
        "answer": "فعلى جَنبٍ",
        "t": 1
      },
      {
        "answer": "فمُتَّكِئًا",
        "t": 0
      },
      {
        "answer": "فمُضطَجِعًا",
        "t": 0
      }
    ]
  },
  {
    "id": 3696,
    "q": "إذا أرادَ المُصَلِّي أن يَبصُقَ في الصَّلاةِ، فإنَّه يَبصُقُ:",
    "level": 3,
    "link": "https://dorar.net/hadith/sharh/22388",
    "section": "hadith07",
    "answers": [
      {
        "answer": "عن يَمينِه",
        "t": 0
      },
      {
        "answer": "عن يَسارِه أو تَحتَ قَدَمِه",
        "t": 1
      },
      {
        "answer": "تِلقاءَ وَجهِه",
        "t": 0
      }
    ]
  },
  {
    "id": 3701,
    "q": "في الحَديثِ: قالَت أمُّ سَلمةَ: فَكَيفَ يصنَعُ النِّساءُ بذُيولِهِنَّ؟ فقالَ ﷺ: يُرخينَ شبرًا، فقالت: إذنْ تَنكَشِفُ أقدامُهُنَّ، فقالَ ﷺ:",
    "level": 3,
    "link": "https://dorar.net/hadith/sharh/42701",
    "section": "hadith07",
    "answers": [
      {
        "answer": "افْعَلْنَ ما آمُركُنَّ إنَّما السَّترُ مِن الله",
        "t": 0
      },
      {
        "answer": "لا تَنكَشِفُ إن شاءَ الله",
        "t": 0
      },
      {
        "answer": "فيُرخينَهُ ذراعًا",
        "t": 1
      }
    ]
  },
  {
    "id": 3686,
    "q": "قَالَ رَسُولُ اللَّهِ ﷺ: حُبِّبَ إِلَيَّ مِنَ الدُّنْيَا النِّسَاءُ وَالطِّيبُ:",
    "level": 3,
    "link": "https://dorar.net/hadith/sharh/32267",
    "section": "hadith07",
    "answers": [
      {
        "answer": "والخَيلُ",
        "t": 0
      },
      {
        "answer": "وَجُعِلَت قُرَّةُ عَيْنِي فِي الصَّلَاةِ",
        "t": 1
      },
      {
        "answer": "والجِهادُ في سَبيلِ اللهِ",
        "t": 0
      }
    ]
  },
  {
    "id": 3692,
    "q": "يَدُلُّ قَولُه ﷺ: «قُمْتُ عَلَى بَابِ الجَنَّةِ، فَكَانَ عَامَّةَ مَنْ دَخَلَهَا المَسَاكِينُ، وَأَصْحَابُ الجَدِّ مَحْبوسونَ...» على أنَّ:",
    "level": 3,
    "link": "https://dorar.net/hadith/sharh/151310",
    "section": "hadith07",
    "answers": [
      {
        "answer": "الأغنياءَ منَ المُؤمِنين يَدخُلون الجَنَّةَ بلا حِسابٍ",
        "t": 0
      },
      {
        "answer": "الفُقَراءَ منَ المُؤمِنين لا حِسابَ عَلَيهِم مُطلَقًا",
        "t": 0
      },
      {
        "answer": "حلالَ الدُّنيا له حسابٌ، كما أنَّ لحَرامِها عِقابٌ",
        "t": 1
      }
    ]
  },
  {
    "id": 3694,
    "q": "يُؤخَذُ من حَديثِ أبي جُحَيفةَ رَضِيَ اللهُ عَنهُ: «أَنَّهُ رَأَى بِلاَلًا يُؤَذِّنُ فَجَعَلْتُ أَتَتَبَّعُ فَاهُ هَا هُنَا وَهَا هُنَا يقولُ: يَمينًا وشِمالًا يقولُ: حيَّ على الصَّلاةِ، حيَّ على الفَلاحِ»",
    "level": 3,
    "link": "https://dorar.net/hadith/sharh/6964",
    "section": "hadith07",
    "answers": [
      {
        "answer": "إِباحَةُ الأذانِ قائِمًا أو قاعِدًا أو على جَنبٍ؛ كهَيئاتِ ذِكرِ الله",
        "t": 0
      },
      {
        "answer": "مَشروعيَّةُ الالْتِفاتِ يمينًا ويَسارًا في الأذانِ عِندَ الحَيْعَلتَينِ",
        "t": 1
      },
      {
        "answer": "استِحبابُ النَّظَرِ إلى المُؤذِّنِ وهو يُنادي بالصَّلاةِ",
        "t": 0
      }
    ]
  },
  {
    "id": 3693,
    "q": "قال رَسُولُ اللهِ ﷺ: رُبَّ أَشْعَثَ، مَدْفُوعٍ بِالْأَبْوَابِ لَوْ:",
    "level": 3,
    "link": "https://dorar.net/hadith/sharh/17618",
    "section": "hadith07",
    "answers": [
      {
        "answer": "أقْسَمَ علَى اللهِ لأَبَرَّهُ",
        "t": 1
      },
      {
        "answer": "رَفعَ يَدهُ إلى السَّماءِ لأَمطرَت سَبعِينَ خَريفًا",
        "t": 0
      },
      {
        "answer": "تَمنَّى على اللهِ لَأعطاهُ",
        "t": 0
      }
    ]
  },
  {
    "id": 3691,
    "q": "المُرادُ بـ\"ذِي المِرَّةِ السَّوِيِّ\" في قَولِ النَّبِيِّ ﷺ: «لا تحِلُّ الصَّدقةُ لغنيٍّ، ولا لذي مِرَّةٍ سَوِيٍّ»:",
    "level": 3,
    "link": "https://dorar.net/hadith/sharh/28634",
    "section": "hadith07",
    "answers": [
      {
        "answer": "صاحِبُ المالِ",
        "t": 0
      },
      {
        "answer": "صَحيحُ البَدَنِ، الذي يَقدِرُ على الكَسبِ لتَحصيلِ قُوتِ يَومِه",
        "t": 1
      },
      {
        "answer": "ذو النَّسَبِ والشَّرَفِ",
        "t": 0
      }
    ]
  },
  {
    "id": 3687,
    "q": "قال رَسولُ الله ﷺ: خَمْسٌ مِنَ الفِطْرَةِ:",
    "level": 3,
    "link": "https://dorar.net/hadith/sharh/151082",
    "section": "hadith07",
    "answers": [
      {
        "answer": "تَهذيبُ الشَّعرِ، وحَلقُ العانةِ، ونَتفُ الإبْطِ، وتَنظيفُ الأظْفارِ، وقَصُّ الشَّارِبِ",
        "t": 0
      },
      {
        "answer": "الخِتانُ، والِاستِحدَادُ، ونَتفُ الإبْطِ، وتَقْلِيمُ الأَظفَارِ، وقَصُّ الشَّارِبِ",
        "t": 1
      },
      {
        "answer": "الدُّعاءُ عِندَ نُزولِ البَلاءِ، وإقامةُ الصَّلاةِ، وإيتاءُ الزَّكاةِ، وصَومُ رَمَضانَ، والحَجُّ،",
        "t": 0
      }
    ]
  }
]