[
  {
    "id": 3668,
    "q": "في الحَديثِ:«مَن وَجَدَ لُقَطةً فليُشهِدْ ذا عَدلٍ أو ذَوَيْ عَدْلٍ، ولا يَكْتُمْ، ولا يغيِّبْ؛ فإنْ وجَدَ صاحِبَها فليَرُدَّها علَيهِ، وإلَّا فَهوَ مالُ اللَّهِ عزَّ وجلَّ يُؤتِيهِ مَن يشاءُ» مَعنَى «مالُ اللَّهِ عزَّ وجلَّ يُؤتِيهِ مَن يشاءُ»:",
    "level": 2,
    "link": "https://dorar.net/hadith/sharh/28251",
    "section": "hadith07",
    "answers": [
      {
        "answer": "يَرُدُّ اللُّقَطةَ لبَيتِ مالِ المُسلِمين؛ لأنَّه المالَ للهِ عزَّ وجلَّ",
        "t": 0
      },
      {
        "answer": "يَعني: يَتصَدَّقُ بثَمَنِ اللُّقَطةِ إن لم يَجِدْ صاحِبَها؛ لأنَّه مالُ اللهِ عزَّ وجلَّ",
        "t": 0
      },
      {
        "answer": "أصبَحَت مِن رِزقِه الَّذي رزَقَه اللهُ عزَّ وجلَّ إيَّاه",
        "t": 1
      }
    ]
  },
  {
    "id": 3666,
    "q": "المُرادُ بقَولِ عَمرِو بنِ عَبْسةَ رَضِيَ اللهُ عَنهُ، حين سَأل النَّبيَّ ﷺ: «أيُّ اللَّيلِ أسمَعُ؟»",
    "level": 2,
    "link": "https://dorar.net/hadith/sharh/30407",
    "section": "hadith07",
    "answers": [
      {
        "answer": "في أيِّ ساعَةٍ مِن اللَّيلِ أَقرأُ القُرآنَ فتَسمَعُ تِلاوتِي المَلائِكةُ",
        "t": 0
      },
      {
        "answer": "أيُّ اللَّيلِ أكثَرُ هُدوءًا من غَيرِه",
        "t": 0
      },
      {
        "answer": "يَعني: أيُّ أوقاتِ الصَّلاةِ يَكونُ فيها الدُّعاءُ فيها أكثرَ استِجابةً مِن اللهِ سُبحانَه؟",
        "t": 1
      }
    ]
  },
  {
    "id": 3683,
    "q": "ما المُرادُ بالتَّساخينِ في حَديثِ «بَعَثَ رسولُ اللَّهِ ﷺ سَرِيَّةً فأصابَهُمُ البَردُ فلمَّا قدِموا علَى رسولِ اللَّهِ ﷺ أمرَهُم أن يَمسَحوا علَى العَصائبِ والتَّساخينِ»",
    "level": 2,
    "link": "https://dorar.net/hadith/sharh/29536",
    "section": "hadith07",
    "answers": [
      {
        "answer": "جَمعُ تِسخَان وهو الإزارُ المَصنُوعُ مِن الجِلدِ",
        "t": 0
      },
      {
        "answer": "كلُّ ما يُسْتَدْفأُ به مِن خُفٍّ وجَوْرَبٍ وغيرِه",
        "t": 1
      },
      {
        "answer": "العَمائمُ ذاتُ الذَّوائبِ",
        "t": 0
      }
    ]
  },
  {
    "id": 3667,
    "q": "في الحَديثِ: «مَن سَرَقَ منهُ شيئًا بعدَ أن يُؤْويَهُ الجَرينُ فبلغَ ثَمَنَ المِجَنِّ فعلَيهِ القَطعُ» مَعنَى \"المِجنِّ\":",
    "level": 2,
    "link": "https://dorar.net/hadith/sharh/28248",
    "section": "hadith07",
    "answers": [
      {
        "answer": "هو الثَّوبُ الَّذي يَلبَسُه المَجنونُ",
        "t": 0
      },
      {
        "answer": "هو ما يَستَتِرُ به المُحارِبُ منَ التُّرسِ وغَيرِه",
        "t": 1
      },
      {
        "answer": "إناءٌ تُجفَّفُ فيه الثِّمارُ أو تُخزَنُ",
        "t": 0
      }
    ]
  },
  {
    "id": 3677,
    "q": "في الحَديثِ: «إنَّ العبدَ إذا لَعَن شَيئًا صَعِدَتِ اللَّعنةُ إلى السَّماءِ فتُغلَقُ أَبوابُ السَّماءِ دُونَها»: معنَى «فتُغلَقُ أبوابُ السَّماءِ دونَها»:",
    "level": 2,
    "link": "https://dorar.net/hadith/sharh/29958",
    "section": "hadith07",
    "answers": [
      {
        "answer": "لَيسَ على حَقيقَتِه، بلِ المُرادُ أنَّه يُعذَّبُ على مَقالَتِه",
        "t": 0
      },
      {
        "answer": "تُغلَقُ أبوابُ السَّماءِ في وجْهِ هذا الدُّعاءِ، ويُمنَعُ مِن مُرورِه إلى اللهِ عزَّ وجلَّ ولا يُرْفعُ",
        "t": 1
      },
      {
        "answer": "تُغلَقُ أبوابُ السَّماءِ أمامَ رُوحِ صاحِبِها",
        "t": 0
      }
    ]
  },
  {
    "id": 3685,
    "q": "قال رَسولُ اللهِ ﷺ: مَا مِن مَولُودٍ إلَّا يُولَدُ عَلَى:",
    "level": 2,
    "link": "https://dorar.net/hadith/sharh/11463",
    "section": "hadith07",
    "answers": [
      {
        "answer": "الاستِقامةِ",
        "t": 0
      },
      {
        "answer": "اليَقينِ",
        "t": 0
      },
      {
        "answer": "الفِطرةِ",
        "t": 1
      }
    ]
  },
  {
    "id": 3676,
    "q": "«سِبَابُ المُسْلِمِ فُسُوقٌ، وقِتَالُهُ كُفْرٌ» في هذا الحَديثِ رَدٌّ على فِرقةٍ يَقولونَ: لا يضُرُّ مع الإيمانِ مَعصِيةٌ، وهُم:",
    "level": 2,
    "link": "https://dorar.net/hadith/sharh/1412",
    "section": "hadith07",
    "answers": [
      {
        "answer": "المُرجئةُ",
        "t": 1
      },
      {
        "answer": "الجَهمِيَّةُ",
        "t": 0
      },
      {
        "answer": "الخَوارِجُ",
        "t": 0
      }
    ]
  },
  {
    "id": 3670,
    "q": "عن قَتادةَ: «قُلنا لأنَسٍ: أيُّ الثِّيَابِ كانَ أحَبَّ إلى النَّبيِّ ﷺ أنْ يَلْبَسَهَا؟ قالَ:",
    "level": 2,
    "link": "https://dorar.net/hadith/sharh/43996",
    "section": "hadith07",
    "answers": [
      {
        "answer": "الخَشِنَةُ",
        "t": 0
      },
      {
        "answer": "الصُّفرةُ",
        "t": 0
      },
      {
        "answer": "الحِبَرَةُ",
        "t": 1
      }
    ]
  },
  {
    "id": 3669,
    "q": "«مَن آوَى ضالَّةً فَهو ضالٌّ، ما لَمْ يُعَرِّفْها» يُستَفادُ من هذا الحَديثِ:",
    "level": 2,
    "link": "https://dorar.net/hadith/sharh/17734",
    "section": "hadith07",
    "answers": [
      {
        "answer": "جَميعُ ما سَبَق",
        "t": 1
      },
      {
        "answer": "أنَّ مَن أخَذَها لِيَذْهَبَ بها فهو ضالٌّ",
        "t": 0
      },
      {
        "answer": "مَن أخَذَها لِيَرُدَّها أو لِيُعَرِّفَها ويَطلُبَ صاحبَها فلا بَأْسَ به",
        "t": 0
      }
    ]
  },
  {
    "id": 3681,
    "q": "قال رَسولُ الله ﷺ: إذا جَلَس أحدُكُم على حَاجَتِه:",
    "level": 2,
    "link": "https://dorar.net/hadith/sharh/22963",
    "section": "hadith07",
    "answers": [
      {
        "answer": "فلا يَستَقبِلِ القِبلةَ ولا يَستَدبِرْها",
        "t": 1
      },
      {
        "answer": "فليُتِمَّ ما بَدأَ ولا يَعجَل",
        "t": 0
      },
      {
        "answer": "فإنْ استَطاعَ ألَّا يُغلَب فليَفعَل",
        "t": 0
      }
    ]
  },
  {
    "id": 3678,
    "q": "المَقصودُ بالمُغِيبةِ في نَهيِ النَّبيِّ ﷺ عن طُروقِ المُسافِرِ أهلَهُ لَيلًا، وقال: «لِكَيْ تَمْتَشِطَ الشَّعِثَةُ وَتَسْتَحِدَّ المُغِيبَةُ»",
    "level": 2,
    "link": "https://dorar.net/hadith/sharh/26724",
    "section": "hadith07",
    "answers": [
      {
        "answer": "المَرأةُ الَّتي غابَت حَيضَتُها أكثرَ مِن عادةِ النِّساءِ",
        "t": 0
      },
      {
        "answer": "المَرأةُ التي غابَ عَنها زَوجُها",
        "t": 1
      },
      {
        "answer": "المَرأةُ العَقيمُ",
        "t": 0
      }
    ]
  },
  {
    "id": 3684,
    "q": "في الحَديثِ: «جَاءَ رَجُلٌ إلى النَّبيِّ ﷺ فقَالَ: يا رَسولَ اللهِ، مَن أَحَقُّ النَّاسِ بحُسنِ صَحَابَتِي؟ فقال ﷺ:",
    "level": 2,
    "link": "https://dorar.net/hadith/sharh/151125",
    "section": "hadith07",
    "answers": [
      {
        "answer": "وَلدُك",
        "t": 0
      },
      {
        "answer": "أبوكَ",
        "t": 0
      },
      {
        "answer": "أُمُّكَ",
        "t": 1
      }
    ]
  },
  {
    "id": 3674,
    "q": "لَمْ يَكُنِ النبيُّ ﷺ فَاحِشًا ولَا مُتَفَحِّشًا، وكانَ يقولُ: «إنَّ مِن خِيَارِكُمْ أحْسَنَكُمْ أخْلَاقًا». حَقيقةُ حُسنِ الخُلقِ:",
    "level": 2,
    "link": "https://dorar.net/hadith/sharh/150471",
    "section": "hadith07",
    "answers": [
      {
        "answer": "الإخلاصُ في الأَقوالِ والأَعمالِ والأَحوالِ",
        "t": 0
      },
      {
        "answer": "بِرُّ الوالدَينِ",
        "t": 0
      },
      {
        "answer": "كَفُّ الأذى وبَذلُ المَعروفِ",
        "t": 1
      }
    ]
  },
  {
    "id": 3675,
    "q": "في الحَديثِ: «سِبَابُ المُسْلِمِ فُسُوقٌ، وقِتَالُهُ كُفْرٌ». المُرادُ بالكُفرِ هنا:",
    "level": 2,
    "link": "https://dorar.net/hadith/sharh/1412",
    "section": "hadith07",
    "answers": [
      {
        "answer": "مُبالَغةً في التَّحذيرِ؛ لِيَنزجِرَ السَّامعُ عنِ الإقدامِ عَليهِ",
        "t": 1
      },
      {
        "answer": "حَقيقَتُه الَّتي هي الخُروجُ عنِ المِلَّةِ",
        "t": 0
      },
      {
        "answer": "الشِّركُ باللهِ",
        "t": 0
      }
    ]
  },
  {
    "id": 3673,
    "q": "في حَديثِ أُمِّ خالِد: «أَتَيْتُ رَسولَ اللَّهِ ﷺ مع أبِي وعَلَيَّ قَمِيصٌ أصْفَرُ، قَالَ رَسولُ اللَّهِ ﷺ: سَنَهْ سَنَهْ! قَالَتْ: فَذَهَبْتُ ألْعَبُ:",
    "level": 2,
    "link": "https://dorar.net/hadith/sharh/151092",
    "section": "hadith07",
    "answers": [
      {
        "answer": "بخَاتَمِ النُّبُوَّةِ",
        "t": 1
      },
      {
        "answer": "مع الغِلمانِ",
        "t": 0
      },
      {
        "answer": "بأَلعابِي",
        "t": 0
      }
    ]
  },
  {
    "id": 3672,
    "q": "كانَ النبيُّ ﷺ مَرْبُوعًا، بَعِيدَ ما بيْنَ المَنْكِبَيْنِ، له شَعَرٌ:",
    "level": 2,
    "link": "https://dorar.net/hadith/sharh/150572",
    "section": "hadith07",
    "answers": [
      {
        "answer": "كأنَّه الجُمانُ",
        "t": 0
      },
      {
        "answer": "طَويلٌ مِثل ذُؤابَةِ العِمامَة",
        "t": 0
      },
      {
        "answer": "يَبْلُغُ شَحْمَةَ أُذُنِهِ",
        "t": 1
      }
    ]
  },
  {
    "id": 3679,
    "q": "يُؤخَذُ من حَديثِ: «أنَّ رَسولَ اللَّهِ ﷺ سَابَقَ بيْنَ الخَيْلِ الَّتي أُضْمِرَتْ...»:",
    "level": 2,
    "link": "https://dorar.net/hadith/sharh/4867",
    "section": "hadith07",
    "answers": [
      {
        "answer": "تشريفُ الإسلامِ للخَيلِ مِن أَجلِ الجِهادِ عليها في سَبيلِ الله",
        "t": 0
      },
      {
        "answer": "مَشروعِيَّةُ تَضميرِ الخَيلِ، وإعدادِها لإعزازِ كَلِمةِ الله تَعالَى ونُصرةِ دِينِه",
        "t": 1
      },
      {
        "answer": "أنَّ الأَصلَ في العِباداتِ الإباحةُ إلَّا ما حَرَّمهُ الشَّرعُ",
        "t": 0
      }
    ]
  },
  {
    "id": 3680,
    "q": "يُؤخَذُ من قَولِ النَّبيِّ ﷺ: «ستُفْتَحُ عَلَيكُم أرَضُونَ، ويَكفِيكُمُ اللهُ، فَلَا يَعْجِزْ أَحدُكُم أن يَلْهُوَ بأَسْهُمِه»:",
    "level": 2,
    "link": "https://dorar.net/hadith/sharh/21133",
    "section": "hadith07",
    "answers": [
      {
        "answer": "مَشروعِيَّةُ اللَّهوِ واللَّعِبِ مُطلَقًا",
        "t": 0
      },
      {
        "answer": "أنَّ المُسلِمين إذا رَهِبَهُمُ الأعداءُ استَعانُوا عليهم بالسِّهامِ",
        "t": 0
      },
      {
        "answer": "الحَضُّ على تَعلُّمِ الرَّميِ والتَّحذيرُ من نِسيانِه",
        "t": 1
      }
    ]
  },
  {
    "id": 3671,
    "q": "أهْدى دِحْيةُ الكلبيُّ لرَسولِ اللَّهِ ﷺ خُفَّينِ:",
    "level": 2,
    "link": "https://dorar.net/hadith/sharh/35477",
    "section": "hadith07",
    "answers": [
      {
        "answer": "فأَهْدَاهُما عائِشةَ رضي الله عنها",
        "t": 0
      },
      {
        "answer": "فلبِسَهُما",
        "t": 1
      },
      {
        "answer": "فتَرَكَهُما",
        "t": 0
      }
    ]
  },
  {
    "id": 3682,
    "q": "يُؤخَذُ من حَديثِ أبي قَتادةَ رَضِيَ اللهُ عَنهُ: «إِذَا بَالَ أحَدُكم فلا يَمَسَّ ذَكَره بيَمِينِه»:",
    "level": 2,
    "link": "https://dorar.net/hadith/sharh/5653",
    "section": "hadith07",
    "answers": [
      {
        "answer": "كَراهِيَةُ التَّبوُّلِ واقِفًا",
        "t": 0
      },
      {
        "answer": "أنَّ اليَدَ اليُسْرى أَقدرُ على مُمارسَةِ الأَعمالِ من اليُمْنى غالِبًا",
        "t": 0
      },
      {
        "answer": "أنَّ اليَمينَ تُستخدَمُ لِفضائلِ الأعمالِ",
        "t": 1
      }
    ]
  }
]