[
  {
    "id": 5249,
    "q": "الغُلوُّ في الأنْبياءِ وَقَع فيه",
    "level": 2,
    "link": "https://www.dorar.net/aqeeda/1519",
    "section": "e-anbya",
    "answers": [
      {
        "answer": "المُعتزِلةُ والخَوارِجُ",
        "t": 0
      },
      {
        "answer": "الشِّيعةُ والصُّوفيَّةُ",
        "t": 1
      },
      {
        "answer": "الأشاعِرةُ والجَهمِيَّةُ",
        "t": 0
      }
    ]
  },
  {
    "id": 5257,
    "q": "مَسَح النَّبيُّ ﷺ على عَينِ عليِّ بنِ أبي طالِبٍ فشُفِيَت يَومَ",
    "level": 2,
    "link": "https://www.dorar.net/aqeeda/1586",
    "section": "e-anbya",
    "answers": [
      {
        "answer": "تَبُوكَ",
        "t": 0
      },
      {
        "answer": "خَيبَرَ",
        "t": 1
      },
      {
        "answer": "مُؤتةَ",
        "t": 0
      }
    ]
  },
  {
    "id": 5258,
    "q": "صاحِبُ السِّرِّ الَّذي كَتَب أسماءَ المُنافِقينَ",
    "level": 2,
    "link": "https://www.dorar.net/aqeeda/1588",
    "section": "e-anbya",
    "answers": [
      {
        "answer": "زَيدُ بنُ ثابِتٍ رضي الله عنه",
        "t": 0
      },
      {
        "answer": "أبو بَكرٍ الصدِّيقُ رضي الله عنه",
        "t": 0
      },
      {
        "answer": "حُذَيفةُ بنُ اليَمانِ رضي الله عنه",
        "t": 1
      }
    ]
  },
  {
    "id": 5251,
    "q": "النَّبيَّةُ منَ النِّساءِ",
    "level": 2,
    "link": "https://www.dorar.net/aqeeda/1533",
    "section": "e-anbya",
    "answers": [
      {
        "answer": "مَريَمُ ابِنةُ عِمرانَ فَقَط",
        "t": 0
      },
      {
        "answer": "ليس منَ النِّساءِ نَبيَّةٌ",
        "t": 1
      },
      {
        "answer": "أمُّ مُوسَى ومَريَمُ ابِنةُ عِمرانَ",
        "t": 0
      }
    ]
  },
  {
    "id": 5245,
    "q": "من خَصائصِ مُوسَى عليه السَّلامُ أنَّه الآنَ في السَّماءِ",
    "level": 2,
    "link": "https://www.dorar.net/aqeeda/1473",
    "section": "e-anbya",
    "answers": [
      {
        "answer": "الرَّابِعةِ",
        "t": 0
      },
      {
        "answer": "السَّادِسةِ",
        "t": 1
      },
      {
        "answer": "الخامِسةِ",
        "t": 0
      }
    ]
  },
  {
    "id": 5250,
    "q": "الرِّقُّ في الأنْبياءِ",
    "level": 2,
    "link": "https://www.dorar.net/aqeeda/1529",
    "section": "e-anbya",
    "answers": [
      {
        "answer": "شَرطٌ في نُبوَّتِهم",
        "t": 0
      },
      {
        "answer": "ليس عَيبًا",
        "t": 0
      },
      {
        "answer": "عَيبٌ، ولم يَكُنْ نَبيٌّ رَقيقًا",
        "t": 1
      }
    ]
  },
  {
    "id": 5242,
    "q": "قام بأعباءِ النُّبُوَّةِ بعد موسى وتدبيرِ الأمرِ بَعْدَه:",
    "level": 2,
    "link": "https://www.dorar.net/aqeeda/1452",
    "section": "e-anbya",
    "answers": [
      {
        "answer": "السامِريُّ",
        "t": 0
      },
      {
        "answer": "يُوشَعُ بنُ نُونٍ عليه السَّلامُ",
        "t": 1
      },
      {
        "answer": "نبيُّ الله هارُون عليه السلام",
        "t": 0
      }
    ]
  },
  {
    "id": 5260,
    "q": "\"ليس بفَظٍّ ولا غَليظٍ ولا صَخَّابٍ في الأسواقِ\" هذا وَصفُ النَّبيِّ ﷺ في",
    "level": 2,
    "link": "https://www.dorar.net/aqeeda/1609",
    "section": "e-anbya",
    "answers": [
      {
        "answer": "التَّوراةِ",
        "t": 1
      },
      {
        "answer": "الزَّبورِ",
        "t": 0
      },
      {
        "answer": "الإنجيلِ",
        "t": 0
      }
    ]
  },
  {
    "id": 5247,
    "q": "وَحيُ اللهِ إلى الحَوارِيِّينَ وإلى أُمِّ مُوسَى وإلى النَّحلِ",
    "level": 2,
    "link": "https://www.dorar.net/aqeeda/1502",
    "section": "e-anbya",
    "answers": [
      {
        "answer": "كالوَحيِ إلى الأنبِياءِ",
        "t": 0
      },
      {
        "answer": "وَحيٌ عن طَريقِ المُكاشَفةِ وإلقاءِ الحُجُبِ",
        "t": 0
      },
      {
        "answer": "وَحيٌ بالإلهامِ",
        "t": 1
      }
    ]
  },
  {
    "id": 5256,
    "q": "دَعا النَّبيُّ صلَّى اللهُ عليه وسلَّم لها وقال: \"اللَّهُمَّ اهدِ أُمَّ",
    "level": 2,
    "link": "https://www.dorar.net/aqeeda/1584",
    "section": "e-anbya",
    "answers": [
      {
        "answer": "أَيمنَ",
        "t": 0
      },
      {
        "answer": "أبي هُرَيرةَ",
        "t": 1
      },
      {
        "answer": "خَالدٍ",
        "t": 0
      }
    ]
  },
  {
    "id": 5246,
    "q": "النُّبُوَّةِ تُنالُ",
    "level": 2,
    "link": "https://www.dorar.net/aqeeda/1500",
    "section": "e-anbya",
    "answers": [
      {
        "answer": "بالجِدِّ والاجتِهادِ في العِبادةِ",
        "t": 0
      },
      {
        "answer": "باصطِفاءِ اللهِ تَعالى",
        "t": 1
      },
      {
        "answer": "بتَهذيبِ النَّفسِ وتَطهيرِ الأخلاقِ",
        "t": 0
      }
    ]
  },
  {
    "id": 5259,
    "q": "لمَّا هاجَرَ المُسلِمونَ إلى المَدينةِ أصابَتِ الحُمَّى",
    "level": 2,
    "link": "https://www.dorar.net/aqeeda/1615",
    "section": "e-anbya",
    "answers": [
      {
        "answer": "أبا بَكرٍ وبِلالًا رضي الله عنهما",
        "t": 1
      },
      {
        "answer": "عُمَرَ وعُثمانَ رضي الله عنهما",
        "t": 0
      },
      {
        "answer": "حُذَيفةَ ومُعاذًا رضي الله عنهما",
        "t": 0
      }
    ]
  },
  {
    "id": 5252,
    "q": "تَخيِيرُ الأنبِياءِ بينَ المَوتِ والبَقاءِ في الدُّنيا",
    "level": 2,
    "link": "https://www.dorar.net/aqeeda/1541",
    "section": "e-anbya",
    "answers": [
      {
        "answer": "من خَصائصِ الأنْبياءِ عَليهمُ الصَّلاةُ والسَّلامُ",
        "t": 1
      },
      {
        "answer": "ليس مِن خَصائصِ الأَنبياءِ لأنَّهم مِن البَشَرِ",
        "t": 0
      },
      {
        "answer": "خاصٌّ بالنَّبيِّ محمَّدٍ ﷺ فَقَط",
        "t": 0
      }
    ]
  },
  {
    "id": 5244,
    "q": "تَرتيبُ أُولي العَزمِ حَسبَ الأفضَليَّةِ",
    "level": 2,
    "link": "https://www.dorar.net/aqeeda/1465",
    "section": "e-anbya",
    "answers": [
      {
        "answer": "مُحمَّدٌ ثُمَّ إبراهيمُ ثُمَّ الثَّلاثةُ الآخَرونَ بغَيرِ تَفضيلٍ",
        "t": 1
      },
      {
        "answer": "إبراهيمُ ثُمَّ مُحمَّدٌ ثُمَّ نُوحٌ ثُمَّ مُوسَى ثُمَّ عِيسَى",
        "t": 0
      },
      {
        "answer": "مُحمَّدٌ ثُمَّ مُوسَى ثُمَّ نُوحٌ ثُمَّ إبراهيمُ ثُمَّ عِيسَى",
        "t": 0
      }
    ]
  },
  {
    "id": 5248,
    "q": "رأى النَّبيُّ ﷺ جِبْريلَ على صورَتِه الَّتي خَلَقه اللهُ عَلَيها",
    "level": 2,
    "link": "https://www.dorar.net/aqeeda/1502",
    "section": "e-anbya",
    "answers": [
      {
        "answer": "مرَّةً واحِدةً",
        "t": 0
      },
      {
        "answer": "مرَّاتٍ كَثيرةً",
        "t": 0
      },
      {
        "answer": "مرَّتَينِ فقطْ",
        "t": 1
      }
    ]
  },
  {
    "id": 5241,
    "q": "الَّذين يُنكِرونَ الأنْبياءَ والرُّسُلَ جَميعًا",
    "level": 2,
    "link": "https://www.dorar.net/aqeeda/1435",
    "section": "e-anbya",
    "answers": [
      {
        "answer": "المُعتزِلةُ",
        "t": 0
      },
      {
        "answer": "البَراهِمةُ",
        "t": 1
      },
      {
        "answer": "الجَهميَّةُ",
        "t": 0
      }
    ]
  },
  {
    "id": 5254,
    "q": "إقرارُ الأنْبياءِ على الذَّنبِ والخَطأِ",
    "level": 2,
    "link": "https://www.dorar.net/aqeeda/1554",
    "section": "e-anbya",
    "answers": [
      {
        "answer": "جائزٌ شَرعًا لَكِنَّه لم يَرِدْ",
        "t": 0
      },
      {
        "answer": "وارِدٌ وجائزٌ عَقلًا وشَرعًا",
        "t": 0
      },
      {
        "answer": "غَيرُ وارِدٍ ولا جائزٍ",
        "t": 1
      }
    ]
  },
  {
    "id": 5253,
    "q": "الأنْبياءُ مَعصومونَ",
    "level": 2,
    "link": "https://www.dorar.net/aqeeda/1554",
    "section": "e-anbya",
    "answers": [
      {
        "answer": "منَ الكَبائرِ والصَّغائرِ إجماعًا",
        "t": 0
      },
      {
        "answer": "منَ الكبائرِ إجماعًا، وغَيرُ مَعْصومينَ منَ الصَّغائرِ على الرَّاجِحِ",
        "t": 1
      },
      {
        "answer": "منَ الكَبائرِ إجماعًا ومنَ الصَّغائرِ على الرَّاجحِ",
        "t": 0
      }
    ]
  },
  {
    "id": 5255,
    "q": "نَبعُ الماءِ من بَينِ أصابِعِ النَّبيِّ ﷺ وتَكثيرُ الطَّعامِ",
    "level": 2,
    "link": "https://www.dorar.net/aqeeda/1578",
    "section": "e-anbya",
    "answers": [
      {
        "answer": "ليس مُعجِزةً؛ لأنَّه ليس فيه تَحدٍّ بالقَولِ",
        "t": 0
      },
      {
        "answer": "مُعجِزةٌ، والتَّحدِّي بالقَولِ ليس شَرطًا",
        "t": 1
      },
      {
        "answer": "ليس مُعجِزةً؛ لأنَّ المُعجِزةَ الوَحيدةَ هي القُرآنُ",
        "t": 0
      }
    ]
  },
  {
    "id": 5243,
    "q": "الصَّحيحُ الرَّاجِحُ في الخَضِرِ أنَّه",
    "level": 2,
    "link": "https://www.dorar.net/aqeeda/1454",
    "section": "e-anbya",
    "answers": [
      {
        "answer": "وَليٌّ منَ الأوْلياءِ",
        "t": 0
      },
      {
        "answer": "نَبيٌّ",
        "t": 1
      },
      {
        "answer": "مَلَكٌ",
        "t": 0
      }
    ]
  }
]