[
  {
    "id": 5267,
    "q": "تَحريمُ أجسادِ الأنْبياءِ على الأرضِ أن تَأكُلَها",
    "level": 3,
    "link": "https://www.dorar.net/aqeeda/1549",
    "section": "e-anbya",
    "answers": [
      {
        "answer": "ثابِتٌ للأنْبياءِ ويَدخُلُ فيه بَعضُ الصَّالحينَ",
        "t": 1
      },
      {
        "answer": "خاصٌّ بالرُّسلِ دونَ الأَنبياءِ",
        "t": 0
      },
      {
        "answer": "لم يَثبُتْ لغَيرِ النَّبيِّ ﷺ",
        "t": 0
      }
    ]
  },
  {
    "id": 5268,
    "q": "ألقَى النَّبيُّ ﷺ التُّرابَ في وُجوهِ الكافِرينَ فامتَلأَتْ أعيُنُهم تُرابًا وانهَزَموا في غَزوةِ",
    "level": 3,
    "link": "https://www.dorar.net/aqeeda/1582",
    "section": "e-anbya",
    "answers": [
      {
        "answer": "المُرَيسيعِ",
        "t": 0
      },
      {
        "answer": "الطَّائفِ",
        "t": 0
      },
      {
        "answer": "حُنَينٍ",
        "t": 1
      }
    ]
  },
  {
    "id": 5262,
    "q": "الرَّسولُ عندَ شَيخِ الإسلامِ ابنِ تَيمِيَّةَ",
    "level": 3,
    "link": "https://www.dorar.net/aqeeda/1426",
    "section": "e-anbya",
    "answers": [
      {
        "answer": "مَن أُرسِلَ إلى قَومٍ كُفَّارٍ مُخالِفينَ",
        "t": 1
      },
      {
        "answer": "مَن أُوحيَ إليهِ وأُمِرَ بالتَّبليغِ",
        "t": 0
      },
      {
        "answer": "مَن أُرسِلَ بكِتابٍ جَديدٍ",
        "t": 0
      }
    ]
  },
  {
    "id": 5278,
    "q": "ذو القَرنَينِ",
    "level": 3,
    "link": "https://www.dorar.net/aqeeda/1454",
    "section": "e-anbya",
    "answers": [
      {
        "answer": "مُختلَفٌ في نُبُوَّتِه",
        "t": 1
      },
      {
        "answer": "ليس نَبيًّا قَولًا واحِدًا",
        "t": 0
      },
      {
        "answer": "نَبيٌّ قولًا واحدًا",
        "t": 0
      }
    ]
  },
  {
    "id": 5277,
    "q": "نُبَّوةُ شِيثِ بنِ آدَمَ",
    "level": 3,
    "link": "https://www.dorar.net/aqeeda/1452",
    "section": "e-anbya",
    "answers": [
      {
        "answer": "ثابِتةٌ بالسُّنَّةِ الصَّحيحةِ",
        "t": 0
      },
      {
        "answer": "ثَابِتةٌ بالقُرآنِ",
        "t": 0
      },
      {
        "answer": "وَرَدت في حَديثٍ لم يَثبُتْ",
        "t": 1
      }
    ]
  },
  {
    "id": 5271,
    "q": "إذا سَبَق ماءُ الرَّجُلِ ماءَ المَرأةِ",
    "level": 3,
    "link": "https://www.dorar.net/aqeeda/1619",
    "section": "e-anbya",
    "answers": [
      {
        "answer": "حَصَل الحَملُ",
        "t": 0
      },
      {
        "answer": "كان الحَملُ ذَكرًا",
        "t": 1
      },
      {
        "answer": "لم يَحدُثْ حَملٌ",
        "t": 0
      }
    ]
  },
  {
    "id": 5261,
    "q": "اشتقاقُ النَّبيِّ منَ النَّبْوةِ أوِ النَّباوةِ",
    "level": 3,
    "link": "https://www.dorar.net/aqeeda/1422",
    "section": "e-anbya",
    "answers": [
      {
        "answer": "بمَعنى الخَبرِ",
        "t": 0
      },
      {
        "answer": "أي: مُنبَّأٌ عنِ اللهِ",
        "t": 0
      },
      {
        "answer": "لارتِفاعِ قَدرِ النَّبيِّ",
        "t": 1
      }
    ]
  },
  {
    "id": 5269,
    "q": "كان لا يَثبُتُ على الخَيلِ فدَعا له النَّبيُّ ﷺ، فصارَ لا يَقَعُ عنِ الخَيلِ أبدًا",
    "level": 3,
    "link": "https://www.dorar.net/aqeeda/1584",
    "section": "e-anbya",
    "answers": [
      {
        "answer": "جَريرُ بنُ عَبدِ اللهِ رضي الله عنه",
        "t": 1
      },
      {
        "answer": "سَهلُ بنُ سَعدٍ السَّاعِديُّ رضي الله عنه",
        "t": 0
      },
      {
        "answer": "جابِرُ بنُ عبدِ اللهِ رضي الله عنه",
        "t": 0
      }
    ]
  },
  {
    "id": 5270,
    "q": "ورَدَ في التَّوراةِ اسمُ \"سالِعٍ\" وهو",
    "level": 3,
    "link": "https://www.dorar.net/aqeeda/1613",
    "section": "e-anbya",
    "answers": [
      {
        "answer": "جَبلٌ في المَدينةِ اسمُهُ سَلْعٌ",
        "t": 1
      },
      {
        "answer": "مَوضِع بين الشَّامِ والحِجازِ",
        "t": 0
      },
      {
        "answer": "نبيٌّ مِن أَنبياءِ بني إِسرائيل",
        "t": 0
      }
    ]
  },
  {
    "id": 5275,
    "q": "يختَلِفُ إيمانُنا بالنَّبيِّ صلَّى اللهُ عليه وسلَّم عنِ الإيمانِ بسائرِ الأنبِياءِ في",
    "level": 3,
    "link": "https://www.dorar.net/aqeeda/1443",
    "section": "e-anbya",
    "answers": [
      {
        "answer": "وُجوبِ الصَّلاةِ عليه عندَ سَماعِ اسمِه",
        "t": 0
      },
      {
        "answer": "اتِّباعِ شَرعِه",
        "t": 1
      },
      {
        "answer": "عدَمِ مُناداتِه باسْمِه المُجرَّدِ",
        "t": 0
      }
    ]
  },
  {
    "id": 5274,
    "q": "مَعنى العاقِبِ في أسماءِ النَّبيِّ صلَّى اللهُ عليه وسلَّم",
    "level": 3,
    "link": "https://www.dorar.net/aqeeda/1603",
    "section": "e-anbya",
    "answers": [
      {
        "answer": "الَّذي يُحشَرُ النَّاسُ على إِثْرِه",
        "t": 0
      },
      {
        "answer": "صاحِبُ الشَّفاعةِ",
        "t": 0
      },
      {
        "answer": "خاتَمُ النَّبيِّينَ والرُّسلِ",
        "t": 1
      }
    ]
  },
  {
    "id": 5280,
    "q": "ممَّا يُؤكِّدُ أنَّ أُولي العَزمِ هُم: \"مُحمَّدٌ وإبراهيمُ ونُوحٌ ومُوسُى وعِيسَى\" عليهم السلامُ",
    "level": 3,
    "link": "https://www.dorar.net/aqeeda/1463",
    "section": "e-anbya",
    "answers": [
      {
        "answer": "أنَّهُم أكثَرُ النَّاسِ تَبَعًا",
        "t": 0
      },
      {
        "answer": "ما لاقَوْهُ منَ مُعاداةِ قَومِهم",
        "t": 0
      },
      {
        "answer": "أنَّهُمُ الَّذين يَذهَبُ إليهِمُ النَّاسُ يومَ القِيامةِ للشَّفاعةِ",
        "t": 1
      }
    ]
  },
  {
    "id": 5279,
    "q": "نُزولُ عِيسى عليهِ السَّلامُ آخِرَ الزَّمانِ لا يَتَعارضُ مع كَونِ النَّبيِّ ﷺ خاتَمَ الأنبِياءِ",
    "level": 3,
    "link": "https://www.dorar.net/aqeeda/1443",
    "section": "e-anbya",
    "answers": [
      {
        "answer": "لأنَّ نُبوَّةَ عِيسى كانت قبلَ نُبُوَّةِ مُحمَّدٍ، وتأخُّرُ الوَفاةِ لا يَضُرُّ",
        "t": 0
      },
      {
        "answer": "لأنَّ النَّبيَّ ﷺ حيٌّ في قَبْرِه",
        "t": 0
      },
      {
        "answer": "لأنَّ عِيسى عليه السَّلامُ إنَّما يَنزِلُ مُتَّبِعًا شَريعةَ مُحمَّدٍ ﷺ عامِلًا بها",
        "t": 1
      }
    ]
  },
  {
    "id": 5264,
    "q": "وَصَل كَلامُ اللهِ إلى مُوسَى",
    "level": 3,
    "link": "https://www.dorar.net/aqeeda/1502",
    "section": "e-anbya",
    "answers": [
      {
        "answer": "خَلَق اللهُ كَلامًا في الشَّجَرةِ فسَمِعَه مُوسَى",
        "t": 0
      },
      {
        "answer": "مُباشرةً بلا واسِطةٍ",
        "t": 1
      },
      {
        "answer": "عن طَريقِ المَلَكِ",
        "t": 0
      }
    ]
  },
  {
    "id": 5263,
    "q": "عَدَدُ الرُّسُلِ جَميعًا",
    "level": 3,
    "link": "https://www.dorar.net/aqeeda/1448",
    "section": "e-anbya",
    "answers": [
      {
        "answer": "313",
        "t": 1
      },
      {
        "answer": "25",
        "t": 0
      },
      {
        "answer": "120000",
        "t": 0
      }
    ]
  },
  {
    "id": 5276,
    "q": "حَبسَ اللهُ الشَّمسَ فلم تَغرُبْ حتَّى انتَصَر نَبيُّ اللهِ",
    "level": 3,
    "link": "https://www.dorar.net/aqeeda/1452",
    "section": "e-anbya",
    "answers": [
      {
        "answer": "مُوسَى",
        "t": 0
      },
      {
        "answer": "يُوشَعُ بنُ نُونٍ",
        "t": 1
      },
      {
        "answer": "دَاودُ",
        "t": 0
      }
    ]
  },
  {
    "id": 5265,
    "q": "قُضيَ على يُوسُفَ بالرِّقِّ مع كَونِه نَبيًّا",
    "level": 3,
    "link": "https://www.dorar.net/aqeeda/1529",
    "section": "e-anbya",
    "answers": [
      {
        "answer": "صار نَبِيًّا بعد الرِّقِّ لا قَبلَه، كما أنَّ الرِّقَّ له كان أمرًا عارِضًا",
        "t": 1
      },
      {
        "answer": "لأنَّ الرِّقَّ ليس مانِعًا منَ النُّبوَّةِ",
        "t": 0
      },
      {
        "answer": "يوسُفُ عليهِ السَّلامُ استِثناءٌ منَ الأصلِ",
        "t": 0
      }
    ]
  },
  {
    "id": 5272,
    "q": "قَولُه تَعالى: {كَذَّبَتْ ثَمُودُ الْمُرْسَلِينَ}",
    "level": 3,
    "link": "https://www.dorar.net/aqeeda/1435",
    "section": "e-anbya",
    "answers": [
      {
        "answer": "دَليلٌ على أنَّ صالِحًا لم يَكُنْ وَحدَه، بل كان مَعَه أنْبياءُ أُخَرُ",
        "t": 0
      },
      {
        "answer": "دَليلٌ على وُجوبِ الإيمانِ بالرُّسُلِ جَميعًا؛ فالمُكذِّبُ لواحِدٍ مُكذِّبٌ للجَميعِ",
        "t": 1
      },
      {
        "answer": "دَليلٌ على أنَّ اللهَ أرسَلَ لهم قَبلَ صالِحٍ رُسُلًا فكَذَّبوهم",
        "t": 0
      }
    ]
  },
  {
    "id": 5273,
    "q": "البَراهِمةُ",
    "level": 3,
    "link": "https://www.dorar.net/aqeeda/1435",
    "section": "e-anbya",
    "answers": [
      {
        "answer": "يقُولون: إنَّه لا قَدَرَ، وأنَّ الأَحداثَ تَتوالَدُ في الكَونِ ذاتِيًّا",
        "t": 0
      },
      {
        "answer": "يُؤمِنونَ بنَظرِيَّةِ تَطوُّرِ الإنسانِ مِن البَهِيمِيَّة إلى البَشرِيَّة",
        "t": 0
      },
      {
        "answer": "يُنكِرونَ الرُّسُلَ والأنْبياءَ، ويُقِرُّونَ بحُدوثِ العالَمِ وتَوحيدِ صانِعِه",
        "t": 1
      }
    ]
  },
  {
    "id": 5266,
    "q": "من خَصائصِ الأنبِياءِ",
    "level": 3,
    "link": "https://www.dorar.net/aqeeda/1539",
    "section": "e-anbya",
    "answers": [
      {
        "answer": "أنَّهُم أصحابُ الشَّفاعةِ دونَ العالَمينَ",
        "t": 0
      },
      {
        "answer": "أنَّ أعيُنَهم تَنامُ، ولا تَنامُ قُلوبُهم",
        "t": 1
      },
      {
        "answer": "أنَّ اللهَ كَلَّمَهم بغَيرِ واسِطةٍ",
        "t": 0
      }
    ]
  }
]