[
  {
    "id": 5229,
    "q": "الطَّريقُ الَّذي يُعلِمُ اللهُ أنبِياءَه ورُسُلَه به أوامِرَه ونَواهِيَه",
    "level": 1,
    "link": "https://www.dorar.net/aqeeda/1502",
    "section": "e-anbya",
    "answers": [
      {
        "answer": "الإلهامُ",
        "t": 0
      },
      {
        "answer": "الفَيضُ",
        "t": 0
      },
      {
        "answer": "الوَحيُ",
        "t": 1
      }
    ]
  },
  {
    "id": 5226,
    "q": "أعْطى اللهُ مُوسى منَ الآياتِ",
    "level": 1,
    "link": "https://www.dorar.net/aqeeda/1473",
    "section": "e-anbya",
    "answers": [
      {
        "answer": "سَبعةً",
        "t": 0
      },
      {
        "answer": "عَشرةً",
        "t": 0
      },
      {
        "answer": "تِسعةً",
        "t": 1
      }
    ]
  },
  {
    "id": 5239,
    "q": "الَّذِي عَزَم على وَطْءِ رَقَبةِ النَّبيِّ ﷺ وهو ساجِدٌ",
    "level": 1,
    "link": "https://www.dorar.net/aqeeda/1582",
    "section": "e-anbya",
    "answers": [
      {
        "answer": "أبو جَهلٍ",
        "t": 1
      },
      {
        "answer": "أبو سُفيانَ",
        "t": 0
      },
      {
        "answer": "أبو لَهَبٍ",
        "t": 0
      }
    ]
  },
  {
    "id": 5236,
    "q": "كانت مُعجِزةُ نَبيِّ اللهِ صالِحٍ",
    "level": 1,
    "link": "https://www.dorar.net/aqeeda/1565",
    "section": "e-anbya",
    "answers": [
      {
        "answer": "النَّاقةُ",
        "t": 1
      },
      {
        "answer": "شِفاءُ المَريضِ",
        "t": 0
      },
      {
        "answer": "إخراجُ الماءِ منَ الأرضِ",
        "t": 0
      }
    ]
  },
  {
    "id": 5234,
    "q": "نسيان آدَمَ وعدَمُ صَبرِ مُوسَى على الخَضِرِ، وإبراهيمُ عليه السلام حين أَوجَس في نَفسِه خِيفةً.. كلُّ هذا:",
    "level": 1,
    "link": "https://www.dorar.net/aqeeda/1556",
    "section": "e-anbya",
    "answers": [
      {
        "answer": "من طِباعِ البَشَرِ التي لا تُنافِي العِصمةَ",
        "t": 1
      },
      {
        "answer": "أُمورٌ طَبيعِيَّة بَشرِيَّة لا تُثبِتُ العِصمَة ولاعِلاقةَ لها بالوَحيِ",
        "t": 0
      },
      {
        "answer": "مِن الأَخلاقِ الجبلية للبَشَرِ التي تُنافِي العِصمةَ ولكن لا تَقدحُ في ذاتِ الأَنبياءِ",
        "t": 0
      }
    ]
  },
  {
    "id": 5235,
    "q": "العَلاماتُ الدَّالَّةُ على النُّبوَّةُ",
    "level": 1,
    "link": "https://www.dorar.net/aqeeda/1561",
    "section": "e-anbya",
    "answers": [
      {
        "answer": "دَلائلُ النُّبوَّةِ",
        "t": 1
      },
      {
        "answer": "صِفاتُ الأنْبياءِ",
        "t": 0
      },
      {
        "answer": "خَصائصُ الأنْبياءِ",
        "t": 0
      }
    ]
  },
  {
    "id": 5227,
    "q": "نَهيُ النَّبيِّ ﷺ أصْحابَه عن تَفضيلِه على يونُسَ بنِ مَتَّى عليه السَّلامُ:",
    "level": 1,
    "link": "https://www.dorar.net/aqeeda/1479",
    "section": "e-anbya",
    "answers": [
      {
        "answer": "اتِّباعًا لهَدْيِ القُرآنِ في عَدمِ تَفضيلِ بَعضِ الأَنبياءِ على بَعضٍ",
        "t": 0
      },
      {
        "answer": "من بابِ التَّواضُعِ، ودَفعِ الخِلافِ الَّذي يُؤدِّي إلى التَّخاصُمِ",
        "t": 1
      },
      {
        "answer": "لأنَّ نَبِيَّ الله يُونسَ عليه السلام هو الجَدُّ الأكبرُ للنبيِّ ﷺ",
        "t": 0
      }
    ]
  },
  {
    "id": 5232,
    "q": "من خَصائصِ الأنبِياءِ",
    "level": 1,
    "link": "https://www.dorar.net/aqeeda/1543",
    "section": "e-anbya",
    "answers": [
      {
        "answer": "أنَّهم مَرفوعٌ عنهم التَّكليفُ ليَتفرَّغُوا لتَبليغِ الرِّسالَة",
        "t": 0
      },
      {
        "answer": "أنَّهُم يُدفَنونَ حَيثُ ماتوا، ولا يُوَرَّثُ مالُهم",
        "t": 1
      },
      {
        "answer": "أنَّهم مُخلَّدُونَ في السَّمواتِ العُلا لا يَموتُون",
        "t": 0
      }
    ]
  },
  {
    "id": 5240,
    "q": "من مُعجِزاتِ النَّبيِّ ﷺ",
    "level": 1,
    "link": "https://www.dorar.net/aqeeda/1594",
    "section": "e-anbya",
    "answers": [
      {
        "answer": "أَمرُهُ ﷺ للمَلَكِ المُوَكَّلِ بالأَرحامِ بإبراءِ امرأةٍ عاقِرٍ حتَّى تَحمَلَ وتَلِدَ فحَمَلت ثم وَلدَت",
        "t": 0
      },
      {
        "answer": "شَكْوى الجَمَلِ له ﷺ أنَّ صاحِبَه يُجَوِّعُه ويُتعِبُه",
        "t": 1
      },
      {
        "answer": "إِخراجُ الطَّعامِ مِن قَلبِ الصَّخرةِ التي كان يَستَظِلُّ تَحتَها هو ﷺ وأبو بَكرٍ في طَريقِ الهِجرَةِ",
        "t": 0
      }
    ]
  },
  {
    "id": 5230,
    "q": "للأنبِياءِ من خَصائِصِ الأُلوهيَّةِ",
    "level": 1,
    "link": "https://www.dorar.net/aqeeda/1519",
    "section": "e-anbya",
    "answers": [
      {
        "answer": "السِّيادَة",
        "t": 0
      },
      {
        "answer": "ليس لَهُم شَيءٌ منها",
        "t": 1
      },
      {
        "answer": "التَّشرِيع",
        "t": 0
      }
    ]
  },
  {
    "id": 5222,
    "q": "الإيمانُ بالأنبِياءِ",
    "level": 1,
    "link": "https://www.dorar.net/aqeeda/1429",
    "section": "e-anbya",
    "answers": [
      {
        "answer": "واجِبٌ في حَقِّ نَبيِّنا فَقَط",
        "t": 0
      },
      {
        "answer": "رُكنٌ من أركانِ الإيمانِ",
        "t": 1
      },
      {
        "answer": "فَرضُ كِفايَة",
        "t": 0
      }
    ]
  },
  {
    "id": 5231,
    "q": "اشتِراطُ الذُّكورةِ في النَّبيِّ والرَّسولِ",
    "level": 1,
    "link": "https://www.dorar.net/aqeeda/1533",
    "section": "e-anbya",
    "answers": [
      {
        "answer": "لأنَّ النُّبوَّةَ تَقتَضي القِوامةَ، كما تُوجِبُ عَلَيها مُخاطبةَ الرِّجالِ",
        "t": 0
      },
      {
        "answer": "لأنَّ المَرأةَ يَحصُلُ لها ما تَتعطَّلُ به عنِ الرِّسالةِ كالحَيضِ والحَملِ والوِلادةِ",
        "t": 0
      },
      {
        "answer": "جَميعُ ما سَبَق",
        "t": 1
      }
    ]
  },
  {
    "id": 5225,
    "q": "مَكَث نُوحٌ في دَعوةِ قَومِه",
    "level": 1,
    "link": "https://www.dorar.net/aqeeda/1469",
    "section": "e-anbya",
    "answers": [
      {
        "answer": "ألفَ سَنةٍ",
        "t": 0
      },
      {
        "answer": "تِسعينَ سَنةً",
        "t": 0
      },
      {
        "answer": "ألفَ سَنةٍ إلَّا خَمسِينَ عَامًا",
        "t": 1
      }
    ]
  },
  {
    "id": 5221,
    "q": "أوَّلُ رَسولٍ بُعِث إلى أهلِ الأرضِ",
    "level": 1,
    "link": "https://www.dorar.net/aqeeda/1452",
    "section": "e-anbya",
    "answers": [
      {
        "answer": "آدمُ عليه السلام",
        "t": 0
      },
      {
        "answer": "نُوحٌ عليه السلام",
        "t": 1
      },
      {
        "answer": "إبراهيم عليه السلام",
        "t": 0
      }
    ]
  },
  {
    "id": 5228,
    "q": "من وَظيفةِ الأنبِياءِ",
    "level": 1,
    "link": "https://www.dorar.net/aqeeda/1482",
    "section": "e-anbya",
    "answers": [
      {
        "answer": "سِياسةُ الأمَّةِ وتَبليغُ الدِّينِ",
        "t": 1
      },
      {
        "answer": "تَعبيرُ الرُّؤَى",
        "t": 0
      },
      {
        "answer": "تَوزيعُ الأَرزاقِ على أَقوامِهِم",
        "t": 0
      }
    ]
  },
  {
    "id": 5238,
    "q": "حَدَثت مُعجِزةُ الإسراءِ والمِعراجِ للنَّبيِّ ﷺ",
    "level": 1,
    "link": "https://www.dorar.net/aqeeda/1580",
    "section": "e-anbya",
    "answers": [
      {
        "answer": "بالجَسَدِ فحَسبُ",
        "t": 0
      },
      {
        "answer": "بالرُّوحِ فحَسبُ",
        "t": 0
      },
      {
        "answer": "بالرُّوحِ والجَسَدِ معًا",
        "t": 1
      }
    ]
  },
  {
    "id": 5233,
    "q": "عِصمةُ الأنبِياءِ منَ الخطأِ في تَبليغِ الرِّسالةِ",
    "level": 1,
    "link": "https://www.dorar.net/aqeeda/1552",
    "section": "e-anbya",
    "answers": [
      {
        "answer": "ثابِتٌ بالقُرآنِ والسُّنةِ والإجماعِ",
        "t": 1
      },
      {
        "answer": "مُختلَفٌ فيه",
        "t": 0
      },
      {
        "answer": "غيرُ ثابِتٍ",
        "t": 0
      }
    ]
  },
  {
    "id": 5237,
    "q": "المَسحُ على الأبرَصِ فيُشفَى بإذنِ اللهِ كانت مُعجِزةَ",
    "level": 1,
    "link": "https://www.dorar.net/aqeeda/1569",
    "section": "e-anbya",
    "answers": [
      {
        "answer": "مُوسَى عليه السلام",
        "t": 0
      },
      {
        "answer": "عِيسَى عليه السلام",
        "t": 1
      },
      {
        "answer": "هُودٍ عليه السلام",
        "t": 0
      }
    ]
  },
  {
    "id": 5224,
    "q": "نَبيٌّ منَ الأنبِياءِ لم يَرِدْ في القُرآنِ ذِكرُه، ووَرَد ذلك في السُّنةِ",
    "level": 1,
    "link": "https://www.dorar.net/aqeeda/1452",
    "section": "e-anbya",
    "answers": [
      {
        "answer": "قابِيلُ بنُ آدمَ",
        "t": 0
      },
      {
        "answer": "يافِثُ بنُ نُوحٍ",
        "t": 0
      },
      {
        "answer": "يُوشَعُ بنُ نُونٍ",
        "t": 1
      }
    ]
  },
  {
    "id": 5223,
    "q": "من مَعاني الإيمانِ بالأنبياءِ",
    "level": 1,
    "link": "https://dorar.net/aqeeda/1431",
    "section": "e-anbya",
    "answers": [
      {
        "answer": "تَصديقُهم فيما أخبَروا، ومُوالاتُهم ومَحبَّتُهم",
        "t": 0
      },
      {
        "answer": "جَميعُ ما سَبَق",
        "t": 1
      },
      {
        "answer": "الإيمانُ بمَن سَمَّى اللهُ منهم في كتابِه، وأنَّ اللهَ أرسَلَ رُسُلًا لم يُسمِّهم لنا",
        "t": 0
      }
    ]
  }
]