[
  {
    "id": 3877,
    "q": "المُرادُ بقَولِه تَعالَى: {تَسْتَأْنِسُوا}:",
    "level": 2,
    "link": "https://www.dorar.net/tafseer/24/7",
    "section": "an-nur",
    "answers": [
      {
        "answer": "تَسْتَأْذِنوا",
        "t": 1
      },
      {
        "answer": "تتألَّفُوا",
        "t": 0
      },
      {
        "answer": "تسْتشيرُوا ",
        "t": 0
      }
    ]
  },
  {
    "id": 3876,
    "q": "ممن يَدخُل في هذا الوعيدِ والتَّهْدِيد الواردِ في قَولِه تَعالَى:{إِنَّ الَّذِينَ يُحِبُّونَ أَنْ تَشِيعَ الْفَاحِشَةُ فِي الَّذِينَ آَمَنُوا لَهُمْ عَذَابٌ أَلِيمٌ فِي الدُّنْيَا وَالْآَخِرَةِ}:",
    "level": 2,
    "link": "https://www.dorar.net/tafseer/24/5",
    "section": "an-nur",
    "answers": [
      {
        "answer": "دُعاة تَحريرِ المرأةِ في بلادِ الإسلامِ مِن الحِجابِ، والتخَلُّصِ مِن الأوامِرِ الشَّرعيَّةِ الضَّابِطةِ لها",
        "t": 1
      },
      {
        "answer": "الصَّائمون الذينَ يُراءون بصَومِهم",
        "t": 0
      },
      {
        "answer": "الذين يَعصون اللهَ تعالى في أنفُسهم ولا يُبْدُون مَعصِيَتهم للنَّاس ",
        "t": 0
      }
    ]
  },
  {
    "id": 3869,
    "q": "اسْمُ مَن تَوَلَّى كِبْرَ الإفكِ مِنَ المنافقينَ:",
    "level": 2,
    "link": "https://www.dorar.net/tafseer/24/4",
    "section": "an-nur",
    "answers": [
      {
        "answer": "الجدُّ بن قَيْس",
        "t": 0
      },
      {
        "answer": "عبد اللهِ بْن أُبَيٍّ ابْنُ سَلُولَ",
        "t": 1
      },
      {
        "answer": "زيد بن اللّصيتِ",
        "t": 0
      }
    ]
  },
  {
    "id": 3879,
    "q": "إِنَّمَا جُعِلَ الاسْتِئْذَانُ مِنْ أَجْلِ:",
    "level": 2,
    "link": "https://www.dorar.net/tafseer/24/7",
    "section": "an-nur",
    "answers": [
      {
        "answer": "المحبَّةِ",
        "t": 0
      },
      {
        "answer": "السَّلامِ",
        "t": 0
      },
      {
        "answer": "البَصَرِ",
        "t": 1
      }
    ]
  },
  {
    "id": 3862,
    "q": "في قَولِه تَعالَى: {وَلْيَشْهَدْ عَذَابَهُمَا طَائِفَةٌ مِنَ الْمُؤْمِنِينَ} دليل على:",
    "level": 2,
    "link": "https://www.dorar.net/tafseer/24/1",
    "section": "an-nur",
    "answers": [
      {
        "answer": "إقامةِ حدِّ الجَلْدِ في السِّر ",
        "t": 0
      },
      {
        "answer": "أنَّ حَدَّ الجَلد هذا يقام عَلانيةً غير سِرٍّ",
        "t": 1
      },
      {
        "answer": "وجوبِ سَتْرِ الزُّنَاة الذينَ ثبتَ زِنَاهُم بالبيِّنَة",
        "t": 0
      }
    ]
  },
  {
    "id": 3861,
    "q": "سُورة النور مِن السُّوَرِ:",
    "level": 2,
    "link": "https://www.dorar.net/tafseer/24",
    "section": "an-nur",
    "answers": [
      {
        "answer": "المكِّيَّة",
        "t": 0
      },
      {
        "answer": "المختلَف فيها",
        "t": 0
      },
      {
        "answer": "المدنيَّة",
        "t": 1
      }
    ]
  },
  {
    "id": 3868,
    "q": "سَبَبُ إفرادِ الشَّهادةِ الخامسةِ بالذِّكْرِ عَنْ سائرِ الشَّهَاداتِ الأربعةِ في اللِّعانِ في قَولِه تَعالَى: {وَالْخَامِسَةُ} هو:",
    "level": 2,
    "link": "https://www.dorar.net/tafseer/24/3",
    "section": "an-nur",
    "answers": [
      {
        "answer": "أنَّ هذهِ الشهادةَ لا تأخذُ حُكْمَ الأَرْبَعَةِ السَّابِقَةِ ",
        "t": 0
      },
      {
        "answer": "أَنَّ استِثنائِها هو مِن بابِ الاستِثناء المُنقَطِع",
        "t": 0
      },
      {
        "answer": "استِقلالُها بالفَحوى، ووِكادَتُها في إفادةِ ما يُقصَدُ بالشَّهادةِ مِن تَحقيقِ الخَبرِ وإظهارِ الصِّدقِ",
        "t": 1
      }
    ]
  },
  {
    "id": 3872,
    "q": "معنى قوله تعالى: {أَفَضْتُمْ}: ",
    "level": 2,
    "link": "https://www.dorar.net/tafseer/24/4",
    "section": "an-nur",
    "answers": [
      {
        "answer": "خُضتُم",
        "t": 1
      },
      {
        "answer": "تَحَوَّلتُم",
        "t": 0
      },
      {
        "answer": "نَزَلتُم",
        "t": 0
      }
    ]
  },
  {
    "id": 3878,
    "q": "في قَولِه تَعالَى: {يَا أَيُّهَا الَّذِينَ آَمَنُوا لَا تَدْخُلُوا بُيُوتًا غَيْرَ بُيُوتِكُمْ حَتَّى تَسْتَأْنِسُوا وَتُسَلِّمُوا عَلَى أَهْلِهَا} مِنَ الآدابِ:",
    "level": 2,
    "link": "https://www.dorar.net/tafseer/24/7",
    "section": "an-nur",
    "answers": [
      {
        "answer": "أنَّ الاستِئناسَ والسَّلامَ شَرطٌ لدُخولِ البُيوتِ لا يَصِحُّ بِدُونِهِما",
        "t": 0
      },
      {
        "answer": "أنَّ المرءَ لا يَنبغي أن يكونَ كَلًّا على غَيرِه، ولا يَنبغي له أن يُعرِّضَ نفْسَه إلى الكراهيةِ والاستِثقالِ",
        "t": 1
      },
      {
        "answer": "التَّنبِيهُ على ضَرورَةِ الإيمانِ لقَولِه: (آَمَنُوا)",
        "t": 0
      }
    ]
  },
  {
    "id": 3864,
    "q": "مَن قَذَفَ نفسَه ثم رجع؛ فإنَّهُ:",
    "level": 2,
    "link": "https://www.dorar.net/tafseer/24/2",
    "section": "an-nur",
    "answers": [
      {
        "answer": "يحدُّ لنفسِه",
        "t": 0
      },
      {
        "answer": "لا يحدُّ لنفسه؛ لأنه لم يَرْمِ أَحَدًا",
        "t": 1
      },
      {
        "answer": "يُحَدُّ بنِصفِ العَددِ تَعزِيرًا",
        "t": 0
      }
    ]
  },
  {
    "id": 3875,
    "q": "المُرادُ بقَولِه تَعالَى: {يَأْتَلِ}:",
    "level": 2,
    "link": "https://www.dorar.net/tafseer/24/5",
    "section": "an-nur",
    "answers": [
      {
        "answer": "يُعرِض",
        "t": 0
      },
      {
        "answer": "يَغضَب",
        "t": 0
      },
      {
        "answer": "يَحلِف",
        "t": 1
      }
    ]
  },
  {
    "id": 3871,
    "q": "في قَولِه تَعالَى: {لَوْلَا إِذْ سَمِعْتُمُوهُ ظَنَّ الْمُؤْمِنُونَ وَالْمُؤْمِنَاتُ بِأَنْفُسِهِمْ خَيْرًا وَقَالُوا هَذَا إِفْكٌ مُبِينٌ} دليلٌ على:",
    "level": 2,
    "link": "https://www.dorar.net/tafseer/24/4",
    "section": "an-nur",
    "answers": [
      {
        "answer": "أن الأصلَ في المسلمِ الغَفلةُ عن الإِفكِ والأفَّاكِينَ",
        "t": 0
      },
      {
        "answer": "وُجوبِ حَدِّ القَذفِ",
        "t": 0
      },
      {
        "answer": "أنَّ مَن عُرِف بالصلاحِ لا يُعدَلُ به عنه لخبرٍ مُحتَمَلٍ، وأنَّ القاذِفَ يُكذَّبُ شرعًا ما لم يأت بالشُّهداء",
        "t": 1
      }
    ]
  },
  {
    "id": 3873,
    "q": "متى يُباحُ الحكمُ بالظَّنِّ على النَّاسِ؟",
    "level": 2,
    "link": "https://www.dorar.net/tafseer/24/4",
    "section": "an-nur",
    "answers": [
      {
        "answer": "إذا دلَّتِ القَرائنُ على ذلك ",
        "t": 1
      },
      {
        "answer": "إذا كانُوا مِن المُنافِقينَ صَرِيحِي النِّفاقِ",
        "t": 0
      },
      {
        "answer": "إذا ارتَضَوْا مَنهجَ الظَّنِّ حُكِمَ بِه عليهِم",
        "t": 0
      }
    ]
  },
  {
    "id": 3870,
    "q": "مِن حقِّ المؤمنِ على أخيه إذا سَمِعَ مقالةَ شَرٍّ تُقالُ في حقِّه، :",
    "level": 2,
    "link": "https://www.dorar.net/tafseer/24/4",
    "section": "an-nur",
    "answers": [
      {
        "answer": "أن  يَبنِي الأمرَ فيه على ظَنِّ الخيرِ، وأن يقولَ بِناءً على ظنِّه: هذا إفك مُبين",
        "t": 1
      },
      {
        "answer": "أن يُبلِّغ أخاهُ بما يُقالُ عنه حتَّى يَطلُبَ البَراءَةَ لنَفسِه",
        "t": 0
      },
      {
        "answer": "أن يُقاتِلَ دِفاعًا عن عِرضِ أَخيهِ",
        "t": 0
      }
    ]
  },
  {
    "id": 3867,
    "q": "سمَّى اللهُ تعالى اللِّعانَ شهادةً؛ مِن أَجْلِ:",
    "level": 2,
    "link": "https://www.dorar.net/tafseer/24/3",
    "section": "an-nur",
    "answers": [
      {
        "answer": "أنه يُدْلِي به الزوجُ بين يدي الإمام",
        "t": 0
      },
      {
        "answer": "أنَّه يُقامُ في مجلسِ القَضَاءِ",
        "t": 0
      },
      {
        "answer": "أنه ينوبُ مناب الشُّهُود؛ حيث يقولُ: \"أشهدُ باللهِ إنِّي لَمِنَ الصادقينَ فيما رميتُها به\"",
        "t": 1
      }
    ]
  },
  {
    "id": 3863,
    "q": "في قَولِه تَعالَى: {وَلَا تَأْخُذْكُمْ بِهِمَا رَأْفَةٌ}:",
    "level": 2,
    "link": "https://www.dorar.net/tafseer/24/1",
    "section": "an-nur",
    "answers": [
      {
        "answer": "الحثُّ على الرَّحمَةِ والرَّأفَةِ حالَ العُقوبَة",
        "t": 0
      },
      {
        "answer": "تَنبِيهٌ على عَدمِ التَّثريبِ على المَحدُودِ",
        "t": 0
      },
      {
        "answer": "الحثُّ على إقامةِ الحدود، والنهيُ عن تَعطيلِها، وأنَّه لا يجوزُ العفوُ عنها للإمامِ ولا لغَيرِه",
        "t": 1
      }
    ]
  },
  {
    "id": 3880,
    "q": "المُرادُ بقَولِه تَعالَى: {الْإِرْبَةِ}: ",
    "level": 2,
    "link": "https://www.dorar.net/tafseer/24/8",
    "section": "an-nur",
    "answers": [
      {
        "answer": "الحاجةُ إلى النِّساءِ",
        "t": 1
      },
      {
        "answer": "الإناءُ",
        "t": 0
      },
      {
        "answer": "الجاهُ والغِنَى",
        "t": 0
      }
    ]
  },
  {
    "id": 3866,
    "q": "في قَولِه تَعالَى: {وَالَّذِينَ يَرْمُونَ أَزْوَاجَهُمْ} دليلٌ على:",
    "level": 2,
    "link": "https://www.dorar.net/tafseer/24/3",
    "section": "an-nur",
    "answers": [
      {
        "answer": "أن اللعان يشملُ ما قبْل الدُّخول وما بعده ",
        "t": 1
      },
      {
        "answer": "أنَّ اللِّعان لا يكونُ إلا بين الرجلِ وامرأته التي دخلَ بِهَا",
        "t": 0
      },
      {
        "answer": "أنَّ اللعانَ لا يكونُ إلَّا قبلَ الدُّخولِ",
        "t": 0
      }
    ]
  },
  {
    "id": 3865,
    "q": "ضميرُ الغَيْبَةِ المذكورُ في قَولِه تَعالَى: {وَالْخَامِسَةُ أَنَّ لَعْنَةَ اللَّهِ عَلَيْهِ إِنْ كَانَ مِنَ الْكَاذِبِينَ} مع أن الزوج يأتي به بلفظ المتكلم يعني يقول: \"أَنَّ لَعْنَةَ اللهِ عليَّ\" لأنَّ:",
    "level": 2,
    "link": "https://www.dorar.net/tafseer/24/3",
    "section": "an-nur",
    "answers": [
      {
        "answer": "هذا إيهامٌ للسَّامِع",
        "t": 0
      },
      {
        "answer": "فيهِ إشارةً إلى بُعدهِ عن الرَّحْمَة",
        "t": 0
      },
      {
        "answer": "هَذَا من باب التَّأدُّبِ في اللَّفظِ: أنَّ يُعَبَّرَ بضَميرِ الغَيْبةِ؛ لئلَّا يُضِيفَ المُتكلِّمُ اللَّعنةَ إلى نفسه",
        "t": 1
      }
    ]
  },
  {
    "id": 3874,
    "q": "في قَولِه تَعالَى: {يَعِظُكُمَ اللَّهُ أَنْ تَعُودُوا لِمِثْلِهِ أَبَدًا إِنْ كُنْتُمْ مُؤْمِنِينَ} دلالةٌ عَلى:",
    "level": 2,
    "link": "https://www.dorar.net/tafseer/24/4",
    "section": "an-nur",
    "answers": [
      {
        "answer": "أنَّ المَوعِظةَ يَنتفِعُ بها كلُّ الناسِ",
        "t": 0
      },
      {
        "answer": "التَّحذِيرِ مِن تَأخِيرِ التَّوبَةِ",
        "t": 0
      },
      {
        "answer": "أنَّ المؤمنَ هو الذي ينتفعُ بالموعظةِ، أمَّا غيرُه فإنَّه لا ينتفعُ",
        "t": 1
      }
    ]
  }
]