[
  {
    "id": 3896,
    "q": "في قَولِه تَعالَى: {الْغَافِلَاتِ}: ",
    "level": 3,
    "link": "https://www.dorar.net/tafseer/24/6",
    "section": "an-nur",
    "answers": [
      {
        "answer": "تشبيهٌ للنساءِ بالمُستَغرِق في النَّومِ",
        "t": 0
      },
      {
        "answer": "كِنايةٌ عن عدَمِ وُقوعِهنَّ فيما رُمِينَ به",
        "t": 1
      },
      {
        "answer": "مجازٌ عَلَاقَتُه السَّبَبِيَّةُ",
        "t": 0
      }
    ]
  },
  {
    "id": 3885,
    "q": "حَدُّ الزِّنَا إنَّما يثبتُ بِشَهَادَةِ:",
    "level": 3,
    "link": "https://www.dorar.net/tafseer/24/2",
    "section": "an-nur",
    "answers": [
      {
        "answer": "أربعة من الرِّجَالِ، ولا يثبتُ بشهادةِ النِّساء",
        "t": 1
      },
      {
        "answer": "رَجُلٍ وامرَأَتَين",
        "t": 0
      },
      {
        "answer": "اثنَينِ منَ العُدولِ",
        "t": 0
      }
    ]
  },
  {
    "id": 3887,
    "q": "تخصيصُ النِّسَاءِ بالذكرِ في قَولِه تَعالَى: {وَالَّذِينَ يَرْمُونَ الْمُحْصَنَاتِ} من أجْلِ:",
    "level": 3,
    "link": "https://www.dorar.net/tafseer/24/2",
    "section": "an-nur",
    "answers": [
      {
        "answer": "أنَّ الرِّجالَ لا يُشرعُ في حَقِّهِم حَدُّ القَذفِ",
        "t": 0
      },
      {
        "answer": "أنَّ القذفَ فيهنَ أشنَعُ وأنكَرُ للنُّفوسِ، ومِن حيث هُنَّ هَوَى الرِّجالِ؛ ففيه إيذاءٌ لهنَّ ولأزواجهن وقراباتِهنَّ",
        "t": 1
      },
      {
        "answer": "نفيِ الحُكْمِ عَنْ قَاذِفِ الرجالِ",
        "t": 0
      }
    ]
  },
  {
    "id": 3882,
    "q": "سُمِّيَتْ سورةُ النُّورِ بهذا الاسمِ؛ مِن أجلِ:",
    "level": 3,
    "link": "https://www.dorar.net/tafseer/24",
    "section": "an-nur",
    "answers": [
      {
        "answer": "كثرة ذِكْر النُّور فِيها",
        "t": 1
      },
      {
        "answer": "بيانِ أنه اسمٌ مِن أسماءِ الله تَعَالى",
        "t": 0
      },
      {
        "answer": "بيانِ شَرَفِ النُّورِ وعظمِ مكانته",
        "t": 0
      }
    ]
  },
  {
    "id": 3890,
    "q": "في قَولِه تَعالَى: {ظَنَّ الْمُؤْمِنُونَ وَالْمُؤْمِنَاتُ بِأَنْفُسِهِمْ خَيْرًا} دلالةٌ عَلَى:",
    "level": 3,
    "link": "https://www.dorar.net/tafseer/24/4",
    "section": "an-nur",
    "answers": [
      {
        "answer": "وجوبِ إنزالِ الناسِ مَنازِلَهم؛ فالمؤمنُ يُظَنُّ به الخيرُ، والفاسِقُ يُظَنُّ به ما يليقُ به",
        "t": 1
      },
      {
        "answer": "أن الواجبَ على المؤمنِ أن يعامِلَ النَّاسَ بِظَنِّهِم لا بِظَنِّه هو",
        "t": 0
      },
      {
        "answer": "استحبابِ ظنِّ الخير بجميع الناسِ مُؤمِنِهم وفاسِقِهِم",
        "t": 0
      }
    ]
  },
  {
    "id": 3895,
    "q": "في قَولِه تَعالَى: {إِنَّ الَّذِينَ يَرْمُونَ الْمُحْصَنَاتِ} دلالة على:",
    "level": 3,
    "link": "https://www.dorar.net/tafseer/24/6",
    "section": "an-nur",
    "answers": [
      {
        "answer": "كراهةِ رمْي الناس بغيرِ عِلْم",
        "t": 0
      },
      {
        "answer": "إباحَة قَذفِ غير المُحصناتِ غير المَحدُوداتِ",
        "t": 0
      },
      {
        "answer": "أنَّ مَن رمى زانيةً مجلودةً لا يُحَدُّ",
        "t": 1
      }
    ]
  },
  {
    "id": 3894,
    "q": "المُرادُ بقَولِه تَعالَى: {دِينَهُمُ الْحَقَّ}:",
    "level": 3,
    "link": "https://www.dorar.net/tafseer/24/6",
    "section": "an-nur",
    "answers": [
      {
        "answer": "شِدَّةُ إيمانِهِم",
        "t": 0
      },
      {
        "answer": "حِسابُهم العَدلَ",
        "t": 1
      },
      {
        "answer": "عقيدتُهُمُ الصحيحةُ",
        "t": 0
      }
    ]
  },
  {
    "id": 3884,
    "q": "مِن مقاصدِ حدِّ الزِّنا بالإضافةِ إلى عُقوبةِ الجاني:",
    "level": 3,
    "link": "https://www.dorar.net/tafseer/24/1",
    "section": "an-nur",
    "answers": [
      {
        "answer": "التَنبِيهُ على أنَّ الحُدودَ تُدرَأُ بالشُّبُهاتِ",
        "t": 0
      },
      {
        "answer": "إِظهارُ تَغليظِ العُقوبَةِ لِعِظَمِ الجُرمِ",
        "t": 0
      },
      {
        "answer": "أنْ يَرتدِعَ غيرُه، وبحُضورِ طائفةٍ مِن المؤمنين يتَّعظُ به الحاضرون ويزدجِرون، ويَشيعُ الحديثُ فيه بنَقْلِ الحاضِرِ إلى الغائِبِ ",
        "t": 1
      }
    ]
  },
  {
    "id": 3883,
    "q": "ذَكَرَ اللهُ تَعالَى طَرَفَا الجِنَايَةِ في قوله: {الزَّانِيَةُ وَالزَّانِي} وذلك:",
    "level": 3,
    "link": "https://www.dorar.net/tafseer/24/1",
    "section": "an-nur",
    "answers": [
      {
        "answer": "للدَّلالةِ على أنَّ انتهاءِ الغايَةِ",
        "t": 0
      },
      {
        "answer": "للتَّنبيهِ على أنَّ العُقوبَة أَغلَظُ للمُبتَدِئ مِنهُما وهي الأُنثَى",
        "t": 0
      },
      {
        "answer": "للتأكيدِ، ولئلَّا يَظُنَّ ظانٌّ أنَّ الرجُلَ لَمَّا كان هو الواطئَ، والمرأةُ محلٌّ، ليستْ بواطئةٍ، فلا يجبُ عليها حَدٌّ",
        "t": 1
      }
    ]
  },
  {
    "id": 3898,
    "q": "في قَولِه تَعالَى: {وَوَجَدَ اللَّهَ عِنْدَهُ}:",
    "level": 3,
    "link": "https://www.dorar.net/tafseer/24/12",
    "section": "an-nur",
    "answers": [
      {
        "answer": "استعارة مَكْنِيَّة",
        "t": 0
      },
      {
        "answer": "مجازٌ، وعلاقتُه المجاورَةُ",
        "t": 0
      },
      {
        "answer": "تَشبيه تَمثيلي",
        "t": 1
      }
    ]
  },
  {
    "id": 3897,
    "q": "في قَولِه تَعالَى: {وَإِنْ قِيلَ لَكُمُ ارْجِعُوا فَارْجِعُوا هُوَ أَزْكَى لَكُمْ} أَدَبٌ عظيمٌ؛ وهو:",
    "level": 3,
    "link": "https://www.dorar.net/tafseer/24/7",
    "section": "an-nur",
    "answers": [
      {
        "answer": "وجوبُ ردِّ الزائرِ غيْرَ المُسْتَأْذِن",
        "t": 0
      },
      {
        "answer": "تَخفيفُ الزَّائرِ على المَزُورِ",
        "t": 0
      },
      {
        "answer": "تعليمُ الصَّراحةِ بالحَقِّ دونَ المواربةِ، ما لم يكنْ فيه أذًى، وتعليمُ قَبولِ الحَقِّ",
        "t": 1
      }
    ]
  },
  {
    "id": 3881,
    "q": "مِن مَقَاصِدِ سورة النُّور:",
    "level": 3,
    "link": "https://www.dorar.net/tafseer/24",
    "section": "an-nur",
    "answers": [
      {
        "answer": "ذِكْر أحكامِ الجِهَادِ",
        "t": 0
      },
      {
        "answer": "ذِكْر أحكام الزَّكاة",
        "t": 0
      },
      {
        "answer": "ذكر أحكامِ العفافِ والسِّتْرِ",
        "t": 1
      }
    ]
  },
  {
    "id": 3900,
    "q": "معنى قوله تعالى: {لِوَاذًا}:",
    "level": 3,
    "link": "https://www.dorar.net/tafseer/24/19",
    "section": "an-nur",
    "answers": [
      {
        "answer": "مُنفَصِلين",
        "t": 0
      },
      {
        "answer": "مُتَواتِرين",
        "t": 0
      },
      {
        "answer": "مُسَتِترًا بعضُهم ببَعضٍ",
        "t": 1
      }
    ]
  },
  {
    "id": 3889,
    "q": "في قَولِه تَعالَى: {وَلَمْ يَكُنْ لَهُمْ شُهَدَاءُ إِلَّا أَنْفُسُهُمْ} إِهْمالُ عَدَدِ الشهود، وَعَدَمُ تقييدهم بعدد محدد؛ مِن أَجْلِ:",
    "level": 3,
    "link": "https://www.dorar.net/tafseer/24/3",
    "section": "an-nur",
    "answers": [
      {
        "answer": "عَدَمِ اعْتِبَارِ عَدَدِ الشُّهُودِ عَلَى زِنَا الزوجةِ إذا كان القاذفُ هو الزوجَ",
        "t": 0
      },
      {
        "answer": "الاكْتِفاءِ بالتَّقييدِ في قَذْفِ غيرِ الزَّوجاتِ",
        "t": 1
      },
      {
        "answer": "عدمِ وجوبِ إشهادِ الزَّوْجِ أحدًا على زوجتِه إذا زَنَتْ",
        "t": 0
      }
    ]
  },
  {
    "id": 3892,
    "q": "في تَعْلِيقِ الوَعِيدِ على محبَّةِ شُيُوعِ السُّوءِ، في قَولِه تَعالَى: {إِنَّ الَّذِينَ يُحِبُّونَ أَنْ تَشِيعَ الْفَاحِشَةُ فِي الَّذِينَ آَمَنُوا لَهُمْ عَذَابٌ أَلِيمٌ...} دلالة على أن:",
    "level": 3,
    "link": "https://www.dorar.net/tafseer/24/5",
    "section": "an-nur",
    "answers": [
      {
        "answer": "الفاسقَ لا تَوْبَةَ لَهُ",
        "t": 0
      },
      {
        "answer": "العذابَ الأخرويَّ والدنيويَّ إنما يستحقُّه المنافقونَ",
        "t": 0
      },
      {
        "answer": "إرادةَ الفِسْقِ فِسْقٌ",
        "t": 1
      }
    ]
  },
  {
    "id": 3893,
    "q": "في قَولِه تَعالَى: {وَالْمُهَاجِرِينَ فِي سَبِيلِ اللَّهِ} إفحامٌ وردٌّ لمزاعمِ:",
    "level": 3,
    "link": "https://www.dorar.net/tafseer/24/5",
    "section": "an-nur",
    "answers": [
      {
        "answer": "الرَّوافضِ الذين يُبْغِضُونَ أصحابَ النَّبيِّ ﷺ ",
        "t": 0
      },
      {
        "answer": "القدريَّة الذين ينفونَ عِلْمَ اللهِ تعالى",
        "t": 0
      },
      {
        "answer": "المعتزلةِ القائلِين: إنَّ الكبائرَ تُحبِطُ الأعمالَ",
        "t": 1
      }
    ]
  },
  {
    "id": 3891,
    "q": "صيغةُ الحَصْرِ في قَولِه تَعالَى: {فَأُولَئِكَ عِنْدَ اللَّهِ هُمُ الْكَاذِبُونَ} تُفيدُ:",
    "level": 3,
    "link": "https://www.dorar.net/tafseer/24/4",
    "section": "an-nur",
    "answers": [
      {
        "answer": "التَّعْرِيضَ بالقَذَفةِ لتَقبِيحِ فِعلِهِم",
        "t": 0
      },
      {
        "answer": "المبالغة؛ فكأنَّهمُ انحصَرَتْ فيهم ماهيَّةُ المَوصوفِينَ بالكذِبِ",
        "t": 1
      },
      {
        "answer": "تشبيهَ هَؤُلَاءِ القَذَفَةِ بالمُنافِقينَ ",
        "t": 0
      }
    ]
  },
  {
    "id": 3888,
    "q": "في قَولِه تَعالَى: {وَالَّذِينَ يَرْمُونَ أَزْوَاجَهُمْ} فيه دليلٌ على:",
    "level": 3,
    "link": "https://www.dorar.net/tafseer/24/3",
    "section": "an-nur",
    "answers": [
      {
        "answer": "أنَّ اللِّعانَ مُختَصٌّ بالزَّوجِ إذا رمَى امرأتَه، لا بالعَكْسِ",
        "t": 1
      },
      {
        "answer": "أن اللِّعَانَ مُختَصٌّ بالزَّوجِة إذا رمَت زَوجَها بالزِّنا",
        "t": 0
      },
      {
        "answer": "أنَّ اللِّعان يَجْرِي بين الزوجينِ إذا قَذَفَ أَحَدُهَمَا الآخَرَ",
        "t": 0
      }
    ]
  },
  {
    "id": 3899,
    "q": "في قَولِه تَعالَى: {وَاسْتَغْفِرْ لَهُمُ اللَّهَ} إشارة إلى:",
    "level": 3,
    "link": "https://www.dorar.net/tafseer/24/19",
    "section": "an-nur",
    "answers": [
      {
        "answer": "أنَّ الاستِغفارَ واجِبٌ في حَقِّ النَّبِيِّ ﷺ ",
        "t": 0
      },
      {
        "answer": "أَنَّ استِئذانَ المؤمنينَ منَ النبيِّ صلى الله عليه وسلم وقدْ جَمَعَهُمْ على أمرٍ هامٍّ لا حرج ولا جُنَاحَ عليهم فيه مطلقًا",
        "t": 0
      },
      {
        "answer": "أنَّ الأَولَى عدَمُ الاستئذانِ حتى وإنْ كان للإنسانِ شأنٌ",
        "t": 1
      }
    ]
  },
  {
    "id": 3886,
    "q": "إذا قَذَف شَخصٌ مَن عُرف بالزنا، فإنه:",
    "level": 3,
    "link": "https://www.dorar.net/tafseer/24/2",
    "section": "an-nur",
    "answers": [
      {
        "answer": "يُجلَدُّ حَدًّا",
        "t": 0
      },
      {
        "answer": "يُحَدُّ أَخَفَّ الحدودِ",
        "t": 0
      },
      {
        "answer": "لا يُحَدُّ للقذفِ مُطلَقًا",
        "t": 1
      }
    ]
  }
]