[
  {
    "id": 3858,
    "q": "المُرادُ بقَولِه تَعالَى: {بِالْفَحْشَاءِ}:",
    "level": 1,
    "link": "https://www.dorar.net/tafseer/24/5",
    "section": "an-nur",
    "answers": [
      {
        "answer": "كلُّ شيءٍ مُستقبَحٍ مِن قولٍ أو فِعلٍ",
        "t": 1
      },
      {
        "answer": "الكَذِبُ العَظيمُ الذي يَبلُغ الآفاقَ",
        "t": 0
      },
      {
        "answer": "الزِّنا",
        "t": 0
      }
    ]
  },
  {
    "id": 3845,
    "q": "المُرادُ بقَولِه تَعالَى: {يَرْمُونَ}: ",
    "level": 1,
    "link": "https://www.dorar.net/tafseer/24/2",
    "section": "an-nur",
    "answers": [
      {
        "answer": "يَقذِفون بالزِّنا",
        "t": 1
      },
      {
        "answer": "يَخلَعُون خُلعًا بائِنًا",
        "t": 0
      },
      {
        "answer": "يُفارِقُوهُنَّ بالطَّلاقِ",
        "t": 0
      }
    ]
  },
  {
    "id": 3842,
    "q": "مِن الأَحْكَامِ التي ذكرها اللهُ تعالى في سُورةِ النُّور:",
    "level": 1,
    "link": "https://www.dorar.net/tafseer/24",
    "section": "an-nur",
    "answers": [
      {
        "answer": "وُجوبُ الهِجرَةِ على مَن لا يَستَطيعُ أن يَعبُدَ الله في أَرضِه",
        "t": 0
      },
      {
        "answer": "فرضُ الحجِّ والجهادِ",
        "t": 0
      },
      {
        "answer": "فرضُ الحجابِ على المؤمناتِ، ونهيُهنَّ عن إبداءِ الزِّينةِ",
        "t": 1
      }
    ]
  },
  {
    "id": 3854,
    "q": "عقوبةُ قاذفِ أمِّ المؤمنينَ السيدةِ عائشة َرَضِيَ اللهُ عنها هي أنهُ:",
    "level": 1,
    "link": "https://www.dorar.net/tafseer/24/4",
    "section": "an-nur",
    "answers": [
      {
        "answer": "يُجْلَدُ حَدًّا",
        "t": 0
      },
      {
        "answer": "يُقْتَلَ لتكذيبِه ظاهرَ القرآنِ",
        "t": 1
      },
      {
        "answer": "يُسجَنُ حتى يتوبَ",
        "t": 0
      }
    ]
  },
  {
    "id": 3852,
    "q": "العُصبةُ؛ هُم:",
    "level": 1,
    "link": "https://www.dorar.net/tafseer/24/4",
    "section": "an-nur",
    "answers": [
      {
        "answer": "الجَماعةُ منَ العَشَرةِ إلى الأربعين",
        "t": 1
      },
      {
        "answer": "جَماعةُ الشَّرِّ",
        "t": 0
      },
      {
        "answer": "المُنافِقون مُطلَقًا",
        "t": 0
      }
    ]
  },
  {
    "id": 3860,
    "q": "المُرادُ بقَولِه تَعالَى: {جُيُوبِهِنَّ}:",
    "level": 1,
    "link": "https://www.dorar.net/tafseer/24/8",
    "section": "an-nur",
    "answers": [
      {
        "answer": "ما يحملْنَ بداخلِه الشيءَ الخفيفَ مِن ملابسهنَّ",
        "t": 0
      },
      {
        "answer": "ما يرتدينَه ممَّا يلي أَجْسَادَهُنَّ من الثيابِ",
        "t": 0
      },
      {
        "answer": "طَوق القَميصِ الذي يُحيط بالعنق مِمَّا يلي الرَّقبة",
        "t": 1
      }
    ]
  },
  {
    "id": 3850,
    "q": "حُكم التَّرتيبُ بَينَ لِعانِ الزَّوجِ والزَّوجةِ:",
    "level": 1,
    "link": "https://www.dorar.net/tafseer/24/3",
    "section": "an-nur",
    "answers": [
      {
        "answer": "تُلاعِنُ الزَّوجةُ أوَّلًا ثم يَتْبعُها الزَّوجُ باللِّعانِ",
        "t": 0
      },
      {
        "answer": "لا يُعتبَرُ التَّرتيبُ في اللِّعانِ بين الزَّوجَين",
        "t": 0
      },
      {
        "answer": "لا يجوز تَقديمُ لِعانِ الزَّوجةِ على لِعانِ الزَّوجِ",
        "t": 1
      }
    ]
  },
  {
    "id": 3855,
    "q": "يدلُّ قولَه تعالَى: {وَتَحْسَبُونَهُ هَيِّنًا وَهُوَ عِنْدَ اللَّهِ عَظِيمٌ} على أنَّ:",
    "level": 1,
    "link": "https://www.dorar.net/tafseer/24/4",
    "section": "an-nur",
    "answers": [
      {
        "answer": "أنَّ اللِّعانَ كان مَوجُودًا قبلَ الإِسلامِ",
        "t": 0
      },
      {
        "answer": "أنَّ الزِّنا يُحبِطُ العَملَ",
        "t": 0
      },
      {
        "answer": "القذفَ مِن الكبائرِ",
        "t": 1
      }
    ]
  },
  {
    "id": 3841,
    "q": "مِن أَبْرز ما ذُكر في أول سُورةِ النُّور؛ بيانُ:",
    "level": 1,
    "link": "https://www.dorar.net/tafseer/24",
    "section": "an-nur",
    "answers": [
      {
        "answer": "حدِّ القَتْلِ",
        "t": 0
      },
      {
        "answer": "حدِّ الزنا، والقذفِ، واللِّعَان",
        "t": 1
      },
      {
        "answer": "حدِّ شاربِ الخَمْرِ",
        "t": 0
      }
    ]
  },
  {
    "id": 3859,
    "q": "معنى قوله تعالى: {يَغُضُّوا}:",
    "level": 1,
    "link": "https://www.dorar.net/tafseer/24/8",
    "section": "an-nur",
    "answers": [
      {
        "answer": "يكفُّوا",
        "t": 1
      },
      {
        "answer": "يرفعُوا",
        "t": 0
      },
      {
        "answer": "يَعتَرِضُوا",
        "t": 0
      }
    ]
  },
  {
    "id": 3848,
    "q": "المُرادُ من قَولِه تَعالَى: {وَيَدْرَأُ}:",
    "level": 1,
    "link": "https://www.dorar.net/tafseer/24/3",
    "section": "an-nur",
    "answers": [
      {
        "answer": "يَدفَعُ",
        "t": 1
      },
      {
        "answer": "يُسامِح ويَعفُو",
        "t": 0
      },
      {
        "answer": "يُلقِي",
        "t": 0
      }
    ]
  },
  {
    "id": 3844,
    "q": "في قَولِه تَعالَى: {الزَّانِي لَا يَنْكِحُ إلَّا زَانِيَةً أَوْ مُشْرِكَةً وَالزَّانِيَةُ لَا يَنْكِحُهَا إِلَّا زَانٍ أَوْ مُشْرِكٌ وَحُرِّمَ ذَلِكَ عَلَى الْمُؤْمِنِينَ} دليلٌ على:",
    "level": 1,
    "link": "https://www.dorar.net/tafseer/24/1",
    "section": "an-nur",
    "answers": [
      {
        "answer": "تحريمِ نِكاحِ الزَّواني والزُّناةِ على الأعفَّاءِ والعفائفِ",
        "t": 1
      },
      {
        "answer": "أنَّ الزِّنا كُفرٌ أَكبَر",
        "t": 0
      },
      {
        "answer": "أنَّ الزانِي إذا تَزوَّجَ الزَّانِيةَ فقد حُطَّ عنهُما الإثمُ",
        "t": 0
      }
    ]
  },
  {
    "id": 3851,
    "q": "المُرادُ بقَولِه تَعالَى: {بِالْإِفْكِ}:",
    "level": 1,
    "link": "https://www.dorar.net/tafseer/24/4",
    "section": "an-nur",
    "answers": [
      {
        "answer": "الكَذِب والبُهتان",
        "t": 1
      },
      {
        "answer": "الظُّلم",
        "t": 0
      },
      {
        "answer": "الرِّيبة",
        "t": 0
      }
    ]
  },
  {
    "id": 3853,
    "q": "معنى قَولِه تعالى: {تَلَقَّوْنَهُ}: ",
    "level": 1,
    "link": "https://www.dorar.net/tafseer/24/4",
    "section": "an-nur",
    "answers": [
      {
        "answer": "يُلقيه بعضُكم إلى بعضٍ",
        "t": 1
      },
      {
        "answer": "تَترُكُونَهُ",
        "t": 0
      },
      {
        "answer": "تُعَظِّمُونَهُ وتُقَدِّسُونَه",
        "t": 0
      }
    ]
  },
  {
    "id": 3846,
    "q": "من العُقوباتِ الواردةِ في حقِّ القاذفِ، أنَّهُ:",
    "level": 1,
    "link": "https://www.dorar.net/tafseer/24/2",
    "section": "an-nur",
    "answers": [
      {
        "answer": "لا تُقبلُ له شهادةٌ حتى يتوبَ",
        "t": 1
      },
      {
        "answer": "لا يَتَزَوَّجُ مِن المسلمينَ",
        "t": 0
      },
      {
        "answer": "لا يُدفَن في مَقابِر المُسلِمينَ",
        "t": 0
      }
    ]
  },
  {
    "id": 3857,
    "q": "معنى قوله تعالى: {تَشِيعَ}:",
    "level": 1,
    "link": "https://www.dorar.net/tafseer/24/5",
    "section": "an-nur",
    "answers": [
      {
        "answer": "تفشُو وتَذيع",
        "t": 1
      },
      {
        "answer": "تُدحَضُ بالحُجَّة",
        "t": 0
      },
      {
        "answer": "تختفي وتَنْدَرِس",
        "t": 0
      }
    ]
  },
  {
    "id": 3849,
    "q": "في قَولِه تَعالَى: {وَلَمْ يَكُنْ لَهُمْ شُهَدَاءُ إِلَّا أَنْفُسُهُمْ} دليلٌ على:",
    "level": 1,
    "link": "https://www.dorar.net/tafseer/24/3",
    "section": "an-nur",
    "answers": [
      {
        "answer": "أنَّ الإمامَ يخيِّرُ الزوجَ بين اللعانِ والبينةِ إذا توافرتِ",
        "t": 0
      },
      {
        "answer": "أنَّ اللعانَ يجبُ بقذفِ الزَّوجِ لزوجتِه مُطلقًا ولو كَانَ معه بَيِّنَةٌ ",
        "t": 0
      },
      {
        "answer": "أَنَّهُ لا لِعانَ إذا أقام الزَّوجُ البينة بزنا زَوجتِه",
        "t": 1
      }
    ]
  },
  {
    "id": 3843,
    "q": "مَعْنَى قولِه تعالى: {رَأْفَةٌ}:",
    "level": 1,
    "link": "https://www.dorar.net/tafseer/24/1",
    "section": "an-nur",
    "answers": [
      {
        "answer": "أرقُّ الرحمةِ",
        "t": 1
      },
      {
        "answer": "اللِّينُ",
        "t": 0
      },
      {
        "answer": "ضَعْفٌ وفُتُورٌ",
        "t": 0
      }
    ]
  },
  {
    "id": 3856,
    "q": "الروافضُ الذين يطعنونَ في عِرضِ أمِّ المؤمنين عائشةَ رضي الله عنها إنَّما هُم بمنزلةِ:",
    "level": 1,
    "link": "https://www.dorar.net/tafseer/24/4",
    "section": "an-nur",
    "answers": [
      {
        "answer": "المُعتزِلةِ الذين يقولونَ بخُلودِ صاحبِ الكبيرةِ في النَّارِ",
        "t": 0
      },
      {
        "answer": "القَدَريَّة الذين ينفونَ عِلْمَ اللهِ ",
        "t": 0
      },
      {
        "answer": "اليهودِ الذين يطعنونَ في مريمَ عليها السَّلامُ",
        "t": 1
      }
    ]
  },
  {
    "id": 3847,
    "q": "وصَفَ اللهُ تعالى القاذفَ في القرآنِ بأنه:",
    "level": 1,
    "link": "https://www.dorar.net/tafseer/24/2",
    "section": "an-nur",
    "answers": [
      {
        "answer": "فَاسِقٌ",
        "t": 1
      },
      {
        "answer": "كَافِرٌ",
        "t": 0
      },
      {
        "answer": "فَاجِرٌ",
        "t": 0
      }
    ]
  }
]