[
  {
    "id": 3951,
    "q": "قَولُه تَعالَى: {بَلْ كَذَّبُوا بِالسَّاعةِ وَأَعْتَدْنَا لِمَنْ كَذَّبَ بِالسَّاعةِ سَعِيرًا} كرَّر اللهُ لفظَ \"السَّاعةِ\" بدلًا من أن يقول: \"لِمَنْ كَذَّبَ بِهَا\":",
    "level": 3,
    "link": "https://www.dorar.net/tafseer/25/4#tt18",
    "section": "al-furqan",
    "answers": [
      {
        "answer": "ليَدخُلَ فيه كُلُّ مَن كذَّب بالسَّاعةِ غَيْرُهُم",
        "t": 0
      },
      {
        "answer": "جَميعُ ما سَبَق",
        "t": 1
      },
      {
        "answer": "مبالغةً في التَّشْنِيعِ",
        "t": 0
      }
    ]
  },
  {
    "id": 3941,
    "q": "مِنْ أبرزِ الموضوعاتِ الَّتِي تَنَاولَتْها سورةُ الفرقانِ:",
    "level": 3,
    "link": "https://www.dorar.net/tafseer/25#tt6",
    "section": "al-furqan",
    "answers": [
      {
        "answer": "بيانُ حدِّ الرِّدَّة",
        "t": 0
      },
      {
        "answer": "عرضُ شُبهَاتِ الكافرينَ فِي القرآنِ ودحضها",
        "t": 1
      },
      {
        "answer": "تَفصيلُ بعضِ قضايا المواريثِ",
        "t": 0
      }
    ]
  },
  {
    "id": 3960,
    "q": "أصل البُرج:",
    "level": 3,
    "link": "https://www.dorar.net/tafseer/25/12#tt7",
    "section": "al-furqan",
    "answers": [
      {
        "answer": "الارتفاع",
        "t": 0
      },
      {
        "answer": "القَصر والحِصن",
        "t": 1
      },
      {
        "answer": "الاسْتخفاء",
        "t": 0
      }
    ]
  },
  {
    "id": 3947,
    "q": "قولُه تعالى: {يَأْكُلُ الطَّعَامَ} كنايةٌ عَن:",
    "level": 3,
    "link": "https://www.dorar.net/tafseer/25/3#tt18",
    "section": "al-furqan",
    "answers": [
      {
        "answer": "الجوعِ",
        "t": 0
      },
      {
        "answer": "العَجزِ",
        "t": 0
      },
      {
        "answer": "الحَدَث",
        "t": 1
      }
    ]
  },
  {
    "id": 3948,
    "q": "مِن الأَدِلَّة على خَلْقِ النَّارِ قَولُه تعالى: ",
    "level": 3,
    "link": "https://www.dorar.net/tafseer/25/4#tt17",
    "section": "al-furqan",
    "answers": [
      {
        "answer": "{قُلْ أَذَلِكَ خَيْرٌ أَمْ جَنَّةُ الخُلْدِ}",
        "t": 0
      },
      {
        "answer": "{لَا تَدْعُوا اليَوْمَ ثُبُورًا وَاحِدًا}",
        "t": 0
      },
      {
        "answer": "{وَأَعْتَدْنَا لِمَنْ كَذَّبَ بِالسَّاعةِ سَعِيرًا}",
        "t": 1
      }
    ]
  },
  {
    "id": 3956,
    "q": "مَن أَيِّ نوعٍ مِنَ المُشْتَقَّاتِ كلمةُ \"مقيل\" في: {وَأَحْسَنُ مَقِيلًا}؟",
    "level": 3,
    "link": "https://www.dorar.net/tafseer/25/6#tt4",
    "section": "al-furqan",
    "answers": [
      {
        "answer": "اسْمُ مكانٍ",
        "t": 1
      },
      {
        "answer": "مَصْدَر مِيمي",
        "t": 0
      },
      {
        "answer": "مَفعُول مُطلَق",
        "t": 0
      }
    ]
  },
  {
    "id": 3950,
    "q": "استخدمَ اللهُ تعَاَلىَ لَفْظَ: {ضَيِّقًا} دون: \"ضَائقٍ\":",
    "level": 3,
    "link": "https://www.dorar.net/tafseer/25/4#tt17",
    "section": "al-furqan",
    "answers": [
      {
        "answer": "لِيُفِيدَ الحُدوثَ والتَّجَدُّدَ",
        "t": 0
      },
      {
        "answer": "للدَّلالَةِ على الصِّفَة لا المَوصُوف",
        "t": 0
      },
      {
        "answer": "ليُفيدَ الثُّبُوتَ وعدم التَّجَدُّدِ",
        "t": 1
      }
    ]
  },
  {
    "id": 3946,
    "q": "إضلالُ اللهِ للكافرينَ وتَسْهِيلُهُ السيئاتِ لَهُمْ من بابِ العُقُوبَةِ لَهُمْ:",
    "level": 3,
    "link": "https://www.dorar.net/tafseer/25/3#tt17",
    "section": "al-furqan",
    "answers": [
      {
        "answer": "جائزٌ حادِثٌ",
        "t": 1
      },
      {
        "answer": "لا يُتصَوَّر حُدوثُه",
        "t": 0
      },
      {
        "answer": "لا يَجوزُ على اللهِ",
        "t": 0
      }
    ]
  },
  {
    "id": 3953,
    "q": "\"مِن\" في قولِه: {أَنْ نَتَّخِذَ مِنْ دُونِكَ مِنْ أَوْلِيَاءَ}:",
    "level": 3,
    "link": "https://www.dorar.net/tafseer/25/5#tt18",
    "section": "al-furqan",
    "answers": [
      {
        "answer": "قيل: مَزِيدةٌ، وقيل: لِلتَّبْعِيض",
        "t": 1
      },
      {
        "answer": "جنسيَّة",
        "t": 0
      },
      {
        "answer": "للتَّبْعِيض",
        "t": 0
      }
    ]
  },
  {
    "id": 3943,
    "q": "الفعلُ \"تباركَ\":",
    "level": 3,
    "link": "https://www.dorar.net/tafseer/25/1#tt18",
    "section": "al-furqan",
    "answers": [
      {
        "answer": "مُتصَرِّف",
        "t": 0
      },
      {
        "answer": "مُعرَب",
        "t": 0
      },
      {
        "answer": "جامِد",
        "t": 1
      }
    ]
  },
  {
    "id": 3949,
    "q": "الآياتُ الَّتي تَذْكُرُ أَنَّ الجنةَ والنَّارَ يَتَكَلَّمَانِ ويَرَيَانِ ويَسْمَعَانِ:",
    "level": 3,
    "link": "https://www.dorar.net/tafseer/25/4#tt17",
    "section": "al-furqan",
    "answers": [
      {
        "answer": "حقيقةٌ",
        "t": 1
      },
      {
        "answer": "كِنايَة عن النَّعيمِ والعَذابِ",
        "t": 0
      },
      {
        "answer": "مَحمولةٌ عَلى المَجازِ",
        "t": 0
      }
    ]
  },
  {
    "id": 3952,
    "q": "نَصْبُ \"يَوْم\" في {وَيَوْمَ يَحْشُرُهُم وَمَا يَعْبُدُونَ مِن دون اللهِ}:",
    "level": 3,
    "link": "https://www.dorar.net/tafseer/25/5",
    "section": "al-furqan",
    "answers": [
      {
        "answer": "للتَّميِيز",
        "t": 0
      },
      {
        "answer": "لِلْحاليَّة",
        "t": 0
      },
      {
        "answer": "للمفعوليَّة بفعلٍ محذوفٍ تقديرُه: \"وَاذْكُرْ يَوْمَ\"",
        "t": 1
      }
    ]
  },
  {
    "id": 3944,
    "q": "قولُه تعالى: {وَأَعَانَهُ عَلَيْهِ قَوْمٌ آخَرُونَ} يريدونَ قَوْمًا ذوي كَفَاءَةٍ وعِلْمٍ مِن:",
    "level": 3,
    "link": "https://www.dorar.net/tafseer/25/2#tt4",
    "section": "al-furqan",
    "answers": [
      {
        "answer": "أَهلِ الكِتابِ",
        "t": 0
      },
      {
        "answer": "بَنِي هَاشِمٍ",
        "t": 0
      },
      {
        "answer": "غَيرِ قَومِه",
        "t": 1
      }
    ]
  },
  {
    "id": 3954,
    "q": "الهَبَاء المَنْثُورُ:",
    "level": 3,
    "link": "https://www.dorar.net/tafseer/25/6#tt7",
    "section": "al-furqan",
    "answers": [
      {
        "answer": "الغُبَارُ إِذَا دخلَ البَيْتَ مِن الفتحةِ الَّتِي فيها الشَّمْسُ",
        "t": 1
      },
      {
        "answer": "السَّرابُ",
        "t": 0
      },
      {
        "answer": "الدَّقِيق إِذَا عَصَفَتهُ الرِّيحُ",
        "t": 0
      }
    ]
  },
  {
    "id": 3958,
    "q": "جَوَابُ \"لَوْلا\" في: {لَوْلَا أَنْ صَبَرْنَا عَلَيْهَا}:",
    "level": 3,
    "link": "https://www.dorar.net/tafseer/25/10#tt17",
    "section": "al-furqan",
    "answers": [
      {
        "answer": "قَوْلُهُ: {وَسَوْفَ يَعْلَمُونَ}",
        "t": 0
      },
      {
        "answer": "محذوفٌ لدلالة مَا قبل لولا عليه",
        "t": 1
      },
      {
        "answer": "قَوْلُهُ: {إِنْ كَادَ لَيُضِلُّنَا عَنْ آلهتِنَا}",
        "t": 0
      }
    ]
  },
  {
    "id": 3957,
    "q": "قولُه تعالى: {وَكَانَ يَوْمًا علَى الكَافِرِينَ عَسِيرًا} يُفيدُ أَنَّهُ:",
    "level": 3,
    "link": "https://www.dorar.net/tafseer/25/7#tt17",
    "section": "al-furqan",
    "answers": [
      {
        "answer": "على المؤمنينَ كَذَلِكَ",
        "t": 0
      },
      {
        "answer": "عَسِيرٌ على جَميعِ الخَلقِ وعلى الكافِرينَ أَشَدُّ",
        "t": 0
      },
      {
        "answer": "يسيرٌ عَلَى المؤمنينَ بمفهوم المخالفة",
        "t": 1
      }
    ]
  },
  {
    "id": 3942,
    "q": "الفعل: \"تَبَارَك\" معناه: كَثْرَةُ الخيرِ والبرَكَةَ،ِ وهو فعلٌ:",
    "level": 3,
    "link": "https://www.dorar.net/tafseer/25/1#tt17",
    "section": "al-furqan",
    "answers": [
      {
        "answer": "خاصٌ باللهِ ورُسُلهِ",
        "t": 0
      },
      {
        "answer": "يختصُّ باللهِ وَحْدَه",
        "t": 1
      },
      {
        "answer": "عامٌ",
        "t": 0
      }
    ]
  },
  {
    "id": 3959,
    "q": "معنى (بُشْرًا) فِي قوله تعالى: {وَهُوَ الَّذِي أَرْسَلَ الرِّيَاحَ بُشْرًا بَيْنَ يَدَيْ رَحْمَتِهِ}:",
    "level": 3,
    "link": "https://www.dorar.net/tafseer/25/11#tt4",
    "section": "al-furqan",
    "answers": [
      {
        "answer": "تُبَشِّرُ بالمطَرِ",
        "t": 1
      },
      {
        "answer": "أرسَل الرِّياحَ حَيَاةً",
        "t": 0
      },
      {
        "answer": "تَنْشُرُ السَّحابَ",
        "t": 0
      }
    ]
  },
  {
    "id": 3945,
    "q": "القِراءةُ بالرَّفْعِ في {وَيَجْعَلُ لَكَ قُصُورًا} معناها:",
    "level": 3,
    "link": "https://www.dorar.net/tafseer/25/3#tt4",
    "section": "al-furqan",
    "answers": [
      {
        "answer": "أنَّ الله إنْ شاء جَعَل لك قُصورًا",
        "t": 0
      },
      {
        "answer": "الدُّعاءُ بأن يجعلَ اللهُ لَهُ ذَلِكَ",
        "t": 0
      },
      {
        "answer": "الاستئنافُ، والحتمُ بأنَّ اللهَ سَيَجْعَلُ لَهُ ذَلِكَ",
        "t": 1
      }
    ]
  },
  {
    "id": 3955,
    "q": "إعرابُ \"يَوْم\" في {يومَ يَرَوْنَ الملائكةَ لَا بُشْرَى}:",
    "level": 3,
    "link": "https://www.dorar.net/tafseer/25/6#tt7",
    "section": "al-furqan",
    "answers": [
      {
        "answer": "ظرف لفعل محذوف \"يُمْنَعُون\"",
        "t": 1
      },
      {
        "answer": "تمييزٌ",
        "t": 0
      },
      {
        "answer": "حالٌ",
        "t": 0
      }
    ]
  }
]