[
  {
    "id": 3918,
    "q": "مِن هَجْرِ القرآنِ:",
    "level": 1,
    "link": "https://www.dorar.net/tafseer/25/8#tt17",
    "section": "al-furqan",
    "answers": [
      {
        "answer": "هَجْرُ قِراءتِه، وهجْرُ تدبُّرِه، والاستشفاءِ بِه",
        "t": 0
      },
      {
        "answer": "جميعُ ما سبقَ",
        "t": 1
      },
      {
        "answer": "هجرُ العمل بِه، وهَجْرُ اسْتِمَاعه، وهجرُ التَّحَاكُمِ إِلَيه",
        "t": 0
      }
    ]
  },
  {
    "id": 3906,
    "q": "المَقصُودُ مِن قَولِه تعالى: {وادْعُوا ثُبُورًا كَثِيرًا}:",
    "level": 1,
    "link": "https://www.dorar.net/tafseer/25/4#tt4",
    "section": "al-furqan",
    "answers": [
      {
        "answer": "كَثرةُ الدُّعاءِ تُقرِّب الهَلاكَ",
        "t": 0
      },
      {
        "answer": "أنَّ دُعاءَهُم لن يَنفَعَهم شَيئًا",
        "t": 1
      },
      {
        "answer": "كَثرةُ الدُّعاءِ بالهلاكِ تعجِّل بالتَّخفيفِ",
        "t": 0
      }
    ]
  },
  {
    "id": 3905,
    "q": "مَعنَى السَّعِير:",
    "level": 1,
    "link": "https://www.dorar.net/tafseer/25/4#tt7",
    "section": "al-furqan",
    "answers": [
      {
        "answer": "النَّارُ المتَّقِدة",
        "t": 1
      },
      {
        "answer": "القِيامةُ",
        "t": 0
      },
      {
        "answer": "السِّباعُ مِن البَهائِم",
        "t": 0
      }
    ]
  },
  {
    "id": 3902,
    "q": "مِن أبرزِ مقاصدِ سُورةِ الفُرقان:",
    "level": 1,
    "link": "https://www.dorar.net/tafseer/25#tt5",
    "section": "al-furqan",
    "answers": [
      {
        "answer": "التنويهُ بالقرآنِ، وإثباتُ أنه منزَّلٌ مِن عند اللهِ",
        "t": 1
      },
      {
        "answer": "بيانُ أسبابِ النصرِ، وبعضِ أحكامِ الجهادِ",
        "t": 0
      },
      {
        "answer": "رعايةُ اللهِ للمُختارينَ لحَملِ الدعوةِ مِن الرسُلِ وأتباعِهم",
        "t": 0
      }
    ]
  },
  {
    "id": 3916,
    "q": "نَزَلتِ الآياتُ: {وَيَوْمَ يعضُّ الظالمُ} وما بعدها فِي:",
    "level": 1,
    "link": "https://www.dorar.net/tafseer/25/7#tt18",
    "section": "al-furqan",
    "answers": [
      {
        "answer": "عُتبةَ بنِ رَبِيعةَ",
        "t": 0
      },
      {
        "answer": "عُقْبَةَ بنِ أبي مُعَيْطٍ",
        "t": 1
      },
      {
        "answer": "أبي جَهْلٍ ",
        "t": 0
      }
    ]
  },
  {
    "id": 3911,
    "q": "معنى {عَتَوْا}:",
    "level": 1,
    "link": "https://www.dorar.net/tafseer/25/6#tt7",
    "section": "al-furqan",
    "answers": [
      {
        "answer": "تكبَّروا",
        "t": 1
      },
      {
        "answer": "تثاقلوا",
        "t": 0
      },
      {
        "answer": "أعرَضوا",
        "t": 0
      }
    ]
  },
  {
    "id": 3903,
    "q": "مَعْنَى النُّشورِ:",
    "level": 1,
    "link": "https://www.dorar.net/tafseer/25/1#tt7",
    "section": "al-furqan",
    "answers": [
      {
        "answer": "الحياةُ بعد الموتِ",
        "t": 1
      },
      {
        "answer": "المُلْك",
        "t": 0
      },
      {
        "answer": "الغِنَى",
        "t": 0
      }
    ]
  },
  {
    "id": 3901,
    "q": "أُنزلِ القرآنُ عَلَى",
    "level": 1,
    "link": "https://www.dorar.net/tafseer/25#tt1",
    "section": "al-furqan",
    "answers": [
      {
        "answer": "ثلاثةِ أحرف",
        "t": 0
      },
      {
        "answer": "سبعةِ أحرف",
        "t": 1
      },
      {
        "answer": "حرفٍ واحدٍ",
        "t": 0
      }
    ]
  },
  {
    "id": 3917,
    "q": "معنى: \"إنزالُ القرآنِ جُملةً واحدةً\":",
    "level": 1,
    "link": "https://www.dorar.net/tafseer/25/8#tt7",
    "section": "al-furqan",
    "answers": [
      {
        "answer": "آيةً واحدةً فقط",
        "t": 0
      },
      {
        "answer": "أي: سُورَةً واحدةً فَقَطْ",
        "t": 0
      },
      {
        "answer": "مرَّةً واحدةً لا مُتَفَرِّقًا",
        "t": 1
      }
    ]
  },
  {
    "id": 3913,
    "q": "الغَمامُ هو:",
    "level": 1,
    "link": "https://www.dorar.net/tafseer/25/7#tt7",
    "section": "al-furqan",
    "answers": [
      {
        "answer": "المَطَرُ",
        "t": 0
      },
      {
        "answer": "الكرْب",
        "t": 0
      },
      {
        "answer": "السَّحاب",
        "t": 1
      }
    ]
  },
  {
    "id": 3915,
    "q": "قَولُه تَعالَى: {لَيْتَنِي لَمْ أَتَّخِذْ فُلَانًا خَلِيلًا} فيهِ:",
    "level": 1,
    "link": "https://www.dorar.net/tafseer/25/7#tt16",
    "section": "al-furqan",
    "answers": [
      {
        "answer": "التَّحذير مِن أصدقاء السُّوء",
        "t": 1
      },
      {
        "answer": "إِشارَةٌ إلى مُخالَفَةِ الهَوَى",
        "t": 0
      },
      {
        "answer": "التَّنبِيه على الخَلوَةِ",
        "t": 0
      }
    ]
  },
  {
    "id": 3910,
    "q": "كلامُ الآلهةِ يَوْمَ القيامةِ وسماعُهَا سؤالَ الله وإجابتُها:",
    "level": 1,
    "link": "https://www.dorar.net/tafseer/25/5#tt4",
    "section": "al-furqan",
    "answers": [
      {
        "answer": "مجازٌ يفيدُ الخُسْرانَ والهلاكَ",
        "t": 0
      },
      {
        "answer": "قاصرٌ على الآلهة المَزعُومَة مِن البَشَر فقط؛ مثل عيسى وعُزَيْر ونَحوهِم",
        "t": 0
      },
      {
        "answer": "يشملُ كل الآلهةِ مِن الحجارةِ وغيرِها، يُنطقها اللهُ تعالى",
        "t": 1
      }
    ]
  },
  {
    "id": 3914,
    "q": "العَضُّ على اليَدَينِ دليلٌ عَلَى:",
    "level": 1,
    "link": "https://www.dorar.net/tafseer/25/7#tt7",
    "section": "al-furqan",
    "answers": [
      {
        "answer": "النَّدم",
        "t": 1
      },
      {
        "answer": "الظُّلم",
        "t": 0
      },
      {
        "answer": "الخُسْران",
        "t": 0
      }
    ]
  },
  {
    "id": 3909,
    "q": "قَولُه تَعالَى: {فَمَا تَسْتَطِيعُونَ صَرْفًا} قُرِئَتْ {تَسْتَطِيعُونَ} و{يَسْتَطِيعُونَ}:",
    "level": 1,
    "link": "https://www.dorar.net/tafseer/25/5#tt4",
    "section": "al-furqan",
    "answers": [
      {
        "answer": "كِلاهما للمُشرِكينَ",
        "t": 0
      },
      {
        "answer": "التاء للآلهةِ والياء للمشركين",
        "t": 0
      },
      {
        "answer": "التَّاءُ للمُشرِكين، والياءُ للآلِهةِ",
        "t": 1
      }
    ]
  },
  {
    "id": 3908,
    "q": "معنى: \"بُورًا\":",
    "level": 1,
    "link": "https://www.dorar.net/tafseer/25/5",
    "section": "al-furqan",
    "answers": [
      {
        "answer": "هَلْكَى",
        "t": 1
      },
      {
        "answer": "ضُعَفَاء",
        "t": 0
      },
      {
        "answer": "فُقَرَاء",
        "t": 0
      }
    ]
  },
  {
    "id": 3904,
    "q": "مَعنَى الأساطيرِ:",
    "level": 1,
    "link": "https://www.dorar.net/tafseer/25/2#tt7",
    "section": "al-furqan",
    "answers": [
      {
        "answer": "الحَقائق الواضِحة",
        "t": 0
      },
      {
        "answer": "الكَذِبُ الصَّريحُ",
        "t": 0
      },
      {
        "answer": "الأباطيل والتُّرَّهات",
        "t": 1
      }
    ]
  },
  {
    "id": 3920,
    "q": "جَعلَ اللهُ الكُفار أضلَّ مِن الأنعام:",
    "level": 1,
    "link": "https://www.dorar.net/tafseer/25/10#tt17",
    "section": "al-furqan",
    "answers": [
      {
        "answer": "لأنَّ جَهْلَ الأنعامِ لَا يَضُرُّ بأحدٍ بخلافِ جهلهِم",
        "t": 1
      },
      {
        "answer": "لأنَّ الأنعامَ لا تُجادِل في الباطِل",
        "t": 0
      },
      {
        "answer": "لأنَّ الكُفَّارَ لا يَتدبَّرُونَ بخِلافِ الأَنعامِ",
        "t": 0
      }
    ]
  },
  {
    "id": 3912,
    "q": "قوله تعالى: {لَا يَرْجُونَ لِقَاءَنَا} يَدُلُّ على:",
    "level": 1,
    "link": "https://www.dorar.net/tafseer/25/6#tt17",
    "section": "al-furqan",
    "answers": [
      {
        "answer": "اتِّصافِ الله تعالى باللُّقيا",
        "t": 0
      },
      {
        "answer": "نُزولِ اللهِ تعالى في الثُّلُثِ الأخيرِ من اللَّيْل إلى السَّمَاء الدنيا",
        "t": 0
      },
      {
        "answer": "رؤيةِ اللهِ في الآخرةِ",
        "t": 1
      }
    ]
  },
  {
    "id": 3907,
    "q": "إضافةُ \"جنَّة\" إلى \"الخلدِ\" يفيدُ:",
    "level": 1,
    "link": "https://www.dorar.net/tafseer/25/4#tt18",
    "section": "al-furqan",
    "answers": [
      {
        "answer": "التَّأكيدَ بالخِطابِ البُرهاني",
        "t": 0
      },
      {
        "answer": "الإشارةَ إلى الحَصرِ والقَصرِ",
        "t": 0
      },
      {
        "answer": "المدحَ والدَّلالةَ على الخلودِ",
        "t": 1
      }
    ]
  },
  {
    "id": 3919,
    "q": "المَقصُود بـ: (الرَّسُّ):",
    "level": 1,
    "link": "https://www.dorar.net/tafseer/25/9#tt7",
    "section": "al-furqan",
    "answers": [
      {
        "answer": "القَريَةُ الخالِيَة",
        "t": 0
      },
      {
        "answer": "البِئْر العَظِيمة",
        "t": 1
      },
      {
        "answer": "الشَّجرةُ التي تَساقَط وَرَقُها",
        "t": 0
      }
    ]
  }
]