[
  {
    "id": 6577,
    "q": "تَنْبني الخُطْبةُ على ثلاثةِ أركانٍ لا بُدَّ منها:",
    "level": 2,
    "link": "https://dorar.net/arabia/2933",
    "section": "al-insha",
    "answers": [
      {
        "answer": "الخَطِيب، لُغَة الحِوار، مَوضُوع الخُطبَة",
        "t": 0
      },
      {
        "answer": "المُقَدِّمَة، الغَرَض، الخاتِمَة",
        "t": 1
      },
      {
        "answer": "الآيات، الأَحادِيث، الشَّواهِد: (الشِّعْر والنَّثْر)",
        "t": 0
      }
    ]
  },
  {
    "id": 6570,
    "q": "للكِتابة القَصَصيَّة أكثَر مِن صُورةٍ؛ منها:",
    "level": 2,
    "link": "https://dorar.net/arabia/2916",
    "section": "al-insha",
    "answers": [
      {
        "answer": "الخَيالُ",
        "t": 0
      },
      {
        "answer": "المذكِّراتُ اليَوميَّةُ",
        "t": 1
      },
      {
        "answer": "مُغامراتُ الرِّحلاتِ",
        "t": 0
      }
    ]
  },
  {
    "id": 6580,
    "q": "لا بُدَّ أن تَتوافَرَ في مُقَدِّمةِ الخُطبَةِ: (الدِّيباجةُ) وهي: ",
    "level": 2,
    "link": "https://dorar.net/arabia/2933",
    "section": "al-insha",
    "answers": [
      {
        "answer": "آياتٌ قُرآنِيَّة أو أَبياتٌ شِعريَّة",
        "t": 0
      },
      {
        "answer": "فاتِحةُ الخُطْبةِ",
        "t": 1
      },
      {
        "answer": "تَعرِيفٌ بمَوضُوعِ الخُطبَةِ",
        "t": 0
      }
    ]
  },
  {
    "id": 6572,
    "q": "أحَدَ الفُنونِ النَّثْريَّةِ الَّتي تعتَمِدُ على الحِكاياتِ والقِصَصِ وسَردِ الحوادِثِ والأعمالِ:",
    "level": 2,
    "link": "https://dorar.net/arabia/2920",
    "section": "al-insha",
    "answers": [
      {
        "answer": "المَقامَةُ",
        "t": 0
      },
      {
        "answer": "الرِّوايةُ",
        "t": 1
      },
      {
        "answer": "الرِّسالَةُ",
        "t": 0
      }
    ]
  },
  {
    "id": 6567,
    "q": "يرجِعُ أصلُ كَلِمةِ (المَقامَة) إلى:",
    "level": 2,
    "link": "https://dorar.net/arabia/2902",
    "section": "al-insha",
    "answers": [
      {
        "answer": "الخُطَبِ التي كانت تُقالُ في المَواسِمِ والأَسواقِ",
        "t": 0
      },
      {
        "answer": "المكانِ الَّذي يجتَمِعُ فيه القَومُ ويَتحادَثونَ ",
        "t": 1
      },
      {
        "answer": "مَقامُ السَّلاطِينِ والمُلوكِ",
        "t": 0
      }
    ]
  },
  {
    "id": 6565,
    "q": "تتمَيَّزُ الرِّسالةُ عن سائِرِ الفُنونِ النَّثْريةِ بعِدَّةِ خَصائِصَ؛ منها:",
    "level": 2,
    "link": "https://dorar.net/arabia/2883",
    "section": "al-insha",
    "answers": [
      {
        "answer": "المُحسِّنات البَديعيَّة",
        "t": 0
      },
      {
        "answer": "البَساطةُ، والبُعدُ عن التَّكَلُّفِ",
        "t": 1
      },
      {
        "answer": "المُسامَرةُ، وبَسْطُ الحَديثِ",
        "t": 0
      }
    ]
  },
  {
    "id": 6564,
    "q": "هو أن يَستفتِحَ المُنشِئُ كِتابَه بمُقَدِّمةٍ يَسيرةٍ:",
    "level": 2,
    "link": "https://dorar.net/arabia/2869",
    "section": "al-insha",
    "answers": [
      {
        "answer": "حُسْنُ الابتِداءِ",
        "t": 1
      },
      {
        "answer": "التَّقديمُ",
        "t": 0
      },
      {
        "answer": "التَّرميمُ",
        "t": 0
      }
    ]
  },
  {
    "id": 6566,
    "q": "مِن أَشهَرِ أَنواعِ الرَّسائِل الأدَبيَّة:",
    "level": 2,
    "link": "https://dorar.net/arabia/2892",
    "section": "al-insha",
    "answers": [
      {
        "answer": "رِسائلُ الجاحِظِ",
        "t": 1
      },
      {
        "answer": "رِسالَةُ ابنِ خَلدُونِ",
        "t": 0
      },
      {
        "answer": "الرَّسائلُ الحَمدُونِيَّة",
        "t": 0
      }
    ]
  },
  {
    "id": 6561,
    "q": "مِن أَقسامِ المَعنَى في الإنشاءِ: البَسيطُ، وهو:",
    "level": 2,
    "link": "https://dorar.net/arabia/2846",
    "section": "al-insha",
    "answers": [
      {
        "answer": "المُركَّبُ مِن كَلِمتَينِ",
        "t": 0
      },
      {
        "answer": "المُترادِفُ",
        "t": 0
      },
      {
        "answer": "الخالي عن التَّحْسينِ",
        "t": 1
      }
    ]
  },
  {
    "id": 6576,
    "q": "الصِّفةُ العامَّةُ للأُسلوبِ الخَطابيِّ هي القُوَّةُ، ومَصْدَرُها الأوَّلُ:",
    "level": 2,
    "link": "https://dorar.net/arabia/2931",
    "section": "al-insha",
    "answers": [
      {
        "answer": "انفِعالُ الخَطيبِ",
        "t": 1
      },
      {
        "answer": "انتِباهُ المُخاطَبِينَ",
        "t": 0
      },
      {
        "answer": "مَوضُوعُ الخُطبَةِ",
        "t": 0
      }
    ]
  },
  {
    "id": 6569,
    "q": "تعتَمِدُ المقاماتُ على: ",
    "level": 2,
    "link": "https://dorar.net/arabia/2904",
    "section": "al-insha",
    "answers": [
      {
        "answer": "العُمقِ اللَّفظِيِّ، والمَعاني البَعيدَةِ",
        "t": 0
      },
      {
        "answer": "الحِكايةِ الفُكاهيَّةِ الَّتي يَغلِبُ عليها السَّجْعُ كثيرًا",
        "t": 1
      },
      {
        "answer": "رَفعِ الصَّوتِ بالأَداءِ للتَّأثيرِ في المُتَلَقِّينَ",
        "t": 0
      }
    ]
  },
  {
    "id": 6562,
    "q": "أن يَسْبِقَ الكاتِبُ إلى معنًى لم يتناوَلْه أحدٌ قَبْلَه:",
    "level": 2,
    "link": "https://dorar.net/arabia/2850",
    "section": "al-insha",
    "answers": [
      {
        "answer": "البِناءُ اللُّغويُّ",
        "t": 0
      },
      {
        "answer": "الاختِراعُ والابتكارُ",
        "t": 1
      },
      {
        "answer": "الاستِباقُ",
        "t": 0
      }
    ]
  },
  {
    "id": 6574,
    "q": "من أكثَر الأنواعِ الأدَبيَّةِ رَواجًا:",
    "level": 2,
    "link": "https://dorar.net/arabia/2918",
    "section": "al-insha",
    "answers": [
      {
        "answer": "القِصَّةُ القَصيرةُ",
        "t": 1
      },
      {
        "answer": "الرَّسائلُ الأَهلِيَّةُ",
        "t": 0
      },
      {
        "answer": "القَصائِدُ ",
        "t": 0
      }
    ]
  },
  {
    "id": 6578,
    "q": "نَقْلُ الكَلِمةِ مِن مَعناها إلى معنًى آخَرَ غَيرِ حَسَنٍ، يُسَمَّى:",
    "level": 2,
    "link": "https://dorar.net/arabia/2855",
    "section": "al-insha",
    "answers": [
      {
        "answer": "الأَثَرَةَ",
        "t": 0
      },
      {
        "answer": "الابتِذالَ",
        "t": 1
      },
      {
        "answer": "الامتِهانَ",
        "t": 0
      }
    ]
  },
  {
    "id": 6579,
    "q": "مِن الأَخطاءِ الشَّائِعَةِ قَولُهم (بُهْلول) للرَّجُلِ المُغَفَّلِ، وأصلُها في اللُّغةِ: ",
    "level": 2,
    "link": "https://dorar.net/arabia/2855",
    "section": "al-insha",
    "answers": [
      {
        "answer": "الرَّجلُ السَّيِّدُ الجامِعُ لصِفاتِ الكَمالِ",
        "t": 1
      },
      {
        "answer": "الرَّجلُ الفَقيرُ المِسكِينُ الذي لا يُلتَفَتُ له",
        "t": 0
      },
      {
        "answer": "الرَّجلُ  الشَّديدُ الضَّخمُ",
        "t": 0
      }
    ]
  },
  {
    "id": 6575,
    "q": "الإيجازُ في الرواية: هو ",
    "level": 2,
    "link": "https://dorar.net/arabia/2920",
    "section": "al-insha",
    "answers": [
      {
        "answer": "نِهايَةُ الحَبْكِ القَصَصِيِّ",
        "t": 0
      },
      {
        "answer": "تَقسِيمُ الرِّوايَةِ إلى: مُقدِّمَة، وأَحداث، وخاتِمَة",
        "t": 0
      },
      {
        "answer": "حَذْفُ حَشْوِ الكَلامِ وما لا قيمةَ له ",
        "t": 1
      }
    ]
  },
  {
    "id": 6563,
    "q": "يُشتَرَطُ في الألفاظ المُرَكَّبة أن:",
    "level": 2,
    "link": "https://dorar.net/arabia/2857",
    "section": "al-insha",
    "answers": [
      {
        "answer": "تكونُ مُتساوِيَةً في عَددِ الحُروفِ",
        "t": 0
      },
      {
        "answer": "يَحسُنَ التَّقديمُ والتَّأخيرُ بَيْنَ كَلِماتِها",
        "t": 1
      },
      {
        "answer": "أن تَشتَمِلَ على مَصادِر مُجرَّدَة لا مَزيدَة",
        "t": 0
      }
    ]
  },
  {
    "id": 6571,
    "q": "مِن شُروطِ القِصَّةِ القَصيرةِ أن يتوافَرَ فيها:",
    "level": 2,
    "link": "https://dorar.net/arabia/2918",
    "section": "al-insha",
    "answers": [
      {
        "answer": "الشَّخصِيَّةُ",
        "t": 1
      },
      {
        "answer": "الزَّمنُ",
        "t": 0
      },
      {
        "answer": "الحُزنُ",
        "t": 0
      }
    ]
  },
  {
    "id": 6568,
    "q": "مِن أَشهَرِ مَن لهُم اهتِمامٌ بالمَقاماتِ الأدَبيَّةِ",
    "level": 2,
    "link": "https://dorar.net/arabia/2904",
    "section": "al-insha",
    "answers": [
      {
        "answer": "الثَّعالِبِي",
        "t": 0
      },
      {
        "answer": "بَديعُ الزَّمانِ الهَمَذانيُّ",
        "t": 1
      },
      {
        "answer": "أبو إِسحاقَ الأَخفَش",
        "t": 0
      }
    ]
  },
  {
    "id": 6573,
    "q": "تختَلِفُ الرِّوايةُ عن القِصَّةِ القصيرةِ في ",
    "level": 2,
    "link": "https://dorar.net/arabia/2920",
    "section": "al-insha",
    "answers": [
      {
        "answer": "عنوان الغلاف",
        "t": 0
      },
      {
        "answer": "الحَجْمِ وطريقةِ تَناوُلِ الأحداثِ",
        "t": 1
      },
      {
        "answer": "اسم الكاتب",
        "t": 0
      }
    ]
  }
]