[
  {
    "id": 6583,
    "q": "قِسمٌ مِن المَعاني؛ زِيد فيه تنميقٌ من خُصوصيَّاتِ الكَلامِ؛ لإفادةِ تحسينِ المعنى وتقريرِه:",
    "level": 3,
    "link": "https://dorar.net/arabia/2846",
    "section": "al-insha",
    "answers": [
      {
        "answer": "المُكَيَّفُ",
        "t": 1
      },
      {
        "answer": "البَسِيطُ",
        "t": 0
      },
      {
        "answer": "التَّسهِيلُ",
        "t": 0
      }
    ]
  },
  {
    "id": 6588,
    "q": "مُؤَلِّفُ المَقامَة المَضِيرِيَّة هو:",
    "level": 3,
    "link": "https://dorar.net/arabia/2908",
    "section": "al-insha",
    "answers": [
      {
        "answer": "بَديعُ الزَّمانِ الهَمَذانيُّ",
        "t": 1
      },
      {
        "answer": "الحَريريُّ",
        "t": 0
      },
      {
        "answer": "نُشوانُ الحُمَيريُّ",
        "t": 0
      }
    ]
  },
  {
    "id": 6596,
    "q": "من القَواعِد العامَّة لكِتابةِ الفَنِّ القَصَصيِّ:",
    "level": 3,
    "link": "https://dorar.net/arabia/2922",
    "section": "al-insha",
    "answers": [
      {
        "answer": "المَنهَجُ الاجْتِماعيُّ؛ في وَصفِ صُورَةِ المُجتمَعِ بما هو عليه دُونَ تَجميلٍ",
        "t": 0
      },
      {
        "answer": "العَمَلُ على رَسمِ الشَّخْصيَّةِ غير مُتناقِضة في أقوالِها وأعماِلها",
        "t": 1
      },
      {
        "answer": "استِبعادُ صُورَةِ البَطلِ الخارِق",
        "t": 0
      }
    ]
  },
  {
    "id": 6592,
    "q": "ثلاثِيَّات نَجِيب مَحفُوظ مَن أَنواعِ:",
    "level": 3,
    "link": "https://dorar.net/arabia/2913",
    "section": "al-insha",
    "answers": [
      {
        "answer": "الرِّواياتُ والقِصَصُ الاجتِماعيَّةُ",
        "t": 1
      },
      {
        "answer": "المَعاجِم اللُّغويَّة",
        "t": 0
      },
      {
        "answer": "الرَّسائلِ الأَدبِيَّةِ",
        "t": 0
      }
    ]
  },
  {
    "id": 6591,
    "q": "مِن مَراحِل العَمَلِ القَصَصيِّ:",
    "level": 3,
    "link": "https://dorar.net/arabia/2913",
    "section": "al-insha",
    "answers": [
      {
        "answer": "مَرحَلةُ التَّرجمةِ",
        "t": 1
      },
      {
        "answer": "مَرحلَةُ التَّجمِيعِ",
        "t": 0
      },
      {
        "answer": "مَرحَلَةُ التَّصنِيفِ",
        "t": 0
      }
    ]
  },
  {
    "id": 6594,
    "q": "مِن مَظاهِرِ الأُسلوبِ القَصَصيِّ:",
    "level": 3,
    "link": "https://dorar.net/arabia/2920",
    "section": "al-insha",
    "answers": [
      {
        "answer": "تَنَوُّعُ مَعايِيرِ الكِتابَةِ",
        "t": 0
      },
      {
        "answer": "تَغَيُّر دَلالاتِ الألفاظِ",
        "t": 0
      },
      {
        "answer": "المبالَغةُ أحيانًا",
        "t": 1
      }
    ]
  },
  {
    "id": 6585,
    "q": "يعتَمِدُ على الخَيالِ اعتمادًا كبيرًا:",
    "level": 3,
    "link": "https://dorar.net/arabia/2897",
    "section": "al-insha",
    "answers": [
      {
        "answer": "الوَصفُ",
        "t": 1
      },
      {
        "answer": "المَعنَى",
        "t": 0
      },
      {
        "answer": "اللَّفظُ",
        "t": 0
      }
    ]
  },
  {
    "id": 6598,
    "q": "دَلالةُ اللَّفْظِ على كَمالِ المعنى المرادِ، تُسمَّى:",
    "level": 3,
    "link": "https://dorar.net/arabia/2855",
    "section": "al-insha",
    "answers": [
      {
        "answer": "صَراحةَ الكَلِمةِ",
        "t": 1
      },
      {
        "answer": "سَلامَةَ الفِكْرَةِ",
        "t": 0
      },
      {
        "answer": "صِحَّةَ الطَّبْعِ",
        "t": 0
      }
    ]
  },
  {
    "id": 6582,
    "q": "أيهما أفضل: اللَّفْظُ أو المَعْنى ؟",
    "level": 3,
    "link": "https://dorar.net/arabia/2841",
    "section": "al-insha",
    "answers": [
      {
        "answer": "ذهب أكثَرُ الأُدَباءِ والبلاغِيِّينَ إلى أفضَلِيَّةِ المَعنَى",
        "t": 1
      },
      {
        "answer": "لا تَفاضُلَ بينهُما",
        "t": 0
      },
      {
        "answer": "ذهَب أكثَرُ الأُدَباءِ والبلاغِيِّينَ إلى أفضَلِيَّةِ اللَّفظِ",
        "t": 0
      }
    ]
  },
  {
    "id": 6599,
    "q": "يُطلَقُ على: سَلامةِ الكَلِمةِ مِنَ الابتِذالِ:",
    "level": 3,
    "link": "https://dorar.net/arabia/2855",
    "section": "al-insha",
    "answers": [
      {
        "answer": "تَأثيرُ الكَلِمةِ",
        "t": 0
      },
      {
        "answer": "قُوَّةُ الكَلِمةِ ",
        "t": 0
      },
      {
        "answer": "عِزَّةُ الكَلِمةِ ",
        "t": 1
      }
    ]
  },
  {
    "id": 6581,
    "q": "أن يُضَمِّن الكلامَ البَيتَ الكامِلَ أو بَعْضَه لبَعْضِ القَرينةِ:",
    "level": 3,
    "link": "https://dorar.net/arabia/2818",
    "section": "al-insha",
    "answers": [
      {
        "answer": "المُلاصَقَةُ",
        "t": 0
      },
      {
        "answer": "التَّضْمِينُ",
        "t": 1
      },
      {
        "answer": "الاحتِجاجُ",
        "t": 0
      }
    ]
  },
  {
    "id": 6595,
    "q": "يدخُلُ عُنصُرُ الحُبِّ في الرِّواياتِ والقِصَصِ بسَببِ:",
    "level": 3,
    "link": "https://dorar.net/arabia/2920",
    "section": "al-insha",
    "answers": [
      {
        "answer": "شُيوعِه في التُّراثِ الأدَبيِّ القَديمِ",
        "t": 0
      },
      {
        "answer": "قُوَّتِه وسُلْطانِه العامِّ على النُّفوسِ",
        "t": 1
      },
      {
        "answer": "الكَشْفِ عن جَماليَّاتِ النَّصِّ",
        "t": 0
      }
    ]
  },
  {
    "id": 6597,
    "q": "الخَطابةُ تُسَمَّى بالفَنِّ العَمَليِّ، أو الفَنِّ الكامِلِ وذلك:",
    "level": 3,
    "link": "https://dorar.net/arabia/2931",
    "section": "al-insha",
    "answers": [
      {
        "answer": "لاحتِوائِه على جَميعِ أَنواعِ الأَدبِ في شَيءٍ واحِدٍ",
        "t": 0
      },
      {
        "answer": "لشِدَّةِ لُصوقِ الأدَبِ بالمُجْتمَعِ",
        "t": 0
      },
      {
        "answer": "لجَمْعِه بَيْنَ شَخصِيَّتَيِ الخَطيبِ الحِسِّيَّةِ والمَعْنويَّةِ",
        "t": 1
      }
    ]
  },
  {
    "id": 6587,
    "q": "مما يُؤخَذُ على الحريريِّ اهتمامُه بـ:",
    "level": 3,
    "link": "https://dorar.net/arabia/2906",
    "section": "al-insha",
    "answers": [
      {
        "answer": "إِهمالُ المَعنَى",
        "t": 0
      },
      {
        "answer": "التَّزيينِ اللَّفْظيِّ",
        "t": 1
      },
      {
        "answer": "الإِنشاءِ القِياسيِّ",
        "t": 0
      }
    ]
  },
  {
    "id": 6589,
    "q": "قالَبٌ إبداعيٌّ يَعتَمِدُ فيه الكاتِبُ على سَردِ أحداثٍ مُعَيَّنةٍ تجري بَيْنَ شَخصيَّةٍ وأُخرى:",
    "level": 3,
    "link": "https://dorar.net/arabia/2911",
    "section": "al-insha",
    "answers": [
      {
        "answer": "النَّثرُ",
        "t": 0
      },
      {
        "answer": "القِصَّةُ",
        "t": 1
      },
      {
        "answer": "الدِّيوانُ",
        "t": 0
      }
    ]
  },
  {
    "id": 6593,
    "q": "من عَناصِرُ الفَنِّ القَصَصيِّ:",
    "level": 3,
    "link": "https://dorar.net/arabia/2916",
    "section": "al-insha",
    "answers": [
      {
        "answer": "الحادِثةُ",
        "t": 1
      },
      {
        "answer": "البَلاغَةُ",
        "t": 0
      },
      {
        "answer": "الخَيالُ",
        "t": 0
      }
    ]
  },
  {
    "id": 6590,
    "q": "تتَّسِمُ الرِّوايةُ بعِدَّةِ خواصَّ، منها:",
    "level": 3,
    "link": "https://dorar.net/arabia/2920",
    "section": "al-insha",
    "answers": [
      {
        "answer": "التَّسَلْسُلُ والاطِّرادُ",
        "t": 1
      },
      {
        "answer": "الاتِّصالُ العَميقُ",
        "t": 0
      },
      {
        "answer": "التَّرادُف اللَّفظِيُّ",
        "t": 0
      }
    ]
  },
  {
    "id": 6584,
    "q": "أن يكونَ الأصلُ في المعنى والتَّعبيرُ عنه مُوافِقًا للواقِعِ:",
    "level": 3,
    "link": "https://dorar.net/arabia/2848",
    "section": "al-insha",
    "answers": [
      {
        "answer": "السَّدادُ",
        "t": 1
      },
      {
        "answer": "الاقتِصارُ",
        "t": 0
      },
      {
        "answer": "الأَداءُ",
        "t": 0
      }
    ]
  },
  {
    "id": 6600,
    "q": "تواطُؤُ الفواصِلِ مِنَ الكَلامِ المنثورِ على وَزنٍ واحِدٍ، يُسمَّى:",
    "level": 3,
    "link": "https://dorar.net/arabia/2860",
    "section": "al-insha",
    "answers": [
      {
        "answer": "التَّكرارَ المَعنويَّ",
        "t": 0
      },
      {
        "answer": "التَعضِيدَ",
        "t": 0
      },
      {
        "answer": "السَّجْعَ",
        "t": 1
      }
    ]
  },
  {
    "id": 6586,
    "q": "ركَّز بَديعُ الزَّمانِ في مَقاماتِه على: ",
    "level": 3,
    "link": "https://dorar.net/arabia/2904",
    "section": "al-insha",
    "answers": [
      {
        "answer": "نَقْدِ المجتَمَعِ، وكَشْفِ عُيوبِ أهلِ عَصْرِه",
        "t": 1
      },
      {
        "answer": "الخُطَبِ الوَعْظِيَّة، مع بَعضِ المَدحِ، والرِّثاءِ، والغَزل، والحَماسَة",
        "t": 0
      },
      {
        "answer": "التَّارِيخِ والأَدَبِ",
        "t": 0
      }
    ]
  }
]