[
  {
    "id": 6548,
    "q": "أكثَرَ العَرَبُ منِ استِعْمالِ الأمْثالِ بسَببِ:",
    "level": 1,
    "link": "https://dorar.net/arabia/2807",
    "section": "al-insha",
    "answers": [
      {
        "answer": "استِخدامِ القُرآنِ لها وشُيوعِها بين آياتِه",
        "t": 0
      },
      {
        "answer": "التَّفاخُرِ بها مِثل الأَشعارِ والمُعلَّقاتِ والأَنسابِ",
        "t": 0
      },
      {
        "answer": "شُهرتِها وإيجازِها، مع ما فيها من بَلاغةٍ وتصويرٍ",
        "t": 1
      }
    ]
  },
  {
    "id": 6549,
    "q": "افتِتاحُ الخُطْبةِ الَّتي بها يَستَهِلُّ الخَطيبُ كَلامَه؛ يُسمَّى:",
    "level": 1,
    "link": "https://dorar.net/arabia/2933",
    "section": "al-insha",
    "answers": [
      {
        "answer": "بابَ الخُطبَةِ",
        "t": 0
      },
      {
        "answer": "نافِذةَ الخُطبَةِ",
        "t": 0
      },
      {
        "answer": "مُقَدِّمةَ الخُطبَةِ",
        "t": 1
      }
    ]
  },
  {
    "id": 6553,
    "q": "يُشتَرَطُ في العَمَلِ الأدَبيِّ:",
    "level": 1,
    "link": "https://dorar.net/arabia/2875",
    "section": "al-insha",
    "answers": [
      {
        "answer": "أن يحويَ خاتِمةً تختِمُ كَلامَه وتُطَرِّزُه",
        "t": 1
      },
      {
        "answer": "أن يَمزجَ بين العَقلِ والخَيالِ في حُدودِ المُمْكِن",
        "t": 0
      },
      {
        "answer": "أن يكونَ خالِيًا مِن التَّكلُّفِ، والسَّجعِ، والتَّطويلِ، ونحوِ ذلك",
        "t": 0
      }
    ]
  },
  {
    "id": 6547,
    "q": "الرَّسائِلُ الَّتي تدورُ بَيْنَ الأهْلِ والأحبابِ تُسمَّى:",
    "level": 1,
    "link": "https://dorar.net/arabia/2888",
    "section": "al-insha",
    "answers": [
      {
        "answer": "رَسائِلَ الأَحِبَّةِ",
        "t": 0
      },
      {
        "answer": "الرَّسائلَ الأدَبِيَّة",
        "t": 0
      },
      {
        "answer": "الرَّسائِلَ الأهلِيَّةَ",
        "t": 1
      }
    ]
  },
  {
    "id": 6558,
    "q": "فَنٌّ من فُنونِ الكَلامِ، غايتُه إقناعُ السَّامِعينَ والتَّأثيرُ فيهم بصَوابِ قضيَّةٍ أو بخطَأِ أُخرى:",
    "level": 1,
    "link": "https://dorar.net/arabia/2927",
    "section": "al-insha",
    "answers": [
      {
        "answer": "القِصَّةُ القَصيرَةُ",
        "t": 0
      },
      {
        "answer": "الخُطْبةُ",
        "t": 1
      },
      {
        "answer": "الرِّسالَةُ",
        "t": 0
      }
    ]
  },
  {
    "id": 6421,
    "q": "مِن أَنواعِ الرَّسائِل الأهلِيَّة:",
    "level": 1,
    "link": "https://dorar.net/arabia/2888",
    "section": "al-insha",
    "answers": [
      {
        "answer": "الوَصَايا",
        "t": 1
      },
      {
        "answer": "الرَّمَضَنِيَّات",
        "t": 0
      },
      {
        "answer": "المُناوَلَة",
        "t": 0
      }
    ]
  },
  {
    "id": 6557,
    "q": "مِن الرَّسائلِ التي استَعمَلها النبيُّ صلَّى الله عليه وسلَّم:",
    "level": 1,
    "link": "https://dorar.net/arabia/2890",
    "section": "al-insha",
    "answers": [
      {
        "answer": "الرَّسائلُ إلى مُلوكِ البِلدانِ",
        "t": 1
      },
      {
        "answer": "رَسائلُ الصُّكُوكِ",
        "t": 0
      },
      {
        "answer": "رَسائلُ الغُفرانِ",
        "t": 0
      }
    ]
  },
  {
    "id": 6560,
    "q": "تكون بين الخُلَفاءِ والوُزَراءِ ونَحْوِهم في شُؤونِ الدَّولةِ:",
    "level": 1,
    "link": "https://dorar.net/arabia/2890",
    "section": "al-insha",
    "answers": [
      {
        "answer": "الرَّسائِلُ والمُكاتَباتُ الرَّسْميَّةُ",
        "t": 1
      },
      {
        "answer": "رَسائلُ الدَّواوِينِ",
        "t": 0
      },
      {
        "answer": "رَسائلُ الزُّوَّارِ",
        "t": 0
      }
    ]
  },
  {
    "id": 6552,
    "q": "مِن أَشهَرِ الخُطَبِ في الإِسلامِ ",
    "level": 1,
    "link": "https://dorar.net/arabia/5994",
    "section": "al-insha",
    "answers": [
      {
        "answer": "خُطبَةُ غَزوَةِ أُحُدٍ",
        "t": 0
      },
      {
        "answer": "خُطْبةُ الوداعِ",
        "t": 1
      },
      {
        "answer": "خُطبَةُ عاشُوراءِ",
        "t": 0
      }
    ]
  },
  {
    "id": 6544,
    "q": "نَّوعُ مِنَ القِصَصِ يتقَيَّدُ بأحداثِ التَّاريخِ وشَخصيَّاتِه:",
    "level": 1,
    "link": "https://dorar.net/arabia/2913",
    "section": "al-insha",
    "answers": [
      {
        "answer": "مَعاجِمُ الأَحداثِ التَّاريخِيَّةِ",
        "t": 0
      },
      {
        "answer": "القِصَصُ التَّاريخيَّةُ",
        "t": 1
      },
      {
        "answer": "الفَوائِدُ التَّاريخِيَّةُ",
        "t": 0
      }
    ]
  },
  {
    "id": 6556,
    "q": "يُشتَرَطُ فيها أن تكونَ مُترابِطةَ الأجزاءِ، مِن بدايتِها إلى نهايتِها تدورُ حَولَ مَوضوعٍ واحِدٍ:",
    "level": 1,
    "link": "https://dorar.net/arabia/2911",
    "section": "al-insha",
    "answers": [
      {
        "answer": "القِصَّة",
        "t": 1
      },
      {
        "answer": "الرَّسائلُ الدِّيوانِيَّة",
        "t": 0
      },
      {
        "answer": "الرِّوايَة",
        "t": 0
      }
    ]
  },
  {
    "id": 6551,
    "q": "مما يعين على إتقانِ الخُطْبةِ:",
    "level": 1,
    "link": "https://dorar.net/arabia/2939",
    "section": "al-insha",
    "answers": [
      {
        "answer": "تنويعُ الأُسلوبِ ومُراعاةُ أفهامِ النَّاسِ",
        "t": 1
      },
      {
        "answer": "تَقسِيمُ الخُطبَةِ إلى أَربعَةِ أَقسامٍ",
        "t": 0
      },
      {
        "answer": null,
        "t": 0
      }
    ]
  },
  {
    "id": 6436,
    "q": "من أبرَز فَضائِلِ القِراءةِ الأدبِيَّةِ:",
    "level": 1,
    "link": "https://dorar.net/arabia/2811",
    "section": "al-insha",
    "answers": [
      {
        "answer": "استِحضارُ تَاريخِ الأدَبِ",
        "t": 0
      },
      {
        "answer": "التَّميِيزُ بين أَساليبِ القِراءَةِ",
        "t": 0
      },
      {
        "answer": "حُصولِ مَلَكةِ البَلاغةِ",
        "t": 1
      }
    ]
  },
  {
    "id": 6545,
    "q": "القِصَّة القَصيرة تعتَمِدُ على:",
    "level": 1,
    "link": "https://dorar.net/arabia/6282",
    "section": "al-insha",
    "answers": [
      {
        "answer": "الإيجازِ والتَّركيزِ على الشَّخْصيَّاتِ والأحداثِ الرَّئيسةِ",
        "t": 1
      },
      {
        "answer": "الوَصْفِ البَيانيِّ للنَّصِّ",
        "t": 0
      },
      {
        "answer": "المُقدِّمَةِ والتَّوطِئَةِ وتَفاصيلِ الأَحداثِ",
        "t": 0
      }
    ]
  },
  {
    "id": 6546,
    "q": "كَلامٌ يُحاوَلُ به إقناعُ السَّامِعينَ بصِحَّةِ غَرَضٍ يَقصِدُه المُتكَلِّمُ، لفِعْلِه أو الانفِعالِ به:",
    "level": 1,
    "link": "https://dorar.net/arabia/2927",
    "section": "al-insha",
    "answers": [
      {
        "answer": "الوَصِيَّةُ",
        "t": 0
      },
      {
        "answer": "الخُطبةُ",
        "t": 1
      },
      {
        "answer": "الرِّسالَةُ",
        "t": 0
      }
    ]
  },
  {
    "id": 6559,
    "q": "مِن أهَمِّ ما يحتاجُه الكاتِبُ: ",
    "level": 1,
    "link": "https://dorar.net/arabia/2791",
    "section": "al-insha",
    "answers": [
      {
        "answer": "الاطِّلاعُ على الأَدَبِ الجاهِليِّ، وحِفظُ المُعلَّقاتِ السَّبعِ",
        "t": 0
      },
      {
        "answer": "دِراسةَ اللُّغةِ العَرَبيَّةِ وأساليبِها وقواعِدِها ",
        "t": 1
      },
      {
        "answer": "مَعرِفَةُ اللَّهجاتِ العَربيَّةِ ومَواطِن تَمركُّز كلِّ لَهجَةٍ",
        "t": 0
      }
    ]
  },
  {
    "id": 6543,
    "q": "هي الرَّسائِلُ يُرسِلُها أديبٌ إلى أديبٍ آخَرَ متحَدِّثًا في قَضِيَّةٍ أَدَبيَّةٍ:",
    "level": 1,
    "link": "https://dorar.net/arabia/2892",
    "section": "al-insha",
    "answers": [
      {
        "answer": "الرَّسائِلُ الأدَبيَّةُ",
        "t": 1
      },
      {
        "answer": "الأَدَبِيَّات",
        "t": 0
      },
      {
        "answer": "الرَّسائِلُ اللُّغوِيَّةُ",
        "t": 0
      }
    ]
  },
  {
    "id": 6555,
    "q": "مِن أشهَرِ الخُطَباءِ في الجاهِليَّةِ:",
    "level": 1,
    "link": "https://dorar.net/arabia/5935",
    "section": "al-insha",
    "answers": [
      {
        "answer": "سِيبَويهِ",
        "t": 0
      },
      {
        "answer": "يَزيدُ بنُ المُهلَّب",
        "t": 0
      },
      {
        "answer": "قُسُّ بنُ ساعِدةَ",
        "t": 1
      }
    ]
  },
  {
    "id": 6554,
    "q": "مِن أَنواعِ رَسائلِ الوَصايا:",
    "level": 1,
    "link": "https://dorar.net/arabia/2888",
    "section": "al-insha",
    "answers": [
      {
        "answer": "رَسائلُ أحَدِ الشَّيوخِ لتِلامِذَتِه",
        "t": 1
      },
      {
        "answer": "رَسائلُ المُلُوكِ للأُمراءِ وقَادةِ الجُيوشِ والقُضاةِ ",
        "t": 0
      },
      {
        "answer": "رَسائلُ الرُّومِ للرُّهبانِ في جَزيرةِ العَربِ",
        "t": 0
      }
    ]
  },
  {
    "id": 6550,
    "q": "يُشتَرَطُ في الخَطيبِ",
    "level": 1,
    "link": "https://dorar.net/arabia/2937",
    "section": "al-insha",
    "answers": [
      {
        "answer": "خَفضِ الصَّوتِ إلَّا عند التَّرغِيبِ والتَّرهيبِ",
        "t": 0
      },
      {
        "answer": "الاستِشهادُ بآيِ القُرآنِ، والحَديثِ، وأَبياتِ الشِّعْرِ",
        "t": 0
      },
      {
        "answer": "سَلاسةُ المَنطِقِ والقُدرةُ على التَّعبيرِ والأداءِ",
        "t": 1
      }
    ]
  }
]