[
  {
    "id": 2301,
    "q": "الاكتِحال زَمانَ الإحداد",
    "level": 1,
    "link": "https://www.dorar.net/feqhia/5069",
    "section": "idah",
    "answers": [
      {
        "answer": "يَجوزُ",
        "t": 0
      },
      {
        "answer": "لا يَجوزُ",
        "t": 1
      },
      {
        "answer": "يَجوزُ لِلحاجَة إليه",
        "t": 0
      }
    ]
  },
  {
    "id": 2299,
    "q": "الطِّيب والزِّينة لِلمرأة المُحِدَّة",
    "level": 1,
    "link": "https://www.dorar.net/feqhia/5065",
    "section": "idah",
    "answers": [
      {
        "answer": "لا يَجوزُ الطِّيبُ والزِّينةُ",
        "t": 1
      },
      {
        "answer": "يَجوزُ استِعمالُ الطِّيب دون الزِّينة",
        "t": 0
      },
      {
        "answer": "يَجوزُ الطِّيب والزِّينة لها",
        "t": 0
      }
    ]
  },
  {
    "id": 2294,
    "q": "إحداد الصَّغيرة المُتَوَفَّى عنها زَوجُها",
    "level": 1,
    "link": "https://www.dorar.net/feqhia/5054",
    "section": "idah",
    "answers": [
      {
        "answer": "يَجِب",
        "t": 1
      },
      {
        "answer": "يُكرَه",
        "t": 0
      },
      {
        "answer": "يُستَحبُّ",
        "t": 0
      }
    ]
  },
  {
    "id": 2298,
    "q": "لُبْس المرأة المُحِدَّة المُزَعْفَرَ والمُعَصْفَرَ",
    "level": 1,
    "link": "https://www.dorar.net/feqhia/5063",
    "section": "idah",
    "answers": [
      {
        "answer": "يَجوزُ",
        "t": 0
      },
      {
        "answer": "يُكرَه",
        "t": 0
      },
      {
        "answer": "لا يَجوزُ",
        "t": 1
      }
    ]
  },
  {
    "id": 2300,
    "q": "لُبْس الحُلِيِّ في الإحداد",
    "level": 1,
    "link": "https://www.dorar.net/feqhia/5067",
    "section": "idah",
    "answers": [
      {
        "answer": "يَجوزُ أمامَ أهلِها ومَحارِمها",
        "t": 0
      },
      {
        "answer": "لا يَجوزُ",
        "t": 1
      },
      {
        "answer": "يَجوزُ",
        "t": 0
      }
    ]
  },
  {
    "id": 2293,
    "q": "الإحداد على المُتَوَفَّى عنها زَوجُها",
    "level": 1,
    "link": "https://www.dorar.net/feqhia/5052",
    "section": "idah",
    "answers": [
      {
        "answer": "بِدعة",
        "t": 0
      },
      {
        "answer": "مُستَحَبٌّ",
        "t": 0
      },
      {
        "answer": "واجِب",
        "t": 1
      }
    ]
  },
  {
    "id": 2285,
    "q": "حُكم اللِّعان",
    "level": 1,
    "link": "https://www.dorar.net/feqhia/4895",
    "section": "idah",
    "answers": [
      {
        "answer": "حَرام",
        "t": 0
      },
      {
        "answer": "واجِب",
        "t": 0
      },
      {
        "answer": "مَشروع",
        "t": 1
      }
    ]
  },
  {
    "id": 2296,
    "q": "الإحدادُ في النِّكاح الفاسِد والمَوطوءةِ بشُبهةٍ",
    "level": 1,
    "link": "https://www.dorar.net/feqhia/5058",
    "section": "idah",
    "answers": [
      {
        "answer": "يَجِب",
        "t": 0
      },
      {
        "answer": "لا يُشرَع",
        "t": 1
      },
      {
        "answer": "يُستَحَبُّ",
        "t": 0
      }
    ]
  },
  {
    "id": 2283,
    "q": "هو: \"شَهاداتٌ مُؤكَّداتٌ بالأيْمانِ، مَقرونةٌ باللَّعنِ مِن جِهةِ الزَّوجِ، وبالغَضَبِ مِن جِهةِ الزَّوجةِ، قائِمةٌ مَقامَ حَدِّ القَذفِ في حَقِّ الزَّوجِ، ومَقامَ حَدِّ الزِّنا في حَقِّ الزَّوجةِ\"",
    "level": 1,
    "link": "https://www.dorar.net/feqhia/4891",
    "section": "idah",
    "answers": [
      {
        "answer": "اللِّعانُ",
        "t": 1
      },
      {
        "answer": "الأَيْمانُ",
        "t": 0
      },
      {
        "answer": "الإِيلاءُ",
        "t": 0
      }
    ]
  },
  {
    "id": 2297,
    "q": "الحِكمة مِنَ الإحدادِ:",
    "level": 1,
    "link": "https://www.dorar.net/feqhia/5060",
    "section": "idah",
    "answers": [
      {
        "answer": "تَعظيم خَطَر النِّكاح وإظهار شَرَفه",
        "t": 0
      },
      {
        "answer": "جَميع ما سَبَق",
        "t": 1
      },
      {
        "answer": "التَّأكيد على الفَرْق بَينَ الزَّواجِ وبَينَ الزِّنا، والحِرْص على الاحتياطِ لِحَقِّ الزَّوْج المُتَوَفَّى",
        "t": 0
      }
    ]
  },
  {
    "id": 2292,
    "q": "الإحداد مَعناه",
    "level": 1,
    "link": "https://www.dorar.net/feqhia/5049",
    "section": "idah",
    "answers": [
      {
        "answer": "الامتِناع عنِ الزِّينة والطِّيب، ومُلازَمة البَيْت لِلمُتَوَفَّى عنها زَوجُها",
        "t": 1
      },
      {
        "answer": "صِناعة الحَديد",
        "t": 0
      },
      {
        "answer": "إزالة شَعْر العانة",
        "t": 0
      }
    ]
  },
  {
    "id": 2288,
    "q": "حُكم العِدة",
    "level": 1,
    "link": "https://www.dorar.net/feqhia/4946",
    "section": "idah",
    "answers": [
      {
        "answer": "مُباحَة",
        "t": 0
      },
      {
        "answer": "مُستَحبَّة",
        "t": 0
      },
      {
        "answer": "واجِبة",
        "t": 1
      }
    ]
  },
  {
    "id": 2286,
    "q": "مِن حِكمِ مَشروعيَّةِ اللِّعانِ:\n ",
    "level": 1,
    "link": "https://www.dorar.net/feqhia/4898",
    "section": "idah",
    "answers": [
      {
        "answer": "حِفْظ شَرَف الرَّجُل والمَرأَةِ",
        "t": 0
      },
      {
        "answer": "حِفظُ الأنسابِ",
        "t": 1
      },
      {
        "answer": "ابتِلاءُ المُكلَّفِينَ",
        "t": 0
      }
    ]
  },
  {
    "id": 2284,
    "q": "صِيغة اللِّعان هي:",
    "level": 1,
    "link": "https://www.dorar.net/feqhia/4893",
    "section": "idah",
    "answers": [
      {
        "answer": "أنْ يَقولَ الزَّوجُ أربَعَ مَرَّاتٍ: أشهَدُ باللهِ إنِّي لَصادِقٌ فيما رَمَيتُها به مِنَ الزِّنا، ويَقولَ في الخامِسةِ: لَعنةُ اللهِ علَيَّ إنْ كنتُ كاذِبًا فيما رَميتُها به مِنَ الزِّنا، وأنْ تقولَ الزَّوجةُ أربَعَ مَرَّاتٍ: أشهَدُ باللهِ إنَّه لَكاذِبٌ ",
        "t": 1
      },
      {
        "answer": "ليس لها صِيغة مُحَدَّدةٌ في الشَّرْع",
        "t": 0
      },
      {
        "answer": "أنْ يقولَ الزَّوجُ أربَعَ مَرَّاتٍ: أشهَدُ باللهِ إنِّي لم أزْنِ ولم تَزْنِ زَوجَتي",
        "t": 0
      }
    ]
  },
  {
    "id": 2289,
    "q": "الحِكمة مِن مَشروعيَّة العِدَّة",
    "level": 1,
    "link": "https://www.dorar.net/feqhia/4949",
    "section": "idah",
    "answers": [
      {
        "answer": "كلُّ ما سَبَق",
        "t": 1
      },
      {
        "answer": "تَعظيم خَطَر عَقد النِّكاح",
        "t": 0
      },
      {
        "answer": "استِبراءُ الرَّحِم والاحتياطُ لِحَقِّ الزَّوْج",
        "t": 0
      }
    ]
  },
  {
    "id": 2291,
    "q": "عِدَّة المُطلَّقة التي تَحيض",
    "level": 1,
    "link": "https://www.dorar.net/feqhia/4986",
    "section": "idah",
    "answers": [
      {
        "answer": "أربَعة أشهُر وعشْر",
        "t": 0
      },
      {
        "answer": "ثلاث حَيضاتٍ",
        "t": 1
      },
      {
        "answer": "ثلاثة أشهُر",
        "t": 0
      }
    ]
  },
  {
    "id": 2287,
    "q": "العِدَّة شَرعًا هي",
    "level": 1,
    "link": "https://www.dorar.net/feqhia/4944",
    "section": "idah",
    "answers": [
      {
        "answer": "المُدَّة التي تَترَبَّص فيها المرأة بَعدَ وَفاة الزَّوْج، أو الفِراق، إمَّا بالوِلادة أو الحَيْض، أو بالشُّهور",
        "t": 1
      },
      {
        "answer": "ما تَنتَظِرُه المَرأةُ التي فُقِدَ زَوجُها لتَحِلَّ لغَيرِه",
        "t": 0
      },
      {
        "answer": "المُدَّةُ التي يُتوَقَّعُ فيها حَملُ المَرأةِ بعدَ وفاةٍ أو طَلاقٍ",
        "t": 0
      }
    ]
  },
  {
    "id": 2302,
    "q": "الاختِضابُ بالحِنَّاء لِلمُحِدَّة",
    "level": 1,
    "link": "https://www.dorar.net/feqhia/5071",
    "section": "idah",
    "answers": [
      {
        "answer": "يَجوزُ",
        "t": 0
      },
      {
        "answer": "يُكرَه",
        "t": 0
      },
      {
        "answer": "لا يَجوزُ",
        "t": 1
      }
    ]
  },
  {
    "id": 2295,
    "q": "إحداد الكِتابيَّة على زَوْجها المُسلِم",
    "level": 1,
    "link": "https://www.dorar.net/feqhia/5056",
    "section": "idah",
    "answers": [
      {
        "answer": "لا يَجوزُ",
        "t": 0
      },
      {
        "answer": "يُستَحَبُّ",
        "t": 0
      },
      {
        "answer": "يَجِب",
        "t": 1
      }
    ]
  },
  {
    "id": 2290,
    "q": "أسبابُ العِدَّة",
    "level": 1,
    "link": "https://www.dorar.net/feqhia/4951",
    "section": "idah",
    "answers": [
      {
        "answer": "الوَفاة فَقَط",
        "t": 0
      },
      {
        "answer": "الطَّلاق والوَفاة",
        "t": 1
      },
      {
        "answer": "الطَّلاق فَقَط",
        "t": 0
      }
    ]
  }
]