[
  {
    "id": 2326,
    "q": "يَترتَّبُ على لِعانِ الزَّوجةِ:",
    "level": 3,
    "link": "https://www.dorar.net/feqhia/4926",
    "section": "idah",
    "answers": [
      {
        "answer": "سُقوطُ حَدِّ الزِّنا عنها",
        "t": 1
      },
      {
        "answer": "تَزَوُّجُ الزَّاني بها",
        "t": 0
      },
      {
        "answer": "جَلدُها ثمانين جَلدةً",
        "t": 0
      }
    ]
  },
  {
    "id": 2330,
    "q": "مما يَترتَّبُ على نُكولِ الزَّوجِ عن اللِّعانِ:",
    "level": 3,
    "link": "https://www.dorar.net/feqhia/4935",
    "section": "idah",
    "answers": [
      {
        "answer": "إقامةُ حَدِّ القَذفِ عليه",
        "t": 1
      },
      {
        "answer": "إقامةُ حَدِّ الزِّنا عليهما",
        "t": 0
      },
      {
        "answer": "إقامةُ حَدِّ الزِّنا عليها",
        "t": 0
      }
    ]
  },
  {
    "id": 2325,
    "q": "يَترتَّبُ على اللِّعانِ:",
    "level": 3,
    "link": "https://www.dorar.net/feqhia/4924",
    "section": "idah",
    "answers": [
      {
        "answer": "نِسبة الوَلَد لِلقاذِف",
        "t": 0
      },
      {
        "answer": "سُقوطُ حَدِّ القَذفِ عن الزَّوجِ إذا تَمَّ لِعانُه",
        "t": 1
      },
      {
        "answer": "إثباتُ الزِّنا على المَرأَةِ",
        "t": 0
      }
    ]
  },
  {
    "id": 2328,
    "q": "مما يَترتَّبُ على اللِّعانِ:",
    "level": 3,
    "link": "https://www.dorar.net/feqhia/4930",
    "section": "idah",
    "answers": [
      {
        "answer": "وُجوب زواج المرأة بمن زَنى بها",
        "t": 0
      },
      {
        "answer": "تَحريمُ زواجِ المرأةِ بمَن زَنَى بها",
        "t": 0
      },
      {
        "answer": "تَحريمُ الزَّوجةِ على الزَّوجِ تَحريمًا مُؤَبَّدًا",
        "t": 1
      }
    ]
  },
  {
    "id": 2335,
    "q": "المستَحاضة غَير المتحَيِّرةِ",
    "level": 3,
    "link": "https://www.dorar.net/feqhia/4993",
    "section": "idah",
    "answers": [
      {
        "answer": "تَعتَدُّ بالشُّهور",
        "t": 0
      },
      {
        "answer": "تَعتَدُّ بالأقراءِ",
        "t": 1
      },
      {
        "answer": "تَعتَدُّ إنْ شاءَتْ بالشُّهور، وإنْ شاءَتْ بالأقراء",
        "t": 0
      }
    ]
  },
  {
    "id": 2339,
    "q": "المطلَّقة طَلاقًا بائنًا غير الحامِل",
    "level": 3,
    "link": "https://www.dorar.net/feqhia/5021",
    "section": "idah",
    "answers": [
      {
        "answer": "لها النَّفَقة والسُّكنى",
        "t": 0
      },
      {
        "answer": "لها النَّفَقة ولا سُكنى لها",
        "t": 0
      },
      {
        "answer": "ليس لها نَفَقة ولا سُكنى",
        "t": 1
      }
    ]
  },
  {
    "id": 2324,
    "q": "إذا لاعَنَ الزَّوجُ امرأتَه ونَفَى الوَلَدَ في لِعانِه، فإنه",
    "level": 3,
    "link": "https://www.dorar.net/feqhia/4922",
    "section": "idah",
    "answers": [
      {
        "answer": "يَنتَفي الوَلَدُ بنَفْيِه",
        "t": 1
      },
      {
        "answer": "لا يَنتَفي الوَلَدُ بنَفْيِه",
        "t": 0
      },
      {
        "answer": "يَنتَفي الوَلَد بنَفْيه إذا شَهدَ أَربعَةٌ على صِدْقِه",
        "t": 0
      }
    ]
  },
  {
    "id": 2336,
    "q": "المرأة التي تَحيض إنِ انقَطَع حَيْضها لغَير عارِضٍ يُعرَف",
    "level": 3,
    "link": "https://www.dorar.net/feqhia/4997",
    "section": "idah",
    "answers": [
      {
        "answer": "تَمكُث سَنةً من انقِطاع حَيْضها",
        "t": 1
      },
      {
        "answer": "لا عِدَّة عليها",
        "t": 0
      },
      {
        "answer": "تَنتَقل إلى الشُّهور مُباشَرةً",
        "t": 0
      }
    ]
  },
  {
    "id": 2332,
    "q": "السُّكنى للمُلاعَنةِ في أثناءِ العِدَّةِ",
    "level": 3,
    "link": "https://www.dorar.net/feqhia/4940",
    "section": "idah",
    "answers": [
      {
        "answer": "لا تَجِب",
        "t": 1
      },
      {
        "answer": "تَجِب عليه",
        "t": 0
      },
      {
        "answer": "تَسكُن في بَيتِ زَوجِها إنْ رَضِيَ",
        "t": 0
      }
    ]
  },
  {
    "id": 2337,
    "q": "عِدَّة الآيِسة والصَّغيرة التي لم تَحِضْ",
    "level": 3,
    "link": "https://www.dorar.net/feqhia/5004",
    "section": "idah",
    "answers": [
      {
        "answer": "ثلاثة شُهور",
        "t": 1
      },
      {
        "answer": "لا عِدة عليها",
        "t": 0
      },
      {
        "answer": "أربَعةُ أشهُر وعَشْر",
        "t": 0
      }
    ]
  },
  {
    "id": 2329,
    "q": "مما يترتَّبُ على نُكولِ الزَّوجةِ عنِ اللِّعانِ:",
    "level": 3,
    "link": "https://www.dorar.net/feqhia/4933",
    "section": "idah",
    "answers": [
      {
        "answer": "نَسَب الوَلَد لِلزَّوج",
        "t": 0
      },
      {
        "answer": "تَصديقها فيما تقول",
        "t": 0
      },
      {
        "answer": "إقامةُ حَدِّ الزِّنا عليها",
        "t": 1
      }
    ]
  },
  {
    "id": 2323,
    "q": "إذا لاعَنَ الزَّوجُ امرأتَه وهي حامِلٌ ونَفَى حَمْلَها، فإنَّه:",
    "level": 3,
    "link": "https://www.dorar.net/feqhia/4920",
    "section": "idah",
    "answers": [
      {
        "answer": "يَنتَفي عنه",
        "t": 1
      },
      {
        "answer": "تُخيَّر الزَّوجَة",
        "t": 0
      },
      {
        "answer": "يُنسَب إليه",
        "t": 0
      }
    ]
  },
  {
    "id": 2341,
    "q": "خُروج المعتَدَّة الرَّجعيَّة من بَيتِها",
    "level": 3,
    "link": "https://www.dorar.net/feqhia/5026",
    "section": "idah",
    "answers": [
      {
        "answer": "لا يَجوزُ أبدًا",
        "t": 0
      },
      {
        "answer": "يَجوزُ بإذْن زوجها",
        "t": 1
      },
      {
        "answer": "يَجوزُ مُطلَقًا",
        "t": 0
      }
    ]
  },
  {
    "id": 2334,
    "q": "المطَلَّقة إذا انقَطَع حَيْضها للرَّضاع ونَحْوِه",
    "level": 3,
    "link": "https://www.dorar.net/feqhia/4990",
    "section": "idah",
    "answers": [
      {
        "answer": "تَنتَظر حتى تَحيضَ وتَعتَدَّ بالحَيْض",
        "t": 1
      },
      {
        "answer": "تَعتَدُّ أربَعةَ أشهُر وعشْرًا",
        "t": 0
      },
      {
        "answer": "تَعتَدُّ ثلاثةَ أشهُر",
        "t": 0
      }
    ]
  },
  {
    "id": 2340,
    "q": "إذا فارَقَتِ المرأة زَوْجها بعَيْب",
    "level": 3,
    "link": "https://www.dorar.net/feqhia/5023",
    "section": "idah",
    "answers": [
      {
        "answer": "ليس لها نَفَقة ولا سُكنى",
        "t": 1
      },
      {
        "answer": "لها النَّفَقة والسُّكنى",
        "t": 0
      },
      {
        "answer": "لها السُّكنى دون النَّفَقة",
        "t": 0
      }
    ]
  },
  {
    "id": 2333,
    "q": "القُرْء في العِدة معناه:",
    "level": 3,
    "link": "https://www.dorar.net/feqhia/4988",
    "section": "idah",
    "answers": [
      {
        "answer": "الحَيْض بالإجماع",
        "t": 0
      },
      {
        "answer": "على قولَيْن: الحَيْض والطُّهْر",
        "t": 1
      },
      {
        "answer": "الطُّهْر بالإجماع",
        "t": 0
      }
    ]
  },
  {
    "id": 2327,
    "q": "مما يتَرتَّبُ على اللِّعانِ:",
    "level": 3,
    "link": "https://www.dorar.net/feqhia/4928",
    "section": "idah",
    "answers": [
      {
        "answer": "جَلْدُ الزَّوجِ حَدًّا",
        "t": 0
      },
      {
        "answer": "ثُبوتُ الفُرقةِ بَينَ الزَّوجَينِ",
        "t": 1
      },
      {
        "answer": "التِحاقُ الوَلَدِ بأَبيهِ",
        "t": 0
      }
    ]
  },
  {
    "id": 2338,
    "q": "المطلَّقةُ البائنِ إنْ كانتْ حامِلًا",
    "level": 3,
    "link": "https://www.dorar.net/feqhia/5019",
    "section": "idah",
    "answers": [
      {
        "answer": "لها نَفَقةٌ وسُكنى مدة الحَمل",
        "t": 1
      },
      {
        "answer": "لها سُكنى دون النَّفَقة",
        "t": 0
      },
      {
        "answer": "لا نَفَقةَ لها",
        "t": 0
      }
    ]
  },
  {
    "id": 2331,
    "q": "نَفَقةُ المُلاعَنةِ في أثناء العِدَّةِ\n ",
    "level": 3,
    "link": "https://www.dorar.net/feqhia/4938",
    "section": "idah",
    "answers": [
      {
        "answer": "تَأخُذ النَّفَقة مِن بَيتِ مالِ المُسلِمينَ",
        "t": 0
      },
      {
        "answer": "يَجِب عليه النَّفَقة",
        "t": 0
      },
      {
        "answer": "لا نَفَقةَ لِلمُلاعَنةِ في أثناء العِدَّةِ",
        "t": 1
      }
    ]
  },
  {
    "id": 2342,
    "q": "خُروجُ المعتَدَّةِ البائنِ من بَيتها",
    "level": 3,
    "link": "https://www.dorar.net/feqhia/5028",
    "section": "idah",
    "answers": [
      {
        "answer": "يَجوزُ مُطلَقًا",
        "t": 0
      },
      {
        "answer": "لا يَجوزُ أبَدًا",
        "t": 0
      },
      {
        "answer": "يَجوزُ لِلحاجة",
        "t": 1
      }
    ]
  }
]