[
  {
    "id": 2303,
    "q": "متى يُشرَعُ اللِّعانُ؟\n ",
    "level": 2,
    "link": "https://www.dorar.net/feqhia/4900",
    "section": "idah",
    "answers": [
      {
        "answer": "إذا قَذَف الرَّجُل امرأةَ أبيه بالزِّنا",
        "t": 0
      },
      {
        "answer": "إذا قَذَف الرَّجُل امرأةَ غَيره بالزِّنا",
        "t": 0
      },
      {
        "answer": "إذا قَذَفَ الرَّجُلُ امرأتَه بالزِّنا",
        "t": 1
      }
    ]
  },
  {
    "id": 2310,
    "q": "ممَّا لا يُشتَرَطُ في صِحَّةِ اللِّعانِ:\n ",
    "level": 2,
    "link": "https://www.dorar.net/feqhia/4916",
    "section": "idah",
    "answers": [
      {
        "answer": "الحَلِف",
        "t": 0
      },
      {
        "answer": "تَفريقُ الحاكِمِ بَينَهما",
        "t": 1
      },
      {
        "answer": "أنْ تُكَذِّبَ المَرأةُ الرَّجُلَ في قَذْفِه",
        "t": 0
      }
    ]
  },
  {
    "id": 2320,
    "q": "المطلَّقة غَير المدخول بها",
    "level": 2,
    "link": "https://www.dorar.net/feqhia/5081",
    "section": "idah",
    "answers": [
      {
        "answer": "يَجِب عليها الإحداد",
        "t": 0
      },
      {
        "answer": "لا يُشرَع لها الإحداد",
        "t": 1
      },
      {
        "answer": "يُستَحَبُّ لها الإحداد",
        "t": 0
      }
    ]
  },
  {
    "id": 2321,
    "q": "إحداد المطلَّقة الرَّجعيَّة",
    "level": 2,
    "link": "https://www.dorar.net/feqhia/5083",
    "section": "idah",
    "answers": [
      {
        "answer": "يُستَحَبُّ لها الإحداد",
        "t": 0
      },
      {
        "answer": "لا يُشرَع",
        "t": 1
      },
      {
        "answer": "يَجِب عليها الإحداد",
        "t": 0
      }
    ]
  },
  {
    "id": 2314,
    "q": "المتَوَفَّى عنها زَوجُها إنْ كانت غَيرَ حامِل",
    "level": 2,
    "link": "https://www.dorar.net/feqhia/4964",
    "section": "idah",
    "answers": [
      {
        "answer": "لها نَفَقة مِن مال المتَوَفَّى مُدَّة العِدة",
        "t": 0
      },
      {
        "answer": "لا نَفَقة لها",
        "t": 1
      },
      {
        "answer": "على أهل زَوجِها نَفَقةُ سُكنَى",
        "t": 0
      }
    ]
  },
  {
    "id": 2313,
    "q": "عِدَّة الحامِل المُتَوَفَّى عنها زَوجُها",
    "level": 2,
    "link": "https://www.dorar.net/feqhia/4961",
    "section": "idah",
    "answers": [
      {
        "answer": "وَضْعُ الحَمْل",
        "t": 1
      },
      {
        "answer": "عِدَّتُها ثلاثة قُروء بَعدَ وَضع الحَمل",
        "t": 0
      },
      {
        "answer": "أربَعة أشهُر وعشْرٌ",
        "t": 0
      }
    ]
  },
  {
    "id": 2311,
    "q": "عِدَّة المُتَوَفَّى عنها زَوْجها",
    "level": 2,
    "link": "https://www.dorar.net/feqhia/4956",
    "section": "idah",
    "answers": [
      {
        "answer": "تَجِبُ إنْ دَخَل بها فَقَط",
        "t": 0
      },
      {
        "answer": "لا تَجِبُ عليها عِدَّةٌ",
        "t": 0
      },
      {
        "answer": "تَجِب عليها، دَخَل عليها أو لم يَدخُلْ",
        "t": 1
      }
    ]
  },
  {
    "id": 2306,
    "q": "ممَّا يُشتَرَطُ لِصِحَّةِ اللِّعانِ:\n ",
    "level": 2,
    "link": "https://www.dorar.net/feqhia/4909",
    "section": "idah",
    "answers": [
      {
        "answer": "أنْ يَشهَد مع الرَّجُلِ اثنان",
        "t": 0
      },
      {
        "answer": "أنْ يَشهَدَ رَجُلٌ وامرأتانِ مع الرَّجُل على زِنا امرأته",
        "t": 0
      },
      {
        "answer": "أنْ يَتِمَّ اللِّعانُ بحُكمِ حاكِمٍ",
        "t": 1
      }
    ]
  },
  {
    "id": 2315,
    "q": "السُّكنى لِلمُتوَفَّى عنها زَوجُها في العِدة",
    "level": 2,
    "link": "https://www.dorar.net/feqhia/4968",
    "section": "idah",
    "answers": [
      {
        "answer": "ليس لها سُكنى",
        "t": 1
      },
      {
        "answer": "تَجِب لها السُّكنى مُطلَقًا",
        "t": 0
      },
      {
        "answer": "لا تَجِب لها إلا إنْ كانت حامِلًا",
        "t": 0
      }
    ]
  },
  {
    "id": 2319,
    "q": "يبدأ وَقتُ العِدة لِزَوجة الغائب",
    "level": 2,
    "link": "https://www.dorar.net/feqhia/5045",
    "section": "idah",
    "answers": [
      {
        "answer": "مِن غيابه",
        "t": 0
      },
      {
        "answer": "بوَفاته أو طَلاقه أو حُكم الحاكِم بذلك",
        "t": 1
      },
      {
        "answer": "بَعدَ سَنة مِن غيابه",
        "t": 0
      }
    ]
  },
  {
    "id": 2318,
    "q": "العِدَّة على الزَّوجة المطَلَّقة قَبْلَ الدُّخول",
    "level": 2,
    "link": "https://www.dorar.net/feqhia/4983",
    "section": "idah",
    "answers": [
      {
        "answer": "تَنتَصِف عليها العِدَّةُ",
        "t": 0
      },
      {
        "answer": "تَجب عليها العِدة",
        "t": 0
      },
      {
        "answer": "لا عِدةَ عليها",
        "t": 1
      }
    ]
  },
  {
    "id": 2316,
    "q": "خُروج المتَوَفَّى عنها زَوجُها لَيلًا",
    "level": 2,
    "link": "https://www.dorar.net/feqhia/4973",
    "section": "idah",
    "answers": [
      {
        "answer": "لا يَجوزُ أبدًا",
        "t": 0
      },
      {
        "answer": "يَجوزُ مُطلقًا",
        "t": 0
      },
      {
        "answer": "يَجوزُ لِلحاجة",
        "t": 1
      }
    ]
  },
  {
    "id": 2317,
    "q": "مَبِيتُ المتَوَفَّى عنها زَوجُها في غير بَيتها",
    "level": 2,
    "link": "https://www.dorar.net/feqhia/4975",
    "section": "idah",
    "answers": [
      {
        "answer": "مَكروه",
        "t": 0
      },
      {
        "answer": "جائِز",
        "t": 0
      },
      {
        "answer": "لا يَجوزُ",
        "t": 1
      }
    ]
  },
  {
    "id": 2309,
    "q": "لِعانُ الأخرَسِ",
    "level": 2,
    "link": "https://www.dorar.net/feqhia/4914",
    "section": "idah",
    "answers": [
      {
        "answer": "لا يَصِحُّ",
        "t": 0
      },
      {
        "answer": "بِدْعة",
        "t": 0
      },
      {
        "answer": "يَصِحُّ",
        "t": 1
      }
    ]
  },
  {
    "id": 2304,
    "q": "ممَّا يُشتَرَطُ لِصِحَّةِ اللِّعانِ:\n ",
    "level": 2,
    "link": "https://www.dorar.net/feqhia/4905",
    "section": "idah",
    "answers": [
      {
        "answer": "أنْ ترى المرأةُ امرأةً مع زَوجِها",
        "t": 0
      },
      {
        "answer": "أنْ يَحدُث حمَلٌ",
        "t": 0
      },
      {
        "answer": "أنْ يَكونَ بَيْنَ زَوجَيْنِ مُكَلَّفَيْنِ",
        "t": 1
      }
    ]
  },
  {
    "id": 2312,
    "q": "عِدَّة المُتَوَفَّى عنها زَوجُها غَيرِ الحامِلِ",
    "level": 2,
    "link": "https://www.dorar.net/feqhia/4959",
    "section": "idah",
    "answers": [
      {
        "answer": "ثلاثةُ قُروء",
        "t": 0
      },
      {
        "answer": "ثلاثة أشهُر",
        "t": 0
      },
      {
        "answer": "أربَعةُ أشهُر وعشْرٌ",
        "t": 1
      }
    ]
  },
  {
    "id": 2308,
    "q": "ممَّا لا يُشتَرَطُ في صِحَّةِ اللِّعانِ:\n ",
    "level": 2,
    "link": "https://www.dorar.net/feqhia/4914",
    "section": "idah",
    "answers": [
      {
        "answer": "أنْ تَكونَ الزَّوجةُ غيرَ مُكَلَّفةٍ",
        "t": 0
      },
      {
        "answer": "النُّطقُ",
        "t": 1
      },
      {
        "answer": "أنْ تَكونَ الزَّوجةُ مُكَلَّفةً",
        "t": 0
      }
    ]
  },
  {
    "id": 2307,
    "q": "ممَّا لا يُشتَرَطُ في صِحَّةِ اللِّعانِ:\n ",
    "level": 2,
    "link": "https://www.dorar.net/feqhia/4912",
    "section": "idah",
    "answers": [
      {
        "answer": "أنْ تُكَذِّبَ المَرأةُ الرَّجُلَ في قَذْفِه، ويَستَمِرَّ تَكذيبُها له",
        "t": 0
      },
      {
        "answer": "أنْ يَكونَ بَينَ زَوجَيْنِ مُكَلَّفَيْنِ",
        "t": 0
      },
      {
        "answer": "البَصَرُ",
        "t": 1
      }
    ]
  },
  {
    "id": 2305,
    "q": "ممَّا يُشتَرَطُ لِصِحَّةِ اللِّعانِ:\n ",
    "level": 2,
    "link": "https://www.dorar.net/feqhia/4907",
    "section": "idah",
    "answers": [
      {
        "answer": "أنْ تُكَذِّبَ المَرأةُ الرَّجُلَ في قَذْفِه هذا، ويَستَمِرَّ تَكذيبُها له إلى انقِضاءِ اللِّعانِ",
        "t": 1
      },
      {
        "answer": "أنْ يَكونَ الزَّوجُ قدْ دفَع الصَّداقَ",
        "t": 0
      },
      {
        "answer": "أنْ تُصَدِّق المرأةُ الرَّجُل في قَذْفه وتُريد ألَّا يُطَلِّقَها",
        "t": 0
      }
    ]
  },
  {
    "id": 2322,
    "q": "إحداد المطلَّقة البائِنِ",
    "level": 2,
    "link": "https://www.dorar.net/feqhia/5085",
    "section": "idah",
    "answers": [
      {
        "answer": "يَجب عليها الإحداد",
        "t": 0
      },
      {
        "answer": "لا يُشرع",
        "t": 1
      },
      {
        "answer": "يُستَحَبُّ لها الإحداد",
        "t": 0
      }
    ]
  }
]