[
  {
    "id": 4165,
    "q": "قُدِّمَ المفعولُ (أَنْفُسَهُمْ) على فعله (يَظْلِمُونَ) من قَوْلِهِ تَعالَى: {وَلَكِنْ كَانُوا أَنْفُسَهُمْ يَظْلِمُونَ}:",
    "level": 2,
    "link": "https://www.dorar.net/tafseer/30/2#tt18",
    "section": "ar-rum",
    "answers": [
      {
        "answer": "للرِعايةِ على الفاصِلةِ ",
        "t": 0
      },
      {
        "answer": "لإفادةِ العُمومِ والشُّمولِ",
        "t": 0
      },
      {
        "answer": "للاهتِمامِ بأنفُسِهم في تَسليطِ ظُلْمِهِم عَلَيها",
        "t": 1
      }
    ]
  },
  {
    "id": 4163,
    "q": "في قَولِه تَعالَى: {وَيَوْمَئِذٍ يَفْرَحُ الْمُؤْمِنُونَ * بِنَصْرِ اللَّهِ}:",
    "level": 2,
    "link": "https://www.dorar.net/tafseer/30/1#tt17",
    "section": "ar-rum",
    "answers": [
      {
        "answer": "جوازُ فَرَحِ المُؤمِنين بانتِصارِ بعضِ الكُفَّارِ على بعضٍ",
        "t": 1
      },
      {
        "answer": "عَدَمُ مَشرُوعِيَّةِ الفَرَحِ بانتِصارِ بَعضِ الكُفَّارِ على بعضٍ",
        "t": 0
      },
      {
        "answer": "جَوازُ فرحِ المُؤمِنين بانتصارِ أهلِ الإسلامِ على أَهلِ الكُفرِ ",
        "t": 0
      }
    ]
  },
  {
    "id": 4164,
    "q": "المقصودُ بالأجَلِ المُسَمَّى في قَولِه تَعالَى: {أَوَلمْ يَتَفَكَّرُوا فِي أَنْفُسِهِمْ ما خَلَقَ اللهُ السَّمَاوَاتِ وَالْأَرْضَ وَمَا بَيْنَهُمَا إلا بالحقِّ وأجلٍ مُسَمًّى}:",
    "level": 2,
    "link": "https://www.dorar.net/tafseer/30/2#tt4",
    "section": "ar-rum",
    "answers": [
      {
        "answer": "أي: أنَّ كُلَّ نَفْسٍ لها أجلٌ مَعلومٌ",
        "t": 0
      },
      {
        "answer": "أي: أَنَّ للسَّماواتِ والأرضِ وَقتًا مُحدَّدًا عندَ اللهِ، تَنتَهي إليه، وتَفْنَى فيه",
        "t": 1
      },
      {
        "answer": "أي: أنَّ الغيبَ لَا يَعلَمُه أحدٌ إلَّا اللهُ",
        "t": 0
      }
    ]
  },
  {
    "id": 4171,
    "q": "الاستفهامُ في قَولِه تَعالَى: {هَل لَّكُمْ مِن مَّا مَلَكَتْ أَيْمَانُكُم مِّن شُرَكَاءَ}:",
    "level": 2,
    "link": "https://www.dorar.net/tafseer/30/6#tt18",
    "section": "ar-rum",
    "answers": [
      {
        "answer": "لِلتَّقريرِ",
        "t": 0
      },
      {
        "answer": "للنَّفيِ",
        "t": 0
      },
      {
        "answer": "للإنكارِ",
        "t": 1
      }
    ]
  },
  {
    "id": 4175,
    "q": "معنى {يَقْدِرُ} في قَولِه تَعالَى: { أَوَلَمْ يَرَوْا أَنَّ اللَّهَ يَبْسُطُ الرِّزْقَ لِمَنْ يَشَاءُ وَيَقْدِرُ}:",
    "level": 2,
    "link": "https://www.dorar.net/tafseer/30/8#tt7",
    "section": "ar-rum",
    "answers": [
      {
        "answer": "يُزيل ويَمحُو",
        "t": 0
      },
      {
        "answer": "يُضَيِّق ويَمنَع",
        "t": 1
      },
      {
        "answer": "يُوسِّع ويُكثِرُ",
        "t": 0
      }
    ]
  },
  {
    "id": 4173,
    "q": "المَقصُودُ بـ\"سُلطان\" في قَولِه تَعالَى: {أَمْ أَنْزَلْنَا عَلَيْهِمْ سُلْطَانًا فَهُوَ يَتَكَلَّمُ بِمَا كَانُوا بِهِ يُشْرِكُونَ}:",
    "level": 2,
    "link": "https://www.dorar.net/tafseer/30/8#tt7",
    "section": "ar-rum",
    "answers": [
      {
        "answer": "إِبْلِيسَ",
        "t": 0
      },
      {
        "answer": "جِبريل عَليهِ السَّلامُ",
        "t": 0
      },
      {
        "answer": "حُجَّةً",
        "t": 1
      }
    ]
  },
  {
    "id": 4170,
    "q": "في قَولِه تَعالَى: {ثُمَّ إِذَا دَعَاكُمْ دَعْوَةً مِّنَ الأَرْضِ إِذَا أَنْتُمْ تَخْرُجُونَ}:",
    "level": 2,
    "link": "https://www.dorar.net/tafseer/30/5#tt17",
    "section": "ar-rum",
    "answers": [
      {
        "answer": "ردٌّ على المُرجِئةِ الَّذين يَقولون: إنَّ الإيمانَ قَولٌ فَقَط",
        "t": 0
      },
      {
        "answer": "ردٌّ على الجَهمِيَّةِ الذين يقولون: إنَّ اللهَ مَوجودٌ بذاتِه في كلِّ مكانٍ",
        "t": 0
      },
      {
        "answer": "حُجَّةٌ عَلَى المُعتزِلةِ والقَدَرِيَّةِ فِي إضافةِ الفِعلِ إلى فَاعِلِه",
        "t": 1
      }
    ]
  },
  {
    "id": 4168,
    "q": "سورةُ الرُّومِ",
    "level": 2,
    "link": "https://www.dorar.net/tafseer/30",
    "section": "ar-rum",
    "answers": [
      {
        "answer": "مدنِيَّة",
        "t": 0
      },
      {
        "answer": "مكِّيَّة بالإجماعِ",
        "t": 1
      },
      {
        "answer": "مُختلَفٌ فيها",
        "t": 0
      }
    ]
  },
  {
    "id": 4179,
    "q": "المَقصودُ بقوله تعالى: {يُسْتَعْتَبُونَ}:",
    "level": 2,
    "link": "https://www.dorar.net/tafseer/30/12#tt4",
    "section": "ar-rum",
    "answers": [
      {
        "answer": "لا يُطلَبُ يومَ القِيامةِ منَ الظَّالِمين أن يَرجِعوا إلى ما يُرضِي اللهَ تَعالَى؛ حتى تُزالَ عنهم المُعاتبةُ والمُؤاخَذةُ",
        "t": 1
      },
      {
        "answer": "لا يَستَجيبُ خازنُ النَّارِ إلى كلامِ الظَّالمينَ في النَّار",
        "t": 0
      },
      {
        "answer": "لا أَحَدَ يَسْمَعُ عِتابَ الظَّالِمين بَعْضِهمْ بَعضًا",
        "t": 0
      }
    ]
  },
  {
    "id": 4180,
    "q": "المَقصودُ بقَولِه تَعالَى: {وَلَا يَسْتَخِفَّنَّكَ الَّذِينَ لَا يُوقِنُونَ}. أي:",
    "level": 2,
    "link": "https://www.dorar.net/tafseer/30/13#tt4",
    "section": "ar-rum",
    "answers": [
      {
        "answer": "أَيْ: لا يُخَوِّفَنَّكَ -يَا مُحَمَّدُ-  أَعداءُ الله؛ فاللهُ حَافِظُكَ ",
        "t": 0
      },
      {
        "answer": "لا يَسْتَفِزَّكَ -يا مُحمَّدُ- الَّذين لا يوقِنون بوَعدِ اللهِ، فيَحمِلوك على عدَمِ الصَّبْرِ وعَدَمِ تَبليغِ الحقِّ",
        "t": 1
      },
      {
        "answer": "لا يَصْرِفَنَّكَ يا محمد هُؤلاء المُشرِكُون عن الجُلوسِ مع المَساكِينِ والمَيْلِ إليهِم",
        "t": 0
      }
    ]
  },
  {
    "id": 4176,
    "q": "في قَولِه تَعالَى: {وَإِذَا مسَّ النَّاسَ ضُرٌّ دَعَوْا رَبَّهُم مُنِيبينَ إِلَيْهِ}:",
    "level": 2,
    "link": "https://www.dorar.net/tafseer/30/8#tt17",
    "section": "ar-rum",
    "answers": [
      {
        "answer": "إِشارَةٌ إلى جَزَعِ الإنسانِ عندَ البَلوَى",
        "t": 0
      },
      {
        "answer": "دليلٌ على أنَّ مَعرِفَةَ الرَّبِّ في فِطرةِ كُلِّ إِنْسَانٍ",
        "t": 1
      },
      {
        "answer": "تَحذِيرٌ لبني آدمَ مِن مَسِّ الشَّيطانِ",
        "t": 0
      }
    ]
  },
  {
    "id": 4177,
    "q": "قُدِّمَ الجارُّ وَالمَجرورَ \"بِهِ\" عَلَى \"يُشْرِكون\" في قَولِه تَعالَى: {أَمْ أَنْزَلْنَا عَلَيْهِمْ سُلْطَانًا فَهُوَ يَتَكَلَّمُ بِمَا كَانُوا بِهِ يُشْرِكون}:",
    "level": 2,
    "link": "https://www.dorar.net/tafseer/30/8#tt18",
    "section": "ar-rum",
    "answers": [
      {
        "answer": "لرِعايةِ الفَاصِلةِ وللتَّنْبيهِ عَلَى سَبَبِ إشْراكِهِم",
        "t": 1
      },
      {
        "answer": "لِحَصرِ استِحقاقِ العَذابِ عليهِم دُونَ غَيرهِم",
        "t": 0
      },
      {
        "answer": "لتَأكِيدِ الخِطابِ بالطَّريقِ البُرهانيِّ",
        "t": 0
      }
    ]
  },
  {
    "id": 4167,
    "q": "مَعنَى \"يُحبَرُون\" في قَولِه تَعالَى: {فَأَمَّا الَّذِينَ آمَنُوا وَعَمِلُوا الصَّالِحَاتِ فَهُمْ فِي رَوْضَةٍ يُحْبَرُونَ}:",
    "level": 2,
    "link": "https://www.dorar.net/tafseer/30/3#tt7",
    "section": "ar-rum",
    "answers": [
      {
        "answer": "يَتَزاوَرُونَ",
        "t": 0
      },
      {
        "answer": "يُنَعَّمون",
        "t": 1
      },
      {
        "answer": "يَلبَسُون الحَبْرَ؛ أي: الحَريرَ",
        "t": 0
      }
    ]
  },
  {
    "id": 4172,
    "q": "خُصَّ الوَجْهُ في قَولِه تَعالَى: {فَأَقِمْ وَجْهَكَ لِلدِّينِ حَنِيفًا}:",
    "level": 2,
    "link": "https://www.dorar.net/tafseer/30/7#tt18",
    "section": "ar-rum",
    "answers": [
      {
        "answer": "لأنَّ المَقصودَ كَثرةُ السُّجودِ",
        "t": 0
      },
      {
        "answer": "لأنَّه جامِعُ حواسِّ الإنسانِ، وأشْرَفُه",
        "t": 1
      },
      {
        "answer": "إشارةً إلى استِقبالِ القِبلَة",
        "t": 0
      }
    ]
  },
  {
    "id": 4162,
    "q": "في قَولِه تَعالَى: {للهِ الأَمْرُ مِنْ قَبْلِ وَمِنْ بَعْدُ} ردٌّ على:",
    "level": 2,
    "link": "https://www.dorar.net/tafseer/30/1#tt17",
    "section": "ar-rum",
    "answers": [
      {
        "answer": "المُرجئةِ الذين أَخرَجوا الأعمالَ مِن مُسَمَّى الإيمانِ",
        "t": 0
      },
      {
        "answer": "الإماميَّةِ الذين يقولون بنَصِّيَّةِ الإمامةِ",
        "t": 0
      },
      {
        "answer": "القَدَرِيَّةِ الذين يَقولون باستقلالِ العبدِ بِفِعْلِهِ",
        "t": 1
      }
    ]
  },
  {
    "id": 4169,
    "q": "في قَولِه تَعالَى: {فَسُبْحَانَ اللهِ حِينَ تُمْسُونَ وَحِينَ تُصْبِحُونُ} دليلٌ على:",
    "level": 2,
    "link": "https://www.dorar.net/tafseer/30/4#tt17",
    "section": "ar-rum",
    "answers": [
      {
        "answer": "وُجوبِ التَّسبيحِ فِي الصَّلاةِ",
        "t": 1
      },
      {
        "answer": "وُجوبِ التَّسبيحِ المُطلَق",
        "t": 0
      },
      {
        "answer": "أنَّ التَّسبيحَ لا يَصِحُّ إلَّا في هَذينِ الوَقتَينِ فقط",
        "t": 0
      }
    ]
  },
  {
    "id": 4161,
    "q": "المَقصُودُ مِن قَولِ الله تعالى: {يَعْلَمُونَ ظَاهِرًا مِنَ الْحَيَاةِ الدُّنْيَا} أي: ",
    "level": 2,
    "link": "https://www.dorar.net/tafseer/30/1#tt17",
    "section": "ar-rum",
    "answers": [
      {
        "answer": "أنَّ أَهلَ الدُّنيا فَرِحُوا بها فتَعمَّقُوا في كلِّ عُلومِها وأَتقَنُوها",
        "t": 0
      },
      {
        "answer": "أكثَرُ النَّاسِ يَعلَمونَ ما يَتعلَّقُ بشُؤونِ دُنياهم فحَسْبُ",
        "t": 1
      },
      {
        "answer": "أنَّ العَربَ المُشرِكِينَ كانُوا لا يَعلَمُونَ شَيئًا عن تَوحيدِ الله عزَّ وجلَّ",
        "t": 0
      }
    ]
  },
  {
    "id": 4174,
    "q": "القُنوطُ في قَولِه تَعالَى: {وَإِنْ تُصِبْهُمْ سَيِّئَةٌ بِمَا قَدَّمَتْ أَيْدِيهِمْ إِذَا هُمْ يَقْنَطُونَ}:",
    "level": 2,
    "link": "https://www.dorar.net/tafseer/30/8#tt7",
    "section": "ar-rum",
    "answers": [
      {
        "answer": "التَّضَرُّعُ والإِنابَة",
        "t": 0
      },
      {
        "answer": "الذُّلُّ والانكِسارُ",
        "t": 0
      },
      {
        "answer": "الإياسُ منَ الخَيرِ",
        "t": 1
      }
    ]
  },
  {
    "id": 4178,
    "q": "معنى {يَمْهَدُونَ} في قَولِه تَعالَى: {مَنْ كَفَرَ فَعَلَيْهِ كُفْرُهُ وَمَنْ عَمِلَ صَالِحًا فَلِأَنْفُسِهِمْ يَمْهَدُونَ}:",
    "level": 2,
    "link": "https://www.dorar.net/tafseer/30/10#tt7",
    "section": "ar-rum",
    "answers": [
      {
        "answer": "يُؤخِّرُونَ",
        "t": 0
      },
      {
        "answer": "يُهَيِّؤُون وَيُوَطَّؤُون",
        "t": 1
      },
      {
        "answer": "يَطلُبونَ العَفوَ",
        "t": 0
      }
    ]
  },
  {
    "id": 4166,
    "q": "معنى يُبْلِسُ في قَولِه تَعالَى: {وَيَوْمَ تَقُومُ السَّاعَةُ يُبْلِسُ الْمُجْرِمُونَ}:",
    "level": 2,
    "link": "https://www.dorar.net/tafseer/30/3#tt7",
    "section": "ar-rum",
    "answers": [
      {
        "answer": "يُفَاجَأُ",
        "t": 0
      },
      {
        "answer": "يُعَذَّبُ",
        "t": 0
      },
      {
        "answer": "يَيْأَسُ",
        "t": 1
      }
    ]
  }
]