[
  {
    "id": 4186,
    "q": "إِذَا في قَولِه تَعالَى: {إِذَا فَرِيقٌ مِنْهُمْ بِرَبِّهِمْ يُشْرِكُونَ}:",
    "level": 3,
    "link": "https://www.dorar.net/tafseer/30/8#tt18",
    "section": "ar-rum",
    "answers": [
      {
        "answer": "فُجائيَّة",
        "t": 1
      },
      {
        "answer": "شَرطِيَّة",
        "t": 0
      },
      {
        "answer": "ظَرفيَّة",
        "t": 0
      }
    ]
  },
  {
    "id": 4184,
    "q": "المَقصودُ بإقامةِ الوَجهِ في قَولِه تَعالَى: {فَأَقِمْ وَجْهَكَ لِلدِّينِ حَنِيفًا}: ",
    "level": 3,
    "link": "https://www.dorar.net/tafseer/30/7#tt17",
    "section": "ar-rum",
    "answers": [
      {
        "answer": "كَثرةُ القِيامِ في الصَّلاةِ والعِباداتِ",
        "t": 0
      },
      {
        "answer": "إِفرادُ الدِّينِ بسَائرِ العَملِ",
        "t": 0
      },
      {
        "answer": "إخلاصُ القَصْدِ، وبذلُ الوُسْعِ للدِّينِ",
        "t": 1
      }
    ]
  },
  {
    "id": 4190,
    "q": "في قَولِه تَعالَى: {ذَلِكَ خَيْرٌ لِّلَّذِينَ يُريدُونَ وَجْهَ اللهِ}:",
    "level": 3,
    "link": "https://www.dorar.net/tafseer/30/9#tt17",
    "section": "ar-rum",
    "answers": [
      {
        "answer": "إثباتُ الوَجهِ للهِ",
        "t": 1
      },
      {
        "answer": "الحَثُّ على الاجتِهادِ في مَواسِم الطَّاعاتِ ",
        "t": 0
      },
      {
        "answer": "بَيانُ أَوْجُهِ الخَيريَّة والتَّفاضُل بين العِباداتِ",
        "t": 0
      }
    ]
  },
  {
    "id": 4182,
    "q": "مِن مَعانِي السُّوأَى في قَولِه تَعالَى: {ثُمَّ كَانَ عَاقِبَةَ الَّذِينَ أَسَاءُوا السُّوأَى}:",
    "level": 3,
    "link": "https://www.dorar.net/tafseer/30/2#tt7",
    "section": "ar-rum",
    "answers": [
      {
        "answer": "اسمٌ لجَهَنَّمَ",
        "t": 1
      },
      {
        "answer": "تَأنيثُ السَّيِّئِ",
        "t": 0
      },
      {
        "answer": "مَصدرٌ جامِدٌ بمعنَى: الهَلاكِ",
        "t": 0
      }
    ]
  },
  {
    "id": 4187,
    "q": "قِيلَ في \"اللامِ\" في قَولِه تَعالَى: {لِيَكْفُرُوا بِمَا آتَيْنَاهُمْ}:",
    "level": 3,
    "link": "https://www.dorar.net/tafseer/30/8#tt18",
    "section": "ar-rum",
    "answers": [
      {
        "answer": "لامُ التَّعليلِ",
        "t": 1
      },
      {
        "answer": "لامُ التَّعريف",
        "t": 0
      },
      {
        "answer": "لامُ الاخْتِصَاصِ",
        "t": 0
      }
    ]
  },
  {
    "id": 4183,
    "q": "المَقصودُ بقَولِه تَعالَى: {لَا تَبْدِيلَ لِخَلْقِ اللهِ}:",
    "level": 3,
    "link": "https://www.dorar.net/tafseer/30/7#tt4",
    "section": "ar-rum",
    "answers": [
      {
        "answer": "لا مُضاهَاةَ لخَلْقِ الله",
        "t": 0
      },
      {
        "answer": "لا يَستَطيعُ أَحدٌ تَغيِيرَ خَلقِ اللهِ",
        "t": 0
      },
      {
        "answer": "أي: لا يُخلَقُ الخَلْقَ على غَيرِ الفِطرةِ",
        "t": 1
      }
    ]
  },
  {
    "id": 4198,
    "q": "تقديمُ الظَّرفِ (فَعَلَيْهِ) والجارِّ والمجرورِ (فَلِأَنْفُسِهِمْ) في قَولِه تَعالَى: {مَنْ كَفَرَ فَعَلَيْهِ كُفْرُهُ وَمَنْ عَمِلَ صَالِحًا فَلِأَنْفُسِهِمْ يَمْهَدُونَ}:",
    "level": 3,
    "link": "https://www.dorar.net/tafseer/30/10#tt18",
    "section": "ar-rum",
    "answers": [
      {
        "answer": "للاستِغراقِ",
        "t": 0
      },
      {
        "answer": "للاختِصاصِ، أو للاهتِمامِ",
        "t": 1
      },
      {
        "answer": "لتَأكيدِ الكَلامِ بشِبهِ الجُملَةِ",
        "t": 0
      }
    ]
  },
  {
    "id": 4189,
    "q": "ذِكرُ الأقارِبَ بلَفظِ: {ذَا القُرْبَى}، ولم يُذكَر المِسكين بلَفظِ (ذي المَسْكَنَةِ) في قَولِه تَعالَى: {فَآتِ ذَا القُرْبَى حَقَّهُ وَالْمِسْكِينَ وَابْنَ السَّبِيلِ}:",
    "level": 3,
    "link": "https://www.dorar.net/tafseer/30/9#tt17",
    "section": "ar-rum",
    "answers": [
      {
        "answer": "لإِظهارِ عِلَّةِ استِحقاقِهم؛ وهي القَرابَة",
        "t": 0
      },
      {
        "answer": "تَعظيمًا لقَرابةِ النَّبِيِّ صلَّى اللهُ عَليهِ وسلَّم",
        "t": 0
      },
      {
        "answer": "لأنَّ القَرابةَ لا تَتَجَدَّدُ، والمَسكَنةَ تَطرَأُ وتَزولُ",
        "t": 1
      }
    ]
  },
  {
    "id": 4185,
    "q": "عبَّر بلفظِ: (يَتَكَلَّمُ) في قَولِه تَعالَى: {أَمْ أَنْزَلْنَا عَلَيْهِمْ سُلْطَانًا فَهُوَ يَتَكلَّمُ بِمَا كَانُوا بِهِ يُشْرِكونَ}:",
    "level": 3,
    "link": "https://www.dorar.net/tafseer/30/8#tt17",
    "section": "ar-rum",
    "answers": [
      {
        "answer": "لأنه لَا بُدَّ أن تكونَ الحُجَّةُ التي يَحتَجُّ بها المُشرِكون واضِحةً",
        "t": 1
      },
      {
        "answer": "للتَّأكيدِ بفِعلِيَّةِ الجُملةِ على تِكرار فِعل الكلامِ واستِمرارِ المُحاجَّة",
        "t": 0
      },
      {
        "answer": "لدَحْضِ حُجَّةِ أَهلِ الشِّركِ بحُجَّةٍ مِثلِها",
        "t": 0
      }
    ]
  },
  {
    "id": 4195,
    "q": "الاستِفهامُ في قَولِه تَعالَى: {هَلْ مِنْ شُرَكَائِكُم مَّنْ يَفْعَلُ مِنْ ذَلِكُم مِّنْ شَيْءٍ}:",
    "level": 3,
    "link": "https://www.dorar.net/tafseer/30/9#tt18",
    "section": "ar-rum",
    "answers": [
      {
        "answer": "حَقيقيٌّ",
        "t": 0
      },
      {
        "answer": "تَقريريٌّ تَعَجُّبِي",
        "t": 0
      },
      {
        "answer": "إنكارِيٌّ في مَعنَى النَّفْيِ",
        "t": 1
      }
    ]
  },
  {
    "id": 4194,
    "q": "ضَمِيرُ الفَصْلِ (هُم) في قَولِه تَعالَى: {فَأُولَئِكَ هُمُ المُضْعِفُونَ}:",
    "level": 3,
    "link": "https://www.dorar.net/tafseer/30/9#tt18",
    "section": "ar-rum",
    "answers": [
      {
        "answer": "قَصْر حَقيقيٌ",
        "t": 0
      },
      {
        "answer": "قَصْر إضافيٌّ",
        "t": 1
      },
      {
        "answer": "قَصْر تَعلِيليٌّ",
        "t": 0
      }
    ]
  },
  {
    "id": 4192,
    "q": "بين قَوْلِهِ تَعالَى: {فَآتِ ذَا القُرْبَى حَقَّهُ}، وقَوْلِهِ تَعالَى: {وَمَا آتَيْتُم مِّن رِّبًا لِيَرْبُوَ فِي أَمْوَالِ النَّاسِ}:",
    "level": 3,
    "link": "https://www.dorar.net/tafseer/30/9#tt18",
    "section": "ar-rum",
    "answers": [
      {
        "answer": "تَشبيهٌ تَمثيليٌّ",
        "t": 0
      },
      {
        "answer": "جِناسٌ تامٌّ",
        "t": 0
      },
      {
        "answer": "مُقابَلةٌ",
        "t": 1
      }
    ]
  },
  {
    "id": 4188,
    "q": "عَبَّرَ بِالفعلِ الماضِي في قَولِه تَعالَى: {وَكَانُوا بِشُرَكَائِهِمْ كَافِرِينَ}:",
    "level": 3,
    "link": "https://www.dorar.net/tafseer/30/3#tt18",
    "section": "ar-rum",
    "answers": [
      {
        "answer": "دلالةً عَلَى تَيَقُّنِ الأمرِ وصِحَّةِ وُقُوعِهِ",
        "t": 1
      },
      {
        "answer": "لبَيانِ تَحقِيقِ عاقِبَةِ الكُفرِ والشِّركِ",
        "t": 0
      },
      {
        "answer": "للدَلالةً على عدَمِ إِيمَانِهِم وبَقائِهِم على الكُفرِ",
        "t": 0
      }
    ]
  },
  {
    "id": 4181,
    "q": "\"بِضْع\" في قَولِه تَعالَى: {فِي بِضْعِ سِنِينَ}:",
    "level": 3,
    "link": "https://www.dorar.net/tafseer/30/1#tt18",
    "section": "ar-rum",
    "answers": [
      {
        "answer": "كنايةٌ عَن عددٍ قليلٍ لَا يَتَجاوَزُ العَشَرةَ",
        "t": 1
      },
      {
        "answer": "البِضْعُ بَينَ العَشَرةِ إلى العِشرين",
        "t": 0
      },
      {
        "answer": "نَكِرةٌ لإِفادَةِ العُمومِ والكَثرَةِ",
        "t": 0
      }
    ]
  },
  {
    "id": 4199,
    "q": "اللَّامُ في {لَظَلُّوا} مِن قَوْلِهِ تَعالَى: {وَلَئِنْ أَرْسَلْنَا رِيحًا فَرَأَوْهُ مُصْفَرًّا لَظَلُّوا مِن بَعْدِه يَكْفُرُونَ}:",
    "level": 3,
    "link": "https://www.dorar.net/tafseer/30/11#tt18",
    "section": "ar-rum",
    "answers": [
      {
        "answer": "لامُ التَّعليلِ",
        "t": 0
      },
      {
        "answer": "لَامُ الاختصاصِ",
        "t": 0
      },
      {
        "answer": "لامُ جَوابِ القَسَمِ",
        "t": 1
      }
    ]
  },
  {
    "id": 4200,
    "q": "سُمِّيَتِ القِيامةُ بالسَّاعةِ في قَولِه تَعالَى: {وَيَوْمَ تَقُومُ السَّاعَةُ يُقْسِمُ الْمُجْرِمُونَ مَا لَبِثُوا غَيْرَ سَاعَةٍ}:",
    "level": 3,
    "link": "https://www.dorar.net/tafseer/30/12#tt17",
    "section": "ar-rum",
    "answers": [
      {
        "answer": "إعلامًا بقُربِها",
        "t": 0
      },
      {
        "answer": "إعلامًا بسُرعةِ الحسابِ فيها على الجَميعِ",
        "t": 0
      },
      {
        "answer": "إعلامًا بيُسْرِها عَلى اللهِ تَعالَى",
        "t": 1
      }
    ]
  },
  {
    "id": 4191,
    "q": "معنى \"الْمُضْعِفُونَ\" في قَولِه تَعالَى: {فَأُولَئِكَ هُمُ المُضْعِفُونَ}: ",
    "level": 3,
    "link": "https://www.dorar.net/tafseer/30/9#tt18",
    "section": "ar-rum",
    "answers": [
      {
        "answer": "أي: الضُّعفاءُ الذين لا ناصِرَ لهُم",
        "t": 0
      },
      {
        "answer": "أي: ذَوُو المُضاعَفةِ والزِّيادةِ مِنَ الحَسَناتِ",
        "t": 1
      },
      {
        "answer": "أي: الهالِكُونَ الخاسِرُون",
        "t": 0
      }
    ]
  },
  {
    "id": 4197,
    "q": "في قَولِه تَعالَى: {ظَهَرَ الفَسَادُ فِي البَرِّ وَالبَحْرِ بِمَا كَسَبَتْ أَيْدِي النَّاسِ}:",
    "level": 3,
    "link": "https://www.dorar.net/tafseer/30/10#tt17",
    "section": "ar-rum",
    "answers": [
      {
        "answer": "دَليلٌ على أنَّ أفعالَ اللهِ عز وجل مُعَلَّلَةٌ لَا بُدَّ لها مِنْ عِلَّةٍ",
        "t": 1
      },
      {
        "answer": "إشارةٌ إلى أنَّ الفَسادَ في الأَرضِ أَشَدُّ جِنايَةً مِن الفَسادِ في البَحرِ",
        "t": 0
      },
      {
        "answer": "تَأكِيدٌ على أنَّ كلَّ إِنسانٍ يُحاسَبُ على كَسْبِ يَدِه دُونَ غيرِه",
        "t": 0
      }
    ]
  },
  {
    "id": 4196,
    "q": "(من) في قَولِه تَعالَى: {هَلْ مِنْ شُرَكَائِكُم مَّنْ يَفْعَلُ مِنْ ذَلِكُم مِّنْ شَيْءٍ}:",
    "level": 3,
    "link": "https://www.dorar.net/tafseer/30/9#tt18",
    "section": "ar-rum",
    "answers": [
      {
        "answer": "الأُولى: لبَيانِ الإبهامِ، والثَّانِيةُ: زائدةٌ لاستِغراقِ النَّفْيِ، والثَّالِثةُ: تَبعيضِيَّة",
        "t": 0
      },
      {
        "answer": "الأُولى: لِبَيانِ الإبهامِ، والثَّانيةُ: تبعيضيَّة، والثَّالثةُ: زائدةٌ لاستِغراقِ النَّفْيِ",
        "t": 1
      },
      {
        "answer": "الأُولى: زائدةٌ، والثَّانِيةُ: لبَيانِ الإبهامِ،  والثَّالِثةُ: تَبعيضِيَّة",
        "t": 0
      }
    ]
  },
  {
    "id": 4193,
    "q": "\"ما\" في قَولِه تَعالَى: {وَمَا آتَيْتُم مِّن رِّبًا لِيَرْبُوَ فِي أَمْوَالِ النَّاسِ فَلَا يَرْبُو عِنْدَ اللهِ}:",
    "level": 3,
    "link": "https://www.dorar.net/tafseer/30/9#tt18",
    "section": "ar-rum",
    "answers": [
      {
        "answer": "شَرْطِيَّةٌ تُفيدُ العُمومَ",
        "t": 1
      },
      {
        "answer": "مَوصولةٌ",
        "t": 0
      },
      {
        "answer": "نافِيةٌ",
        "t": 0
      }
    ]
  }
]