[
  {
    "id": 4149,
    "q": "معنى (عشيًّا) في قَولِه تَعالَى: {وَلَهُ الْحَمْدُ فِي السَّمَاوَاتِ وَالْأَرْضِ وَعَشِيًّا وَحِينَ تُظْهِرُونَ}:",
    "level": 1,
    "link": "https://www.dorar.net/tafseer/30/4#tt7",
    "section": "ar-rum",
    "answers": [
      {
        "answer": "ما بعدَ صلاةِ العِشاءِ",
        "t": 0
      },
      {
        "answer": "أَمسُ الفائِتُ",
        "t": 0
      },
      {
        "answer": "مِن الظُّهرِ إلى نِصفِ اللَّيْلِ",
        "t": 1
      }
    ]
  },
  {
    "id": 4157,
    "q": "مَعنَى \"القَيِّم\" في قَولِ الله تَعالَى: {ذَلِكَ الدِّينُ الْقَيِّمُ}:",
    "level": 1,
    "link": "https://www.dorar.net/tafseer/30/7#tt7",
    "section": "ar-rum",
    "answers": [
      {
        "answer": "الفارِقُ بَينَ الحقِّ والضَّلالِ",
        "t": 0
      },
      {
        "answer": "المُستَقيم",
        "t": 1
      },
      {
        "answer": "القديمُ",
        "t": 0
      }
    ]
  },
  {
    "id": 4153,
    "q": "المَقصودُ بالمَثَلِ الأعلى في قَولِه تَعالَى: {وَلَهُ المَثَلُ الأَعْلَى فِي السَّمَاوَاتِ وَالأَرْضِ}:",
    "level": 1,
    "link": "https://www.dorar.net/tafseer/30/5#tt7",
    "section": "ar-rum",
    "answers": [
      {
        "answer": "الصِّفةُ العُلْيَا",
        "t": 1
      },
      {
        "answer": "القُدْوَةُ ",
        "t": 0
      },
      {
        "answer": "القُدرَةُ الكامِلَة",
        "t": 0
      }
    ]
  },
  {
    "id": 4155,
    "q": "معنى \"حنيفًا\" في قَولِه تَعالَى: {فَأَقِمْ وَجْهَكَ لِلدِّينِ حَنِيفًا}:",
    "level": 1,
    "link": "https://www.dorar.net/tafseer/30/7#tt7",
    "section": "ar-rum",
    "answers": [
      {
        "answer": "أي: مُقبِلًا على العبادةِ، مائلًا عنِ الشِّركِ",
        "t": 1
      },
      {
        "answer": "مُجتَهِدًا في عِبادَةِ الله",
        "t": 0
      },
      {
        "answer": "مُخلِصًا لله لا رِياءً ولا سُمعَةً",
        "t": 0
      }
    ]
  },
  {
    "id": 4158,
    "q": "المَقصُودُ مِن قَولِه تعالى: {مُنِيبِينَ}. أي: ",
    "level": 1,
    "link": "https://www.dorar.net/tafseer/30/7#tt17",
    "section": "ar-rum",
    "answers": [
      {
        "answer": "حافِظِينَ لحُدودِ الله",
        "t": 0
      },
      {
        "answer": "تائِبينَ راجِعِينَ إلى الله",
        "t": 1
      },
      {
        "answer": "داعِينَ إلى الله ",
        "t": 0
      }
    ]
  },
  {
    "id": 4146,
    "q": "المقصودُ بقوله تعالى: {لَا يَرْبُو عِنْدَ اللهِ} في قَولِه تَعالَى:",
    "level": 1,
    "link": "https://www.dorar.net/tafseer/30/9#tt4",
    "section": "ar-rum",
    "answers": [
      {
        "answer": "لا ثَوابَ فيه",
        "t": 1
      },
      {
        "answer": "لا يَزيدُ مُلْكَ اللهِ",
        "t": 0
      },
      {
        "answer": "لا يُكتَبُ في صَحِيفَتِكُم",
        "t": 0
      }
    ]
  },
  {
    "id": 4144,
    "q": "المَقصودُ بوعدِ الله في قَولِه تَعالَى: {وَعْدَ اللهِ لَا يُخْلِفُ اللهُ وَعْدَهُ وَلَكِنَّ أَكْثَرَ النَّاسِ لَا يَعْلَمُونَ}:",
    "level": 1,
    "link": "https://www.dorar.net/tafseer/30/1#tt4",
    "section": "ar-rum",
    "answers": [
      {
        "answer": "وعدُ اللهِ المؤمنينِ بِانتِصارِ الرُّومِ عَلى الفُرْسِ",
        "t": 1
      },
      {
        "answer": "وعدُ اللهِ المُشرِكين النَّارَ",
        "t": 0
      },
      {
        "answer": "وعدُ اللهِ المؤمنين الجَنَّةَ",
        "t": 0
      }
    ]
  },
  {
    "id": 4154,
    "q": "المَقصودُ بقَولِه تَعالَى: {ثُمَّ إِذَا دَعَاكُمْ دَعْوَةً مِّنَ الأَرْضِ إِذَا أَنْتُمْ تَخْرُجُونَ}:",
    "level": 1,
    "link": "https://www.dorar.net/tafseer/30/5#tt4",
    "section": "ar-rum",
    "answers": [
      {
        "answer": "نُزولُ جِبريلَ إلى الأرضِ ليبلِّغَ الرُّسُلَ أمْرَ اللهِ تَعالَى",
        "t": 0
      },
      {
        "answer": "يَدْعو اللهُ الناسَ دَعوةً واحِدةً، وَهم في بَطنِ الأرضِ، فيَخرجُون سَرِيعًا أَحياءً منَ القُبورِ",
        "t": 1
      },
      {
        "answer": "يدعو الرَّسولُ الناسَ إلى عبادةِ اللهِ تعالى",
        "t": 0
      }
    ]
  },
  {
    "id": 4141,
    "q": "في قَولِه تَعالَى: {اللهُ يَبْدَأُ الخَلْقَ ثُمَّ يُعِيدُهُ} دلالةٌ عَلَى:",
    "level": 1,
    "link": "https://www.dorar.net/tafseer/30/3#tt17",
    "section": "ar-rum",
    "answers": [
      {
        "answer": "أنَّ البَعثَ ليس ابتداءَ خَلْقٍ، ولكنَّه إعادةٌ",
        "t": 1
      },
      {
        "answer": "أنَّ كلَّ إِنسانٍ يُخلَقُ مَرَّتَينِ",
        "t": 0
      },
      {
        "answer": "أنَّ البعثَ ابتِداءُ خَلْقٍ، وليس إعادةً",
        "t": 0
      }
    ]
  },
  {
    "id": 4148,
    "q": "مَعنى \"مُحْضَرُونَ\" في قَولِه تَعالَى: {فَأُولَئِكَ فِي العَذَابِ مُحْضَرُونَ}:",
    "level": 1,
    "link": "https://www.dorar.net/tafseer/30/3#tt18",
    "section": "ar-rum",
    "answers": [
      {
        "answer": "مَأْتِيٌّ بهم إلى العذابِ",
        "t": 1
      },
      {
        "answer": "مُهانُونَ صَاغِرُونَ",
        "t": 0
      },
      {
        "answer": "مُضَيَّقٌ عليهِم",
        "t": 0
      }
    ]
  },
  {
    "id": 4152,
    "q": "تَقديمُ الخَبَرِ (وَلَهُ الحَمْدُ) في قَولِه تَعالَى: {وَلَهُ الحَمْدُ فِي السَّمَاوَاتِ وَالْأَرْضِ} دلالةٌ على:",
    "level": 1,
    "link": "https://www.dorar.net/tafseer/30/4#tt17",
    "section": "ar-rum",
    "answers": [
      {
        "answer": "لا يقومُ بحَقِّ الحَمدِ لله إلَّا الأنبياءُ والرُّسُلُ",
        "t": 0
      },
      {
        "answer": "أنَّ أَهلَ السَّمواتِ وأَهلَ الأَرضِ لم يَحمَدُوا الله كما يَليقُ بجَلالِه",
        "t": 0
      },
      {
        "answer": "أنَّه وَحدَهُ المستحقُّ لِأَنْ يُحْمَدَ على وجهِ الإطلاقِ",
        "t": 1
      }
    ]
  },
  {
    "id": 4159,
    "q": "مَعنَى \"يَرْبُو\" في قَولِه تَعالَى: {وَمَا آتَيْتُمْ مِنْ رِبًا لِيَرْبُوَ فِي أَمْوَالِ النَّاسِ}:",
    "level": 1,
    "link": "https://www.dorar.net/tafseer/30/9#tt7",
    "section": "ar-rum",
    "answers": [
      {
        "answer": "يَضُرُّ",
        "t": 0
      },
      {
        "answer": "يَزدادُ",
        "t": 1
      },
      {
        "answer": "يَطمَعُ",
        "t": 0
      }
    ]
  },
  {
    "id": 4147,
    "q": "جاءتِ الرَّوضةُ نَكِرةً في قَولِه تَعالَى: { فَأَمَّا الَّذِينَ آمَنُوا وَعَمِلُوا الصَّالِحَاتِ فَهُمْ فِي رَوْضَةٍ يُحْبَرُونَ}:",
    "level": 1,
    "link": "https://www.dorar.net/tafseer/30/3#tt18",
    "section": "ar-rum",
    "answers": [
      {
        "answer": "لإبهامِ أمْرِها وتَفْخيمِه",
        "t": 1
      },
      {
        "answer": "لتَّأكيدِ الخِطابِ بالطَّريقِ البُرهانيِّ",
        "t": 0
      },
      {
        "answer": "للعُمومِ والشُّمُولِ",
        "t": 0
      }
    ]
  },
  {
    "id": 4143,
    "q": "المَقصودُ بقَولِه تَعالَى: {وَهُم مِّنْ بَعْدِ غَلَبِهِم سَيَغْلِبُونَ}:",
    "level": 1,
    "link": "https://www.dorar.net/tafseer/30/1#tt4",
    "section": "ar-rum",
    "answers": [
      {
        "answer": "أي: أن الرُّومَ من بعدِ أَن غَلَبَهُمْ أهلُ فارسٍ سيَغلِبونَهم",
        "t": 1
      },
      {
        "answer": "أي: ستَغلِبُ الرُّومُ العربَ المُشرِكينَ بعدَما يَهزِمُونَهُم أوَّلَ مَرَّةٍ",
        "t": 0
      },
      {
        "answer": "أي: أنَّ أهلَ فارسٍ سيَغلِبونَ الروم مَرَّةً أُخرى",
        "t": 0
      }
    ]
  },
  {
    "id": 4142,
    "q": "غَلَبَ الرُّومَ وَقَهَرَهُم: ",
    "level": 1,
    "link": "https://www.dorar.net/tafseer/30/1#tt4",
    "section": "ar-rum",
    "answers": [
      {
        "answer": "العربُ المُشرِكون",
        "t": 0
      },
      {
        "answer": "المُسلِمون",
        "t": 0
      },
      {
        "answer": "أهلُ فارسٍ المُشرِكون",
        "t": 1
      }
    ]
  },
  {
    "id": 4160,
    "q": "مَعنَى \"يَصَّدَّعُونَ\" :",
    "level": 1,
    "link": "https://www.dorar.net/tafseer/30/10#tt7",
    "section": "ar-rum",
    "answers": [
      {
        "answer": "يَتفَرَّقون فيَصِيرونَ فَريقًا في الجنَّةِ وفَريقًا في السَّعيرِ",
        "t": 1
      },
      {
        "answer": "يُزَلْزَلون حتَّى يَموتوا",
        "t": 0
      },
      {
        "answer": "يُضرَبون في رُؤوسِهم",
        "t": 0
      }
    ]
  },
  {
    "id": 4151,
    "q": "قُرِئَ \"لِلْعَالِمِينَ\" بكسر اللَّامِ في قَولِه تَعالَى: {إِنَّ فِي ذَلِكَ لَآيَاتٍ لِلْعَالِمِينَ} أي:",
    "level": 1,
    "link": "https://www.dorar.net/tafseer/30/4#tt4",
    "section": "ar-rum",
    "answers": [
      {
        "answer": "عَالمُ الأَرضِ وعَالَمُ السَّماءِ",
        "t": 0
      },
      {
        "answer": "أَحبارُ اليَهُودِ",
        "t": 0
      },
      {
        "answer": "جَمع عالِمٍ",
        "t": 1
      }
    ]
  },
  {
    "id": 4150,
    "q": "معنى تُظْهِرُونَ في قَولِه تَعالَى: {وَلَهُ الْحَمْدُ فِي السَّمَاوَاتِ وَالْأَرْضِ وَعَشِيًّا وَحِينَ تُظْهِرُونَ}:",
    "level": 1,
    "link": "https://www.dorar.net/tafseer/30/4#tt7",
    "section": "ar-rum",
    "answers": [
      {
        "answer": "تَدخُلون فِي وقتِ الظَّهيرةِ",
        "t": 1
      },
      {
        "answer": "تُظهِرون بعدَ الفَجرِ أوَّلَ النهارِ",
        "t": 0
      },
      {
        "answer": "تَنتَصِرون وتَظْهَرون على الكُفَّارِ",
        "t": 0
      }
    ]
  },
  {
    "id": 4145,
    "q": "لماذا أَحَبَّ المسلمون انْتِصَارَ الرُّومِ على الفُرْسِ؟",
    "level": 1,
    "link": "https://www.dorar.net/tafseer/30/1#tt4",
    "section": "ar-rum",
    "answers": [
      {
        "answer": "لأنَّ الرومَ أهلُ كتابٍ والفُرْسَ مُشركِون",
        "t": 1
      },
      {
        "answer": "لأنَّ الرُّومَ أسلَمَ منها كَثيرٌ في ذلك الوقتِ",
        "t": 0
      },
      {
        "answer": "لأنَّ الفُرْسَ كانوا يَكِيدُونَ للإسلامِ",
        "t": 0
      }
    ]
  },
  {
    "id": 4156,
    "q": "معنى \"شِيَعًا\" في قَولِ الله تَعالَى: {مِنَ الَّذِينَ فَرَّقُوا دِينَهُمْ وَكَانُوا شِيَعًا}:",
    "level": 1,
    "link": "https://www.dorar.net/tafseer/30/7#tt7",
    "section": "ar-rum",
    "answers": [
      {
        "answer": " أي: فِرَقًا وأحزابًا مُختَلِفِين",
        "t": 1
      },
      {
        "answer": "أي: مُعادِينَ ومُحارِبِينَ لدِينِ اللهِ عزَّ وجلَّ",
        "t": 0
      },
      {
        "answer": "أي: مُناصِرين لأهلِ الباطِلِ",
        "t": 0
      }
    ]
  }
]