[
  {
    "id": 719,
    "q": "دل قوله تعالى: {قَالَ لَا تَثْرِيبَ عَلَيْكُمُ الْيَوْمَ يَغْفِرُ اللَّهُ لَكُمْ وَهُوَ أَرْحَمُ الرَّاحِمِينَ} على:",
    "level": 3,
    "link": "https://www.dorar.net/tafseer/12/19",
    "section": "yoosuf",
    "answers": [
      {
        "answer": "أنَّ العَفوَ إذا كان بتَثريبٍ فلا يُؤجَر عليه صاحِبه",
        "t": 0
      },
      {
        "answer": "أنَّ الحاسِدَ خالِدٌ في النَّارِ",
        "t": 0
      },
      {
        "answer": "أنَّ الظَّالِم الحاسِد قَد يَتوبُ اللَّه عليه ويَعفو عنه",
        "t": 1
      }
    ]
  },
  {
    "id": 716,
    "q": "دل قوله تعالى: {فَلَمَّا جَهَّزَهُمْ بِجَهَازِهِمْ جَعَلَ السِّقَايَةَ فِي رَحْلِ أَخِيهِ ثُمَّ أَذَّنَ مُؤَذِّنٌ أَيَّتُهَا الْعِيرُ إِنَّكُمْ لَسَارِقُونَ} على:",
    "level": 3,
    "link": "https://www.dorar.net/tafseer/12/16",
    "section": "yoosuf",
    "answers": [
      {
        "answer": "أنَّ صَلاح ذات البَيْنِ مُحَرَّمٌ بالحِيَلِ",
        "t": 0
      },
      {
        "answer": "أنَّ الوُصولَ إلى الحُقوقِ وصَلاح ذات البَينِ جائزٌ بالحِيَلِ",
        "t": 1
      },
      {
        "answer": "كَراهةِ استِعمالِ الحِيَل ولو كان في رَدِّ الحُقوقِ",
        "t": 0
      }
    ]
  },
  {
    "id": 715,
    "q": "الاستِفهام في قوله تعالى: {يَا أَبَانَا مَا نَبْغِي}:",
    "level": 3,
    "link": "https://www.dorar.net/tafseer/12/14",
    "section": "yoosuf",
    "answers": [
      {
        "answer": "إنكاريٌّ",
        "t": 1
      },
      {
        "answer": "تَوبيخيٌّ",
        "t": 0
      },
      {
        "answer": "تَقريريٌّ",
        "t": 0
      }
    ]
  },
  {
    "id": 714,
    "q": "وصَفوا يوسفَ بالصِّدِّيق في قوله تعالى: {يُوسُفُ أَيُّهَا الصِّدِّيقُ}:",
    "level": 3,
    "link": "https://www.dorar.net/tafseer/12/10",
    "section": "yoosuf",
    "answers": [
      {
        "answer": "مِن بابِ بَراعة الِاستِهلال",
        "t": 1
      },
      {
        "answer": "سُخريةً مِنه",
        "t": 0
      },
      {
        "answer": "تَودُّدًا إليه",
        "t": 0
      }
    ]
  },
  {
    "id": 711,
    "q": "أشعَرَ قوله تعالى: {أَصْبُ إِلَيْهِنَّ} بـ:",
    "level": 3,
    "link": "https://www.dorar.net/tafseer/12/8\n",
    "section": "yoosuf",
    "answers": [
      {
        "answer": "المَيْل فَقَطْ",
        "t": 1
      },
      {
        "answer": "مُباشَرة المَعصية",
        "t": 0
      },
      {
        "answer": "البُعد عَن المَعصيةِ",
        "t": 0
      }
    ]
  },
  {
    "id": 706,
    "q": "إعراب (أرضًا) في قوله تعالى : {اقْتُلُوا يُوسُفَ أَوِ اطْرَحُوهُ أَرْضًا}:",
    "level": 3,
    "link": "https://www.dorar.net/tafseer/12/3",
    "section": "yoosuf",
    "answers": [
      {
        "answer": "مَنصوب على الحاليةِ",
        "t": 0
      },
      {
        "answer": "مَنصوب على نَزع الخافِض",
        "t": 1
      },
      {
        "answer": "مَنصوب على المَفعوليةِ",
        "t": 0
      }
    ]
  },
  {
    "id": 703,
    "q": "نُكِّرَ الكيْدُ في قوله تعالى: {فَيَكِيدُوا لَكَ كَيْدًا}:",
    "level": 3,
    "link": "https://www.dorar.net/tafseer/12/2",
    "section": "yoosuf",
    "answers": [
      {
        "answer": "لِلتَّقبيحِ",
        "t": 0
      },
      {
        "answer": "لِلتَّعظيمِ والتَّهويلِ",
        "t": 1
      },
      {
        "answer": "لِلتَّقليلِ",
        "t": 0
      }
    ]
  },
  {
    "id": 709,
    "q": "معنى (وارِدَهم) في قوله تعالى: {وَجَاءَتْ سَيَّارَةٌ فَأَرْسَلُوا وَارِدَهُمْ}:",
    "level": 3,
    "link": "https://www.dorar.net/tafseer/12/6",
    "section": "yoosuf",
    "answers": [
      {
        "answer": "الَّذي يَتَقَدَّمُ إلى الماءِ لِيَستَقيَ لَهُم",
        "t": 1
      },
      {
        "answer": "قائِد القَومِ",
        "t": 0
      },
      {
        "answer": "سائِق الإبِل",
        "t": 0
      }
    ]
  },
  {
    "id": 710,
    "q": "أشار قوله تعالى: {وَرَاوَدَتْهُ الَّتِي هُوَ فِي بَيْتِهَا عَنْ نَفْسِهِ وَغَلَّقَتِ الْأَبْوَابَ وَقَالَتْ هَيْتَ لَكَ} إلى:",
    "level": 3,
    "link": "https://www.dorar.net/tafseer/12/7",
    "section": "yoosuf",
    "answers": [
      {
        "answer": "وُجوب الحَذَرِ مِنَ الخَلوة بالنِّساءِ اللَّاتي يُخشَى مِنهُنَّ الفِتنة",
        "t": 1
      },
      {
        "answer": "جَواز الخَلوة بالنِّساءِ العَفِيفات",
        "t": 0
      },
      {
        "answer": "التَّنبيهِ على اختيارِ الزَّوجةِ الصَّالحَة",
        "t": 0
      }
    ]
  },
  {
    "id": 713,
    "q": "معنى (تُحصِنون) في قوله تعالى: {إِلَّا قَلِيلًا مِمَّا تُحْصِنُونَ}:",
    "level": 3,
    "link": "https://www.dorar.net/tafseer/12/10",
    "section": "yoosuf",
    "answers": [
      {
        "answer": "تُنفِقونَ",
        "t": 0
      },
      {
        "answer": "تَأكُلونَ",
        "t": 0
      },
      {
        "answer": "تَدَّخِرونَ",
        "t": 1
      }
    ]
  },
  {
    "id": 705,
    "q": "ذكَروا أخاهم الصغيرَ بأنَّه أخو يوسفَ عليه السلام في قوله تعالى: {إِذْ قَالُوا لَيُوسُفُ وَأَخُوهُ أَحَبُّ إِلَى أَبِينَا مِنَّا}:",
    "level": 3,
    "link": "https://www.dorar.net/tafseer/12/3",
    "section": "yoosuf",
    "answers": [
      {
        "answer": "لِأنَّه كانَ شَقيقَه، وكانَ بَقيةُ إخوتِه إخوة لِأبٍ",
        "t": 1
      },
      {
        "answer": "لِشِدَّة الصِّلة بَينَهما",
        "t": 0
      },
      {
        "answer": "لِتَعَطُّفِه عليه",
        "t": 0
      }
    ]
  },
  {
    "id": 712,
    "q": "أرشَد قوله تعالى: {ذَلِكَ مِنْ فَضْلِ اللَّهِ عَلَيْنَا وَعَلَى النَّاسِ} إلى:",
    "level": 3,
    "link": "https://www.dorar.net/tafseer/12/9",
    "section": "yoosuf",
    "answers": [
      {
        "answer": "استِحبابِ كِتمانِ نِعَمِ اللَّه خَشيةَ الحَسَدِ",
        "t": 0
      },
      {
        "answer": "وُجوب الِاعتِرافِ بنِعَمِ اللَّهِ تعالى الدِّينيَّةِ والدُّنيَويَّةِ",
        "t": 1
      },
      {
        "answer": "كَثرةِ ذِكرِ الله عزَّ وجلَّ لتَدُومَ النِّعَم",
        "t": 0
      }
    ]
  },
  {
    "id": 701,
    "q": "قوله تعالى: {وَإِنْ كُنْتَ مِنْ قَبْلِهِ لَمِنَ الْغَافِلِينَ} عُبِّرَ عن عَدَم العِلم بالغَفلة:",
    "level": 3,
    "link": "https://www.dorar.net/tafseer/12/1",
    "section": "yoosuf",
    "answers": [
      {
        "answer": "لِلدِّلالةِ على غَفلة إخوة يوسُفَ عليه السَّلامُ",
        "t": 0
      },
      {
        "answer": "تَعريضًا بكُفرِ مُشرِكي قُرَيش",
        "t": 0
      },
      {
        "answer": "لِإجلال شَأْن النَّبيِّ ﷺ، وإن غَفَلَ عَنه بَعضُ الغافِلينَ",
        "t": 1
      }
    ]
  },
  {
    "id": 707,
    "q": "خَصُّوا الذِّئْب بأكْل يوسُف:",
    "level": 3,
    "link": "https://www.dorar.net/tafseer/12/4",
    "section": "yoosuf",
    "answers": [
      {
        "answer": "لِكَونِه أغدَرَ السِّباع",
        "t": 0
      },
      {
        "answer": "لِأنَّه كانَ السَّبُعَ الغالِبَ على قُطرِهم",
        "t": 1
      },
      {
        "answer": "لِأنَّه أكثَر السِّباعِ فَتكًا",
        "t": 0
      }
    ]
  },
  {
    "id": 718,
    "q": "معنى (حَرَضًا) في قوله تعالى: {حَتَّى تَكُونَ حَرَضًا}:",
    "level": 3,
    "link": "https://www.dorar.net/tafseer/12/18",
    "section": "yoosuf",
    "answers": [
      {
        "answer": "مَيِّتًا",
        "t": 0
      },
      {
        "answer": "مَريضًا مُشرِفًا على الهَلاكِ",
        "t": 1
      },
      {
        "answer": "تُحرِّضنا على قَتلِه",
        "t": 0
      }
    ]
  },
  {
    "id": 708,
    "q": "الصَّبْر الجَميل هو:",
    "level": 3,
    "link": "https://www.dorar.net/tafseer/12/5",
    "section": "yoosuf",
    "answers": [
      {
        "answer": "الصَّبرُ الشَّديدُ",
        "t": 0
      },
      {
        "answer": "الَّذي لا شَكوَى معه إلى مَخلوقٍ",
        "t": 1
      },
      {
        "answer": "الَّذي يَبعَثُ الأمَلَ في صاحِبِهِ",
        "t": 0
      }
    ]
  },
  {
    "id": 717,
    "q": "إعراب (نَجِيًّا) في قوله تعالى: {فَلَمَّا اسْتَيْأَسُوا مِنْهُ خَلَصُوا نَجِيًّا}:",
    "level": 3,
    "link": "https://www.dorar.net/tafseer/12/17",
    "section": "yoosuf",
    "answers": [
      {
        "answer": "تَمييز",
        "t": 0
      },
      {
        "answer": "حالٌ مِن واوِ الجَماعة",
        "t": 1
      },
      {
        "answer": "مَفعول بهِ",
        "t": 0
      }
    ]
  },
  {
    "id": 704,
    "q": "سَبَب تفضيل يَعقوبَ ابنَه يوسفَ على باقي أولاده؛ مع أنَّ هذا يُورِث الحِقْد بَينَ الأبناء:",
    "level": 3,
    "link": "https://www.dorar.net/tafseer/12/3",
    "section": "yoosuf",
    "answers": [
      {
        "answer": "أنَّه فَضَّلَه في المَحَبَّة، والمَحَبَّة لَيسَت في وُسعِ البَشَرِ",
        "t": 1
      },
      {
        "answer": "بِسَبَبِ الرُّؤيا الَّتي شاهَدَها يوسُفُ",
        "t": 0
      },
      {
        "answer": "أنَّه أصغَرُ أولادِه سِنًّا",
        "t": 0
      }
    ]
  },
  {
    "id": 720,
    "q": "معنى (غاشية) في قوله تعالى: {أَفَأَمِنُوا أَنْ تَأْتِيَهُمْ غَاشِيَةٌ مِنْ عَذَابِ اللَّهِ}:",
    "level": 3,
    "link": "https://www.dorar.net/tafseer/12/22",
    "section": "yoosuf",
    "answers": [
      {
        "answer": "لَعنة",
        "t": 0
      },
      {
        "answer": "عُقوبة تَغشاهم وتَشمَلُهم",
        "t": 1
      },
      {
        "answer": "صاعِقَة",
        "t": 0
      }
    ]
  },
  {
    "id": 702,
    "q": "قوله تعالى: {إِنَّا أَنْزَلْنَاهُ قُرْآنًا عَرَبِيًّا لَعَلَّكُمْ تَعْقِلُونَ} لـ:",
    "level": 3,
    "link": "https://www.dorar.net/tafseer/12/1",
    "section": "yoosuf",
    "answers": [
      {
        "answer": "لتَحدِّي فُصحاءِ العَربِ أن يأتُوا بمثلِه",
        "t": 0
      },
      {
        "answer": "لِيَعلَمَ العَرَبُ والجَميعُ أنَّ نَبيَّنا مُحَمَّدًا ﷺ لَمْ يَتَلَقَّ ذلك القَصَص مِن أحَدٍ مِنَ العَرَبِ",
        "t": 1
      },
      {
        "answer": "لبَيانِ أنه ليس في القُرآنِ كلامٌ  أَعجمِيٌّ",
        "t": 0
      }
    ]
  }
]