[
  {
    "id": 698,
    "q": "قالَ تَعالَى على لِسانِ يوسُفَ: {وَقَدْ أَحْسَنَ بِي إِذْ أَخْرَجَنِي مِنَ السِّجْنِ}، ولَمْ يَقُلْ: مِنَ الجُبِّ:",
    "level": 2,
    "link": "https://www.dorar.net/tafseer/12/21",
    "section": "yoosuf",
    "answers": [
      {
        "answer": "حِفاظًا لِلأدَبِ مَعَ إخوتِه",
        "t": 1
      },
      {
        "answer": "للدَّلالةِ على شِدَّةِ ابتلائِه فيه",
        "t": 0
      },
      {
        "answer": "إشارةً إلى الفَرجِ الذي تَعقَّبَهُ",
        "t": 0
      }
    ]
  },
  {
    "id": 694,
    "q": "في قَولِه تَعالَى: {قَالُوا يَا أَيُّهَا الْعَزِيزُ} خاطَبوه بما يَليقُ بالأكابِرِ:",
    "level": 2,
    "link": "https://www.dorar.net/tafseer/12/17",
    "section": "yoosuf",
    "answers": [
      {
        "answer": "خَوفًا مِنه",
        "t": 0
      },
      {
        "answer": "لِيَرِقَّ لَهُم",
        "t": 1
      },
      {
        "answer": "لعادةِ الناسِ يَومئذٍ",
        "t": 0
      }
    ]
  },
  {
    "id": 697,
    "q": "مَعنَى (تُفَنِّدونَ) في قَولِه تَعالَى: {وَلَمَّا فَصَلَتِ الْعِيرُ قَالَ أَبُوهُمْ إِنِّي لَأَجِدُ رِيحَ يُوسُفَ لَوْلَا أَنْ تُفَنِّدُونِ}:",
    "level": 2,
    "link": "https://www.dorar.net/tafseer/12/20",
    "section": "yoosuf",
    "answers": [
      {
        "answer": "تُسَفِّهوني",
        "t": 1
      },
      {
        "answer": "تُصدِّقُوني",
        "t": 0
      },
      {
        "answer": "تُكذِّبُوني",
        "t": 0
      }
    ]
  },
  {
    "id": 688,
    "q": "مَعنَى (بِضْعَ) في قَولِه تَعالَى: {فَلَبِثَ فِي السِّجْنِ بِضْعَ سِنِينَ}:",
    "level": 2,
    "link": "https://www.dorar.net/tafseer/12/9",
    "section": "yoosuf",
    "answers": [
      {
        "answer": "عَدَد بَينَ الاثنَيْنِ والخَمسة",
        "t": 0
      },
      {
        "answer": "عَدَد بَينَ الثَّلاثة والعِشرينَ",
        "t": 0
      },
      {
        "answer": "عَدَد بَينَ الثَّلاثة والعَشَرة",
        "t": 1
      }
    ]
  },
  {
    "id": 686,
    "q": "لَم يُبَيِّنِ القُرآنُ اسمَ الَّذي اشتَرَى يوسُفَ، ولا مَنصِبَه، ولا اسمَ امرَأته:",
    "level": 2,
    "link": "https://www.dorar.net/tafseer/12/6",
    "section": "yoosuf",
    "answers": [
      {
        "answer": "تَنَزُّهًا عَن ذِكرِ ذلك",
        "t": 0
      },
      {
        "answer": "لئلَّا تَتشعَّب أحداثُ القِصَّة",
        "t": 0
      },
      {
        "answer": "لِأنَّ القُرآنَ لَيسَ كِتاب حَوادِث وتاريخ",
        "t": 1
      }
    ]
  },
  {
    "id": 681,
    "q": "قَولُه تَعالَى: {إِنَّا أَنْزَلْنَاهُ قُرْآنًا عَرَبِيًّا لَعَلَّكُمْ تَعْقِلُونَ} فيه رَدٌّ على:",
    "level": 2,
    "link": "https://www.dorar.net/tafseer/12/1",
    "section": "yoosuf",
    "answers": [
      {
        "answer": "مَن زَعَمَ أنَّ القُرآنَ فيه مُحْكَم ومُتَشابِه",
        "t": 0
      },
      {
        "answer": "مَن زَعَمَ أنَّ القُرآنَ كُلَّه مُحْكَم",
        "t": 0
      },
      {
        "answer": "مَن زَعَمَ أنَّ في القُرآنِ ما لا يُفْقَهُ ولا يُفهَم",
        "t": 1
      }
    ]
  },
  {
    "id": 695,
    "q": "مَعنَى (كَظيمٌ) في قَولِه تَعالَى: {وَابْيَضَّتْ عَيْنَاهُ مِنَ الْحُزْنِ فَهُوَ كَظِيمٌ}:",
    "level": 2,
    "link": "https://www.dorar.net/tafseer/12/18",
    "section": "yoosuf",
    "answers": [
      {
        "answer": "مُمسِك على الحُزنِ",
        "t": 1
      },
      {
        "answer": "مَريضٌ مَرضًا شَديدًا",
        "t": 0
      },
      {
        "answer": "كَفيفُ البَصرِ",
        "t": 0
      }
    ]
  },
  {
    "id": 693,
    "q": "يُستَفادُ مِن قِصَّة يوسُفَ:",
    "level": 2,
    "link": "https://www.dorar.net/tafseer/12/16",
    "section": "yoosuf",
    "answers": [
      {
        "answer": "أنَّ مَن كادَ غَيره كَيدًا مُحَرَّمًا فَإنَّ اللَّهَ تَعالَى لا بُدَّ أن يَكيدَه",
        "t": 1
      },
      {
        "answer": "أنَّ العَدلَ بين الأَبناءِ في المَحبَّة واجبٌ شَرعيٌّ",
        "t": 0
      },
      {
        "answer": "أنَّ بعدَ شِدَّةِ البَلاءِ التَّمكينَ في الأَرضِ",
        "t": 0
      }
    ]
  },
  {
    "id": 684,
    "q": "مَعنَى (يَرتَعْ) في قَولِه تَعالَى: {أَرْسِلْهُ مَعَنَا غَدًا يَرْتَعْ وَيَلْعَبْ}:",
    "level": 2,
    "link": "https://www.dorar.net/tafseer/12/4",
    "section": "yoosuf",
    "answers": [
      {
        "answer": "يَأكُلْ ويَنعَمْ",
        "t": 1
      },
      {
        "answer": "يَلهُو",
        "t": 0
      },
      {
        "answer": "يَصحبُنا",
        "t": 0
      }
    ]
  },
  {
    "id": 683,
    "q": "قَوله تعالى: {يَلْتَقِطْهُ بَعْضُ السَّيَّارَةِ}:",
    "level": 2,
    "link": "https://www.dorar.net/tafseer/12/3",
    "section": "yoosuf",
    "answers": [
      {
        "answer": "أصلٌ في أحكامِ اللَّقيطِ",
        "t": 1
      },
      {
        "answer": "أصلٌ في أحكامِ الدِّيةِ",
        "t": 0
      },
      {
        "answer": "أصلٌ في أحكامِ الرِّكاز",
        "t": 0
      }
    ]
  },
  {
    "id": 682,
    "q": "جَعل اللَّه رُؤيا يوسُفَ:",
    "level": 2,
    "link": "https://www.dorar.net/tafseer/12/2",
    "section": "yoosuf",
    "answers": [
      {
        "answer": "إشارة لِأبيه بما سيَحدُث لِوَلَدِه مِن بعدهِ",
        "t": 0
      },
      {
        "answer": "تَحذيرًا لإخوةِ يوسفَ مِن عاقِبَة الظُّلمِ",
        "t": 0
      },
      {
        "answer": "تَنبيهًا ليوسُفَ عَلَيه السَّلامُ بعُلُوِّ شَأْنِه",
        "t": 1
      }
    ]
  },
  {
    "id": 696,
    "q": "دَلَّ قَوله تَعالَى: {إِنَّهُ مَنْ يَتَّقِ وَيَصْبِرْ فَإِنَّ اللَّهَ لَا يُضِيعُ أَجْرَ الْمُحْسِنِينَ} على:",
    "level": 2,
    "link": "https://www.dorar.net/tafseer/12/20",
    "section": "yoosuf",
    "answers": [
      {
        "answer": "أنَّ التَّقوَى أبلغُ مِن الصَّبرِ لذلك بدأَ بها",
        "t": 0
      },
      {
        "answer": "فَضيلةِ التَّقوَى والصَّبرِ، وأنَّ كُلَّ خَيرٍ في الدُّنيا والآخِرة مِن آثارِ التَّقوَى والصَّبرِ",
        "t": 1
      },
      {
        "answer": "أنَّ الإِحسانَ لا يكونُ إلا بتَحقيقِ الصَّبرِ والتَّقوى",
        "t": 0
      }
    ]
  },
  {
    "id": 689,
    "q": "دَلَّ قَوله تَعالَى: {وَقَالَ الْمَلِكُ إِنِّي أَرَى سَبْعَ بَقَرَاتٍ سِمَانٍ يَأْكُلُهُنَّ سَبْعٌ عِجَافٌ} على:",
    "level": 2,
    "link": "https://www.dorar.net/tafseer/12/10",
    "section": "yoosuf",
    "answers": [
      {
        "answer": "أنَّ الرُّؤيا الصَّادِقة للمُؤمِنينَ فقط",
        "t": 0
      },
      {
        "answer": "فَسادِ رُؤيا الكافِرِ",
        "t": 0
      },
      {
        "answer": "صِحَّة رُؤيا الكافِرِ",
        "t": 1
      }
    ]
  },
  {
    "id": 700,
    "q": "دَلَّ قَوله تَعالَى: {قُلْ هَذِهِ سَبِيلِي أَدْعُو إِلَى اللَّهِ عَلَى بَصِيرَةٍ أَنَا وَمَنِ اتَّبَعَنِي وَسُبْحَانَ اللَّهِ وَمَا أَنَا مِنَ الْمُشْرِكِينَ} على:",
    "level": 2,
    "link": "https://www.dorar.net/tafseer/12/23",
    "section": "yoosuf",
    "answers": [
      {
        "answer": "أنَّ أصحابَ النَّبيِّ ﷺ والمُؤمِنينَ مأمورون بتَبليغ الدَّعوة إلى اللَّهِ تعالى",
        "t": 1
      },
      {
        "answer": "وُجوبِ الأمرِ بالمَعروفِ والنَّهيِ عَنِ المُنكَرِ",
        "t": 0
      },
      {
        "answer": "أنَّ النَّبيَّ ﷺ هو المَأمورُ بالدَّعوة وتَبليغ الرِّسالة",
        "t": 0
      }
    ]
  },
  {
    "id": 685,
    "q": "أفادَ قَوله تَعالَى: {وَأَوْحَيْنَا إِلَيْهِ لَتُنَبِّئَنَّهُمْ بِأَمْرِهِمْ هَذَا وَهُمْ لَا يَشْعُرُونَ * وَجَاءُوا أَبَاهُمْ عِشَاءً يَبْكُونَ}:",
    "level": 2,
    "link": "https://www.dorar.net/tafseer/12/5",
    "section": "yoosuf",
    "answers": [
      {
        "answer": "أنَّ البُكاءَ لا يدلُّ على صِدقِ المَظلومِ قد يكونُ تَكلُّفًا",
        "t": 0
      },
      {
        "answer": "الحَذَرَ مِن شُؤم الذُّنوب، وأنَّ الذَّنبَ الواحِدَ يَستَتبِعُ ذُنوبًا مُتَعَدِّدةً",
        "t": 1
      },
      {
        "answer": "أنَّ الوحيَ يكونُ أيضًا لغيرِ الرُّسُلِ والأنبياءِ",
        "t": 0
      }
    ]
  },
  {
    "id": 690,
    "q": "في قَولِه تَعالَى: {وَأَنَّ اللَّهَ لَا يَهْدِي كَيْدَ الْخَائِنِينَ} أنَّ اللَّهَ تعالى يُعاقِبُ كُلَّ خائِن:",
    "level": 2,
    "link": "https://www.dorar.net/tafseer/12/11",
    "section": "yoosuf",
    "answers": [
      {
        "answer": "بِأنَّه يَستَدرِجَه لِعَذاب الآخِرة",
        "t": 0
      },
      {
        "answer": "بِأنَّه يُخلَّدُ في جَهَنَّم",
        "t": 0
      },
      {
        "answer": "أنَّه يَضِلُّ كَيده ويُبطِلُه الله تعالى ولا يَهديه لِمَقصودِه، وإنْ نالَ بَعضه",
        "t": 1
      }
    ]
  },
  {
    "id": 699,
    "q": "أشارَ اللّهُ تَعالَى بقَولِه: {وَمَا كُنْتَ لَدَيْهِمْ إِذْ أَجْمَعُوا أَمْرَهُمْ وَهُمْ يَمْكُرُونَ} إلى:",
    "level": 2,
    "link": "https://www.dorar.net/tafseer/12/22",
    "section": "yoosuf",
    "answers": [
      {
        "answer": "شِدَّة تَكذيب المُشرِكينَ لِلنَّبيِّ صَلَّى اللهُ عَلَيْهِ وَسَلَّمَ",
        "t": 0
      },
      {
        "answer": "صِحَّة نُبوةِ نَبيِّنا صلَّى الله عليه وسلَّم",
        "t": 1
      },
      {
        "answer": "شِدَّة كَيدِ إخوةِ يوسُفَ به",
        "t": 0
      }
    ]
  },
  {
    "id": 692,
    "q": "الحُكم في قَولِه تَعالَى: {إِنِ الْحُكْمُ إِلَّا لِلَّهِ عَلَيْهِ تَوَكَّلْتُ وَعَلَيْهِ فَلْيَتَوَكَّلِ الْمُتَوَكِّلُونَ}:",
    "level": 2,
    "link": "https://www.dorar.net/tafseer/12/15\n",
    "section": "yoosuf",
    "answers": [
      {
        "answer": "الحُكم الدِّينيُّ",
        "t": 0
      },
      {
        "answer": "الحُكم الكَونيُّ",
        "t": 1
      },
      {
        "answer": "الحُكم الشَّرعيُّ",
        "t": 0
      }
    ]
  },
  {
    "id": 691,
    "q": "مَعنَى (انقَلَبوا) في قَولِه تَعالَى: {لَعَلَّهُمْ يَعْرِفُونَهَا إِذَا انْقَلَبُوا إِلَى أَهْلِهِمْ لَعَلَّهُمْ يَرْجِعُونَ}:",
    "level": 2,
    "link": "https://www.dorar.net/tafseer/12/13",
    "section": "yoosuf",
    "answers": [
      {
        "answer": "أقامُوا",
        "t": 0
      },
      {
        "answer": "لَبِثوا",
        "t": 0
      },
      {
        "answer": "رَجَعوا",
        "t": 1
      }
    ]
  },
  {
    "id": 687,
    "q": "أشارَ قَوله تَعالَى: {وَكَذَلِكَ نَجْزِي الْمُحْسِنِينَ} إلى:",
    "level": 2,
    "link": "https://www.dorar.net/tafseer/12/7",
    "section": "yoosuf",
    "answers": [
      {
        "answer": "أنَّ الإحسانَ مِن مَكارمِ الأَخلاقِ الواجِبَة",
        "t": 0
      },
      {
        "answer": "أنَّ إحسانَه هو سَبَبُ مُجازاتِه بتِلكَ النِّعَمِ",
        "t": 1
      },
      {
        "answer": "أنَّ الطَّاعة تَرفَعُ صاحِبَها في الآخِرة",
        "t": 0
      }
    ]
  }
]