[
  {
    "id": 661,
    "q": "سُورةُ يوسُفَ:",
    "level": 1,
    "link": "https://www.dorar.net/tafseer/12\n",
    "section": "yoosuf",
    "answers": [
      {
        "answer": "مَدَنيَّةٌ",
        "t": 0
      },
      {
        "answer": "مَكِّيَّةٌ",
        "t": 1
      },
      {
        "answer": "نَزَلَت آياتٌ مِنها بمَكَّة وآياتٌ مِنها بالمَدينة",
        "t": 0
      }
    ]
  },
  {
    "id": 668,
    "q": "مَعنَى (شَرَوْه) في قَولِه تَعالَى: {وَشَرَوْهُ بِثَمَنٍ بَخْسٍ}:",
    "level": 1,
    "link": "https://www.dorar.net/tafseer/12/6",
    "section": "yoosuf",
    "answers": [
      {
        "answer": "باعوهُ",
        "t": 1
      },
      {
        "answer": "رَهَنوهُ",
        "t": 0
      },
      {
        "answer": "اشتَرَوهُ",
        "t": 0
      }
    ]
  },
  {
    "id": 671,
    "q": "المَقصود بالعِلمِ في قَولِه تَعالَى: {ذَلِكُمَا مِمَّا عَلَّمَنِي رَبِّي}:",
    "level": 1,
    "link": "https://www.dorar.net/tafseer/12/9",
    "section": "yoosuf",
    "answers": [
      {
        "answer": "العِلم بالغَيبِ",
        "t": 0
      },
      {
        "answer": "العِلم بالحَقِّ",
        "t": 0
      },
      {
        "answer": "العِلم بتَعبيرِ الرُّؤَى",
        "t": 1
      }
    ]
  },
  {
    "id": 675,
    "q": "دَلَّ قَوله تَعالَى: {قَالَ هَلْ آمَنُكُمْ عَلَيْهِ إِلَّا كَمَا أَمِنْتُكُمْ عَلَى أَخِيهِ مِنْ قَبْلُ} على:",
    "level": 1,
    "link": "https://www.dorar.net/tafseer/12/14",
    "section": "yoosuf",
    "answers": [
      {
        "answer": "حُرْمة سُوء الظَّنِّ مَعَ وُجودِ القَرائِنِ الدَّالَّة عليه",
        "t": 0
      },
      {
        "answer": "حُرْمة سُوء الظَّنِّ مُطلَقًا",
        "t": 0
      },
      {
        "answer": "أنَّ سُوء الظَّنِّ مَعَ وُجودِ القَرائِنِ الدَّالَّة عليه غَيرُ مَمنوع، ولا مُحَرَّم",
        "t": 1
      }
    ]
  },
  {
    "id": 667,
    "q": "مَعنى (سَوَّلَت) في قَولِه تَعالَى: {بَلْ سَوَّلَتْ لَكُمْ أَنْفُسُكُمْ أَمْرًا}:",
    "level": 1,
    "link": "https://www.dorar.net/tafseer/12/5",
    "section": "yoosuf",
    "answers": [
      {
        "answer": "زَيَّنَتْ",
        "t": 1
      },
      {
        "answer": "نَهَتْ",
        "t": 0
      },
      {
        "answer": "كَرَّهَتْ",
        "t": 0
      }
    ]
  },
  {
    "id": 663,
    "q": "مِن مَوضوعاتِ سُورةِ يُوسف:",
    "level": 1,
    "link": "https://www.dorar.net/tafseer/12",
    "section": "yoosuf",
    "answers": [
      {
        "answer": "ذِكرُ رُؤيا يوسُفَ عليه السَّلامُ، ومَكرِ إخوته به، وحَسَدِهم له وتَآمُرِهم عليه",
        "t": 1
      },
      {
        "answer": "ذِكرُ بعضِ الأدلَّةِ على وحدانيَّةِ الله وقُدرتِه",
        "t": 0
      },
      {
        "answer": "بيانُ أنَّ اللَّهَ سُبحانَه مُطَلِّعٌ على سَرائرِ الخَلقِ وضَمائرِهم",
        "t": 0
      }
    ]
  },
  {
    "id": 679,
    "q": "أشارَ قَوله تَعالَى: {قَالُوا تَاللَّهِ لَقَدْ آثَرَكَ اللَّهُ عَلَيْنَا}:",
    "level": 1,
    "link": "https://www.dorar.net/tafseer/12/19",
    "section": "yoosuf",
    "answers": [
      {
        "answer": "أنَّ سُوء البِداية دَليل على سُوءِ النِّهاية",
        "t": 0
      },
      {
        "answer": "أنَّ إيثارَ الله تعالى للعَبدِ على أَقرانِه لا يَظهَر إلَّا في النِّهايات",
        "t": 0
      },
      {
        "answer": "أنَّ العِبرة في حالِ العَبدِ بكَمالِ النِّهاية، لا بنَقص البِداية",
        "t": 1
      }
    ]
  },
  {
    "id": 665,
    "q": "أمرَ يَعقوبُ ولَده يوسُفَ:",
    "level": 1,
    "link": "https://www.dorar.net/tafseer/12/2",
    "section": "yoosuf",
    "answers": [
      {
        "answer": "بألَّا يَقُصَّ رُؤياه على إخوتِهِ",
        "t": 1
      },
      {
        "answer": "بإقامة العَدل والقِسط لأنَّ الله مُولِّيَهُ وِلايةً عَظيمةً",
        "t": 0
      },
      {
        "answer": "بأنْ يَتَّقِي اللهَ في السِّرِّ والعَلانِيَة",
        "t": 0
      }
    ]
  },
  {
    "id": 672,
    "q": "دَلَّ قَوله تَعالَى: {وَمَا أُبَرِّئُ نَفْسِي إِنَّ النَّفْسَ لَأَمَّارَةٌ بِالسُّوءِ إِلَّا مَا رَحِمَ رَبِّي} على:",
    "level": 1,
    "link": "https://www.dorar.net/tafseer/12/11",
    "section": "yoosuf",
    "answers": [
      {
        "answer": "أنَّ كُلَّ النُّفوسِ أمَّارة بالسُّوءِ",
        "t": 0
      },
      {
        "answer": "أنَّه لَيسَ كُلُّ نَفس أمَّارةً بالسُّوءِ",
        "t": 1
      },
      {
        "answer": "أنَّ النَّفسَ لا تَأمُرُ صاحِبَها إلَّا بالخَيرِ",
        "t": 0
      }
    ]
  },
  {
    "id": 670,
    "q": "أفادَ قَوله تَعالَى: {قَالَ رَبِّ السِّجْنُ أَحَبُّ إِلَيَّ مِمَّا يَدْعُونَنِي إِلَيْهِ}:",
    "level": 1,
    "link": "https://www.dorar.net/tafseer/12/8",
    "section": "yoosuf",
    "answers": [
      {
        "answer": "أنَّ الابتِلاءَ قد يكونُ بالنِّعَم وقد يكونُ بالنِّقَم",
        "t": 0
      },
      {
        "answer": "أنَّ العَبدَ إذا ابتُليَ بَينَ فِعلِ مَعصيةٍ أو عُقوبة دُنيَويةٍ يَختارُ العُقوبة الدُّنيَويَّةَ",
        "t": 1
      },
      {
        "answer": "أنَّ في السِّجنِ خَلوةً يَختلِي بها العبدُ بربِّه سبحانه فيُخلِص في عِبادتِه",
        "t": 0
      }
    ]
  },
  {
    "id": 673,
    "q": "ذَكَرَ يوسُفُ السُّؤالَ عَن تَقطيع أيديهِنَّ ولَمْ يَذكُر مُراوَدَتَهُنَّ له:",
    "level": 1,
    "link": "https://www.dorar.net/tafseer/12/11",
    "section": "yoosuf",
    "answers": [
      {
        "answer": "لِأنَّهُنَّ لَمْ يَقصِدنَ ذلك",
        "t": 0
      },
      {
        "answer": "تَنزيهًا مِنه عَن نِسبةِ ذلك إلَيهِنَّ",
        "t": 1
      },
      {
        "answer": "تَنزيهًا لِنَفسِه",
        "t": 0
      }
    ]
  },
  {
    "id": 676,
    "q": "أمر يَعقوب أبناءَه أن يَدخُلوا مِصرَ:",
    "level": 1,
    "link": "https://www.dorar.net/tafseer/12/15",
    "section": "yoosuf",
    "answers": [
      {
        "answer": "مُتَفَرِّقينَ",
        "t": 1
      },
      {
        "answer": "مُتَصاحِبينَ",
        "t": 0
      },
      {
        "answer": "مُجتَمِعينَ",
        "t": 0
      }
    ]
  },
  {
    "id": 669,
    "q": "مَعنَى قَولُه تعالى على لسان امرأة العزيز: {هَيْتَ لَكَ}:",
    "level": 1,
    "link": "https://www.dorar.net/tafseer/12/7",
    "section": "yoosuf",
    "answers": [
      {
        "answer": "تَعالَ وأقبِلْ إلَيَّ",
        "t": 1
      },
      {
        "answer": "انصَرِفْ عَنِّي",
        "t": 0
      },
      {
        "answer": "أرغَبُ عَنكَ",
        "t": 0
      }
    ]
  },
  {
    "id": 680,
    "q": "مَعنَى (فَصَلَتِ) في قَولِه تَعالَى: {وَلَمَّا فَصَلَتِ الْعِيرُ}:",
    "level": 1,
    "link": "https://www.dorar.net/tafseer/12/20",
    "section": "yoosuf",
    "answers": [
      {
        "answer": "خَرَجَتْ",
        "t": 1
      },
      {
        "answer": "استَقَرَّتْ",
        "t": 0
      },
      {
        "answer": "أقامَتْ",
        "t": 0
      }
    ]
  },
  {
    "id": 664,
    "q": "مَعنَى (نَقُصُّ) في قَولِه تَعالَى: {نَحْنُ نَقُصُّ عَلَيْكَ أَحْسَنَ الْقَصَصِ}:",
    "level": 1,
    "link": "https://www.dorar.net/tafseer/12/1",
    "section": "yoosuf",
    "answers": [
      {
        "answer": "نُدبِّرُ",
        "t": 0
      },
      {
        "answer": "نَقطَعُ",
        "t": 0
      },
      {
        "answer": "نُخبِرُ",
        "t": 1
      }
    ]
  },
  {
    "id": 678,
    "q": "دَلَّ قَوله تَعالَى: {قَالَ إِنَّمَا أَشْكُو بَثِّي وَحُزْنِي إِلَى اللَّهِ} على:",
    "level": 1,
    "link": "https://www.dorar.net/tafseer/12/18\n",
    "section": "yoosuf",
    "answers": [
      {
        "answer": "أنَّه لا يُرجَعُ إلى اللَّه تعالى إلَّا في أوقاتِ اليُسرِ والسَّعة",
        "t": 0
      },
      {
        "answer": "أنَّ العَبدَ مَشروعٌ له إذا نَزَل به الضُّرُّ أن يَشتَكِي",
        "t": 0
      },
      {
        "answer": "أنَّ العَبدَ إذا اشتَكَى لِرَبِّه ما نَزَل به مِن الضُّرِّ وسأله إزالَته، لَمْ يَكُن مَذمومًا",
        "t": 1
      }
    ]
  },
  {
    "id": 674,
    "q": "مَعنَى (يَتَبَوَّأُ) في قَولِه تَعالَى: {يَتَبَوَّأُ مِنْهَا حَيْثُ يَشَاءُ}:",
    "level": 1,
    "link": "https://www.dorar.net/tafseer/12/12",
    "section": "yoosuf",
    "answers": [
      {
        "answer": "يَنزِلُ",
        "t": 1
      },
      {
        "answer": "يَترُكُ",
        "t": 0
      },
      {
        "answer": "يَتَصَرَّفُ",
        "t": 0
      }
    ]
  },
  {
    "id": 666,
    "q": "دَلَّ قَوله تَعالَى: {قَالُوا يَا أَبَانَا مَا لَكَ لَا تَأْمَنَّا عَلَى يُوسُفَ وَإِنَّا لَهُ لَنَاصِحُونَ} على:",
    "level": 1,
    "link": "https://www.dorar.net/tafseer/12/4",
    "section": "yoosuf",
    "answers": [
      {
        "answer": "أنَّ يُوسفَ كان لا يريدُ الخُروجَ مع إِخوتِه",
        "t": 0
      },
      {
        "answer": "أنَّهم لم يكونُوا يَكِيدُونَ ليوسفَ ولكن غَرَّهُم الشيطانُ بعدُ",
        "t": 0
      },
      {
        "answer": "أنَّه تَقَدَّمَ مِنهم سُؤالهم أنْ يُخرِجَه مَعَهم",
        "t": 1
      }
    ]
  },
  {
    "id": 662,
    "q": "مِن خَصائِصِ سُورةِ يوسفَ:",
    "level": 1,
    "link": "https://www.dorar.net/tafseer/12",
    "section": "yoosuf",
    "answers": [
      {
        "answer": "أنَّها تَعدِلُ ثُلُث القُرآنِ",
        "t": 0
      },
      {
        "answer": "نَزَلَت تُبَشِّرُ النَّبيَّ صلَّى الله عليه وسلَّم بفَتحِ مَكَّة",
        "t": 0
      },
      {
        "answer": "أنَّها السُّورة الوَحيدة الَّتي أُفرِدَت لِقِصَّة نَبيِّ اللَّه يوسُفَ عليه السَّلامُ، ولَم تُذكَر قِصَّته في غَيرِها",
        "t": 1
      }
    ]
  },
  {
    "id": 677,
    "q": "مَعنَى (أبرَحَ) في قوله تَعالَى: {فَلَنْ أَبْرَحَ الْأَرْضَ حَتَّى يَأْذَنَ لِي أَبِي}:",
    "level": 1,
    "link": "https://www.dorar.net/tafseer/12/17",
    "section": "yoosuf",
    "answers": [
      {
        "answer": "أُفارِقَ",
        "t": 1
      },
      {
        "answer": "أنزِلَ",
        "t": 0
      },
      {
        "answer": "أسكُنَ",
        "t": 0
      }
    ]
  }
]