[
  {
    "id": 6648,
    "q": "من مَواضِعُ الفَصْلِ في البلاغة:",
    "level": 3,
    "link": "https://dorar.net/arabia/1764",
    "section": "al-blaga",
    "answers": [
      {
        "answer": "أن يكون  بَيْنَ الجُمْلتَينِ بعضُ الاتِّفاقِ وبعضُ الاخْتِلافِ",
        "t": 0
      },
      {
        "answer": "ألَّا تكونَ هناك عَلاقَةُ اتِّصالٍ بَيْنَ الجُملتَينِ",
        "t": 1
      },
      {
        "answer": "اتِّفاقُ الجُملتَينِ خبَرًا وإنْشاءً، لفْظًا ومَعْنًى",
        "t": 0
      }
    ]
  },
  {
    "id": 6652,
    "q": "التَّحْويلُ في التَّعْبيرِ الكَلاميِّ مِنِ اتِّجاهٍ إلى آخَرَ؛ يُسَمَّى:",
    "level": 3,
    "link": "https://dorar.net/arabia/1780",
    "section": "al-blaga",
    "answers": [
      {
        "answer": "الالْتِفاتَ",
        "t": 1
      },
      {
        "answer": "المَجازَ العقْليَّ",
        "t": 0
      },
      {
        "answer": "الكِنايةَ",
        "t": 0
      }
    ]
  },
  {
    "id": 6651,
    "q": "الاحتِراسُ عندَ البَلاغِيِّينَ هو:",
    "level": 3,
    "link": "https://dorar.net/arabia/1776",
    "section": "al-blaga",
    "answers": [
      {
        "answer": "لفظٌ مُبهَمٌ أو مُجمَلٌ، يأتيَ بعدَه ما يُوضِّحُه",
        "t": 0
      },
      {
        "answer": "أن يُؤتى في كَلامٍ يُوهِمُ خِلافَ المقصودِ بما يَدفَعُ ذلك الوهَمَ",
        "t": 1
      },
      {
        "answer": "إسْنادُ الفِعلِ إلى غيرِ ما هو لهُ",
        "t": 0
      }
    ]
  },
  {
    "id": 6655,
    "q": "التَّشْبيهُ المُجْمَلُ هو:",
    "level": 3,
    "link": "https://dorar.net/arabia/1803",
    "section": "al-blaga",
    "answers": [
      {
        "answer": "التَّشْبيهُ الَّذي حُذِف منه وجْهُ الشَّبَهِ",
        "t": 1
      },
      {
        "answer": "التَّشْبيهُ الَّذي أُجمِلَ بعد تَفصِيلٍ",
        "t": 0
      },
      {
        "answer": "التَّشْبيهُ الذي وجْهُ الشَّبهِ فيه مُفْردًا",
        "t": 0
      }
    ]
  },
  {
    "id": 6656,
    "q": "ما كان وجْهُ الشَّبهِ فيه مُنْتزَعًا مِن شَيئَينِ فأكْثرَ، يُسَمَّى:",
    "level": 3,
    "link": "https://dorar.net/arabia/1807",
    "section": "al-blaga",
    "answers": [
      {
        "answer": "التَّشبيهَ المفرَدَ",
        "t": 0
      },
      {
        "answer": "التَّشبيهَ الضِّمنيَّ",
        "t": 0
      },
      {
        "answer": "التَّشبيهَ التَّمثيليَّ",
        "t": 1
      }
    ]
  },
  {
    "id": 6644,
    "q": "من دَلالاتِ الاسْتِفهامِ البَلاغيَّةِ:",
    "level": 3,
    "link": "https://dorar.net/arabia/1658",
    "section": "al-blaga",
    "answers": [
      {
        "answer": "تَحقِيقُ الغايَةِ",
        "t": 0
      },
      {
        "answer": "الاسْتِبطاءُ",
        "t": 1
      },
      {
        "answer": "تَحرِيرُ مَعنًى أو تَأكِيدُه",
        "t": 0
      }
    ]
  },
  {
    "id": 6641,
    "q": "الفَصاحةُ في الاصْطلاحِ هي:",
    "level": 3,
    "link": "https://dorar.net/arabia/1624",
    "section": "al-blaga",
    "answers": [
      {
        "answer": "الألفاظُ البَيِّنةُ الظَّاهرةُ، المُتبادِرةُ إلى الفَهْمِ",
        "t": 1
      },
      {
        "answer": "مُناسَبةُ الكَلامِ لمَقالِ الخِطابِ",
        "t": 0
      },
      {
        "answer": "الإِيضاحُ والتَّبيِينُ بأَوْجَزِ لَفْظٍ وأَبْرَعِ مَعنًى",
        "t": 0
      }
    ]
  },
  {
    "id": 6643,
    "q": "البَلاغةُ هي:",
    "level": 3,
    "link": "https://dorar.net/arabia/1632",
    "section": "al-blaga",
    "answers": [
      {
        "answer": "مُطابَقةُ الكَلامِ لمُقتضَى الحالِ معَ فَصاحتِه",
        "t": 1
      },
      {
        "answer": "بُلوغُ الكَلامِ حاجَةَ المُتكَلِّمِ دونَ بَيانٍ",
        "t": 0
      },
      {
        "answer": "الإِفصاحُ بما لا يَحتاجُ إلى إِيضاح",
        "t": 0
      }
    ]
  },
  {
    "id": 6645,
    "q": "الإنْشاءُ غيرُ الطَّلَبيِّ هو:",
    "level": 3,
    "link": "https://dorar.net/arabia/1664",
    "section": "al-blaga",
    "answers": [
      {
        "answer": "طلَبُ الكفِّ عن الفِعلِ على جِهةِ الاسْتِعلاءِ",
        "t": 0
      },
      {
        "answer": "ما يَتحقَّقُ مَدلولُه في الخارِجِ من دُونِ النُّطقِ به",
        "t": 0
      },
      {
        "answer": "ما لا يَسْتدعي مَطلوبًا غيرَ حاصِلٍ وقتَ الطَّلَبِ",
        "t": 1
      }
    ]
  },
  {
    "id": 6649,
    "q": "نَوعُ القَصْرِ في قَولِه تعالى: {إِنَّمَا اللَّهُ إِلَهٌ وَاحِدٌ}:",
    "level": 3,
    "link": "https://dorar.net/arabia/1759",
    "section": "al-blaga",
    "answers": [
      {
        "answer": "قصْرُ تَعْيينٍ",
        "t": 0
      },
      {
        "answer": "قَصْرُ قلْبٍ",
        "t": 0
      },
      {
        "answer": "قَصْرُ إفْرادٍ",
        "t": 1
      }
    ]
  },
  {
    "id": 6654,
    "q": "يَنْقسِمُ التَّشْبيهُ بحسَبِ ذِكْرِ الأداةِ إلى:",
    "level": 3,
    "link": "https://dorar.net/arabia/1799",
    "section": "al-blaga",
    "answers": [
      {
        "answer": "مُؤَكَّدٍ ومُرسَلٍ",
        "t": 1
      },
      {
        "answer": "مُثبَتٍ ومَنفِيٍّ",
        "t": 0
      },
      {
        "answer": "ظاهِرٍ ومُستَتِرٍ",
        "t": 0
      }
    ]
  },
  {
    "id": 6658,
    "q": "إذا أُطلَقَ الكَلامُ وأُشِيرَ به إلى مَعنًى آخَرَ؛ فهذا يُسَمَّى:",
    "level": 3,
    "link": "https://dorar.net/arabia/1866",
    "section": "al-blaga",
    "answers": [
      {
        "answer": "التَّعريضَ",
        "t": 1
      },
      {
        "answer": "التَّلويحَ",
        "t": 0
      },
      {
        "answer": "المُبالَغةَ",
        "t": 0
      }
    ]
  },
  {
    "id": 6642,
    "q": "هو أنْ يكونَ الكَلامُ غيرَ ظاهِرِ الدَّلالةِ على المُرادِ مِنه:",
    "level": 3,
    "link": "https://dorar.net/arabia/1628",
    "section": "al-blaga",
    "answers": [
      {
        "answer": "تنافُرُ الكَلماتِ",
        "t": 0
      },
      {
        "answer": "التَّعقيدُ اللَّفظيُّ",
        "t": 1
      },
      {
        "answer": "التَّورِيَة",
        "t": 0
      }
    ]
  },
  {
    "id": 6657,
    "q": "تَسْميةُ الجزءِ باسمِ الكلِّ مِن طُرُقِ:",
    "level": 3,
    "link": "https://dorar.net/arabia/1816",
    "section": "al-blaga",
    "answers": [
      {
        "answer": "الاشتِقاقِ",
        "t": 0
      },
      {
        "answer": "المَجازِ",
        "t": 1
      },
      {
        "answer": "التَّسوِيَة",
        "t": 0
      }
    ]
  },
  {
    "id": 6650,
    "q": "يُطلَقُ عليه: ختْمُ الكَلامِ بما يُفيدُ فائِدةً يتِمُّ المَعْنى بدُونِها:",
    "level": 3,
    "link": "https://dorar.net/arabia/1776",
    "section": "al-blaga",
    "answers": [
      {
        "answer": "المُراعَاةُ",
        "t": 0
      },
      {
        "answer": "الإيغالُ",
        "t": 1
      },
      {
        "answer": "الاعْتِراضُ",
        "t": 0
      }
    ]
  },
  {
    "id": 6653,
    "q": "أول من وضع علْم البَيان:",
    "level": 3,
    "link": "https://dorar.net/arabia/1783",
    "section": "al-blaga",
    "answers": [
      {
        "answer": "أبو عُبَيدَةَ مَعْمَرُ بنُ المُثنَّى",
        "t": 1
      },
      {
        "answer": "الفَيْرُوزابادي",
        "t": 0
      },
      {
        "answer": "الشَّريفُ الجُرْجانيُّ",
        "t": 0
      }
    ]
  },
  {
    "id": 6646,
    "q": "يُعَدُّ تَرْخيمُ المُنادَى نَوعًا مِن أَنواعِ:",
    "level": 3,
    "link": "https://dorar.net/arabia/1672",
    "section": "al-blaga",
    "answers": [
      {
        "answer": "الحَذْفِ",
        "t": 1
      },
      {
        "answer": "القَصْرِ",
        "t": 0
      },
      {
        "answer": "السَّجعِ",
        "t": 0
      }
    ]
  },
  {
    "id": 6660,
    "q": "اللَّفُّ والنَّشْرُ مِن أَنواعِ:",
    "level": 3,
    "link": "https://dorar.net/arabia/1950",
    "section": "al-blaga",
    "answers": [
      {
        "answer": "المُحسِّناتِ المَعنويَّة",
        "t": 1
      },
      {
        "answer": "المُحَسِّناتِ اللَّفظيَّة",
        "t": 0
      },
      {
        "answer": "المُحَسِّناتِ المَجازِيَّة",
        "t": 0
      }
    ]
  },
  {
    "id": 6659,
    "q": "علْمٌ تُعرَفُ به الوُجوهُ والمزايا الَّتي تَزيدُ الكَلامَ حُسْنًا وطَلاوةً:",
    "level": 3,
    "link": "https://dorar.net/arabia/1871",
    "section": "al-blaga",
    "answers": [
      {
        "answer": "عِلمُ البَديعِ",
        "t": 1
      },
      {
        "answer": "عِلمُ المَعانِي",
        "t": 0
      },
      {
        "answer": "عِلمُ البَيانِ",
        "t": 0
      }
    ]
  },
  {
    "id": 6647,
    "q": "مِنَ الأغْراضِ البَلاغيَّةِ للإظْهارُ في مَقامِ الإضْمارِ:",
    "level": 3,
    "link": "https://dorar.net/arabia/1717",
    "section": "al-blaga",
    "answers": [
      {
        "answer": "إلْقاءُ المَهابَةِ في نفْسِ السَّامِعِ",
        "t": 1
      },
      {
        "answer": "تَقريرُ المَعنَى البَعيدِ",
        "t": 0
      },
      {
        "answer": "التَّجافِي عن استِخدامِ الضَّمائرِ",
        "t": 0
      }
    ]
  }
]