[
  {
    "id": 6610,
    "q": "مِن أَغراضِ التَّشبِيهِ:",
    "level": 1,
    "link": "https://dorar.net/arabia/1788",
    "section": "al-blaga",
    "answers": [
      {
        "answer": "تَحْسينُ المُشبَّهِ",
        "t": 1
      },
      {
        "answer": "تَقريرُ المُتَضادَّينِ",
        "t": 0
      },
      {
        "answer": "استِجلابُ المَعانِي البَعيدَةِ",
        "t": 0
      }
    ]
  },
  {
    "id": 6618,
    "q": "في قَولِه تعالى:{يَا لَيْتَنِي اتَّخَذْتُ مَعَ الرَّسُولِ سَبِيلًا} مِن أَساليبِ البَلاغَة:",
    "level": 1,
    "link": "https://dorar.net/arabia/1660",
    "section": "al-blaga",
    "answers": [
      {
        "answer": "التَّمنِّي",
        "t": 1
      },
      {
        "answer": "الاستِطرادُ",
        "t": 0
      },
      {
        "answer": "التَّورِيَةُ",
        "t": 0
      }
    ]
  },
  {
    "id": 6606,
    "q": "هو أنْ يُشيرَ ناظِمُ في بيتٍ أو قَرينةِ سَجْعٍ إلى قصَّةٍ مَعْلومةٍ:",
    "level": 1,
    "link": "https://dorar.net/arabia/2069",
    "section": "al-blaga",
    "answers": [
      {
        "answer": "الإِيضاحُ",
        "t": 0
      },
      {
        "answer": "التَّلميحُ",
        "t": 1
      },
      {
        "answer": "الإِسجاعُ",
        "t": 0
      }
    ]
  },
  {
    "id": 6608,
    "q": "مِن أَمثِلَةِ أُسلُوبِ النَّهيِ:",
    "level": 1,
    "link": "https://dorar.net/arabia/1656",
    "section": "al-blaga",
    "answers": [
      {
        "answer": "{وَلَا تَقْتُلُوا أَوْلَادَكُمْ}",
        "t": 1
      },
      {
        "answer": "لا أَحَدَ في الدَّارِ",
        "t": 0
      },
      {
        "answer": "{أَلَيْسَ مِنْكُمْ رَجُلٌ رَشِيدٌ}",
        "t": 0
      }
    ]
  },
  {
    "id": 6617,
    "q": "هو أن يكونَ لكلِّ شطْرٍ مِنَ البيتِ قافِيتانِ مُغايرتانِ لقافِيةِ الشَّطرِ الثَّاني:",
    "level": 1,
    "link": "https://dorar.net/arabia/2012",
    "section": "al-blaga",
    "answers": [
      {
        "answer": "التَّغايُر",
        "t": 0
      },
      {
        "answer": "التَّشْطيرُ",
        "t": 1
      },
      {
        "answer": "القَلْقَلَةُ",
        "t": 0
      }
    ]
  },
  {
    "id": 6607,
    "q": "مِن العُلماءِ الذين لهم اهتِمامٌ بعِلمِ البَلاغَة:",
    "level": 1,
    "link": "https://dorar.net/arabia/1783",
    "section": "al-blaga",
    "answers": [
      {
        "answer": "ابنُ كَثيرٍ",
        "t": 0
      },
      {
        "answer": "عبدُالقاهِر الجُرجانيُّ",
        "t": 1
      },
      {
        "answer": "عبدُالرزاق الصَّنعانيُّ",
        "t": 0
      }
    ]
  },
  {
    "id": 6611,
    "q": "التَّشبِيهُ في قَولِ: \"العلْمُ نورٌ\" يُسمَّى:",
    "level": 1,
    "link": "https://dorar.net/arabia/1801",
    "section": "al-blaga",
    "answers": [
      {
        "answer": "التَّشْبيهَ البَليغَ",
        "t": 1
      },
      {
        "answer": "التَّشبِيهَ الصَّريحَ",
        "t": 0
      },
      {
        "answer": "التَّشبِيهَ التَّخيِيلِي",
        "t": 0
      }
    ]
  },
  {
    "id": 6614,
    "q": "أنْ تكونَ لها مَعْنيان؛ مَعْنًى قَريبٌ ظاهِرٌ غيرُ مُرادٍ، ومَعْنًى آخَرُ بَعيدٌ هو المَقْصودُ:",
    "level": 1,
    "link": "https://dorar.net/arabia/1905",
    "section": "al-blaga",
    "answers": [
      {
        "answer": "المُبالَغَةُ",
        "t": 0
      },
      {
        "answer": "التَّورِيَةُ",
        "t": 1
      },
      {
        "answer": "المُطابَقَةُ",
        "t": 0
      }
    ]
  },
  {
    "id": 6613,
    "q": "هو أنْ يتكلَّمَ الشَّاعرُ بشيءٍ ثمَّ يَرجِعَ عليه بالنَّقضِ لنُكتَةٍ بَلاغيَّة:",
    "level": 1,
    "link": "https://dorar.net/arabia/1902",
    "section": "al-blaga",
    "answers": [
      {
        "answer": "الرُّجوعُ",
        "t": 1
      },
      {
        "answer": "التَّجريدُ",
        "t": 0
      },
      {
        "answer": "المُقابَلَةُ",
        "t": 0
      }
    ]
  },
  {
    "id": 6609,
    "q": "هو أن يُضَمِّنَ المُتكلِّمُ كَلامَه مِن شِعرٍ أو نَثْرٍ شيئًا مِنَ القُرآنِ أو الحَديثِ:",
    "level": 1,
    "link": "https://dorar.net/arabia/2061",
    "section": "al-blaga",
    "answers": [
      {
        "answer": "التَّسهِيمُ",
        "t": 0
      },
      {
        "answer": "الاقْتِباسُ",
        "t": 1
      },
      {
        "answer": "الاحتِجاجُ",
        "t": 0
      }
    ]
  },
  {
    "id": 6602,
    "q": "مَعنَى التَّكريرُ في البلاغة هو:",
    "level": 1,
    "link": "https://dorar.net/arabia/1776",
    "section": "al-blaga",
    "answers": [
      {
        "answer": "تَكريرُ الكَلمةِ أوِ الجُملةِ مرَّتَينِ لفائِدةٍ مِن الفوائدِ",
        "t": 1
      },
      {
        "answer": "ختْمُ الكَلامِ بما يُفيدُ فائِدةً يتِمُّ المَعْنى بدُونِها",
        "t": 0
      },
      {
        "answer": "أنْ يأتيَ لفظٌ مُبهَمٌ أو مُجمَلٌ، فيأتيَ بعدَه ما يُوضِّحُه ويُفسِّرُه ويُفصِّلُ إجْمالَه",
        "t": 0
      }
    ]
  },
  {
    "id": 6620,
    "q": "هو تَلقِّي المُخاطَبِ بغيرِ ما يَترقَّبُه؛ إمَّا بترْكِ سُؤالِه والإجابَةِ عن سُؤالٍ لم يَسألْه، أو بحَمْلِ كَلامِ المُتكلِّمِ على غيرِ ما كان يَقصِدُ:",
    "level": 1,
    "link": "https://dorar.net/arabia/1979",
    "section": "al-blaga",
    "answers": [
      {
        "answer": "أُسلوبُ الإِغراءِ",
        "t": 0
      },
      {
        "answer": "أُسلوبُ الالتِفافِ",
        "t": 0
      },
      {
        "answer": "أُسْلوب الحَكيمِ",
        "t": 1
      }
    ]
  },
  {
    "id": 6605,
    "q": "من أمثلة حذْف حرْفِ النِّداءِ، قوله تعالى:",
    "level": 1,
    "link": "https://dorar.net/arabia/1672",
    "section": "al-blaga",
    "answers": [
      {
        "answer": "{اعْلَمُوا أَنَّ اللَّهَ شَدِيدُ الْعِقَابِ}",
        "t": 0
      },
      {
        "answer": "{يُوسُفُ أَعْرِضْ عَنْ هَذَا}",
        "t": 1
      },
      {
        "answer": "{كَلَّا إِذَا بَلَغَتِ التَّرَاقِيَ}",
        "t": 0
      }
    ]
  },
  {
    "id": 6616,
    "q": "قَولُ الشَّاعِرِ: \" فَدَارِهِم ما دُمتَ في دَارِهِم\" مِن أَمثِلَةِ:",
    "level": 1,
    "link": "https://dorar.net/arabia/1994",
    "section": "al-blaga",
    "answers": [
      {
        "answer": "الجِناسِ التَّامِّ",
        "t": 1
      },
      {
        "answer": "الكِنايَةِ التَّصرِيحيَّةِ",
        "t": 0
      },
      {
        "answer": "الإِدْغامِ",
        "t": 0
      }
    ]
  },
  {
    "id": 6601,
    "q": "مَعنَى الإِيجازِ في البَلاغَة:",
    "level": 1,
    "link": "https://dorar.net/arabia/1771",
    "section": "al-blaga",
    "answers": [
      {
        "answer": "تَوفيةُ المَعْنى بما لا يَتِمُّ المعنى إلَّا بِه",
        "t": 0
      },
      {
        "answer": "وضْعُ المَعاني الكَثيرةِ في ألْفاظٍ أقلَّ منْها",
        "t": 1
      },
      {
        "answer": "تَذيِيلُ الكَلامِ بعدَ تمامِه بجُملةٍ تُحقِّقُ ما قبلَها",
        "t": 0
      }
    ]
  },
  {
    "id": 6615,
    "q": "مِن أقْسامُ المُبالَغةِ:",
    "level": 1,
    "link": "https://dorar.net/arabia/1939",
    "section": "al-blaga",
    "answers": [
      {
        "answer": "الاحْتِرازُ",
        "t": 0
      },
      {
        "answer": "الإِقْحامُ",
        "t": 0
      },
      {
        "answer": "الغُلُوُّ",
        "t": 1
      }
    ]
  },
  {
    "id": 6619,
    "q": "إذا كان المُشَبَّهُ شيئًا واحدًا، والمُشَبَّه به مثله، يُسمى:",
    "level": 1,
    "link": "https://dorar.net/arabia/1809",
    "section": "al-blaga",
    "answers": [
      {
        "answer": "التَّشبيهَ المفرَدَ",
        "t": 1
      },
      {
        "answer": "التَّشبيهَ المتعدِّدَ",
        "t": 0
      },
      {
        "answer": "التَّشبِيهَ المُركَّبَ",
        "t": 0
      }
    ]
  },
  {
    "id": 6603,
    "q": "تأديةُ المَعْنى المُرادِ بعِبارةٍ مُساويةٍ له، يُسَمَّى:",
    "level": 1,
    "link": "https://dorar.net/arabia/1778",
    "section": "al-blaga",
    "answers": [
      {
        "answer": "العِبارَةُ القَرينَةُ",
        "t": 0
      },
      {
        "answer": "الازْدِواجُ",
        "t": 0
      },
      {
        "answer": "المُساواةُ",
        "t": 1
      }
    ]
  },
  {
    "id": 6604,
    "q": "الأصْلُ في أداةِ التَّشْبيهِ حَرفُ:",
    "level": 1,
    "link": "https://dorar.net/arabia/1794",
    "section": "al-blaga",
    "answers": [
      {
        "answer": "الميم",
        "t": 0
      },
      {
        "answer": "الباء",
        "t": 0
      },
      {
        "answer": "الكاف",
        "t": 1
      }
    ]
  },
  {
    "id": 6612,
    "q": "قَولُه تعالى: {تُولِجُ اللَّيْلَ فِي النَّهَارِ وَتُولِجُ النَّهَارَ فِي اللَّيْلِ وَتُخْرِجُ الْحَيَّ مِنَ الْمَيِّتِ وَتُخْرِجُ الْمَيِّتَ مِنَ الْحَيِّ} فيهِ مِن أَساليبِ البَلاغَة:",
    "level": 1,
    "link": "https://dorar.net/arabia/1900",
    "section": "al-blaga",
    "answers": [
      {
        "answer": "اللَّفُّ والنَّشرُ",
        "t": 0
      },
      {
        "answer": "المُشاكَلَةُ",
        "t": 0
      },
      {
        "answer": "العَكْسُ والتَّبديلُ",
        "t": 1
      }
    ]
  }
]