[
  {
    "id": 6625,
    "q": "مَعنَى الفَصْلِ عندَ البَلاغيِّينَ هو:",
    "level": 2,
    "link": "https://dorar.net/arabia/1764",
    "section": "al-blaga",
    "answers": [
      {
        "answer": "إسْقاطُ واوِ العطْفِ",
        "t": 1
      },
      {
        "answer": "تَجرِيدُ الكَلامِ مِن المُحَسِّناتِ البَلاغِيَّةِ",
        "t": 0
      },
      {
        "answer": "فَصلُ الأسماءِ والأَفعالِ والحُروفِ في الجُمَلِ المُركَّبَةِ",
        "t": 0
      }
    ]
  },
  {
    "id": 6635,
    "q": "تَواطؤُ الفاصِلتَينِ مِنَ النَّثرِ على حرفٍ واحِدٍ، يُسَمَّى:",
    "level": 2,
    "link": "https://dorar.net/arabia/2010",
    "section": "al-blaga",
    "answers": [
      {
        "answer": "التَّغليبَ",
        "t": 0
      },
      {
        "answer": "الاشتِقاقَ",
        "t": 0
      },
      {
        "answer": "السَّجْعَ",
        "t": 1
      }
    ]
  },
  {
    "id": 6630,
    "q": "مِن أَقسامِ غَرابَةِ الكَلمةِ:",
    "level": 2,
    "link": "https://dorar.net/arabia/1626",
    "section": "al-blaga",
    "answers": [
      {
        "answer": "أنْ تكونَ غيرَ مَألوفةٍ على الأسْماعِ",
        "t": 1
      },
      {
        "answer": "ألَّا تكونَ قد دُوِّنَت في المَعاجِم العَربيَّةِ",
        "t": 0
      },
      {
        "answer": "أنْ تكونَ غيرَ مَذكُورَةِ في القُرآنِ أو السُّنَّةِ",
        "t": 0
      }
    ]
  },
  {
    "id": 6639,
    "q": "تَقْديمُ المُسنَدِ على المسند إليه، يُفيدُ:",
    "level": 2,
    "link": "https://dorar.net/arabia/1687",
    "section": "al-blaga",
    "answers": [
      {
        "answer": "المُساوَاةُ الرُّتْبِيَّة",
        "t": 0
      },
      {
        "answer": "التَّخْصيصُ",
        "t": 1
      },
      {
        "answer": "التَّتْمِيمَ",
        "t": 0
      }
    ]
  },
  {
    "id": 6636,
    "q": "ما يَقعُ في أبْياتٍ مُتوالِيةٍ في القَصيدةِ مِن كَلِماتٍ مُتَساويةٍ في الوزْنِ، يُسَمَّى:",
    "level": 2,
    "link": "https://dorar.net/arabia/2042",
    "section": "al-blaga",
    "answers": [
      {
        "answer": "التَّطْريزَ",
        "t": 1
      },
      {
        "answer": "الانْسِجامَ",
        "t": 0
      },
      {
        "answer": "المُوازَنَةَ",
        "t": 0
      }
    ]
  },
  {
    "id": 6629,
    "q": "الاستِعارَةُ التي يَرِدُ فيها ذِكْرُ المُستعارِ منه صَراحةً، تُسَمَّى:",
    "level": 2,
    "link": "https://dorar.net/arabia/3569",
    "section": "al-blaga",
    "answers": [
      {
        "answer": "الاسْتعارةَ المَكنيَّةُ",
        "t": 0
      },
      {
        "answer": "الاسْتِعارةُ التَّصْريحيَّةُ",
        "t": 1
      },
      {
        "answer": "الاستِعارَةَ المُجَرَّدَةَ",
        "t": 0
      }
    ]
  },
  {
    "id": 6634,
    "q": "قَولُ الشاعِرِ: \"والفَضْلُ فَضْلٌ والرَّبيعُ رَبِيعُ\" فيه:",
    "level": 2,
    "link": "https://dorar.net/arabia/1994",
    "section": "al-blaga",
    "answers": [
      {
        "answer": "جِناسٌ",
        "t": 1
      },
      {
        "answer": "طِباقٌ",
        "t": 0
      },
      {
        "answer": "تَورِيَةٌ",
        "t": 0
      }
    ]
  },
  {
    "id": 6637,
    "q": "مِن أَنواعِ السَّرِقاتِ الشِّعريَّةِ:",
    "level": 2,
    "link": "https://dorar.net/arabia/2054",
    "section": "al-blaga",
    "answers": [
      {
        "answer": "الانْتِحالُ",
        "t": 1
      },
      {
        "answer": "العَزْوُ",
        "t": 0
      },
      {
        "answer": "المُغايَرةُ باللَّفظِ",
        "t": 0
      }
    ]
  },
  {
    "id": 6633,
    "q": "قَولُه تعالى: {وَمَا تِلْكَ بِيَمِينِكَ يَا مُوسَى} فيه مِن أَساليبِ البَلاغَةِ:",
    "level": 2,
    "link": "https://dorar.net/arabia/1975",
    "section": "al-blaga",
    "answers": [
      {
        "answer": "الإِرْصادُ",
        "t": 0
      },
      {
        "answer": "الإِيناسُ",
        "t": 1
      },
      {
        "answer": "الاسْتِتْباعُ",
        "t": 0
      }
    ]
  },
  {
    "id": 6622,
    "q": "القَصْرُ في الاصْطِلاحِ هو: ",
    "level": 2,
    "link": "https://dorar.net/arabia/1748",
    "section": "al-blaga",
    "answers": [
      {
        "answer": "اختِصارُ الكَلامِ مِن المُلحَقاتِ",
        "t": 0
      },
      {
        "answer": "تَخْصيصُ شيءٍ بشيءٍ",
        "t": 1
      },
      {
        "answer": "التَّقْييدُ بالحالِ",
        "t": 0
      }
    ]
  },
  {
    "id": 6631,
    "q": "قولُه تعالى: {فَلْيَضْحَكُوا قَلِيلًا وَلْيَبْكُوا كَثِيرًا} فيه مِن أَساليبِ البَلاغَة:",
    "level": 2,
    "link": "https://dorar.net/arabia/1890",
    "section": "al-blaga",
    "answers": [
      {
        "answer": "مُقابلَةٌ",
        "t": 1
      },
      {
        "answer": "استِنكارٌ",
        "t": 0
      },
      {
        "answer": "جِناسٌ ناقِصٌ",
        "t": 0
      }
    ]
  },
  {
    "id": 6621,
    "q": "من شُروط فَصاحةِ الكَلمةِ:",
    "level": 2,
    "link": "https://dorar.net/arabia/1626",
    "section": "al-blaga",
    "answers": [
      {
        "answer": "أنْ تكونَ مُطابِقَةً لحالِ المُتلَقِّي ",
        "t": 0
      },
      {
        "answer": "أنْ تَخلُوَ مِن حُروفِ العِلَّةِ",
        "t": 0
      },
      {
        "answer": "ألَّا يكونَ فيها غَرابةُ اللَّفظِ",
        "t": 1
      }
    ]
  },
  {
    "id": 6624,
    "q": "تَقْديمُ ما حقُّه التَّأخيرُ، يُفيدُ:",
    "level": 2,
    "link": "https://dorar.net/arabia/1750",
    "section": "al-blaga",
    "answers": [
      {
        "answer": "القَصْرَ",
        "t": 1
      },
      {
        "answer": "المُقارَبَةَ",
        "t": 0
      },
      {
        "answer": "الاستِثْناءَ",
        "t": 0
      }
    ]
  },
  {
    "id": 6628,
    "q": "للقَصْرِ والتَّخْصيصِ طُرقٌ كَثيرةٌ، مِن أَشهَرِها:",
    "level": 2,
    "link": "https://dorar.net/arabia/1750",
    "section": "al-blaga",
    "answers": [
      {
        "answer": "التَّرتِيبُ والتَّعقِيبُ",
        "t": 0
      },
      {
        "answer": "النَّفيُ والاسْتِثناءُ",
        "t": 1
      },
      {
        "answer": "التَّوكيدُ بالتَّكرارِ",
        "t": 0
      }
    ]
  },
  {
    "id": 6627,
    "q": "التَّتْميمُ في البَلاغَةِ هو:",
    "level": 2,
    "link": "https://dorar.net/arabia/1776",
    "section": "al-blaga",
    "answers": [
      {
        "answer": "تَكريرُ الكَلمةِ أوِ الجُملةِ مرَّتَينِ أو أكْثرَ لفائِدةٍ",
        "t": 0
      },
      {
        "answer": "تَوفيةُ المَعْنى بما لا يَتِمُّ المعنى إلَّا به",
        "t": 1
      },
      {
        "answer": "ذِكرُ الخاصِّ بعْدَ العامِّ",
        "t": 0
      }
    ]
  },
  {
    "id": 6623,
    "q": "العلم الذي يتناول: التَّشْبيه، والمَجاز والاسْتِعارة، والكِناية:",
    "level": 2,
    "link": "https://dorar.net/arabia/1783",
    "section": "al-blaga",
    "answers": [
      {
        "answer": "عِلمُ البَيانِ",
        "t": 1
      },
      {
        "answer": "عِلمُ البَدِيعِ",
        "t": 0
      },
      {
        "answer": "عِلمُ المَعانِي",
        "t": 0
      }
    ]
  },
  {
    "id": 6632,
    "q": "ذِكرُ الشَّيءِ بلفْظِ غيرِه؛ لوُقوعِه في صُحبتِه، تَحْقيقًا أو تَقْديرًا:",
    "level": 2,
    "link": "https://dorar.net/arabia/1896",
    "section": "al-blaga",
    "answers": [
      {
        "answer": "المُشاكَلةُ",
        "t": 1
      },
      {
        "answer": "الإِسْقاطُ",
        "t": 0
      },
      {
        "answer": "الطِّباقُ",
        "t": 0
      }
    ]
  },
  {
    "id": 6640,
    "q": "ذِكرُ الخاصِّ بعْدَ العامِّ مِن أَنواعِ:",
    "level": 2,
    "link": "https://dorar.net/arabia/1776",
    "section": "al-blaga",
    "answers": [
      {
        "answer": "الإطناب",
        "t": 1
      },
      {
        "answer": "الإِيجازِ",
        "t": 0
      },
      {
        "answer": "القَصْرِ",
        "t": 0
      }
    ]
  },
  {
    "id": 6638,
    "q": "مِن شُروطِ الكَلامِ الفَصيحِ:",
    "level": 2,
    "link": "https://dorar.net/arabia/1628",
    "section": "al-blaga",
    "answers": [
      {
        "answer": "أنْ يَخلوَ مِنَ التَّعقيدِ اللَّفظيِّ والمَعنويِّ",
        "t": 1
      },
      {
        "answer": "الإيجازُ والاخْتِصارُ",
        "t": 0
      },
      {
        "answer": "أنْ يكونَ ظاهِرًا بدَلالةِ القَرائِنِ",
        "t": 0
      }
    ]
  },
  {
    "id": 6626,
    "q": "زِيادةُ اللَّفظِ على المَعْنى لِفائِدةٍ، يُسَمَّى:",
    "level": 2,
    "link": "https://dorar.net/arabia/1774",
    "section": "al-blaga",
    "answers": [
      {
        "answer": "الإِطنابَ",
        "t": 1
      },
      {
        "answer": "الإِضْمارَ",
        "t": 0
      },
      {
        "answer": "التَّوكيدَ المَعنوِيَّ",
        "t": 0
      }
    ]
  }
]