[
  {
    "id": 3630,
    "q": "مَن رَدَّد مِثلَ ما يَقولُ المُؤذِّنُ يَقينًا، كان أجْرُه على ذلك:",
    "level": 3,
    "link": "https://dorar.net/hadith/sharh/40820",
    "section": "hadith06",
    "answers": [
      {
        "answer": "أن يُغفَرَ له ما تَقدَّمَ من ذَنبِه",
        "t": 0
      },
      {
        "answer": "دُخولَ الجنَّةِ",
        "t": 1
      },
      {
        "answer": "أن يُلبِسَه اللهُ تَعالَى تاجَ الوَقارِ يَومَ القِيامةِ",
        "t": 0
      }
    ]
  },
  {
    "id": 3632,
    "q": "المُرادُ بقَولِه ﷺ: «لا جَنَبَ»:",
    "level": 3,
    "link": "https://dorar.net/hadith/sharh/30567",
    "section": "hadith06",
    "answers": [
      {
        "answer": "لا تَبتَعِدوا بأمْوالِكم عن أماكِنِ رَعيِها فيَشُقَّ ذلك على السُّعاةِ",
        "t": 1
      },
      {
        "answer": "لا تَتَجَنَّبوا أَرحامَكُم",
        "t": 0
      },
      {
        "answer": "لا يَتفاخَر بَعضُكم على بَعضٍ",
        "t": 0
      }
    ]
  },
  {
    "id": 3633,
    "q": "يُستَنبَطُ من حَديثِ خُفَافِ بْنِ إِيمَاءٍ: رَكَعَ رَسُولُ اللهِ ﷺ، ثُمَّ رَفَعَ رَأْسَهُ، فَقَالَ: «غِفَارُ غَفَرَ اللهُ لَهَا، وَأَسْلَمُ سَالَمَهَا اللهُ...» :",
    "level": 3,
    "link": "https://dorar.net/hadith/sharh/23382",
    "section": "hadith06",
    "answers": [
      {
        "answer": "مَشروعِيَّةُ الكَلامِ بغَيرِ الذِّكرِ في الصَّلاةِ",
        "t": 0
      },
      {
        "answer": "مَشروعيَّةُ قُنوتِ النَّوازلِ في الصَّلاةِ",
        "t": 1
      },
      {
        "answer": "مَشرُوعِيَّة الفَأْلِ الحَسَنِ بالاسمِ الحَسَنِ",
        "t": 0
      }
    ]
  },
  {
    "id": 3634,
    "q": "المُرادُ بالغِرارِ في حَديثِ أبي هُرَيرةَ رَضِيَ اللهُ عَنهُ: «لَا غِرارَ في صَلاةٍ، ولا تَسليمٍ»:",
    "level": 3,
    "link": "https://dorar.net/hadith/sharh/30246",
    "section": "hadith06",
    "answers": [
      {
        "answer": "الخِداعُ",
        "t": 0
      },
      {
        "answer": "النَّقصُ",
        "t": 1
      },
      {
        "answer": "الإِسراعُ",
        "t": 0
      }
    ]
  },
  {
    "id": 3631,
    "q": "قال رَسُولُ اللهِ ﷺ: الصَّلَاةُ الْخَمْسُ، وَالْجُمُعَةُ إِلَى الْجُمُعَةِ:",
    "level": 3,
    "link": "https://dorar.net/hadith/sharh/23528",
    "section": "hadith06",
    "answers": [
      {
        "answer": "مَطهَرةٌ منَ الذُّنوبِ",
        "t": 0
      },
      {
        "answer": "عُلُوٌّ في الدَّرَجاتِ مَنجَاٌة عن السَّيِّئاتِ",
        "t": 0
      },
      {
        "answer": "كَفَّارةٌ لِمَا بَينَهُنَّ مَا لَمْ تُغشَ الكَبائِرُ",
        "t": 1
      }
    ]
  },
  {
    "id": 3627,
    "q": "عَنْ عَائِشَةَ رَضِيَ اللهُ عَنها: أنَّ قَوْمًا قالوا للنبيِّ ﷺ: إنَّ قَوْمًا يَأْتُونَا باللَّحْمِ، لا نَدْرِي: أذُكِرَ اسْمُ اللَّهِ عليه أمْ لَا؟ فَقالَ:",
    "level": 3,
    "link": "https://dorar.net/hadith/sharh/405",
    "section": "hadith06",
    "answers": [
      {
        "answer": "دَعوهُ لا تَأكُلوه",
        "t": 0
      },
      {
        "answer": "سَمُّوا اللَّهَ عليه وكُلُوهُ",
        "t": 1
      },
      {
        "answer": "أطْعِمُوه الطَّيرَ والسِّباعَ",
        "t": 0
      }
    ]
  },
  {
    "id": 3641,
    "q": "«لا يَكونُ اللَّعَّانُونَ شُفَعَاءَ وَلَا شُهَدَاءَ، يَومَ القِيَامَةِ» معنى «وَلا شُهداءَ»",
    "level": 3,
    "link": "https://dorar.net/hadith/sharh/17471",
    "section": "hadith06",
    "answers": [
      {
        "answer": "لا يَنالونَ ثَوابَ الشَّهادةِ في المَعارِك لسوءِ فِعالِهم",
        "t": 0
      },
      {
        "answer": "لا تُؤخَذُ مِنهمُ الشَّهادةُ عَلى الأُممِ بتَبليغِ رُسلِهم يَومَ القيامَةِ",
        "t": 1
      },
      {
        "answer": "أنَّهُم فُسَّاقٌ فلا تُقبَلُ مِنهُم شَهادةٌ في الدُّنيا ولا في الآخِرةِ",
        "t": 0
      }
    ]
  },
  {
    "id": 3636,
    "q": "قَالَ رَسُولُ اللَّهِ ﷺ: التَّسْبِيحُ لِلرِّجَالِ:",
    "level": 3,
    "link": "https://dorar.net/hadith/sharh/13746",
    "section": "hadith06",
    "answers": [
      {
        "answer": "والتَّكبيرُ للإمامِ",
        "t": 0
      },
      {
        "answer": "والتَّهليلُ للصِّبيانِ",
        "t": 0
      },
      {
        "answer": "وَالتَّصْفِيقُ للنِّساءِ",
        "t": 1
      }
    ]
  },
  {
    "id": 3635,
    "q": "يَنْبغي على الشَّاكِّ في الصَّلاةِ أنْ يَبْنيَ على:",
    "level": 3,
    "link": "https://dorar.net/hadith/sharh/30246",
    "section": "hadith06",
    "answers": [
      {
        "answer": "أقلِّ العدَدِ، ثُمَّ يُكمِلَ بِناءً عَليهِ",
        "t": 1
      },
      {
        "answer": "أكثَرِ العَدَدِ",
        "t": 0
      },
      {
        "answer": "أَغلبِ الظَّنِّ",
        "t": 0
      }
    ]
  },
  {
    "id": 3644,
    "q": "عَنِ النَّبِيِّ ﷺ قَالَ: مَنْ نَسِيَ صَلاةً فَلْيُصَلِّ إِذَا:",
    "level": 3,
    "link": "https://dorar.net/hadith/sharh/23269",
    "section": "hadith06",
    "answers": [
      {
        "answer": "دَخَلَ وَقتُها مِن يَومِها التَّالي",
        "t": 0
      },
      {
        "answer": "أَوَى إلى فِراشِه",
        "t": 0
      },
      {
        "answer": "ذَكَرَها",
        "t": 1
      }
    ]
  },
  {
    "id": 3629,
    "q": "حَرَصَ الإسلامُ على أن يَكونَ للمُسلِمِ شَخصِيَّتُه المُمَيَّزةُ عن غَيرِه؛ وذلك:",
    "level": 3,
    "link": "https://dorar.net/hadith/sharh/151032",
    "section": "hadith06",
    "answers": [
      {
        "answer": "ليَكونَ أشَدَّ النَّاسِ زينةً وجَمالًا",
        "t": 0
      },
      {
        "answer": "ليَكونَ بمَظْهَرِه وجَوهَرِه داعيةً إلى اللهِ، وإن لم يتكَلَّمْ بلِسانِه",
        "t": 1
      },
      {
        "answer": "لأنَّ الإسلامَ دِينُ الأَخلاقِ",
        "t": 0
      }
    ]
  },
  {
    "id": 3639,
    "q": "«نَهى رَسولُ اللهِ ﷺ عن اشتمالِ الصَّمَّاءِ». مَعنَى «اشتِمالِ الصَّمَّاءِ»:",
    "level": 3,
    "link": "https://dorar.net/hadith/sharh/7710",
    "section": "hadith06",
    "answers": [
      {
        "answer": "أن يَلبَسَ مَلابِسَ صَفراءَ بالكامِلِ مِثلَ الصَّخرةِ الصَّماءِ",
        "t": 0
      },
      {
        "answer": "أنْ يَلُفَّ الإنسانُ جَميعَ جَسَدِه بالثَّوبِ، ولا يَرفَعَ شيئًا مِن جَوانبِه، فلا يُمكِنَه إخراجُ يدِه إلَّا مِن أسفَلِه",
        "t": 1
      },
      {
        "answer": "أن يَلُفَّ حَولَ بَدَنِه الصَّخورَ الصَّمَّاءَ",
        "t": 0
      }
    ]
  },
  {
    "id": 3642,
    "q": "«لا تَلاعَنوا بلَعنةِ اللهِ ولا بغَضبِ اللهِ ولا بالنَّارِ» من فَوائدِ هذا الحديثِ:",
    "level": 3,
    "link": "https://dorar.net/hadith/sharh/29498",
    "section": "hadith06",
    "answers": [
      {
        "answer": "إبعادُ أسبابِ دُخولِ الشَّرِّ بين المُسلِمين",
        "t": 1
      },
      {
        "answer": "الحَثُّ على التَّنَزُّه عن التَّشَبُّهِ بالفُسَّاقِ",
        "t": 0
      },
      {
        "answer": "النهيُ عن الإفَسادِ في الأرضِ",
        "t": 0
      }
    ]
  },
  {
    "id": 3628,
    "q": "يُؤخَذُ من حَديثِ النَّبيِّ ﷺ: «لَعَن اللهُ الواصِلةَ والمَوصولةَ»",
    "level": 3,
    "link": "https://dorar.net/hadith/sharh/151098",
    "section": "hadith06",
    "answers": [
      {
        "answer": "أنَّ قاطِعَ الرَّحِمِ مَلعونٌ",
        "t": 0
      },
      {
        "answer": "تَحريمُ العُقوقِ والتَّحذيرُ مِنه",
        "t": 0
      },
      {
        "answer": "أنَّ وَصْلَ الشَّعرِ من كَبائرِ الذُّنوبِ",
        "t": 1
      }
    ]
  },
  {
    "id": 3638,
    "q": "كلمة \"يَسْتَعْتِب\" مَعناها:\n ",
    "level": 3,
    "link": "https://dorar.net/hadith/sharh/151191",
    "section": "hadith06",
    "answers": [
      {
        "answer": "يَطلُبُ رِضا اللهِ بالتَّوبةِ وردِّ المَظالِمِ وتَدارُكِ الفائتِ",
        "t": 1
      },
      {
        "answer": "يَعلَمُ أنَّ العُتبَى للهِ فلا يُذنِبُ مَرَّةً أُخرى",
        "t": 0
      },
      {
        "answer": "يَعتِبُ على مَن أخطَأَ في حَقِّه ويُراجِعُه",
        "t": 0
      }
    ]
  },
  {
    "id": 3645,
    "q": "سُمِّيَتِ القارورةُ بهذا الاسمِ؛ وذلك:",
    "level": 3,
    "link": "https://dorar.net/hadith/sharh/12373",
    "section": "hadith06",
    "answers": [
      {
        "answer": "لبُعدِ قَعرِها وقَرارِها",
        "t": 0
      },
      {
        "answer": "باسمِ القَرارِ الَّذي في أسفَلِها",
        "t": 0
      },
      {
        "answer": "لاستِقرارِ الشَّرابِ فيها",
        "t": 1
      }
    ]
  },
  {
    "id": 3626,
    "q": "قال رَسولُ الله ﷺ: إِنَّ اللهَ كتبَ الإحْسانَ على كلِّ شيءٍ:",
    "level": 3,
    "link": "https://dorar.net/hadith/sharh/22029",
    "section": "hadith06",
    "answers": [
      {
        "answer": "فَإِذا قَتلتُم فأحسِنوا القِتْلةَ، وَإِذا ذَبحتُم فأحْسِنوا الذَّبحَ",
        "t": 1
      },
      {
        "answer": "فأَحسِنُوا إنَّ الله يحبُّ المُحسِنينَ",
        "t": 0
      },
      {
        "answer": "فإذا صَلَّيتُم في رِحالِكُم ثُمَّ أتَيتُم مَسجِدَ جَماعةٍ فَصَلُّوا مَعَهم",
        "t": 0
      }
    ]
  },
  {
    "id": 3637,
    "q": "«نَهَى رسولُ اللهِ ﷺ عن الاحتِباءِ في ثَوبٍ واحِدٍ». ما هو «الاحتِباءُ»:",
    "level": 3,
    "link": "https://dorar.net/hadith/sharh/7710",
    "section": "hadith06",
    "answers": [
      {
        "answer": "أن يَرتَكِزَ الإنسانُ على أربَعٍ -يَدَيهِ ورِجلَيه-، ويَحبِي كما يَفعَلُ الطِّفلُ الصَّغيرُ",
        "t": 0
      },
      {
        "answer": "أنْ يَقعُدَ الإنسانُ على أَليَتَيْهِ ويَنصِبَ ساقَيْهِ، فيَضُمَّ رِجلَيْهِ إلى بَطنِه بثَوبٍ، ويَجمَعَهما مع ظهْرِه، ويَشُدَّ الثَّوبَ عليه بهذه الهَيئةِ، أو يَشُدَّ على ساقَيْهِ بيَدِه",
        "t": 1
      },
      {
        "answer": "النَّومُ على البَطنِ في ثَوبٍ واحِدٍ؛ لأنَّ ذلك يُظهِر العَورَة",
        "t": 0
      }
    ]
  },
  {
    "id": 3643,
    "q": "عن عَبدِ اللهِ بنِ عبَّاسٍ  رَضِيَ اللهُ عَنهُما قال: فَرَضَ اللهُ الصَّلاةَ على لِسانِ نَبيِّكُمْ في الحَضَرِ أَربعًا، وفي السَّفَرِ رَكعَتَين، وفي الخَوفِ:",
    "level": 3,
    "link": "https://dorar.net/hadith/sharh/23386",
    "section": "hadith06",
    "answers": [
      {
        "answer": "ثَلاثًا",
        "t": 0
      },
      {
        "answer": "رَكعةً",
        "t": 1
      },
      {
        "answer": "أربَعًا",
        "t": 0
      }
    ]
  },
  {
    "id": 3640,
    "q": "نَهى النَّبيُّ ﷺ في الحَديثِ عنِ اشتِمالِ الصَّمَّاءِ لأنَّ فيه تَشبُّهًا بـ:",
    "level": 3,
    "link": "https://dorar.net/hadith/sharh/7710",
    "section": "hadith06",
    "answers": [
      {
        "answer": "اليَهودِ",
        "t": 1
      },
      {
        "answer": "النَّصارَى",
        "t": 0
      },
      {
        "answer": "المَجوسِ",
        "t": 0
      }
    ]
  }
]