[
  {
    "id": 3614,
    "q": "الحَرورِيَّةُ نِسبةً إلى:",
    "level": 2,
    "link": "https://dorar.net/hadith/sharh/28078",
    "section": "hadith06",
    "answers": [
      {
        "answer": "حَروراءَ، وهي مَوضعٌ قَريبٌ مِن الكوفةِ",
        "t": 1
      },
      {
        "answer": "حَرورَة، وهي قَريَة مِن قُرَى دِمَشقَ",
        "t": 0
      },
      {
        "answer": "حَرُونِيَّة، جَبلٌ عَظِيمٌ بين العِراقِ والشَّامِ",
        "t": 0
      }
    ]
  },
  {
    "id": 3621,
    "q": "قال رسولُ الله ﷺ: إذا استَجمَرَ أحدُكُم:",
    "level": 2,
    "link": "https://dorar.net/hadith/sharh/23195",
    "section": "hadith06",
    "answers": [
      {
        "answer": "فَلْيُتبِعْ ذلك الماءَ",
        "t": 0
      },
      {
        "answer": "فلْيتَوَضَّأْ",
        "t": 0
      },
      {
        "answer": "فَلْيوتِرْ",
        "t": 1
      }
    ]
  },
  {
    "id": 3609,
    "q": "في الحَديثِ: «أنَّ النَّبيَّ ﷺ أمَرَ رَجُلًا حينَ أمَرَ المُتَلاعِنَينِ أن يَتلاعَنَا أن يَضَعَ يدَهُ على فِيهِ عِندَ الخامِسةِ، يقولُ: إنَّها مُوجِبةٌ»، مَعنَى «إنَّها مُوجِبةٌ»:",
    "level": 2,
    "link": "https://dorar.net/hadith/sharh/29190",
    "section": "hadith06",
    "answers": [
      {
        "answer": "مُوجِبةٌ للحَدِّ في الدُّنيا",
        "t": 0
      },
      {
        "answer": "مُوجِبةٌ للَعْنةِ اللهِ وإحْقاقِها عليه إنْ كان مِنَ الكاذِبينَ",
        "t": 1
      },
      {
        "answer": "يَعني: واجِبةً عَليهِ إنْ أرادَ إتمامَ اللِّعانِ",
        "t": 0
      }
    ]
  },
  {
    "id": 3617,
    "q": "في الحديث: «لا تَلاعَنوا بلَعنةِ اللهِ ولا بغَضَبِ اللهِ ولا بالنَّارِ» مَعنَى «ولا بالنَّارِ»:",
    "level": 2,
    "link": "https://dorar.net/hadith/sharh/29498",
    "section": "hadith06",
    "answers": [
      {
        "answer": "لا تَلعَنوا أحَدًا بالنَّارِ",
        "t": 0
      },
      {
        "answer": "لا تَدعوا على أحدٍ بدُخولِ النارِ",
        "t": 1
      },
      {
        "answer": "أي لا تَسُبُّوا النارَ",
        "t": 0
      }
    ]
  },
  {
    "id": 3608,
    "q": "في الحَديثِ: «أنَّ رَسولَ اللهِ ﷺ نَهَى عن لُقَطةِ الحَاجِّ» مَعنَاه:",
    "level": 2,
    "link": "https://dorar.net/hadith/sharh/17786",
    "section": "hadith06",
    "answers": [
      {
        "answer": "أنَّ لُقطةَ الحاجِّ وَقفٌ يَنتفِعُ بها المِسكينُ وابنُ السَّبيلِ",
        "t": 0
      },
      {
        "answer": "أنَّ لُقَطةَ الحاجِّ لا تُملَكُ مُباشرةً، ولا تُؤخَذُ لِتُعَرَّفَ سَنَةً ثُمَّ تُملَكُ، وإنَّما تُعَرَّفُ دائمًا",
        "t": 1
      },
      {
        "answer": "أنَّ لُقطَةَ الحاجِّ كغَيرِها مِنَ اللُّقَطاتِ؛ تُعرَّفُ سَنَةً ثُمَّ تُتَملَّكُ",
        "t": 0
      }
    ]
  },
  {
    "id": 3613,
    "q": "في الحَديثِ: «أنَّ النبيَّ ﷺ خَرَجَ وعليه قَبَاءٌ مِن دِيبَاجٍ مُزَرَّرٌ بالذَّهَبِ». الدِّيباجُ هو:",
    "level": 2,
    "link": "https://dorar.net/hadith/sharh/151242",
    "section": "hadith06",
    "answers": [
      {
        "answer": "نَوْعٌ نَفيسٌ مِن الصُّوفِ",
        "t": 0
      },
      {
        "answer": "نَوْعٌ نَفيسٌ مِن الحَريرِ",
        "t": 1
      },
      {
        "answer": "نَوْعٌ نَفيسٌ مِن القُطنِ",
        "t": 0
      }
    ]
  },
  {
    "id": 3612,
    "q": "في حَديثِ المِسوَرِ بنِ مَخرَمةَ أنَّ أباه قال: «يا بُنَيَّ، ادْعُ لِي النَّبيَّ ﷺ، فأعْظَمْتُ ذلكَ، فَقُلتُ: أدْعُو لكَ رَسولَ اللَّهِ ﷺ؟! فَقالَ: يا بُنَيَّ، إنَّه ليسَ بجَبَّارٍ، فَدَعَوْتُهُ، فخَرَجَ» معنى «ليس بجَبَّارٍ»:",
    "level": 2,
    "link": "https://dorar.net/hadith/sharh/151242",
    "section": "hadith06",
    "answers": [
      {
        "answer": "أي ليس بَخيلًا وإنما كَريمٌ يَقرِي الضَّيفَ",
        "t": 0
      },
      {
        "answer": "ليس من صِفاتِه الكِبْرُ الَّذي يمنَعُه من إجابةِ مَن دَعاه",
        "t": 1
      },
      {
        "answer": "يَجبُرُ المِسكِينَ والضَّعيفَ وابنَ السَّبيلِ",
        "t": 0
      }
    ]
  },
  {
    "id": 3615,
    "q": "في الحديثِ: «لَيسَ المُؤمنُ بالطَّعَّانِ ولا اللَّعَّانِ ولا الفاحشِ ولا البَذيءِ» مَعنَى «لَيسَ المُؤمِنُ»",
    "level": 2,
    "link": "https://dorar.net/hadith/sharh/35492",
    "section": "hadith06",
    "answers": [
      {
        "answer": "أي يَرتِفعُ الإيمانُ عن العَبدِ إن فَعلَ ذلك",
        "t": 0
      },
      {
        "answer": "لا يَكونُ العبدُ مُؤمِنًا إنْ فَعَل ذلك",
        "t": 0
      },
      {
        "answer": "لا يَكونُ العبدُ كامِلَ الإيمانِ، أو ليس من أخلاقِ المُؤمِنِ",
        "t": 1
      }
    ]
  },
  {
    "id": 3622,
    "q": "قال رسولُ الله ﷺ: ذاقَ طَعمَ الإيمانِ مَن رَضيَ باللهِ رَبًّا، وبالإسلامِ دينًا:",
    "level": 2,
    "link": "https://dorar.net/hadith/sharh/23608",
    "section": "hadith06",
    "answers": [
      {
        "answer": "وبالمُؤمِنينَ أَولِياءَ",
        "t": 0
      },
      {
        "answer": "وبالجَنَّةِ مَنزِلًا",
        "t": 0
      },
      {
        "answer": "وبمُحَمَّدٍ رَسولًا",
        "t": 1
      }
    ]
  },
  {
    "id": 3623,
    "q": "نَهى رَسولُ اللهِ ﷺ عن المُزابَنةِ والمُحاقَلةِ. مَعنَى المُزابَنةِ",
    "level": 2,
    "link": "https://dorar.net/hadith/sharh/6368",
    "section": "hadith06",
    "answers": [
      {
        "answer": "بَيعُ الثَّمَرِ في رُؤوسِ النَّخلِ قبلَ جَنْيِه",
        "t": 1
      },
      {
        "answer": "بَيعُ العِنَبِ لاتِّخاذِه خَمرًا",
        "t": 0
      },
      {
        "answer": "بَيعُ التَّمرِ بالزَّبيبِ",
        "t": 0
      }
    ]
  },
  {
    "id": 3610,
    "q": "ما معنى: «جَمَل أوْرَق»",
    "level": 2,
    "link": "https://dorar.net/hadith/sharh/13771",
    "section": "hadith06",
    "answers": [
      {
        "answer": "الجَمَلُ الَّذي فيه صَفارٌ",
        "t": 0
      },
      {
        "answer": "الجَمَلُ الَّذي فيه بَياضٌ",
        "t": 0
      },
      {
        "answer": "الجَمَلُ الَّذي فيه سَوادٌ",
        "t": 1
      }
    ]
  },
  {
    "id": 3607,
    "q": "عَنِ النَّبِيِّ ﷺ قَالَ: إِنَّ الرِّفْقَ لَا يَكُونُ فِي شَيْءٍ إِلَّا:",
    "level": 2,
    "link": "https://dorar.net/hadith/sharh/17549",
    "section": "hadith06",
    "answers": [
      {
        "answer": "كان عَدْلًا وافِيًا",
        "t": 0
      },
      {
        "answer": "زَانَهُ",
        "t": 1
      },
      {
        "answer": "أَتَمَّهُ",
        "t": 0
      }
    ]
  },
  {
    "id": 3620,
    "q": "إذا كانَتِ القِبلةُ في جِهةِ المَشرِقِ بالنِّسبةِ لمَوطِنِ بَعضِ الأشخاصِ، فعَليِه إذا أراد قَضاءَ حاجَتِه أن:",
    "level": 2,
    "link": "https://dorar.net/hadith/sharh/22440",
    "section": "hadith06",
    "answers": [
      {
        "answer": "يَستَقبِلَ جِهةً أُخرى لا يَكونُ فيها استِقبالُ القِبلةِ ولا استِدبارُها",
        "t": 1
      },
      {
        "answer": "يَستَقبِلَ جِهةَ المَغرِبِ",
        "t": 0
      },
      {
        "answer": "يَستَقبِلَ جِهةَ المَشرِقِ",
        "t": 0
      }
    ]
  },
  {
    "id": 3611,
    "q": "أُهْدِيَ إلى النبيِّ ﷺ فَرُّوجُ حَرِيرٍ، فَلَبِسَهُ، فَصَلَّى فِيهِ، ثُمَّ انْصَرَفَ، فَنَزَعَهُ نَزْعًا شَدِيدًا كَالكَارِهِ له، وقَالَ: لا يَنْبَغِي هذا:",
    "level": 2,
    "link": "https://dorar.net/hadith/sharh/22434",
    "section": "hadith06",
    "answers": [
      {
        "answer": "للمُؤمِنين",
        "t": 0
      },
      {
        "answer": "لنا مَعشَر الرِّجالِ",
        "t": 0
      },
      {
        "answer": "لِلمُتَّقينَ",
        "t": 1
      }
    ]
  },
  {
    "id": 3616,
    "q": "في الحديثِ: «ليسَ المؤمنُ بالطَّعَّانِ ولا اللَّعَّانِ ولا الفاحِشِ ولا البَذيءِ» مَعنَى «الطَّعَّانِ»:",
    "level": 2,
    "link": "https://dorar.net/hadith/sharh/35492",
    "section": "hadith06",
    "answers": [
      {
        "answer": "الَّذي يَضرِبُ بالسَّيفِ، ويَطعَنُ إخوانَه المُؤمِنين",
        "t": 0
      },
      {
        "answer": "الَّذي يُؤذِي المُسالِمين مِن أَهلِ الذِّمَّةِ",
        "t": 0
      },
      {
        "answer": "الَّذي يَقَعُ في النَّاسِ ويَعيبُهم ويَقَعُ في أعْراضِهم ويَغتابُهم",
        "t": 1
      }
    ]
  },
  {
    "id": 3624,
    "q": "جُملةُ: «مَن أعتَقَ رقبةً مُسلِمةً» مَعناها:\n ",
    "level": 2,
    "link": "https://dorar.net/hadith/sharh/92362",
    "section": "hadith06",
    "answers": [
      {
        "answer": "مَن أعتَقَ عبدًا أو أَمَةً",
        "t": 1
      },
      {
        "answer": "مَن تَملَّك  رَقَبةَ امرأةٍ مُسلِمةٍ فتَزوَّجَها ليُعِفَّها",
        "t": 0
      },
      {
        "answer": "مَن أنجَى مُسلِمًا منَ القَتلِ",
        "t": 0
      }
    ]
  },
  {
    "id": 3625,
    "q": "قال رسولُ الله ﷺ: ولا يَتَمَنَّيَنَّ أحَدُكُمُ المَوْتَ: إمَّا مُحْسِنًا",
    "level": 2,
    "link": "https://dorar.net/hadith/sharh/151191",
    "section": "hadith06",
    "answers": [
      {
        "answer": "فَلَعَلَّهُ أنْ يَزْدادَ خَيْرًا",
        "t": 1
      },
      {
        "answer": "فَلَهُ إِحسانُه",
        "t": 0
      },
      {
        "answer": "أو مُسِيئًا",
        "t": 0
      }
    ]
  },
  {
    "id": 3618,
    "q": "في الحَديثِ: «لَمْ يَكُنِ النبيُّ ﷺ فَاحِشًا ولَا مُتَفَحِّشًا» الفُحشُ هو:",
    "level": 2,
    "link": "https://dorar.net/hadith/sharh/150471",
    "section": "hadith06",
    "answers": [
      {
        "answer": "الزِّنا",
        "t": 0
      },
      {
        "answer": "زِيادةُ الشَّيءِ على المألوفِ مِن مِقْدارِه",
        "t": 1
      },
      {
        "answer": "الكَذِبُ الذي يَبلُغُ الآفاقَ",
        "t": 0
      }
    ]
  },
  {
    "id": 3606,
    "q": "قال رَسولُ الله ﷺ: جَعَلَ اللَّهُ الرَّحْمَةَ مِئَةَ جُزْءٍ:",
    "level": 2,
    "link": "https://dorar.net/hadith/sharh/20568",
    "section": "hadith06",
    "answers": [
      {
        "answer": "فأنزَلَها كُلَّها إلى الأَرضِ يَتراحَمُون بِها",
        "t": 0
      },
      {
        "answer": "فأَمسَكَ عنده تِسعةً وتِسعِينَ جُزءًا، وأَنزلَ فِي الأرضِ جُزءًا واحِدًا",
        "t": 1
      },
      {
        "answer": "فأمسَكَها كُلَّها عِندَه لرَحمَةِ المُؤمِنينَ يومَ القِيامَة",
        "t": 0
      }
    ]
  },
  {
    "id": 3619,
    "q": "قال رَسُولُ اللهِ ﷺ: اتَّقُوا اللَّعَّانَيْنِ قالوا: وَما اللَّعَّانَانِ يا رَسُولَ اللهِ؟ قالَ:",
    "level": 2,
    "link": "https://dorar.net/hadith/sharh/23534",
    "section": "hadith06",
    "answers": [
      {
        "answer": "الَّذي يَلعَنُ والِدَيه",
        "t": 0
      },
      {
        "answer": "الَّذِي يَسُبُّ النَّاسَ ويُؤذيهِم",
        "t": 0
      },
      {
        "answer": "الَّذي يَتَخَلَّى في طَرِيقِ النَّاسِ، أَوْ في ظِلِّهِمْ",
        "t": 1
      }
    ]
  }
]