[
  {
    "id": 3586,
    "q": "إذا ذَبَح المُسلِمُ شَيئًا مِمَّا يُباحُ أكْلُه بغَيرِ السِّكِّينِ الحَديدِيَّةِ؛ كأنْ يَذبَحَه بحَجَرٍ له حَدٌّ قاطِعٌ، فإنَّه:",
    "level": 1,
    "link": "https://dorar.net/hadith/sharh/32192",
    "section": "hadith06",
    "answers": [
      {
        "answer": "يَصِحُّ أكلُه",
        "t": 1
      },
      {
        "answer": "يُؤكَلُ إذا أُدرِكَ قبلَ أن يَلفِظَ أنفاسَه، فيُذبَح بسِكِّينٍ",
        "t": 0
      },
      {
        "answer": "يَكونُ مَيتةً لا يَحِلُّ أكْلُه",
        "t": 0
      }
    ]
  },
  {
    "id": 3588,
    "q": "أَوَّلُ فِتنةٍ وَقَعَتْ في بَني إسرائيلَ كانتْ بِسَبَبِ:",
    "level": 1,
    "link": "https://dorar.net/hadith/sharh/20556",
    "section": "hadith06",
    "answers": [
      {
        "answer": "المالِ",
        "t": 0
      },
      {
        "answer": "النِّساءِ",
        "t": 1
      },
      {
        "answer": "الضِّياعِ",
        "t": 0
      }
    ]
  },
  {
    "id": 3604,
    "q": "يَكونُ طَعامُ الوَليمةِ في العُرسِ بـ:",
    "level": 1,
    "link": "https://dorar.net/hadith/sharh/150922",
    "section": "hadith06",
    "answers": [
      {
        "answer": "أيِّ شَيءٍ يَقدِرُ عليه المسلِمُ وقتَ الزَّواجِ دونَ إسْرافٍ وفخْرٍ",
        "t": 1
      },
      {
        "answer": "ذَبيحَةٍ مِن بَهائمِ الأَنعامِ",
        "t": 0
      },
      {
        "answer": "ما يُقِرُّهُ العُرفُ في كلِّ قُطرٍ",
        "t": 0
      }
    ]
  },
  {
    "id": 3587,
    "q": "إنَّه ممَّا شاء اللهُ تَعالَى وقَضَى بحِكمَتِه البالِغةِ أنْ يَجعَلَ الدُّنيا دارَ:",
    "level": 1,
    "link": "https://dorar.net/hadith/sharh/3892",
    "section": "hadith06",
    "answers": [
      {
        "answer": "حِسابٍ وجَزاءٍ",
        "t": 0
      },
      {
        "answer": "ابتِلاءٍ واختِبارٍ",
        "t": 1
      },
      {
        "answer": "نَعيمٍ مُقيمٍ",
        "t": 0
      }
    ]
  },
  {
    "id": 3597,
    "q": "الصَّدَقاتُ أوِ الزَّكَواتُ حينَ يُعطِيها المُتَصَدِّقُ؛ فهي إنَّما تَقَعُ في:",
    "level": 1,
    "link": "https://dorar.net/hadith/sharh/32897",
    "section": "hadith06",
    "answers": [
      {
        "answer": "رِياضِ الجنَّة",
        "t": 0
      },
      {
        "answer": "يَدِ اللهِ تَعالَى أوَّلًا",
        "t": 1
      },
      {
        "answer": "المَلَكِ المُوَكَّلِ بالصَّدَقاتِ",
        "t": 0
      }
    ]
  },
  {
    "id": 3601,
    "q": "كان المُؤذِّنونَ قَديمًا يُؤَذِّنون منَ الأماكِنِ المُرتَفِعةِ؛ وذلك:",
    "level": 1,
    "link": "https://dorar.net/hadith/sharh/29040",
    "section": "hadith06",
    "answers": [
      {
        "answer": "لِكَي يَصِلَ الصَّوتُ إلى أبعَدِ مَدًى يُمكِنُ أنْ يَصِلَ إليه",
        "t": 1
      },
      {
        "answer": "إشعارًا بعُلُوِّ مَرتَبَتِهِم في الآخِرَة",
        "t": 0
      },
      {
        "answer": "لأنَّه أرفَعُ لدَرَجاتِهم",
        "t": 0
      }
    ]
  },
  {
    "id": 3594,
    "q": "قال رَسولُ الله ﷺ: ما مِنْ يَومٍ أكثَرَ من أن يُعتِقَ اللهُ فيه عَبيدًا مِنَ النَّارِ مِن يَومِ:",
    "level": 1,
    "link": "https://dorar.net/hadith/sharh/22010",
    "section": "hadith06",
    "answers": [
      {
        "answer": "الفِطرِ",
        "t": 0
      },
      {
        "answer": "عَرَفةَ",
        "t": 1
      },
      {
        "answer": "النَّحرِ",
        "t": 0
      }
    ]
  },
  {
    "id": 3602,
    "q": "يُؤخَذُ من حَديثِ عُثمانَ بنِ أبي العاصِ رَضِيَ اللهُ عَنهُ: «يا رسولَ اللَّهِ، اجعَلْني إمامَ قَومي؟ فقالَ: أنتَ إمامُهُم، واقتدِ بأضعفِهِم واتَّخذْ مُؤَذِّنًا لا يَأخُذُ علَى أذانِهِ أجرًا»:",
    "level": 1,
    "link": "https://dorar.net/hadith/sharh/32545",
    "section": "hadith06",
    "answers": [
      {
        "answer": "مَشروعِيَّةُ طَلَبِ إمامةِ الدِّينِ والدُّنيا",
        "t": 0
      },
      {
        "answer": "النَّهيُ عن أَخذِ الأَجرِ على تَعليمِ القُرآنِ",
        "t": 0
      },
      {
        "answer": "مَشروعِيَّةُ طَلَبِ الإمامةِ في الخَيرِ",
        "t": 1
      }
    ]
  },
  {
    "id": 3605,
    "q": "العَقيقةُ؛ هي:",
    "level": 1,
    "link": "https://dorar.net/hadith/sharh/29611",
    "section": "hadith06",
    "answers": [
      {
        "answer": "الذَّبِيحَةُ الَّتِي تُذبَحُ عنِ المَولودِ فِي يومِ سابِعِه",
        "t": 1
      },
      {
        "answer": "الذَّبيحةُ التي تُذبَحُ للضِّيفانِ",
        "t": 0
      },
      {
        "answer": "الذَّبيحةُ التي تُذبَحُ للعُرسِ",
        "t": 0
      }
    ]
  },
  {
    "id": 3593,
    "q": "يُستَنبَطُ من حَديثِ: «إنَّ اللَّهَ قد أبدلَكُم بِهِما خَيرًا مِنهُما يَومَ الأَضحَى ويَومَ الفِطرِ»:",
    "level": 1,
    "link": "https://dorar.net/hadith/sharh/28147",
    "section": "hadith06",
    "answers": [
      {
        "answer": "أنَّه لا بَأسَ أن يَحتَفِلَ المُسلِمون ببَعضِ أعيادِ الجاهِلِيَّةِ",
        "t": 0
      },
      {
        "answer": "النَّهْيُ عن الاحتِفالِ بالأعيادِ الجاهليَّةِ",
        "t": 1
      },
      {
        "answer": "أنَّه يَحرُمُ اللَّعِبُ يَومَ العيدِ",
        "t": 0
      }
    ]
  },
  {
    "id": 3589,
    "q": "يقول النبي ﷺ: إنَّ اللهَ يَرفَعُ بهذا الكِتابِ أقوامًا، ويَضَعُ به:",
    "level": 1,
    "link": "https://dorar.net/hadith/sharh/23484",
    "section": "hadith06",
    "answers": [
      {
        "answer": "فُجَّارًا",
        "t": 0
      },
      {
        "answer": "آخَرينَ",
        "t": 1
      },
      {
        "answer": "أَقوامًا",
        "t": 0
      }
    ]
  },
  {
    "id": 3591,
    "q": "يقول النبي ﷺ: أَنَا أَوْلَى النَّاسِ بابْنِ مَرْيَمَ، وَالأنْبِيَاءُ أَوْلَادُ:",
    "level": 1,
    "link": "https://dorar.net/hadith/sharh/150781",
    "section": "hadith06",
    "answers": [
      {
        "answer": "عَلَّاتٍ",
        "t": 1
      },
      {
        "answer": "آدمَ عليهِ السَّلامُ",
        "t": 0
      },
      {
        "answer": "آبائِهِم",
        "t": 0
      }
    ]
  },
  {
    "id": 3598,
    "q": "عَنِ النَّبِيِّ ﷺ قَالَ: «مِنْ حَقِّ الإِبِلِ أَنْ:",
    "level": 1,
    "link": "https://dorar.net/hadith/sharh/5718",
    "section": "hadith06",
    "answers": [
      {
        "answer": "لا تُحَمَّل ما لا تطيقُ",
        "t": 0
      },
      {
        "answer": "يَرفُقَ بها أصحابُها",
        "t": 0
      },
      {
        "answer": "تُحلَبَ على الماءِ",
        "t": 1
      }
    ]
  },
  {
    "id": 3595,
    "q": "عَنِ النَّبِيِّ ﷺ قَالَ: لَيُحَجَّنَّ البَيْتُ وَلَيُعْتَمَرَنَّ بَعدَ خُرُوجِ:",
    "level": 1,
    "link": "https://dorar.net/hadith/sharh/9540",
    "section": "hadith06",
    "answers": [
      {
        "answer": "الدَّجَّالِ",
        "t": 0
      },
      {
        "answer": "المَسيحِ عِيسَى ابنِ مَريَمَ",
        "t": 0
      },
      {
        "answer": "يَأجُوجَ ومَأجُوجَ",
        "t": 1
      }
    ]
  },
  {
    "id": 3603,
    "q": "المَقصودُ بالكُراعِ في حَديث: «لَوْ دُعِيتُ إلى ذِراعٍ أوْ كُراعٍ لَأَجَبْتُ»:",
    "level": 1,
    "link": "https://dorar.net/hadith/sharh/16379",
    "section": "hadith06",
    "answers": [
      {
        "answer": "لَحمُ الظَّهرِ",
        "t": 0
      },
      {
        "answer": "قَوائمُ الحيوانِ وأطْرافُه ممَّا دونَ الرُّكبةِ",
        "t": 1
      },
      {
        "answer": "كَتِفُ الشَّاةِ",
        "t": 0
      }
    ]
  },
  {
    "id": 3590,
    "q": "نادَى رَجلٌ النَّبيَّ ﷺ فقال: \"يا خَيرَ البَرِيَّةِ\" فرَدَّ عليه ﷺ قائِلًا:",
    "level": 1,
    "link": "https://dorar.net/hadith/sharh/17386",
    "section": "hadith06",
    "answers": [
      {
        "answer": "أحسنت",
        "t": 0
      },
      {
        "answer": "ذَاكَ إبرَاهِيمُ عَليهِ السَّلامُ",
        "t": 1
      },
      {
        "answer": "إنَّما أنا نَفَرٌ مِن قَومِي",
        "t": 0
      }
    ]
  },
  {
    "id": 3592,
    "q": "ممَّا اختَصَّ اللهُ تَعالَى به نَبِيَّنا مُحمَّدًا ﷺ على سائرِ النَّبِيِّين:",
    "level": 1,
    "link": "https://dorar.net/hadith/sharh/15782",
    "section": "hadith06",
    "answers": [
      {
        "answer": "التَّيمُّمُ عِندَ انعِدامِ الماءِ، أو عدَمِ القُدرةِ على استِخدامِه",
        "t": 1
      },
      {
        "answer": "أنَّه أُمِر بتَبليغِ رِسالةِ اللهِ تَعالَى إلى النَّاسِ",
        "t": 0
      },
      {
        "answer": "أنَّه فُرِضَت عَليهِ الصَّلاةُ",
        "t": 0
      }
    ]
  },
  {
    "id": 3596,
    "q": "أمَرَ الإسْلامُ المُزَكِّين بإخْراجِ زَكاةِ أموالِهِم مِن:",
    "level": 1,
    "link": "https://dorar.net/hadith/sharh/32897",
    "section": "hadith06",
    "answers": [
      {
        "answer": "ما يُحِبُّونَه من أموالِهِم؛ من أوسَطِه",
        "t": 1
      },
      {
        "answer": "أشرَفِ المالِ وأغْلاهُ ثَمَنًا",
        "t": 0
      },
      {
        "answer": "أَقَلِّ المالِ وأَدناهُ",
        "t": 0
      }
    ]
  },
  {
    "id": 3600,
    "q": "مَن صلَّى رَكعةً مِن الفَجرِ ثمَّ طَلَعَتِ الشَّمسُ قبلَ أن يُتِمَّ صَلاتَه:",
    "level": 1,
    "link": "https://dorar.net/hadith/sharh/26805",
    "section": "hadith06",
    "answers": [
      {
        "answer": "فإنَّه تَسقُطُ عنه الفَريضةُ، ولا يَكونُ مُدرِكًا للوَقتِ",
        "t": 0
      },
      {
        "answer": "فقد أدرَكَ الوقتَ وصحَّتْ صَلاتُه",
        "t": 1
      },
      {
        "answer": "فقد فاتَهُ الوَقتُ",
        "t": 0
      }
    ]
  },
  {
    "id": 3599,
    "q": "المُرادُ بالرَّمضاءِ في حَديثِ خَبَّابٍ رَضِيَ اللهُ عَنهُ: «شَكَوْنا إلى رَسولِ اللهِ ﷺ الصَّلاةَ في الرَّمْضاءِ...»:",
    "level": 1,
    "link": "https://dorar.net/hadith/sharh/23458",
    "section": "hadith06",
    "answers": [
      {
        "answer": "الرَّمْلُ الذي اشتدَّتْ حَرارتُه",
        "t": 1
      },
      {
        "answer": "شِدَّةُ البَردِ",
        "t": 0
      },
      {
        "answer": "تَعذيبُ قُرَيشٍ وأذاهُم",
        "t": 0
      }
    ]
  }
]