[
  {
    "id": 5966,
    "q": "المَعروفُ هو كُلُّ ما عَرَفَهُ الشَّرعُ وأقَرَّه، والمُنكَرُ هو:",
    "level": 2,
    "link": "https://dorar.net/aqeeda/3124",
    "section": "bida",
    "answers": [
      {
        "answer": "كُلُّ ما أنكَرَه الشَّرعُ وحَرَّمَه",
        "t": 1
      },
      {
        "answer": "ما كان في العُرفِ غير مَعرُوفٍ واشتَهَرَ بين الناس نَكارَتُهُ",
        "t": 0
      },
      {
        "answer": "كلُّ ما عَظُمَ قُبحُهُ مِن الذُّنوبِ والآثامِ",
        "t": 0
      }
    ]
  },
  {
    "id": 5980,
    "q": "ما يَجري عليه حُكمُ المَكروه مِن البِدَعِ لا يَعني به كراهيَّةَ:",
    "level": 2,
    "link": "https://dorar.net/aqeeda/3199",
    "section": "bida",
    "answers": [
      {
        "answer": "التَّحذِيرِ",
        "t": 0
      },
      {
        "answer": "التَّنزِيهِ",
        "t": 1
      },
      {
        "answer": "التَّحريمِ",
        "t": 0
      }
    ]
  },
  {
    "id": 5973,
    "q": "قال رَسولُ الله صلَّى الله عليه وسلَّم: (عليكم بِسُنَّتي وسُنَّةِ الخُلفاءِ المَهْديِّين الرَّاشِدين، تَمَسَّكوا بها وعَضُّوا عليها بالنَّواجِذِ) العَضُّ كِنايةٌ عن:",
    "level": 2,
    "link": "https://dorar.net/aqeeda/3143",
    "section": "bida",
    "answers": [
      {
        "answer": "الاجتِهادِ في الدَّعوَةِ إلى السُّنَّةِ ونَشْرِها بين النَّاسِ",
        "t": 0
      },
      {
        "answer": "شِدَّةِ مُلازَمةِ السُّنَّةِ والتمَسُّكِ بها",
        "t": 1
      },
      {
        "answer": "حِفظِ السُّنَّةِ  وتَدوِينِها",
        "t": 0
      }
    ]
  },
  {
    "id": 5971,
    "q": "في قول الله تعالى: {وَأَنَّ هَذَا صِرَاطِي مُسْتَقِيمًا فَاتَّبِعُوهُ} قال الشَّاطِبيُّ: الصِّراطُ المُستَقيمُ هو سَبيلُ الله الَّذي دَعا إليه، وهو:",
    "level": 2,
    "link": "https://dorar.net/aqeeda/3141",
    "section": "bida",
    "answers": [
      {
        "answer": "سَبِيلُ: لا إلهَ إلَّا الله",
        "t": 0
      },
      {
        "answer": "الإِسلامُ",
        "t": 0
      },
      {
        "answer": "السُّنَّةُ",
        "t": 1
      }
    ]
  },
  {
    "id": 5963,
    "q": "حَثَّ رَسولُ الله صلَّى الله عليه وسلَّم على لُزُومِ الجَماعَةِ وقال: مَن فارَقَ الجَماعةَ قِيدَ شِبرٍ:",
    "level": 2,
    "link": "https://dorar.net/aqeeda/3117",
    "section": "bida",
    "answers": [
      {
        "answer": "فليسَ مِنَّا",
        "t": 0
      },
      {
        "answer": "فقد خَلعَ رِبْقةَ الإسلامِ من عُنُقِه",
        "t": 1
      },
      {
        "answer": "فعليه لَعنَةُ الله والمَلائكةِ والنَّاسِ أِجمعِينَ",
        "t": 0
      }
    ]
  },
  {
    "id": 5969,
    "q": "(طَريقةٌ في الدِّينِ مُختَرَعةٌ تُضاهي الشَّرعيَّةَ، يُقصَدُ بالسُّلوكِ عليها المُبالَغةُ في التعَبُّدِ للهِ سُبحانَه) هذا التعريفُ يختصُّ بـ:",
    "level": 2,
    "link": "https://dorar.net/aqeeda/3137",
    "section": "bida",
    "answers": [
      {
        "answer": "التَّبَتُّل",
        "t": 0
      },
      {
        "answer": "الرَّهْبانِيَّة",
        "t": 0
      },
      {
        "answer": "البِدعَة",
        "t": 1
      }
    ]
  },
  {
    "id": 5961,
    "q": "قال رَسولَ اللهِ صلَّى اللهُ عليه وسلَّم: ثَلاثُ خِصالٍ لا يَغِلُّ عليهِنَّ قَلبُ مُسلِمٍ أبَدًا: إخلاصُ العَمَلِ للهِ، ومُناصَحةُ ولاةِ الأمرِ، و:",
    "level": 2,
    "link": "https://dorar.net/aqeeda/3117",
    "section": "bida",
    "answers": [
      {
        "answer": "لُزومُ الجَماعةِ",
        "t": 1
      },
      {
        "answer": "أن تُحِبَّ لأَخيكَ ما تُحِبُّ لنَفسِك",
        "t": 0
      },
      {
        "answer": "مُوالاةُ المُؤمِنينَ والبَراءَةُ مِن الكافِرينَ",
        "t": 0
      }
    ]
  },
  {
    "id": 5977,
    "q": "من خُطورةِ البِدعةِ وآثارِها السَّيِّئةُ أنَّها مانِعةٌ من شَفاعةِ مُحَمَّدٍ صلَّى اللهُ عليه وسلَّم؛ والدَّليلُ على ذلك:",
    "level": 2,
    "link": "https://dorar.net/aqeeda/3163",
    "section": "bida",
    "answers": [
      {
        "answer": "قولُه صلَّى اللهُ عليه وسلَّم: (مَن سَنَّ في الإسلامِ سُنَّةً سَيِّئةً، كان عليه وزرُها، ووِزْرُ من عَمِلَ بها)",
        "t": 0
      },
      {
        "answer": "قولُ الله تعالى حِكايَةً عن أَهلِ النَّارِ: {فَمَا لَنَا مِنْ شَافِعِينَ وَلَا صَدِيقٍ حَمِيمٍ}",
        "t": 0
      },
      {
        "answer": "قولُه صلَّى اللهُ عليه وسلَّم: (يُجاءُ برجالٍ من أمَّتي، فيُؤخَذُ بهم ذاتَ الشِّمالِ، فأقولُ: يا رَبِّ أصحابي! فيقالُ: لا تدري ما أحدَثوا بَعْدَك)",
        "t": 1
      }
    ]
  },
  {
    "id": 5964,
    "q": "قَولُ الله تعالى: {وَلَا تَكُونُوا كَالَّذِينَ تَفَرَّقُوا وَاخْتَلَفُوا} المَقصُودُ بِه:",
    "level": 2,
    "link": "https://dorar.net/aqeeda/3120",
    "section": "bida",
    "answers": [
      {
        "answer": "عَربُ الجاهِليَّة",
        "t": 0
      },
      {
        "answer": "فارِسُ والرُّومُ",
        "t": 0
      },
      {
        "answer": "أَهلُ الكِتابِ",
        "t": 1
      }
    ]
  },
  {
    "id": 5979,
    "q": "إذا كانتِ البِدعةُ لا يَقتَصِرُ أثَرُها على المُبتَدِعِ بَل يَتَعَدَّاهُ إلى غَيرِه؛ كانت بِدعَةً:",
    "level": 2,
    "link": "https://dorar.net/aqeeda/3187",
    "section": "bida",
    "answers": [
      {
        "answer": "جُزئِيَّة",
        "t": 0
      },
      {
        "answer": "كُلِّيَّة",
        "t": 1
      },
      {
        "answer": "ذاتِيَّة",
        "t": 0
      }
    ]
  },
  {
    "id": 5975,
    "q": "قال اللَّهُ عَزَّ وجَلَّ: {وَمَنْ أَضَلُّ مِمَّنِ اتَّبَعَ هَوَاهُ بِغَيْرِ هُدًى مِنَ الله} قال الشَّاطبِيُّ هذا شَأنُ المُبتَدِعِ، فإنَّه اتَّبَعَ هواهُ بغَيرِ هدًى من اللَّه، وهُدَى الله هو:",
    "level": 2,
    "link": "https://dorar.net/aqeeda/3145",
    "section": "bida",
    "answers": [
      {
        "answer": "القُرآنُ",
        "t": 1
      },
      {
        "answer": "صِراطُه المُستقِيمُ",
        "t": 0
      },
      {
        "answer": "الإِسلامُ",
        "t": 0
      }
    ]
  },
  {
    "id": 5974,
    "q": "في قَولِ النبيِّ صلَّى اللهُ عليه وسلَّم: (إيَّاكُم ومُحْدَثاتِ الأمورِ): المُرادُ بالأُمُور:",
    "level": 2,
    "link": "https://dorar.net/aqeeda/3143",
    "section": "bida",
    "answers": [
      {
        "answer": "أُمورُ الدِّينِ والدُّنيا",
        "t": 0
      },
      {
        "answer": "أمورُ الدِّينِ فقط",
        "t": 1
      },
      {
        "answer": "أُمورُ الدُّنيا فقط",
        "t": 0
      }
    ]
  },
  {
    "id": 5965,
    "q": "أكمل الحديث التالي: قال رَسولُ اللهِ صلَّى اللهُ عليه وسلَّم: إنَّ أمَّتي سَتَفتَرِقُ على ثِنْتَينِ وسَبْعينَ فِرقةً كُلُّها في النَّارِ إلَّا واحِدةً، وهيَ:",
    "level": 2,
    "link": "https://dorar.net/aqeeda/3122",
    "section": "bida",
    "answers": [
      {
        "answer": "في الجنَّة",
        "t": 0
      },
      {
        "answer": "الحَنِيفِيَّة",
        "t": 0
      },
      {
        "answer": "الجَماعةُ",
        "t": 1
      }
    ]
  },
  {
    "id": 5978,
    "q": "مِن أَمثِلَةِ البِدَع الإضافِيَّة:",
    "level": 2,
    "link": "https://dorar.net/aqeeda/3181",
    "section": "bida",
    "answers": [
      {
        "answer": "القَولُ بارتِفاعِ التكاليفِ عِندَ الوُصولِ إلى مَرحَلةِ اليَقينِ",
        "t": 0
      },
      {
        "answer": "إفرادُ شَهرِ رَجَبٍ بالصَّومِ",
        "t": 1
      },
      {
        "answer": "تَخصيصُ أَماكِنَ مُعيَّنَةٍ للعِبادَةِ بلا استِنادٍ إلى خَبرٍ صَحيحٍ",
        "t": 0
      }
    ]
  },
  {
    "id": 5968,
    "q": "مَن القائِلُ: (سَنَّ رَسولُ اللهِ صلَّى اللهُ عليه وسلَّم وولاةُ الأمرِ من بُعدِه سُنَنًا، الأخذُ بها تَصديقٌ لكِتابِ اللَّهِ، واستِكمالٌ لطاعةِ الله)؟",
    "level": 2,
    "link": "https://dorar.net/aqeeda/3131",
    "section": "bida",
    "answers": [
      {
        "answer": "عُمرُ بنُ عَبدِ العَزيز",
        "t": 1
      },
      {
        "answer": "أَحمدُ بنُ حَنبَل",
        "t": 0
      },
      {
        "answer": "ابنُ القَيِّم",
        "t": 0
      }
    ]
  },
  {
    "id": 5976,
    "q": "قال البَربَهاريُّ: اعلَمْ أنَّ النَّاسَ لم يَبتَدِعوا بدعةً قَطُّ حَتَّى:",
    "level": 2,
    "link": "https://dorar.net/aqeeda/3147",
    "section": "bida",
    "answers": [
      {
        "answer": "تَركوا من السُّنَّةِ مِثلَها",
        "t": 1
      },
      {
        "answer": "يَقعُوا في الشِّركِ بسَببِها",
        "t": 0
      },
      {
        "answer": "يُنزِلُ اللهُ عليهم ذُلًّا لا يَرفعُه عنهُم إلَّا أن يَترُكُوها",
        "t": 0
      }
    ]
  },
  {
    "id": 5962,
    "q": "قال اللهُ سُبحانَه: {إِنَّمَا الْمُؤْمِنُونَ إِخْوَةٌ فَأَصْلِحُوا بَيْنَ أَخَويْكُمْ} نَصَّت هذه الآيةُ الكَريمةُ على مَبدَأٍ عَظيمٍ من مَبادِئِ الإسلامِ، وهو:",
    "level": 2,
    "link": "https://dorar.net/aqeeda/3115",
    "section": "bida",
    "answers": [
      {
        "answer": "النَّهيُ عن قِتالِ المُسلِمينَ",
        "t": 0
      },
      {
        "answer": "التآخِي في الله",
        "t": 1
      },
      {
        "answer": "الإِصلاحُ في الأَرضِ وعِمارتُها",
        "t": 0
      }
    ]
  },
  {
    "id": 5967,
    "q": "قال علي القاري: تَحصيلَ السَّعاداتِ الحَقيقيَّةِ بَعدَ مُجانَبةِ كُلِّ صاحِبٍ يُفسِدُ الوَقتَ، وكُلِّ سَبَبٍ يَفتِنُ القَلبَ: مَنُوطٌ بـ:",
    "level": 2,
    "link": "https://dorar.net/aqeeda/3129",
    "section": "bida",
    "answers": [
      {
        "answer": "بالزُّهدِ في الدُّنيا",
        "t": 0
      },
      {
        "answer": "بمُخالَفَةِ الهَوَى",
        "t": 0
      },
      {
        "answer": "باتِّباعِ السُّنَّة",
        "t": 1
      }
    ]
  },
  {
    "id": 5972,
    "q": "من أدِلَّةِ من السُّنَّةِ على ذَمِّ البِدَعِ: قولُه صلَّى اللهُ عليه وسلَّم:",
    "level": 2,
    "link": "https://dorar.net/aqeeda/3143",
    "section": "bida",
    "answers": [
      {
        "answer": "من أحدَثَ في أَمْرِنا هذا ما لَيسَ منه، فهو رَدٌّ",
        "t": 1
      },
      {
        "answer": "كُلُّ أُمَّتي يَدْخُلُونَ الجَنَّةَ إِلَّا مَن أَبَى",
        "t": 0
      },
      {
        "answer": "لا عَدْوَى ولا طِيَرَةَ، ولا هامَةَ ولا صَفَرَ",
        "t": 0
      }
    ]
  },
  {
    "id": 5970,
    "q": "مِن الأَمثِلَةِ التي ضَربَها الشَّاطِبيُّ للبِدَع في التِزامِ الكَيفِيَّاتِ:",
    "level": 2,
    "link": "https://dorar.net/aqeeda/3137",
    "section": "bida",
    "answers": [
      {
        "answer": "الاقتِصارِ من المَأكَلِ والمَلبَسِ على صِنفٍ دونَ صِنفٍ",
        "t": 0
      },
      {
        "answer": "الذِّكرُ بهَيئةِ الاجتِماعِ على صَوتٍ واحِدٍ",
        "t": 1
      },
      {
        "answer": "الاختِصاءِ في الانقِطاعِ للعِبادةِ",
        "t": 0
      }
    ]
  }
]