[
  {
    "id": 5949,
    "q": "قال العِرباضِ بنِ سارِيةَ: صَلَّى بنا رَسولُ اللهِ صلَّى اللهُ عليه وسلَّم ذاتَ يَومٍ ثُمَّ أقبَلَ عَلينا فوعَظَنا.. فقال قائِلٌ: يا رسولَ اللَّهِ، كأنَّ هذه مَوعِظةُ مُودِّعٍ فماذا تَعهَدُ إلينا؟ فقال أُوصيكُم:",
    "level": 1,
    "link": "https://dorar.net/aqeeda/3129",
    "section": "bida",
    "answers": [
      {
        "answer": "بتَقوَى الله والسَّمعِ والطَّاعةِ",
        "t": 1
      },
      {
        "answer": "بإِقامِ الصَّلاةِ، وإِيتاءِ الزَّكاةِ والرِّضا بقَضاءِ الله",
        "t": 0
      },
      {
        "answer": "بالجَماعَةِ؛ فمَن شَذَّ عن الجَماعَةِ شَذَّ في النَّارِ",
        "t": 0
      }
    ]
  },
  {
    "id": 5959,
    "q": "من خُطورةِ البِدعةِ وآثارِها السَّيِّئةِ:",
    "level": 1,
    "link": "https://dorar.net/aqeeda/3157",
    "section": "bida",
    "answers": [
      {
        "answer": "أنَّ صاحِبَها مَلْعونٌ على لسانِ الشَّريعةِ",
        "t": 1
      },
      {
        "answer": "أنَّ أَصلَ البِدَعِ في الدِّينِ هُم النَّصارَى فمَن تَشَبَّه بهِم فهو مِثلهُم",
        "t": 0
      },
      {
        "answer": "أنَّها تَعدِلُ الكُفرَ بالله عزَّ وجلَّ",
        "t": 0
      }
    ]
  },
  {
    "id": 5958,
    "q": "مَن القائِلُ: (الاقتِصادُ في السُّنَّةِ أحسَنُ من الاجتِهادِ في البِدْعةِ)؟",
    "level": 1,
    "link": "https://dorar.net/aqeeda/3147",
    "section": "bida",
    "answers": [
      {
        "answer": "عبدُالله بنُ مَسعودٍ رَضيَ اللهُ عنه",
        "t": 1
      },
      {
        "answer": "أبو إِسحاقَ الشاطِبيُّ",
        "t": 0
      },
      {
        "answer": "مالِكُ بنُ أَنسٍ",
        "t": 0
      }
    ]
  },
  {
    "id": 5955,
    "q": "من أدِلَّةِ القُرآنِ الكَريمِ على ذَمِّ البِدَعِ: قولُ الله تعالى:",
    "level": 1,
    "link": "https://dorar.net/aqeeda/3141",
    "section": "bida",
    "answers": [
      {
        "answer": "{قُلْ مَا كُنْتُ بِدْعًا مِنَ الرُّسُلِ}",
        "t": 0
      },
      {
        "answer": "{وَأَنَّ هَذَا صِرَاطِي مُسْتَقِيمًا فَاتَّبِعُوهُ وَلَا تَتَّبِعُوا السُّبُلَ فَتَفَرَّقَ بِكُمْ عَنْ سَبِيلِهِ}",
        "t": 1
      },
      {
        "answer": "{وَلَا تَقْعُدُوا بِكُلِّ صِرَاطٍ تُوعِدُونَ}",
        "t": 0
      }
    ]
  },
  {
    "id": 5943,
    "q": "قَولُ النبيِّ صلَّى اللهُ عليه وسلَّم لحُذيفةَ بن اليَمانِ: (تَلزَمُ جَماعةَ المُسلِمينَ وإمامَهم) قال الطِّيبيُّ: المُرادُ بالجَماعةِ:",
    "level": 1,
    "link": "https://dorar.net/aqeeda/3117",
    "section": "bida",
    "answers": [
      {
        "answer": "جَماعةُ الفُقهاءِ وعُلماءُ المُسلِمينَ",
        "t": 0
      },
      {
        "answer": "الصَّحابةُ ومن بَعدَهم من التابِعينَ وتابِعيِ التابِعينَ",
        "t": 1
      },
      {
        "answer": "السَّوادُ الأعظَمُ مَعَ الإمامِ الجامِعِ",
        "t": 0
      }
    ]
  },
  {
    "id": 5945,
    "q": "قولُه تعالى: {أَقِيمُوا الدِّينَ وَلَا تَتَفَرَّقُوا فِيهِ} قال الشَّوكانيُّ: لَمَّا أمرَهم سُبحانَهُ بإقامةِ الدِّين، نَهاهُم عن:",
    "level": 1,
    "link": "https://dorar.net/aqeeda/3120",
    "section": "bida",
    "answers": [
      {
        "answer": "الاختِلافِ فيه",
        "t": 1
      },
      {
        "answer": "ضَلالاتِ البِدَعِ",
        "t": 0
      },
      {
        "answer": "ما يَمنَعُهُم مِن إِقامَةِ ذلك الدِّينِ",
        "t": 0
      }
    ]
  },
  {
    "id": 5952,
    "q": "البِدْعَةُ في اللُّغَةِ هي:",
    "level": 1,
    "link": "https://dorar.net/aqeeda/3135",
    "section": "bida",
    "answers": [
      {
        "answer": "الخُرُوجُ عن أَصلِ الطَّريقِ",
        "t": 0
      },
      {
        "answer": "السَّبْقُ والتَّفَرُّدُ",
        "t": 0
      },
      {
        "answer": "كُلُّ ما اختُرِعَ على غيرِ مِثالٍ",
        "t": 1
      }
    ]
  },
  {
    "id": 5954,
    "q": "قال ابنُ حَجَرٍ: المُحْدَثاتُ جَمعُ مُحْدَثةٍ، والمُرادُ بها:",
    "level": 1,
    "link": "https://dorar.net/aqeeda/3137",
    "section": "bida",
    "answers": [
      {
        "answer": "ما أُحدِثُ ولَيسَ لَهُ أصلٌ في الشَّرعِ",
        "t": 1
      },
      {
        "answer": "الزِّيادَةُ أو النَّقصُ في شَعائرِ الإسلامِ الظَّاهِرَة",
        "t": 0
      },
      {
        "answer": "كلُّ بِدعَةٍ تَعلَّقت بعِبادَةٍ مِن العِباداتِ أو بعادَةٍ مِن العاداتِ",
        "t": 0
      }
    ]
  },
  {
    "id": 5960,
    "q": "العِبادةُ لا تَكونُ عَمَلًا صالِحًا إلَّا إذا تَحَقَّقَ فيها شَرطانِ:",
    "level": 1,
    "link": "https://dorar.net/aqeeda/3185",
    "section": "bida",
    "answers": [
      {
        "answer": "خُلوصُها مِن الشِّركِ والرِّياءِ",
        "t": 0
      },
      {
        "answer": "النِّيَّةُ والطَّهارَة",
        "t": 0
      },
      {
        "answer": "الإخلاصُ والمُتابَعة",
        "t": 1
      }
    ]
  },
  {
    "id": 5944,
    "q": "المُلاحَظِ في القُرآنِ الكَريمِ أنَّ الآياتِ الَّتي جاءَت في ذَمِّ الفُرقةِ أكثَرُ عَدَدًا من الآياتِ الَّتي جاءَت في الحَثِّ على الجَماعةِ؛ وذلك:",
    "level": 1,
    "link": "https://dorar.net/aqeeda/3120",
    "section": "bida",
    "answers": [
      {
        "answer": "لأنَّ شَرَّ الفُرقَةِ يُذهِبُ بخَيرِ الجَماعَة",
        "t": 0
      },
      {
        "answer": "لأنَّ الجَماعةَ هيَ الأصلُ والفُرقةُ أمرٌ حادِثٌ",
        "t": 1
      },
      {
        "answer": "أنَّ القُرآنَ نَزلَ والعَربُ تَسودُهُم الفُرقَةُ والجاهِليَّة فَراعَى حَالَهُم",
        "t": 0
      }
    ]
  },
  {
    "id": 5948,
    "q": "من أهمِّ الأسبابِ الدَّاعيةِ إلى الاجتِماعِ ونَبِذِ التفَرُّقِ والاختِلافِ:",
    "level": 1,
    "link": "https://dorar.net/aqeeda/3124",
    "section": "bida",
    "answers": [
      {
        "answer": "العَملُ بالسَّمعِ والطَّاعةِ؛ مع النُّصحِ لأئِمَّةِ المُسلمِينَ وعامَّتِهِم",
        "t": 0
      },
      {
        "answer": "تَحقِيقُ مَراتِبِ العُبودِيَّة: الإِسلام والإِيمان والإِحسان",
        "t": 0
      },
      {
        "answer": "القيامُ بالأمرِ بالمَعروفِ والنَّهيِ عنِ المُنكَرِ",
        "t": 1
      }
    ]
  },
  {
    "id": 5950,
    "q": "قولُه صلَّى اللهُ عليه وسلَّم: (ألا إنِّي أوتيتُ القُرآنَ ومِثلَه مَعَهُ)  يَعني:",
    "level": 1,
    "link": "https://dorar.net/aqeeda/3129",
    "section": "bida",
    "answers": [
      {
        "answer": "التَّورَاةَ والإنجِيلَ",
        "t": 0
      },
      {
        "answer": "السُّنَّةَ",
        "t": 1
      },
      {
        "answer": "كلامَ رَبِّ العالِمينَ في غيرِ القُرآنِ (الأحادِيث القُدسِيَّة)",
        "t": 0
      }
    ]
  },
  {
    "id": 5941,
    "q": "مِن أدِلَّةِ القُرآنِ الكَريمِ على لُزومِ الجَماعةِ: قولُ الله تعالى:",
    "level": 1,
    "link": "https://dorar.net/aqeeda/3115",
    "section": "bida",
    "answers": [
      {
        "answer": "{وَاعْتَصِمُوا بِحَبْلِ اللَّهِ جَمِيعًا وَلَا تَفَرَّقُوا}",
        "t": 1
      },
      {
        "answer": "{ لَوْ أَنْفَقْتَ مَا فِي الْأَرْضِ جَمِيعًا مَا أَلَّفْتَ بَيْنَ قُلُوبِهِمْ وَلَكِنَّ اللَّهَ أَلَّفَ بَيْنَهُمْ}",
        "t": 0
      },
      {
        "answer": "{انْفِرُوا جَمِيعًا}",
        "t": 0
      }
    ]
  },
  {
    "id": 5942,
    "q": "يقول النبي صلَّى اللهُ عليه وسلَّم: عليكم بالجَماعةِ وإيَّاكُم والفُرقةَ؛ فإنَّ:",
    "level": 1,
    "link": "https://dorar.net/aqeeda/3117",
    "section": "bida",
    "answers": [
      {
        "answer": "يَدَ الله مع الجَماعَة",
        "t": 0
      },
      {
        "answer": "الشَّيطانَ مَعَ الواحِدِ، وهو من الاثنين أبعَدُ",
        "t": 1
      },
      {
        "answer": "الفُرقَةَ مِن الشَّيطانِ",
        "t": 0
      }
    ]
  },
  {
    "id": 5956,
    "q": "قولُه صلَّى اللهُ عليه وسلَّم: (من أحدَثَ في أمرِنا هذا ما لَيسَ منه فهو رَدٌّ) معناه أي:",
    "level": 1,
    "link": "https://dorar.net/aqeeda/3143",
    "section": "bida",
    "answers": [
      {
        "answer": "مَن تَكلَّمَ في كِتابِ الله بغير عِلمٍ فقد ارتَدَّ عن مِلَّةِ الإسلامِ",
        "t": 0
      },
      {
        "answer": "مَن غَلَبَهُ الحَدَثُ فصَلاتُه مَردُودَةٌ عليه حتَّى يَتوضَّأَ",
        "t": 0
      },
      {
        "answer": "من اختَرَعَ في الشَّرعِ ما لا يَشهَدُ لَهُ أصلٌ من أصولِه فهو مَفسوخٌ لا يُعمَلُ به",
        "t": 1
      }
    ]
  },
  {
    "id": 5946,
    "q": "أوصى رَسولُ الله صلَّى اللهُ عليه وسلَّم مَن رَأى مِن أميرِه شيئًا يَكرَههُ:",
    "level": 1,
    "link": "https://dorar.net/aqeeda/3122",
    "section": "bida",
    "answers": [
      {
        "answer": "أن يَصبِر",
        "t": 1
      },
      {
        "answer": "أن يَنصَحَهُ في غَيرِ مَلأٍ",
        "t": 0
      },
      {
        "answer": "أنْ يَدعُوَ له بالسَّدادِ",
        "t": 0
      }
    ]
  },
  {
    "id": 5947,
    "q": "قال النَّوَويُّ: أمَّا قَولُه صلَّى اللهُ عليه وسلَّم: (والتارِكُ لدينِه المُفارِقُ للجَماعةِ) قال العُلماءُ: يَتَناوَلُ أيضًا كُلَّ خارِجٍ عنِ الجَماعةِ بـ:",
    "level": 1,
    "link": "https://dorar.net/aqeeda/3122",
    "section": "bida",
    "answers": [
      {
        "answer": "بحَقٍّ أو بغيرِ حَقٍّ",
        "t": 0
      },
      {
        "answer": "بكَلِمَةٍ أو بِسَيْفٍ",
        "t": 0
      },
      {
        "answer": "ببِدعةٍ أو بَغْيٍ",
        "t": 1
      }
    ]
  },
  {
    "id": 5957,
    "q": "قولُ الله سُبحانَه: {وَلَا تُطِعْ مَنْ أَغْفَلْنَا قَلْبَهُ عَنْ ذِكْرِنَا وَاتَّبَعَ هَوَاهُ} جَعَلَ الأمرَ مَحصورًا بَينَ أمرَينِ:",
    "level": 1,
    "link": "https://dorar.net/aqeeda/3145",
    "section": "bida",
    "answers": [
      {
        "answer": "غَفلَةِ القَلبِ واتِّباعِ الهَوَى",
        "t": 0
      },
      {
        "answer": "السَّمعِ والطَّاعَةِ",
        "t": 0
      },
      {
        "answer": "اتِّباعِ الذِّكْرِ واتِّباعِ الهوى",
        "t": 1
      }
    ]
  },
  {
    "id": 5951,
    "q": "قال أحمَدُ بن أبي الحَواريِّ: من عَمِل عَمَلًا بلا اتِّباعِ سُنَّةِ رَسولِ الله صلَّى اللهُ عليه وسلَّم:",
    "level": 1,
    "link": "https://dorar.net/aqeeda/3131",
    "section": "bida",
    "answers": [
      {
        "answer": "جاءَ يومَ القِيامَةِ وصَحِيفَتُه صِفرًا",
        "t": 0
      },
      {
        "answer": "فباطِلٌ عَمَلُه",
        "t": 1
      },
      {
        "answer": "فقد شَابَهَ رُهبانَ النَّصارَى",
        "t": 0
      }
    ]
  },
  {
    "id": 5953,
    "q": "مِن الأَمثِلَةِ التي ضَربَها الشَّاطِبيُّ للبِدَع في وَضعِ الحُدودِ:",
    "level": 1,
    "link": "https://dorar.net/aqeeda/3137",
    "section": "bida",
    "answers": [
      {
        "answer": "قِيامُ لَيلَةِ النِّصفِ مِن شَعبانَ",
        "t": 0
      },
      {
        "answer": "اتِّخاذُ يَومِ وِلادةِ النَّبيِّ صلَّى اللهُ عليه وسلَّم عيدًا",
        "t": 0
      },
      {
        "answer": "نَذْرُ الصِّيامِ قائِمًا",
        "t": 1
      }
    ]
  }
]