[
  {
    "id": 5984,
    "q": "قال رَسولُ اللهِ صلَّى اللهُ عليه وسلَّم: (إنَّما هلَكَ من كان قَبلَكم باختِلافِهم في الكِتابِ) المَقصُودُ بالكِتابِ:",
    "level": 3,
    "link": "https://dorar.net/aqeeda/3122",
    "section": "bida",
    "answers": [
      {
        "answer": "القُرآنُ",
        "t": 0
      },
      {
        "answer": "الكِتابُ المُنَزَّلُ على نَبيِّهم",
        "t": 1
      },
      {
        "answer": "التَّورَاةُ",
        "t": 0
      }
    ]
  },
  {
    "id": 6000,
    "q": "المَعاصيَ منها صَغائِرُ ومنها كبائِرُ، وأعظمُ الكَبائِرِ تكونُ واقعةً في:",
    "level": 3,
    "link": "https://dorar.net/aqeeda/3199",
    "section": "bida",
    "answers": [
      {
        "answer": "الحاجيَّاتِ",
        "t": 0
      },
      {
        "answer": "التكميليَّاتِ",
        "t": 0
      },
      {
        "answer": "الضَّروريَّاتِ",
        "t": 1
      }
    ]
  },
  {
    "id": 5990,
    "q": "من الذي عَرَّفَ البِدعَةَ بأنَّها: \"ما لم يَأذَنِ اللهُ به ولم يَكُنْ عليه أمرُ النَّبيِّ صلَّى اللهُ عليه وسلَّم ولا أصحابِه)؟",
    "level": 3,
    "link": "https://dorar.net/aqeeda/3137",
    "section": "bida",
    "answers": [
      {
        "answer": "الإمامُ الشَّافِعيُّ",
        "t": 0
      },
      {
        "answer": "ابنُ حَجرٍ العَسقلانِيُّ",
        "t": 0
      },
      {
        "answer": "حافِظٌ الحَكَميُّ",
        "t": 1
      }
    ]
  },
  {
    "id": 5989,
    "q": "ما لا يُضاهِي الأُمورَ المَشروعةَ يكون:",
    "level": 3,
    "link": "https://dorar.net/aqeeda/3137",
    "section": "bida",
    "answers": [
      {
        "answer": "بِدعَةً حَسَنَة",
        "t": 0
      },
      {
        "answer": "ليس بِدعة",
        "t": 1
      },
      {
        "answer": "داخلًا في عُمومِ شِرْكِ الرُّبوبِيَّة",
        "t": 0
      }
    ]
  },
  {
    "id": 5982,
    "q": "من القائل: \"أمرَ اللَّهُ المُؤمنينَ بالجَماعةِ، ونَهاهم عن الاختِلافِ والفُرقةِ، وأخبَرَهم أنَّه إنَّما هلَكَ من كان قَبلَهم بالمِراءِ والخُصوماتِ في دينِ الله\"؟",
    "level": 3,
    "link": "https://dorar.net/aqeeda/3120",
    "section": "bida",
    "answers": [
      {
        "answer": "عبدُالله بنُ عبَّاسٍ رضي اللهُ عنهُما",
        "t": 1
      },
      {
        "answer": "عليُّ بنُ أبي طالبٍ رضي اللهُ عنه",
        "t": 0
      },
      {
        "answer": "عُمرُ بنُ الخطَّابِ رضي اللهُ عنه",
        "t": 0
      }
    ]
  },
  {
    "id": 5993,
    "q": "في قَول النبيِّ صلَّى اللهُ عليه وسلَّم: (دُعاةٌ على أبوابِ جَهنَّمَ من أجابَهم إليها قَذَفوهُ فيها) مَثَّلَ لهُم النَّوويُّ بـ:",
    "level": 3,
    "link": "https://dorar.net/aqeeda/3143",
    "section": "bida",
    "answers": [
      {
        "answer": "المُرجِئَةِ والجَهمِيَّة",
        "t": 0
      },
      {
        "answer": "الخَوارِجِ والقَرامطة",
        "t": 1
      },
      {
        "answer": "المُعتَزِلَة",
        "t": 0
      }
    ]
  },
  {
    "id": 5997,
    "q": "ما ذا تسمَّى البدعة التي لم يَدُلَّ عليها دَليلٌ شَرعيٌّ لا من كِتابٍ ولا من سُنَّةٍ ولا من إجماعٍ، ولا استِدلالٍ مُعتَبَرٍ عِندَ أهلِ العِلمِ لا في الجُملةِ ولا في التفصيلِ؟",
    "level": 3,
    "link": "https://dorar.net/aqeeda/3181",
    "section": "bida",
    "answers": [
      {
        "answer": "البِدعَةُ الإِضافِيَّة",
        "t": 0
      },
      {
        "answer": "البِدعَةُ الاعتِقادِيَّة",
        "t": 0
      },
      {
        "answer": "البِدعَةُ الحَقيقِيَّة",
        "t": 1
      }
    ]
  },
  {
    "id": 5994,
    "q": "قولُه تعالى: {وَمَنْ أَضَلُّ مِمَّنِ اتَّبَعَ هَوَاهُ بِغَيْرِ هُدًى مِنَ الله} الآيةَ عَيَّنَت -باعتبارِ الاتِّباعِ وعدمِهِ للأحكامِ الشَّرعيَّةِ- طَريقَين:",
    "level": 3,
    "link": "https://dorar.net/aqeeda/3145",
    "section": "bida",
    "answers": [
      {
        "answer": "القُرآن والسُّنَّة",
        "t": 0
      },
      {
        "answer": "القَبول والرَّد",
        "t": 0
      },
      {
        "answer": "الشَّريعَة والهَوَى",
        "t": 1
      }
    ]
  },
  {
    "id": 5996,
    "q": "من خُطورةِ البِدعةِ وآثارِها السَّيِّئةِ أنَّه يُخشَى على صاحِبِها الفِتْنةُ؛ والدَّليلُ على ذلك:",
    "level": 3,
    "link": "https://dorar.net/aqeeda/3177",
    "section": "bida",
    "answers": [
      {
        "answer": "قَولُ الله تعالى: {كُلَّ مَا رُدُّوا إِلَى الْفِتْنَةِ أُرْكِسُوا فِيهَا}",
        "t": 0
      },
      {
        "answer": "قَولُ الله تعالى: {فَلْيَحْذَرِ الَّذِينَ يُخالِفُونَ عَنْ أَمْرِهِ أنْ تُصِيبَهُمْ فِتْنةٌ أَوْ يُصِيبَهُمْ عَذابٌ أَلِيمٌ}",
        "t": 1
      },
      {
        "answer": "قَولُ الله تعالى: {وَاتَّقُوا فِتْنَةً لَا تُصِيبَنَّ الَّذِينَ ظَلَمُوا مِنْكُمْ خَاصَّةً}",
        "t": 0
      }
    ]
  },
  {
    "id": 5992,
    "q": "قال النبيُّ صلَّى اللهُ عليه وسلَّم: من دَعا إلى ضَلالةٍ:",
    "level": 3,
    "link": "https://dorar.net/aqeeda/3143",
    "section": "bida",
    "answers": [
      {
        "answer": "فعَليهِ لَعنَةُ الله والمَلائِكَةِ والنَّاسِ أَجمعِينَ",
        "t": 0
      },
      {
        "answer": "حُشِرَ يومَ القِيامةِ مع فِرعونَ وهامانَ وقارُونَ وأُبيِّ بنِ خَلفٍ",
        "t": 0
      },
      {
        "answer": "كان عليه من الإثمِ مِثلُ آثامِ من تَبِعَه لا يَنقُصُ ذلك من آثامِهم شَيئًا",
        "t": 1
      }
    ]
  },
  {
    "id": 5985,
    "q": "قال رَسولُ الله صلَّى الله عليه وسلَّم: مَن يَعِشْ منكُم بَعْدي فسيرَى اختِلافًا كَثيرًا، فعَليكُم:",
    "level": 3,
    "link": "https://dorar.net/aqeeda/3129",
    "section": "bida",
    "answers": [
      {
        "answer": "بأَنفُسِكُم، لا يَضُرُّكُم مَن ضَلَّ بَعدَكُم",
        "t": 0
      },
      {
        "answer": "بالمَدِينَةِ؛ فمَن صَبَرَ علَى لَأْوَائِهَا، كُنْتُ له شَفِيعًا، أَوْ شَهِيدًا يَومَ القِيَامَةِ",
        "t": 0
      },
      {
        "answer": "بِسُنَّتي وسُنَّةِ الخُلفاءِ المَهْديِّين الرَّاشِدين",
        "t": 1
      }
    ]
  },
  {
    "id": 5991,
    "q": "أَدخَلَ ابنُ عُثَيمين في تَعريفِ البِدعةِ: ما أُحدِثَ في الدِّينِ على خِلافِ ما كان عليه النَّبيُّ صلَّى اللهُ عليه وسلَّم وأصحابُه مِن:",
    "level": 3,
    "link": "https://dorar.net/aqeeda/3137",
    "section": "bida",
    "answers": [
      {
        "answer": "عادَةٍ أو عِبادَةٍ",
        "t": 0
      },
      {
        "answer": "شَعيرَةٍ أو قُربَى",
        "t": 0
      },
      {
        "answer": "عَقيدةٍ أو عَمَلٍ",
        "t": 1
      }
    ]
  },
  {
    "id": 5998,
    "q": "قال ابنُ عُثَيمين: إنَّ المُتابَعةَ لا تَتَحَقَّقُ إلَّا إذا كان العَمَلُ موافِقًا للشَّريعةِ في:",
    "level": 3,
    "link": "https://dorar.net/aqeeda/3185",
    "section": "bida",
    "answers": [
      {
        "answer": "أُمورٍ خَمسَة: العِلم، واليَقِين، والقَبُول، والانقِياد، والمَحَبَّة",
        "t": 0
      },
      {
        "answer": "أُمورٍ ثَلاثَة: النِّيَّة، والإِخلاص، والمُداوَمَة",
        "t": 0
      },
      {
        "answer": "أمورٍ سِتَّة: السَّبَب، والجِنْس، والقَدْر، والكَيفِيَّة، والزَّمان، والمَكان",
        "t": 1
      }
    ]
  },
  {
    "id": 5988,
    "q": "قولُه صلَّى اللهُ عليه وسلَّم (لا ألفَيَنَّ أحَدَكُم مُتَّكِئًا على أريكَتِه يَأتيه الأمرُ من عِندي فيَقولُ: لا نَدري، ما وجَدْنا في كِتابِ اللهِ اتَّبَعْناهُ) فيه تَحذِيرٌ من:",
    "level": 3,
    "link": "https://dorar.net/aqeeda/3131",
    "section": "bida",
    "answers": [
      {
        "answer": "هَجرِ القُرآنِ قِراءَةً وتَدبُّرًا وعَمَلًا",
        "t": 0
      },
      {
        "answer": "تَركِ العَملِ بسُنَّتِه صلَّى اللهُ عليه وسلَّم",
        "t": 1
      },
      {
        "answer": "الشِّبَعِ ومِلءِ البَطنِ المُفضِي إلى الكَسلِ والفُتُورِ",
        "t": 0
      }
    ]
  },
  {
    "id": 5986,
    "q": "قال ابنُ هُبَيرةَ: قَولُه صلَّى الله عليه وسلَّم: (وشَرَّ الأمورِ مُحدَثاتُها) يَعني:",
    "level": 3,
    "link": "https://dorar.net/aqeeda/3129",
    "section": "bida",
    "answers": [
      {
        "answer": "كُلَّ ما أُحدِثَ بَعدَهُ في كُلِّ شيءٍ إذا كان مُخالِفًا لِمَا شَرعَه صلَّى اللهُ عليه وسلَّم",
        "t": 1
      },
      {
        "answer": "إنَّ أشَرَّ الأُمُورِ كَثرَةُ الحَديثِ، والكَلامُ بغيرِ عِلمٍ وبلا طائِلٍ",
        "t": 0
      },
      {
        "answer": "ما يكونُ غَرِيبًا مِن كلِّ شَيءٍ في الدِّينِ والدُّنيا",
        "t": 0
      }
    ]
  },
  {
    "id": 5995,
    "q": "قال ابنُ عُمَرَ رَضيَ اللهُ عنه فيهِم: (فإذا لَقيتَ أولَئِكَ فأخبِرْهم أنِّي بَريءٌ منهم وأنَّهم بُرَآءُ منِّي):",
    "level": 3,
    "link": "https://dorar.net/aqeeda/3175",
    "section": "bida",
    "answers": [
      {
        "answer": "أهلُ القَدَرِ",
        "t": 1
      },
      {
        "answer": "اليَهودُ والنَّصارَى",
        "t": 0
      },
      {
        "answer": "المُرتَدُّونَ في عَهدِ أبي بكرٍ رضِيَ اللهُ عنه",
        "t": 0
      }
    ]
  },
  {
    "id": 5999,
    "q": "ضابِطُ البِدَعِ المُكَفِّرةُ هو:",
    "level": 3,
    "link": "https://dorar.net/aqeeda/3197",
    "section": "bida",
    "answers": [
      {
        "answer": "الزِّيادَةُ أو النُّقصانُ في أَصلِ الشَّعائرِ الظَّاهِرَةِ كالصَّلاةِ والحَجِّ",
        "t": 0
      },
      {
        "answer": "الإحداثُ في دِينِ الله ما ليس منه بغيرِ مُستَندٍ مِن كِتابٍ ولا سُنَّةٍ",
        "t": 0
      },
      {
        "answer": "إنكارُ أمرِ مُجْمَعٍ عليه مُتَواتِرٍ من الشَّرعِ مَعلومٍ من الدِّين بالضَّرورةِ",
        "t": 1
      }
    ]
  },
  {
    "id": 5981,
    "q": "بماذا  أوصَى رَسولُ الله صلَّى اللهُ عليه وسلَّم حُذيفةَ بن اليَمانِ عندما سَألَهُ عن الشَّرِّ؟",
    "level": 3,
    "link": "https://dorar.net/aqeeda/3117",
    "section": "bida",
    "answers": [
      {
        "answer": "أن يَلحَقَ بالشَّامِ فإنَّها خِيرَةُ الله مِن أَرضِه",
        "t": 0
      },
      {
        "answer": "أن يَضرِبَ بِسَيفِه مَن يَشُقُّ جَماعَة المُسلِمينَ",
        "t": 0
      },
      {
        "answer": "أن يَلزمَ جَماعَةَ المُسلمِينَ وإِمامَهُم",
        "t": 1
      }
    ]
  },
  {
    "id": 5983,
    "q": "عن أبي هُريرةَ رَضيَ اللهُ عنه أنَّ النَّبيَّ صلَّى اللهُ عليه وسلَّم قال: من خَرجَ من الطَّاعةِ وفارَقَ الجَماعةَ فمات:",
    "level": 3,
    "link": "https://dorar.net/aqeeda/3122",
    "section": "bida",
    "answers": [
      {
        "answer": "فمَا مِن تَوبَةٍ يَستَدرِكُها",
        "t": 0
      },
      {
        "answer": "فقد وُكِلَ حِسابُه إلى الله",
        "t": 0
      },
      {
        "answer": "مات مِيتةً جاهِليَّةً",
        "t": 1
      }
    ]
  },
  {
    "id": 5987,
    "q": "قال اللَّهُ تعالى: {وَمَا يَنطِقُ عَنِ الْهَوَى إِنْ هُوَ إِلَّا وَحْيٌ يُوحَى} فالسُّنَّةُ النَّبَويَّةُ جُزءٌ من الوَحيِ. قال السَّمعانيُّ: كُلُّ ما ثَبَتَ بالسُّنَّةِ:",
    "level": 3,
    "link": "https://dorar.net/aqeeda/3129",
    "section": "bida",
    "answers": [
      {
        "answer": "كان وَحْيًا مِن الله",
        "t": 0
      },
      {
        "answer": "فكَأنَّه ثابِتٌ في الكِتابِ",
        "t": 1
      },
      {
        "answer": "فهو قُرآنٌ",
        "t": 0
      }
    ]
  }
]