[
  {
    "id": 4393,
    "q": "المُرادُ بقَولِه تَعالَى: {سِيءَ بِهِمْ}:",
    "level": 1,
    "link": "https://dorar.net/tafseer/29/10",
    "section": "al-ankabut",
    "answers": [
      {
        "answer": "أَصابَهُم في مَقْتَلِهِم",
        "t": 0
      },
      {
        "answer": "رَحَّبَ بهم",
        "t": 0
      },
      {
        "answer": "ساءَه مُجيئُهم",
        "t": 1
      }
    ]
  },
  {
    "id": 4383,
    "q": "مَعنَى قَولِه تَعالَى: {يُفْتَنُونَ}:",
    "level": 1,
    "link": "https://dorar.net/tafseer/29/1",
    "section": "al-ankabut",
    "answers": [
      {
        "answer": "يَذْكرُون",
        "t": 0
      },
      {
        "answer": "يَتزَيَّنون",
        "t": 0
      },
      {
        "answer": "يُختبَرون",
        "t": 1
      }
    ]
  },
  {
    "id": 4386,
    "q": "المُرادُ بقَولِه تَعالَى: {أَثْقَالَهُمْ}:",
    "level": 1,
    "link": "https://dorar.net/tafseer/29/4",
    "section": "al-ankabut",
    "answers": [
      {
        "answer": "أموالُهم",
        "t": 0
      },
      {
        "answer": "آثامُهم",
        "t": 1
      },
      {
        "answer": "عِيالُهم",
        "t": 0
      }
    ]
  },
  {
    "id": 4382,
    "q": "سُمِّيَت سُورةُ العَنكَبُوت بهذا الاسمِ؛ مِن أجلِ:",
    "level": 1,
    "link": "https://dorar.net/tafseer/29",
    "section": "al-ankabut",
    "answers": [
      {
        "answer": "التَّحذيرِ مِن خُطُورَة العَنكَبُوت",
        "t": 0
      },
      {
        "answer": "تكرُّر ذِكْر العنكبوتِ فيها",
        "t": 1
      },
      {
        "answer": "بَيانِ فَضائلِ العَنكَبُوت",
        "t": 0
      }
    ]
  },
  {
    "id": 4391,
    "q": "معنى قَولِه تَعالَى: {وَمَأْوَاكُمُ النَّارُ} ",
    "level": 1,
    "link": "https://dorar.net/tafseer/29/8",
    "section": "al-ankabut",
    "answers": [
      {
        "answer": "مَولاكُم النارُ",
        "t": 0
      },
      {
        "answer": "مَصيرُكم النَّارُ جميعًا",
        "t": 1
      },
      {
        "answer": "طَعامُكُم وشَرابُكُم النارُ",
        "t": 0
      }
    ]
  },
  {
    "id": 4394,
    "q": "المُرادُ بقَولِه تَعالَى: {الرَّجْفَةُ}:",
    "level": 1,
    "link": "https://dorar.net/tafseer/29/11",
    "section": "al-ankabut",
    "answers": [
      {
        "answer": "الحُمَّى",
        "t": 0
      },
      {
        "answer": "الزَّلزلةُ الشَّديدةُ",
        "t": 1
      },
      {
        "answer": "الرِّياحُ العاتِيَةُ",
        "t": 0
      }
    ]
  },
  {
    "id": 4400,
    "q": "المُرادُ بقَولِه تَعالَى: {غُرَفًا}:",
    "level": 1,
    "link": "https://dorar.net/tafseer/29/17",
    "section": "al-ankabut",
    "answers": [
      {
        "answer": "مَنازِلُ عاليةٌ في الجنَّةِ",
        "t": 1
      },
      {
        "answer": "قُصورٌ مِن دُرَّةٍ واحِدَةٍ مُجوَّفَةٍ",
        "t": 0
      },
      {
        "answer": "خِيامٌ مِن لُؤلُؤٍ",
        "t": 0
      }
    ]
  },
  {
    "id": 4385,
    "q": "في قَولِه تَعالَى: {وَإِنْ جَاهَدَاكَ لِتُشْرِكَ بِي مَا لَيْسَ لَكَ بِهِ عِلْمٌ فَلَا تُطِعْهُمَا} دليلٌ على:",
    "level": 1,
    "link": "https://dorar.net/tafseer/29/2",
    "section": "al-ankabut",
    "answers": [
      {
        "answer": "جوازِ عُقُوقِ الوالدَين لو كانا مُشرِكَيْنِ",
        "t": 0
      },
      {
        "answer": "أنَّ الابنَ المُؤمِنَ يَشفَعُ لوَالِدَيْهِ يومَ القِيامَة",
        "t": 0
      },
      {
        "answer": "أنَّه لا طاعةَ لِمَخلوقٍ في مَعصيةِ الخالِقِ",
        "t": 1
      }
    ]
  },
  {
    "id": 4384,
    "q": "يَدُلُّ قَولُه تَعالَى: {أَحَسِبَ النَّاسُ أَنْ يُتْرَكُوا أَنْ يَقُولُوا آَمَنَّا وَهُمْ لَا يُفْتَنُونَ} على أنَّ:",
    "level": 1,
    "link": "https://dorar.net/tafseer/29/1",
    "section": "al-ankabut",
    "answers": [
      {
        "answer": "المؤمنَ الحقَّ هو مَن يَسْلَمُ مِن بلاءِ الدُّنيا",
        "t": 0
      },
      {
        "answer": "المؤمنَ لا بُدَّ أن يُفتَنَ بشَيءٍ مِن الفِتَنِ المُؤلِمةِ الشَّاقَّةِ عَليهِ؛ ليُمتحَنَ إيمانُه",
        "t": 1
      },
      {
        "answer": "الابتِلاءَاتِ والمِحَنَ خاصَّةٌ بأَهلِ الشِّركِ والكُفرِ دُونَ المُوحِّدينَ",
        "t": 0
      }
    ]
  },
  {
    "id": 4392,
    "q": "معنى قولِه: {نَادِيكُمُ}:",
    "level": 1,
    "link": "https://dorar.net/tafseer/29/9",
    "section": "al-ankabut",
    "answers": [
      {
        "answer": "قَريَتُكم",
        "t": 0
      },
      {
        "answer": "بُستَانُكم",
        "t": 0
      },
      {
        "answer": "مَجلِسُكُم",
        "t": 1
      }
    ]
  },
  {
    "id": 4395,
    "q": "في قَولِه تَعالَى: {وَارْجُوا الْيَوْمَ الْآَخِرَ} دليلٌ على:",
    "level": 1,
    "link": "https://dorar.net/tafseer/29/11",
    "section": "al-ankabut",
    "answers": [
      {
        "answer": "وُجوبِ الاستعدادِ لليومِ الآخِرِ",
        "t": 1
      },
      {
        "answer": "شِدَّةِ نَزْع الرُّوحِ حِينَ نُزولِ المَوتِ",
        "t": 0
      },
      {
        "answer": "استحبابِ تَمَنِّي الموتِ مُطلَقًا",
        "t": 0
      }
    ]
  },
  {
    "id": 4388,
    "q": "المُرادُ بقَولِه تَعالَى: {الطُّوفَانُ}:",
    "level": 1,
    "link": "https://dorar.net/tafseer/29/5",
    "section": "al-ankabut",
    "answers": [
      {
        "answer": "البَحرُ الواسِعُ المُحيطُ",
        "t": 0
      },
      {
        "answer": "السَّيلُ العَظيمُ، والماءُ المُتناهي فِي الكَثرةِ",
        "t": 1
      },
      {
        "answer": "النَّهْر الجارِي  ",
        "t": 0
      }
    ]
  },
  {
    "id": 4381,
    "q": "سُورةُ العَنكَبُوت مِنَ السُّورِ:",
    "level": 1,
    "link": "https://dorar.net/tafseer/29",
    "section": "al-ankabut",
    "answers": [
      {
        "answer": "المُختلَفِ في نُزولِها",
        "t": 0
      },
      {
        "answer": "المكِّيَّة",
        "t": 1
      },
      {
        "answer": "المدنِيَّة",
        "t": 0
      }
    ]
  },
  {
    "id": 4387,
    "q": "في قَولِه تَعالَى: {وَقَالَ الَّذِينَ كَفَرُوا لِلَّذِينَ آَمَنُوا اتَّبِعُوا سَبِيلَنَا وَلْنَحْمِلْ خَطَايَاكُمْ} دليلٌ على:",
    "level": 1,
    "link": "https://dorar.net/tafseer/29/4",
    "section": "al-ankabut",
    "answers": [
      {
        "answer": "أنَّ الدَّالَّ على الخَيرِ كفَاعِلِه والدَّالَّ على الشَّرِّ كذلك",
        "t": 0
      },
      {
        "answer": "مَحبةِ المؤمنينَ لِهدايَةِ الكُفَّارِ",
        "t": 0
      },
      {
        "answer": "حِرْصِ الكافرين على إغواءِ المؤمنينَ",
        "t": 1
      }
    ]
  },
  {
    "id": 4398,
    "q": "مَعنَى قَولِه تَعالَى: {يَغْشَاهُمُ}:",
    "level": 1,
    "link": "https://dorar.net/tafseer/29/16",
    "section": "al-ankabut",
    "answers": [
      {
        "answer": "يُعْمِيهِم",
        "t": 0
      },
      {
        "answer": "يُصيبُهم",
        "t": 1
      },
      {
        "answer": "يُزَلْزِلُهُم",
        "t": 0
      }
    ]
  },
  {
    "id": 4396,
    "q": "مَعنَى قَولِه تَعالَى: {أَوْهَنَ}:",
    "level": 1,
    "link": "https://dorar.net/tafseer/29/13",
    "section": "al-ankabut",
    "answers": [
      {
        "answer": "أوسَعُ",
        "t": 0
      },
      {
        "answer": "أكثَرُ تشعُّبًا",
        "t": 0
      },
      {
        "answer": "أضعَفُ",
        "t": 1
      }
    ]
  },
  {
    "id": 4399,
    "q": "المُرادُ من قَولِه تَعالَى: {لَنُبَوِّئَنَّهُمْ}:",
    "level": 1,
    "link": "https://dorar.net/tafseer/29/17",
    "section": "al-ankabut",
    "answers": [
      {
        "answer": "لنَرفَعَنَّهُم",
        "t": 0
      },
      {
        "answer": "لَنُسكِنَنَّهم",
        "t": 1
      },
      {
        "answer": "لنَهدِيَنَّهُم",
        "t": 0
      }
    ]
  },
  {
    "id": 4397,
    "q": "في قَولِه تَعالَى: {وَإِلَهُنَا وَإِلَهُكُمْ وَاحِدٌ}  دَلِيلٌ عَلى:",
    "level": 1,
    "link": "https://dorar.net/tafseer/29/14",
    "section": "al-ankabut",
    "answers": [
      {
        "answer": "أنَّ أهلَ الكتابِ يُقِرُّون بألوهيَّةِ اللهِ",
        "t": 1
      },
      {
        "answer": "أنَّ اليَهوديَّةَ والنَّصرانيَّة والإسلامَ دينٌ واحدٌ",
        "t": 0
      },
      {
        "answer": "أنَّ جَميعَ أَهلِ الشِّركِ كانوا يَعبُدونَ الله",
        "t": 0
      }
    ]
  },
  {
    "id": 4389,
    "q": "مَعنَى قَولِه تَعالَى: {إِفْكًا}:",
    "level": 1,
    "link": "https://dorar.net/tafseer/29/6",
    "section": "al-ankabut",
    "answers": [
      {
        "answer": "لغوًا",
        "t": 0
      },
      {
        "answer": "صِدقًا",
        "t": 0
      },
      {
        "answer": "كَذِبًا",
        "t": 1
      }
    ]
  },
  {
    "id": 4390,
    "q": "المُرادُ من قَولِه تَعالَى: {يُبْدِئُ}:",
    "level": 1,
    "link": "https://dorar.net/tafseer/29/7",
    "section": "al-ankabut",
    "answers": [
      {
        "answer": "يُنشئُ",
        "t": 1
      },
      {
        "answer": "يُظْهِر",
        "t": 0
      },
      {
        "answer": "يَخْتِم",
        "t": 0
      }
    ]
  }
]