[
  {
    "id": 4438,
    "q": "مَعنَى قَولِه تَعالَى: {وَيَقْدِرُ}:",
    "level": 3,
    "link": "https://dorar.net/tafseer/29/18",
    "section": "al-ankabut",
    "answers": [
      {
        "answer": "يُوَسِّعُ",
        "t": 0
      },
      {
        "answer": "يُضَيِّقُ",
        "t": 1
      },
      {
        "answer": "يَستَطيع",
        "t": 0
      }
    ]
  },
  {
    "id": 4430,
    "q": "في قَولِه تَعالَى: {وَمَا يَعْقِلُهَا إِلَّا الْعَالِمُونَ} إشارةٌ إِلَى:",
    "level": 3,
    "link": "https://dorar.net/tafseer/29/13",
    "section": "al-ankabut",
    "answers": [
      {
        "answer": "صُعوبةِ الأَمْثَالِ المَضروبةِ في القرآنِ ",
        "t": 0
      },
      {
        "answer": "أنَّ القرآنَ إنما نَزَلَ للعُلَمَاءِ",
        "t": 0
      },
      {
        "answer": "فضيلةِ العلمِ، وأنَّه يَنبغي التَّأمُّلُ في الأمثالِ",
        "t": 1
      }
    ]
  },
  {
    "id": 4421,
    "q": "معنى قَولِه: \"يَفْتَرُونَ\": ",
    "level": 3,
    "link": "https://dorar.net/tafseer/29/2",
    "section": "al-ankabut",
    "answers": [
      {
        "answer": "يَختلِقون ويَكذِبون",
        "t": 1
      },
      {
        "answer": "يَطغَوْنَ ويَتكبَّرُونَ ",
        "t": 0
      },
      {
        "answer": "يَظلِمُونَ",
        "t": 0
      }
    ]
  },
  {
    "id": 4424,
    "q": "في قَولِه تَعالَى: {وَمَا عَلَى الرَّسُولِ إِلَّا الْبَلَاغُ الْمُبِينُ} دليلٌ على:",
    "level": 3,
    "link": "https://dorar.net/tafseer/29/6",
    "section": "al-ankabut",
    "answers": [
      {
        "answer": "أنَّ الرسولَ مكلَّف بهدايةِ قومِه هدايةَ تَوفيقٍ",
        "t": 0
      },
      {
        "answer": "أنَّ الرُّسُلَ لا يجبُ عليهم هِدايةُ الخَلْقِ، فليس عليهم إلَّا البلاغُ",
        "t": 1
      },
      {
        "answer": "أنَّ الرسلَ مَسؤولونَ عَن غِوايةِ الشَّيطانِ لأقوامِهم ",
        "t": 0
      }
    ]
  },
  {
    "id": 4440,
    "q": "في قَولِه تَعالَى: {أَرْضِي وَاسِعَةٌ}: ",
    "level": 3,
    "link": "https://dorar.net/tafseer/29/17",
    "section": "al-ankabut",
    "answers": [
      {
        "answer": "تنبيهُ اللهِ تَعالَى عِبادَه المُؤمِنين على سَعَةِ الأرضِ",
        "t": 0
      },
      {
        "answer": "إشعارٌ بالوَعدِ منَ الضِّيقِ إلى السَّعَةِ",
        "t": 1
      },
      {
        "answer": "وُجوبُ السِّياحةِ في الأرضِ للتَّدبُّرِ في خَلْقِ الله",
        "t": 0
      }
    ]
  },
  {
    "id": 4423,
    "q": "في قَولِه تَعالَى: {وَمَا عَلَى الرَّسُولِ إِلَّا الْبَلَاغُ الْمُبِينُ} دليلٌ على:",
    "level": 3,
    "link": "https://dorar.net/tafseer/29/6",
    "section": "al-ankabut",
    "answers": [
      {
        "answer": "أنَّ الرسولَ مَأمورٌ بإبلاغِ رِسالَتِه مَرَّةً واحدةً",
        "t": 0
      },
      {
        "answer": "أنَّ تأخيرَ البيانِ عن وَقتِ الحاجةِ لا يجوزُ",
        "t": 1
      },
      {
        "answer": "أنَّ كلَّ بَلاغٍ ليس مُبِينًا لا يُعَدُّ بَلاغًا",
        "t": 0
      }
    ]
  },
  {
    "id": 4436,
    "q": "في قَولِه تَعالَى: {ذُوقُوا مَا كُنْتُمْ تَعْمَلُونَ}: ",
    "level": 3,
    "link": "https://dorar.net/tafseer/29/16",
    "section": "al-ankabut",
    "answers": [
      {
        "answer": "الإشارةُ إلى أنَّ عَذابَ الكافرينَ في النَّارِ يَكونُ في طَعامِهم وشَرابِهم دُون أَجسادِهِم",
        "t": 0
      },
      {
        "answer": "إثباتُ العَدلِ؛ حَيْثُ كَانَ الجَزَاءُ مِن جِنسِ العَمَلِ",
        "t": 1
      },
      {
        "answer": "الإشارةُ إلى نِقْمةِ اللهِ تَعالَى عَلَى الكافِرين ومُعامَلَتُهم بأسوأَ مِمَّا عَمِلُوا",
        "t": 0
      }
    ]
  },
  {
    "id": 4428,
    "q": "في قوله تعالى: {وَلَمَّا أَنْ جَاءَتْ رُسُلُنَا لُوطًا سِيءَ بِهِمْ} بِناءُ فِعلِ {سِيءَ} للمَجهولِ، إشارةٌ إلى:",
    "level": 3,
    "link": "https://dorar.net/tafseer/29/10",
    "section": "al-ankabut",
    "answers": [
      {
        "answer": "تَحقُّقِ وُقوعِه",
        "t": 0
      },
      {
        "answer": "الاهتمامِ بالفاعلِ",
        "t": 0
      },
      {
        "answer": "أنَّ المقصودَ حُصولُ المفعولِ دونَ فاعِلِه",
        "t": 1
      }
    ]
  },
  {
    "id": 4433,
    "q": "في قَولِه تَعالَى: {وَاللَّهُ يَعْلَمُ مَا تَصْنَعُونَ}: ",
    "level": 3,
    "link": "https://dorar.net/tafseer/29/14",
    "section": "al-ankabut",
    "answers": [
      {
        "answer": "حُجَّةٌ عَلَى الرَّافِضَةِ الَّذِينَ يَسُبُّونَ أَصْحَابَ النَّبيِّ ﷺ",
        "t": 0
      },
      {
        "answer": "حُجَّةٌ على المُعتزِلةِ الَّذين يقولون بالمَنزِلةِ بين المَنزِلَتَينِ",
        "t": 0
      },
      {
        "answer": "حُجَّةٌ على غُلَاةِ القَدَرِيَّةِ الذين يَنفون تَعَلُّقَ عِلمِ اللهِ بفِعلِ العبدِ",
        "t": 1
      }
    ]
  },
  {
    "id": 4425,
    "q": "نوع \"ال\" المَذكورةُ في قَولِه تَعالَى: {فَابْتَغُوا عِنْدَ اللَّهِ الرِّزْقَ}:",
    "level": 3,
    "link": "https://dorar.net/tafseer/29/6",
    "section": "al-ankabut",
    "answers": [
      {
        "answer": "للعَهدِ الحُضورِيِّ",
        "t": 0
      },
      {
        "answer": "للاستِغراقِ",
        "t": 1
      },
      {
        "answer": "للتَّعريفِ",
        "t": 0
      }
    ]
  },
  {
    "id": 4427,
    "q": "في قَولِه تَعالَى: {قَالُوا اقْتُلُوهُ أَوْ حَرِّقُوهُ} دلالةٌ عَلَى:",
    "level": 3,
    "link": "https://dorar.net/tafseer/29/8",
    "section": "al-ankabut",
    "answers": [
      {
        "answer": "أنَّ مِن قَوْمِ إبراهيمَ عَليهِ السَّلامُ مَنْ كان يُؤمِنُ بِه",
        "t": 0
      },
      {
        "answer": "أنَّ كُلَّ قَومِ إبراهيمَ عَليهِ السَّلامُ قد أجمَعوا على قَتْلِه حَرقًا بالنَّارِ",
        "t": 0
      },
      {
        "answer": "أنَّ ذلكَ كان قَوْلَ بَعْضِهِمْ، لكنْ لَمَّا قِيلَ فيهم، ورضِيَ به الباقونَ؛ أُسْنِدَ إلى كلِّهم",
        "t": 1
      }
    ]
  },
  {
    "id": 4422,
    "q": "في قَولِه تَعالَى: {أَوَلَيْسَ اللَّهُ بِأَعْلَمَ بِمَا فِي صُدُورِ الْعَالَمِينَ}: ",
    "level": 3,
    "link": "https://dorar.net/tafseer/29/3",
    "section": "al-ankabut",
    "answers": [
      {
        "answer": "تحذيرٌ مِن أنْ يقولَ الإنسانُ خِلافَ ما في قَلبِه",
        "t": 1
      },
      {
        "answer": "إِشارَةٌ لَطيفَةٌ إلى اسمِ اللهِ المُحِيط",
        "t": 0
      },
      {
        "answer": "تَنبيهٌ على رحمةِ اللهِ تعالى بِعِبادِه المُؤمِنين",
        "t": 0
      }
    ]
  },
  {
    "id": 4431,
    "q": "في قَولِه تَعالَى: {إِنَّ فِي ذَلِكَ لَآَيَةً لِلْمُؤْمِنِينَ} دليلٌ على:",
    "level": 3,
    "link": "https://dorar.net/tafseer/29/13",
    "section": "al-ankabut",
    "answers": [
      {
        "answer": "أنَّ القرآنَ إِنَّمَا نَزَلَ خاصًّا بالمؤمنينَ",
        "t": 0
      },
      {
        "answer": "أنَّ المُؤمِنين هُمُ المُنتفِعون بذلك",
        "t": 1
      },
      {
        "answer": "أنَّ مَن لم يَتدبَّر آياتِ القُرآنِ فليس بمُؤمِنٍ",
        "t": 0
      }
    ]
  },
  {
    "id": 4439,
    "q": "في قَولِه تَعالَى: {يَا عِبَادِيَ الَّذِينَ آَمَنُوا إِنَّ أَرْضِي وَاسِعَةٌ فَإِيَّايَ فَاعْبُدُونِ} دليلٌ على:",
    "level": 3,
    "link": "https://dorar.net/tafseer/29/17",
    "section": "al-ankabut",
    "answers": [
      {
        "answer": "إِعجازِ القُرآنِ في إِخبارِه بكَروِيَّة الأرضِ",
        "t": 0
      },
      {
        "answer": "أنَّ العِبادَةَ لا تَصِحُّ في أَرضِ المَعاصِي",
        "t": 0
      },
      {
        "answer": "أنَّه يجِبُ على كُلِّ مَن كان في بلدٍ يُعمَلُ فيها بالمَعاصي، ولا يُمكِنُه تغييرُ ذلك: أن يُهاجِرَ إلى حيثُ تتهيَّأُ له العِبادةُ",
        "t": 1
      }
    ]
  },
  {
    "id": 4426,
    "q": "في تقديمِ المَجرورِ على عامِلِه في قَولِه تَعالَى: {وَإِلَيْهِ تُقْلَبُونَ} للدَّلالةِ على:",
    "level": 3,
    "link": "https://dorar.net/tafseer/29/7",
    "section": "al-ankabut",
    "answers": [
      {
        "answer": "الاهْتِمامِ والتَّأْكِيد",
        "t": 1
      },
      {
        "answer": "الحَصْرِ",
        "t": 0
      },
      {
        "answer": "العُمُومِ",
        "t": 0
      }
    ]
  },
  {
    "id": 4434,
    "q": "في قَولِه تَعالَى: {إِنَّ فِي ذَلِكَ لَرَحْمَةً وَذِكْرَى لِقَوْمٍ يُؤْمِنُونَ} دليلٌ على:",
    "level": 3,
    "link": "https://dorar.net/tafseer/29/15",
    "section": "al-ankabut",
    "answers": [
      {
        "answer": "أنَّه كُلَّما كان الإنسانُ أقوى إيمانًا كان أكثرَ انتِفاعًا بالقرآنِ، وكلَّما كان أضعَفَ إيمانًا أو أكثرَ مَعصيةً كان أبعَدَ عن فَهمِ القُرآنِ والانتِفاعِ به",
        "t": 1
      },
      {
        "answer": "أنَّ القُرْآنَ كِتَابَ اللهِ خاصٌّ بالمُؤمنين دون غَيرِهم",
        "t": 0
      },
      {
        "answer": "أَنَّ الكُفَّارَ كُلَّهُم لا يَعقِلون شيئًا منَ القُرآنِ",
        "t": 0
      }
    ]
  },
  {
    "id": 4435,
    "q": "جُملةُ: {يُتْلَى عَلَيْهِمْ}: ",
    "level": 3,
    "link": "https://dorar.net/tafseer/29/15",
    "section": "al-ankabut",
    "answers": [
      {
        "answer": "مُستأنَفةٌ أو حالٌ",
        "t": 1
      },
      {
        "answer": "بَدلٌ أَوْ عَطْفُ بيانٍ",
        "t": 0
      },
      {
        "answer": "مَعطوفةٌ على الكِتابِ",
        "t": 0
      }
    ]
  },
  {
    "id": 4432,
    "q": "في قَولِه تَعالَى: {وَلَا تُجَادِلُوا أَهْلَ الْكِتَابِ إِلَّا بِالَّتِي هِيَ أَحْسَنُ} دليلٌ على: ",
    "level": 3,
    "link": "https://dorar.net/tafseer/29/14",
    "section": "al-ankabut",
    "answers": [
      {
        "answer": "أنَّ الشَّرطَ الوَحيدَ في مَشروعِيَّةِ مُجادَلةِ أهلِ الكِتابِ أن يَكونَ المُجادِلُ مُحسِنًا مُتَلَطِّفًا معهم ",
        "t": 0
      },
      {
        "answer": "النَّهيِ عن مُجادَلةِ أهلِ الكتابِ إذا كانت مِن غيرِ بَصيرةٍ مِن المُجادِلِ، أو بغيرِ قاعدةٍ مَرْضيَّةِ، وألَّا يُجادَلوا إلَّا بالَّتي هي أحسَنُ",
        "t": 1
      },
      {
        "answer": "النَّهيِ عن مُجادَلةِ أهلِ الكِتابِ مُطلقًا",
        "t": 0
      }
    ]
  },
  {
    "id": 4437,
    "q": "في قَولِه تَعالَى: {فَإِيَّايَ فَاعْبُدُونِ}:",
    "level": 3,
    "link": "https://dorar.net/tafseer/29/17",
    "section": "al-ankabut",
    "answers": [
      {
        "answer": "رِضا اللهِ تَعالَى عن عِبادِه الصَّالِحين",
        "t": 0
      },
      {
        "answer": "أنَّ جَميعَ أَوامِر العُبودِيَّة خاصَّةٌ بالمُؤمِنينَ فقط",
        "t": 0
      },
      {
        "answer": "وُجوبُ الإخلاصِ للهِ عزَّ وجلَّ",
        "t": 1
      }
    ]
  },
  {
    "id": 4429,
    "q": "في قَولِه تَعالَى: {وَزَيَّنَ لَهُمُ الشَّيْطَانُ أَعْمَالَهُمْ} حُجَّةٌ على:",
    "level": 3,
    "link": "https://dorar.net/tafseer/29/12",
    "section": "al-ankabut",
    "answers": [
      {
        "answer": "المُعتزِلةِ في قَولِهم بِأَنَّ مُرتَكِبَ الكَبيرةِ مُخَلَّدٌ فِي النارِ",
        "t": 0
      },
      {
        "answer": "الجَبْريَّةِ الذين لا يَنْسُبُونَ أعمالَ الإنسانِ إليه",
        "t": 1
      },
      {
        "answer": "القَدَرِيَّةِ الذين يَنفُون عِلمَ اللهِ تَعالَى",
        "t": 0
      }
    ]
  }
]