[
  {
    "id": 4403,
    "q": "في قَولِه تَعالَى: {وَلَئِنْ جَاءَ نَصْرٌ مِنْ رَبِّكَ لَيَقُولُنَّ إِنَّا كُنَّا مَعَكُمْ} إشارةٌ إلى:",
    "level": 2,
    "link": "https://dorar.net/tafseer/29/3",
    "section": "al-ankabut",
    "answers": [
      {
        "answer": "خوفِ المُنافقِين منَ اللهِ",
        "t": 0
      },
      {
        "answer": "أنَّهم لا يَستَحْيُونَ منَ الكَذِبِ، ولو على رُؤوسِ الأشهادِ",
        "t": 1
      },
      {
        "answer": "حُبِّ المنافقينَ لِلْمُؤْمِنِينَ وخَوفِهِم مِن المُشرِكينَ",
        "t": 0
      }
    ]
  },
  {
    "id": 4416,
    "q": "مَعنَى قَولِه تَعالَى: {جَاثِمِينَ}:",
    "level": 2,
    "link": "https://dorar.net/tafseer/29/11",
    "section": "al-ankabut",
    "answers": [
      {
        "answer": "ماكِثُونَ خائِفُونَ لا يَتحرَّكُونَ",
        "t": 0
      },
      {
        "answer": "لا أَثَرَ لهُم",
        "t": 0
      },
      {
        "answer": "موتَى لاصِقونَ بالأرضِ على رُكَبِهم ووُجوهِهم",
        "t": 1
      }
    ]
  },
  {
    "id": 4401,
    "q": "من أهَمِّ مَقاصِدِ سُورةِ العَنكَبُوت:",
    "level": 2,
    "link": "https://dorar.net/tafseer/29",
    "section": "al-ankabut",
    "answers": [
      {
        "answer": "ذِكرُ الابتلاءِ والامتحانِ، وبيانُ حالِ أهلِ البلوَى في الدُّنيا والآخِرةِ",
        "t": 1
      },
      {
        "answer": "ذِكْرُ بيانِ حَالِ أهلِ الجنَّةِ وأهلِ النَّارِ",
        "t": 0
      },
      {
        "answer": "ذكرُ أحكامِ الجِهَادِ",
        "t": 0
      }
    ]
  },
  {
    "id": 4413,
    "q": "في قَولِه تَعالَى: {لَتَأْتُونَ الرِّجَالَ}: ",
    "level": 2,
    "link": "https://dorar.net/tafseer/29/9",
    "section": "al-ankabut",
    "answers": [
      {
        "answer": "مَجازٌ مُرْسَل",
        "t": 0
      },
      {
        "answer": "تشبيهٌ لهُم بالنِّساءِ",
        "t": 0
      },
      {
        "answer": "كنايةٌ عنِ الجِماعِ",
        "t": 1
      }
    ]
  },
  {
    "id": 4404,
    "q": "في قَولِه تَعالَى: {وَلَيَحْمِلُنَّ أَثْقَالَهُمْ وَأَثْقَالًا مَعَ أَثْقَالِهِمْ} دَليلٌ عَلَى:",
    "level": 2,
    "link": "https://dorar.net/tafseer/29/4",
    "section": "al-ankabut",
    "answers": [
      {
        "answer": "حَمْلِ أَئِمَّةِ المُشْرِكِينَ أَوْزَارَ مَن أَضَلُّوهُم وتبرئةِ الأتباعِ مِمَّا فعلوا منَ الشِّرْكِ والكُفْرِ باللهِ ",
        "t": 0
      },
      {
        "answer": "حُرمَةِ التَّبَعِيَّة وأنَّها حَسرَةٌ ونَدامَةٌ يومَ القِيامَة",
        "t": 0
      },
      {
        "answer": "أنَّ كُلَّ مَن أسْلَك أحدًا طَريقًا، كان شَريكَه في عَمَلِه فيها",
        "t": 1
      }
    ]
  },
  {
    "id": 4418,
    "q": "في قَولِه تَعالَى: {مَثَلُ الَّذِينَ اتَّخَذُوا مِنْ دُونِ اللَّهِ أَوْلِيَاءَ كَمَثَلِ الْعَنْكَبُوتِ اتَّخَذَتْ بَيْتًا وَإِنَّ أَوْهَنَ الْبُيُوتِ لَبَيْتُ الْعَنْكَبُوتِ} إشارةٌ إِلَى:",
    "level": 2,
    "link": "https://dorar.net/tafseer/29/13",
    "section": "al-ankabut",
    "answers": [
      {
        "answer": "وُجوبِ الوَلاءِ للمُؤمِنينَ والبَراءِ من الكافِرينَ",
        "t": 0
      },
      {
        "answer": "ضَعفِ عَقيدةِ الكُفرِ ودَحضِها بأقَلِّ حُجَّة",
        "t": 0
      },
      {
        "answer": "أنَّ مَنِ اتَّخذَ مِن دونِ اللهِ وليًّا يَتعزَّزُ به، ويَتكبَّرُ به، ويَستنصِرُ به؛ لم يَحصُلْ له به إلَّا ضِدُّ مَقصودِه",
        "t": 1
      }
    ]
  },
  {
    "id": 4415,
    "q": "المُرادُ بقَولِه تَعالَى: {تَعْثَوْا}:",
    "level": 2,
    "link": "https://dorar.net/tafseer/29/11",
    "section": "al-ankabut",
    "answers": [
      {
        "answer": "تَتَكَبَّرُوا",
        "t": 0
      },
      {
        "answer": "تَسْعَوا وتُفسِدوا",
        "t": 1
      },
      {
        "answer": "تَستَعينوا",
        "t": 0
      }
    ]
  },
  {
    "id": 4419,
    "q": "في قَولِه تَعالَى: {وَمَا يَجْحَدُ بِآَيَاتِنَا إِلَّا الْكَافِرُونَ} إشارةٌ إلى:",
    "level": 2,
    "link": "https://dorar.net/tafseer/29/14",
    "section": "al-ankabut",
    "answers": [
      {
        "answer": "أنَّ تَأوِيلَ آياتِ اللهِ كُفرٌ",
        "t": 0
      },
      {
        "answer": "أنَّ أَصلَ الكُفرِ والشِّركِ: الهَوَى",
        "t": 0
      },
      {
        "answer": "أنَّ كلَّ مَن لم يُؤمنْ بهذا القرآنِ أو بشَيءٍ منه؛ فهو كافرٌ",
        "t": 1
      }
    ]
  },
  {
    "id": 4420,
    "q": "في قَولِه تَعالَى: {وَلَوْلَا أَجَلٌ مُسَمًّى لَجَاءَهُمُ الْعَذَابُ} حُجَّةٌ على:",
    "level": 2,
    "link": "https://dorar.net/tafseer/29/16",
    "section": "al-ankabut",
    "answers": [
      {
        "answer": "الفلاسفةِ",
        "t": 0
      },
      {
        "answer": "الدَّهْرِيَّةِ",
        "t": 0
      },
      {
        "answer": "المُعتَزلةِ والقَدَريَّةِ",
        "t": 1
      }
    ]
  },
  {
    "id": 4417,
    "q": "المُرادُ بقَولِه تَعالَى: {حَاصِبًا}:",
    "level": 2,
    "link": "https://dorar.net/tafseer/29/12",
    "section": "al-ankabut",
    "answers": [
      {
        "answer": "مَرَضٌ يُصيبُ الإنسانَ",
        "t": 0
      },
      {
        "answer": "ريحٌ شَديدةٌ تَرميهم بالحَصى",
        "t": 1
      },
      {
        "answer": "صوتٌ شديدٌ كالصَّاعِقَة",
        "t": 0
      }
    ]
  },
  {
    "id": 4414,
    "q": "مَعنَى قَولِه تَعالَى: {ذَرْعًا}:",
    "level": 2,
    "link": "https://dorar.net/tafseer/29/10",
    "section": "al-ankabut",
    "answers": [
      {
        "answer": "صَدْرًا أو طاقةً",
        "t": 1
      },
      {
        "answer": "الذِّراعُ المعروفُ",
        "t": 0
      },
      {
        "answer": "ما يُبَثُّ مِن البُذورِ في باطِن الأَرضِ",
        "t": 0
      }
    ]
  },
  {
    "id": 4412,
    "q": "في قَولِه تَعالَى: {وَوَهَبْنَا لَهُ إِسْحَاقَ وَيَعْقُوبَ} دليلٌ على:",
    "level": 2,
    "link": "https://dorar.net/tafseer/29/8",
    "section": "al-ankabut",
    "answers": [
      {
        "answer": "أنَّ ابنَ الابنِ ابنٌ",
        "t": 1
      },
      {
        "answer": "أنَّ يعقوبَ وإسحاقَ أخَوانِ لأَبٍ ",
        "t": 0
      },
      {
        "answer": "أنَّ يَعقوبَ وإسحاقَ عَليهِما السَّلامُ أخَوانِ شَقيقانِ",
        "t": 0
      }
    ]
  },
  {
    "id": 4409,
    "q": "في قَولِه تَعالَى: {إِلَيْهِ تُرْجَعُونَ} دلالةٌ عَلَى:",
    "level": 2,
    "link": "https://dorar.net/tafseer/29/6",
    "section": "al-ankabut",
    "answers": [
      {
        "answer": "البَعْثِ بعد الموتِ",
        "t": 0
      },
      {
        "answer": "ثبوتِ الجزاءِ على الأعمالِ",
        "t": 1
      },
      {
        "answer": "إثباتِ عَذابِ القَبرِ ونَعيمِه",
        "t": 0
      }
    ]
  },
  {
    "id": 4410,
    "q": "في قَولِه تَعالَى: {أُولَئِكَ يَئِسُوا مِنْ رَحْمَتِي} دليلٌ على:",
    "level": 2,
    "link": "https://dorar.net/tafseer/29/7",
    "section": "al-ankabut",
    "answers": [
      {
        "answer": "أنَّ الكُفَّارَ لا يَدخُلونَ الجَنَّةَ",
        "t": 1
      },
      {
        "answer": "دُخولِ النَّاسِ كافَّةً الجَنَّةَ",
        "t": 0
      },
      {
        "answer": "أنَّ عُصاةَ المُؤمِنينَ يُحشَرُونَ مع المُنافِقينَ",
        "t": 0
      }
    ]
  },
  {
    "id": 4411,
    "q": "في قَولِه تَعالَى: {وَجَعَلْنَا فِي ذُرِّيَّتِهِ النُّبُوَّةَ وَالْكِتَابَ} إشارةٌ إلى:",
    "level": 2,
    "link": "https://dorar.net/tafseer/29/8",
    "section": "al-ankabut",
    "answers": [
      {
        "answer": "أَنَّهُ ليس أحدٌ منَ الأنبياءِ إِلَّا مِن ذُرِّيَّةِ إبراهيمَ عَليهِ السَّلامُ ",
        "t": 0
      },
      {
        "answer": "أنه لَمْ يَبعَثِ اللهُ نبيًّا بعدَ إبراهيمَ إلَّا مِن صُلبِه، ولا نَزَّل كتابًا إلَّا على ذُرِّيَّتِه",
        "t": 1
      },
      {
        "answer": "عُلُوِّ مَنزِلَةِ آدمَ عليه السَّلامُ",
        "t": 0
      }
    ]
  },
  {
    "id": 4406,
    "q": "التَعْبِير بِصِيغَةِ الافْتِعَالِ في قولِ اللهِ تَعَالَى: {عَمَّا كَانُوا يَفْتَرُونَ} إشارةٌ إلى:",
    "level": 2,
    "link": "https://dorar.net/tafseer/29/4",
    "section": "al-ankabut",
    "answers": [
      {
        "answer": "أنَّهم كانوا يَعلَمونَ صِدقَ الرَّسولِ ﷺ، ويَتعمَّدونَ الكَذِبَ في وَعدِهم لِمَن غَرُّوه",
        "t": 1
      },
      {
        "answer": "أنَّ جَزاءَ الأتباعِ أعظمُ مِن جَزَاءِ المَتبوعينَ يَومَ القيامةِ",
        "t": 0
      },
      {
        "answer": "أنَّ إغواءَهُم لِلنَّاسِ إِنَّمَا كان جَرَّاءَ جَهلِهِم بنُبُوَّةِ مُحَمَّدٍ ﷺ",
        "t": 0
      }
    ]
  },
  {
    "id": 4408,
    "q": "استعمالُ صِيغَةِ الافْتِعَالِ في قَولِه تَعالَى: {فَابْتَغُوا عِنْدَ اللَّهِ الرِّزْقَ} يدلُّ عَلَى:",
    "level": 2,
    "link": "https://dorar.net/tafseer/29/6",
    "section": "al-ankabut",
    "answers": [
      {
        "answer": "الحثِّ عَلَى السَّعْيِ في طَلَبِ الرِّزْقِ",
        "t": 1
      },
      {
        "answer": "أنَّ الرِّزقَ سَهلٌ مَيسورٌ لكلِّ أَحَدٍ",
        "t": 0
      },
      {
        "answer": "أنَّ الرِّزقَ مُتَعلِّقٌ بالابتِغاءِ",
        "t": 0
      }
    ]
  },
  {
    "id": 4407,
    "q": "في قَولِه تَعالَى: {فَأَخَذَهُمُ الطُّوفَانُ وَهُمْ ظَالِمُونَ} إشارةٌ إلى:",
    "level": 2,
    "link": "https://dorar.net/tafseer/29/5",
    "section": "al-ankabut",
    "answers": [
      {
        "answer": "أنَّ اللهَ يُعَذِّبُ عَلى مُجرَّدِ وُجودِ الظُّلمِ",
        "t": 0
      },
      {
        "answer": "أنَّ اللهَ تعالى يُعَذِّبُ على الإصرارِ على الظُّلمِ",
        "t": 1
      },
      {
        "answer": "أنَّ الظُّلمَ قَرينُ الكُفرِ",
        "t": 0
      }
    ]
  },
  {
    "id": 4405,
    "q": "في قَولِه تَعالَى: {وَمَا هُمْ بِحَامِلِينَ مِنْ خَطَايَاهُمْ مِنْ شَيْءٍ} دليلٌ على:",
    "level": 2,
    "link": "https://dorar.net/tafseer/29/4",
    "section": "al-ankabut",
    "answers": [
      {
        "answer": "إثباتِ عَدْلِ اللهِ؛ حيثُ لا يَحْمِلُ أحدٌ خطيئةَ أحدٍ",
        "t": 1
      },
      {
        "answer": "إحباطِ سَعْيِ الكافرينَ",
        "t": 0
      },
      {
        "answer": "حَملِ المَتبُوعِينَ خَطايَا مَن اتَّبَعُوهُم",
        "t": 0
      }
    ]
  },
  {
    "id": 4402,
    "q": "الاستفهامُ في قَولِه تَعالَى: {أَحَسِبَ النَّاسُ أَنْ يُتْرَكُوا}:",
    "level": 2,
    "link": "https://dorar.net/tafseer/29/1",
    "section": "al-ankabut",
    "answers": [
      {
        "answer": "تَقريريٌّ",
        "t": 0
      },
      {
        "answer": "حَقِيقِيٌّ",
        "t": 0
      },
      {
        "answer": "إنكاريٌّ",
        "t": 1
      }
    ]
  }
]