[
  {
    "id": 6722,
    "q": "جَمْعٌ على وَزْنِ فُعَلَاء:",
    "level": 1,
    "link": "https://dorar.net/arabia/958",
    "section": "al-srf",
    "answers": [
      {
        "answer": "إِسْراء",
        "t": 0
      },
      {
        "answer": "عُلَماء",
        "t": 1
      },
      {
        "answer": "صَحَراء",
        "t": 0
      }
    ]
  },
  {
    "id": 6723,
    "q": "وزن (فَعَل)",
    "level": 1,
    "link": "https://dorar.net/arabia/1098",
    "section": "al-srf",
    "answers": [
      {
        "answer": "يَفْعَل",
        "t": 0
      },
      {
        "answer": "يَفْعِل",
        "t": 1
      },
      {
        "answer": "يُفْعِل",
        "t": 0
      }
    ]
  },
  {
    "id": 6721,
    "q": "التَّصريفُ اللُّغوِيُّ هو:",
    "level": 1,
    "link": "https://dorar.net/arabia/1110",
    "section": "al-srf",
    "answers": [
      {
        "answer": "صَرفُ أَحَدِ المُفرداتِ اللُّغويَّة إلى وَزنٍ مُغايِر لأَصْلِه",
        "t": 0
      },
      {
        "answer": "إِرجاعُ المُشتَقِّ إلى الجِذْرِ الذي يَتْبَعُهُ",
        "t": 0
      },
      {
        "answer": "تَغييرُ صيغةِ الكَلِمةِ إلى صيغةٍ أُخرى",
        "t": 1
      }
    ]
  },
  {
    "id": 6732,
    "q": "كَلِمةُ (اسْتَغْفَرَ) على وَزنِ:",
    "level": 1,
    "link": "https://dorar.net/arabia/869",
    "section": "al-srf",
    "answers": [
      {
        "answer": "افْتَعَلَ",
        "t": 0
      },
      {
        "answer": "اسْتَفْعَلَ",
        "t": 1
      },
      {
        "answer": "افْعَوْعَلَ",
        "t": 0
      }
    ]
  },
  {
    "id": 6724,
    "q": "جَمعُ القِلَّةِ هو:",
    "level": 1,
    "link": "https://dorar.net/arabia/1167",
    "section": "al-srf",
    "answers": [
      {
        "answer": "هو الجَمْعُ الواقعُ على الثَّلاثةِ إلى العَشَرةِ",
        "t": 1
      },
      {
        "answer": "الجَمعُ الواقِعُ على الثَّلاثَةِ إلى السَّبعَةِ",
        "t": 0
      },
      {
        "answer": "ما يَقعُ على أَكثرِ مِن واحِدٍ وأَقلِّ مِن ثَلاثَة؛ وهو المُثَنَّى",
        "t": 0
      }
    ]
  },
  {
    "id": 6728,
    "q": "قَديمًا كانَ العُلَماءُ يَتَناوَلونَ عِلمَ الصَّرفِ داخِلًا في:",
    "level": 1,
    "link": "https://dorar.net/arabia/858",
    "section": "al-srf",
    "answers": [
      {
        "answer": "عِلمِ النَّحوِ",
        "t": 1
      },
      {
        "answer": "عِلمِ البَلاغَة ",
        "t": 0
      },
      {
        "answer": "فِقْهِ اللُّغَةِ",
        "t": 0
      }
    ]
  },
  {
    "id": 6740,
    "q": "كَلِمةُ (مِعْطار) على وَزنِ:",
    "level": 1,
    "link": "https://dorar.net/arabia/969",
    "section": "al-srf",
    "answers": [
      {
        "answer": "إِفْعَال",
        "t": 0
      },
      {
        "answer": "مِفْعال",
        "t": 1
      },
      {
        "answer": "فِعْلال",
        "t": 0
      }
    ]
  },
  {
    "id": 6727,
    "q": "أصْلُ حَرَكةِ هَمْزةِ الوَصْلِ:",
    "level": 1,
    "link": "https://dorar.net/arabia/1404",
    "section": "al-srf",
    "answers": [
      {
        "answer": "الكَسْرُ",
        "t": 1
      },
      {
        "answer": "الفَتْحُ",
        "t": 0
      },
      {
        "answer": "الضَّمُّ",
        "t": 0
      }
    ]
  },
  {
    "id": 6734,
    "q": "كَلِمَةُ (مُجْتَهِد) على وَزنِ:",
    "level": 1,
    "link": "https://dorar.net/arabia/869",
    "section": "al-srf",
    "answers": [
      {
        "answer": "مُسْتَفْعِل",
        "t": 0
      },
      {
        "answer": "مُفْعِل",
        "t": 0
      },
      {
        "answer": "مُفْتَعِل",
        "t": 1
      }
    ]
  },
  {
    "id": 6725,
    "q": "الصَّحيحُ في النَّسَبِ إلى مَكَّةَ: ",
    "level": 1,
    "link": "https://dorar.net/arabia/1267",
    "section": "al-srf",
    "answers": [
      {
        "answer": "مَكَّاوِيٌّ",
        "t": 0
      },
      {
        "answer": "مَكِّيٌّ",
        "t": 1
      },
      {
        "answer": "مَكَوِيٌّ",
        "t": 0
      }
    ]
  },
  {
    "id": 6733,
    "q": "الزِّيادةُ في التصريف: إلحاقُ الكَلِمةِ ما ليسَ مِنها؛ وذلك:",
    "level": 1,
    "link": "https://dorar.net/arabia/875",
    "section": "al-srf",
    "answers": [
      {
        "answer": "لزيادة الأجر",
        "t": 0
      },
      {
        "answer": "لترتيب الحروف",
        "t": 0
      },
      {
        "answer": "لإفادةِ مَعنًى",
        "t": 1
      }
    ]
  },
  {
    "id": 6735,
    "q": "الابتِداءُ بساكِنٍ في لُغةِ العَرَبِ:",
    "level": 1,
    "link": "https://dorar.net/arabia/880",
    "section": "al-srf",
    "answers": [
      {
        "answer": "يَجُوزُ مُطلَقًا",
        "t": 0
      },
      {
        "answer": "يَجُوزُ بِشُروطٍ",
        "t": 0
      },
      {
        "answer": "لا يَجُوزُ",
        "t": 1
      }
    ]
  },
  {
    "id": 6739,
    "q": "المِقياسُ الصَّرفي يُعَبَّرُ عَنه بــ",
    "level": 1,
    "link": "https://dorar.net/arabia/865",
    "section": "al-srf",
    "answers": [
      {
        "answer": "الزَّاي واليَّاء والدَّال (زَيَدَ)",
        "t": 0
      },
      {
        "answer": "الفَاء والعَيْن واللَّام (فَعَلَ)",
        "t": 1
      },
      {
        "answer": "الألف والباء والتاء (أَ بَ تَ)",
        "t": 0
      }
    ]
  },
  {
    "id": 6737,
    "q": "مِن العُلماءِ الذين لهم عِنايَة بعِلمِ التَّصريفِ:",
    "level": 1,
    "link": "https://dorar.net/arabia/858",
    "section": "al-srf",
    "answers": [
      {
        "answer": "أبو الأَسْوَدِ الدُؤّلِيُّ",
        "t": 0
      },
      {
        "answer": "ابنُ عَبدِ رَبِّه",
        "t": 0
      },
      {
        "answer": "ابنُ مالِكٍ",
        "t": 1
      }
    ]
  },
  {
    "id": 6738,
    "q": "مِن ثَمَراتِ عِلمِ الصَّرفِ:",
    "level": 1,
    "link": "https://dorar.net/arabia/862",
    "section": "al-srf",
    "answers": [
      {
        "answer": "صِيانةُ الألسِنَةِ والأقلامِ عن الوُقوعِ في الخَطَأِ في مُفرَادتِ اللُّغةِ",
        "t": 1
      },
      {
        "answer": "دِراسَةُ المُفرَداتِ العَربيَّةِ لَفْظًا ومَعْنًى",
        "t": 0
      },
      {
        "answer": "شَرحُ الدَّواوِينِ الشِّعريَّة ومَقاماتِ الجاهِليَّة والتَّعريفُ بها",
        "t": 0
      }
    ]
  },
  {
    "id": 6736,
    "q": "تَسقُطُ هَمْزةُ الوَصْلِ في",
    "level": 1,
    "link": "https://dorar.net/arabia/1387",
    "section": "al-srf",
    "answers": [
      {
        "answer": "وَسطَ الكَلامِ حَرْفًا لا صَوْتًا",
        "t": 0
      },
      {
        "answer": "آخِرِ الكَلامِ نُطْقًا وكِتابَةً",
        "t": 0
      },
      {
        "answer": "دَرْجِ الكَلامِ لفْظًا لا خطًّا",
        "t": 1
      }
    ]
  },
  {
    "id": 6730,
    "q": "مِن أَقسامِ عِلمِ الصَّرفِ:",
    "level": 1,
    "link": "https://dorar.net/arabia/862",
    "section": "al-srf",
    "answers": [
      {
        "answer": "الإِعرابُ والبِناءُ ومِيزانُ الصَّرفِ",
        "t": 0
      },
      {
        "answer": "الصِّيَغُ المُختَلِفةُ للكَلِمةِ الَّتي تُعطي مَعانيَ مُختَلِفةً",
        "t": 1
      },
      {
        "answer": "المُحسِّناتُ البَلاغِيَّة",
        "t": 0
      }
    ]
  },
  {
    "id": 6731,
    "q": "المِيزانُ الصَّرفي: ",
    "level": 1,
    "link": "https://dorar.net/arabia/865",
    "section": "al-srf",
    "answers": [
      {
        "answer": "يَزِنُ عدد حُروفِ الكَلِمةِ وهَيئاتها",
        "t": 1
      },
      {
        "answer": "يَزِنُ دَلالاتِ الجُمَلِ ومَحِلَّها مِن الإعرابِ",
        "t": 0
      },
      {
        "answer": "يَدرِسُ ضَبْطَ القَوافي ومُلاءَمَتِها لبُحورِ الشِّعرِ العَربي ",
        "t": 0
      }
    ]
  },
  {
    "id": 6726,
    "q": "النِّسبَةُ إلى المَدينَة:",
    "level": 1,
    "link": "https://dorar.net/arabia/1281",
    "section": "al-srf",
    "answers": [
      {
        "answer": "مَدائِنيٌّ",
        "t": 0
      },
      {
        "answer": "مَدِينيٌّ ومَدَنِيٌّ",
        "t": 1
      },
      {
        "answer": "مَادِنيٌّ ومَدَانِيٌّ",
        "t": 0
      }
    ]
  },
  {
    "id": 6729,
    "q": "يَتناوَلُ عِلمُ الصَّرفِ دِراسَةَ:",
    "level": 1,
    "link": "https://dorar.net/arabia/862",
    "section": "al-srf",
    "answers": [
      {
        "answer": "مُحتَوى الجُمَلِ مِن حيثُ الإِفرادِ والتَّركيبِ",
        "t": 0
      },
      {
        "answer": "الألفاظِ العَرَبيَّةِ صِحَّةً واعتِلالًا",
        "t": 1
      },
      {
        "answer": "تَأثيرِ القُرآنِ الكَريمِ في فَصاحَةِ العَربِيَّة",
        "t": 0
      }
    ]
  }
]