[
  {
    "id": 6746,
    "q": "مَعنى الصَّيرورةُ:",
    "level": 2,
    "link": "https://dorar.net/arabia/1046",
    "section": "al-srf",
    "answers": [
      {
        "answer": "أنْ يصيرَ الفاعِلُ صاحِبَ الشَّيءِ الذي جاء منه الفِعْلُ",
        "t": 1
      },
      {
        "answer": "تَحوُّلُ الفَعْلِ مِن مُجرَّدٍ إلى مَزيدٍ",
        "t": 0
      },
      {
        "answer": "أنْ يُبنَى الفِعلُ لِما لمْ يُسَمَّ فاعِلُه",
        "t": 0
      }
    ]
  },
  {
    "id": 6745,
    "q": "الأصلُ في مُضارِع كلمة (فَعِلَ)",
    "level": 2,
    "link": "https://dorar.net/arabia/1039",
    "section": "al-srf",
    "answers": [
      {
        "answer": "الضَّمُّ (يَفْعُل)",
        "t": 0
      },
      {
        "answer": "الفَتحُ (يَفْعَل)",
        "t": 1
      },
      {
        "answer": "الكَسرُ (يَفْعِل)",
        "t": 0
      }
    ]
  },
  {
    "id": 6749,
    "q": "صِيغَةُ الأَمرِ مِن الفعل (وَقَى يَقِي)",
    "level": 2,
    "link": "https://dorar.net/arabia/1079",
    "section": "al-srf",
    "answers": [
      {
        "answer": "قِهْ ",
        "t": 1
      },
      {
        "answer": "قِيَهْ ",
        "t": 0
      },
      {
        "answer": "أَقِيَهْ",
        "t": 0
      }
    ]
  },
  {
    "id": 6755,
    "q": "في الكُنَى، مِثْلُ: أبي بَكْرٍ، نَجمَعُ المُضافَ على:",
    "level": 2,
    "link": "https://dorar.net/arabia/1228",
    "section": "al-srf",
    "answers": [
      {
        "answer": "آباء أَبكارٍ",
        "t": 0
      },
      {
        "answer": "بَنِي بَكرٍ",
        "t": 0
      },
      {
        "answer": "آباء بَكْرٍ",
        "t": 1
      }
    ]
  },
  {
    "id": 6753,
    "q": "أَسماءُ الأماكِن مِثل (مَفْرق، ومَطْلع) تُقاسُ على وَزنِ:",
    "level": 2,
    "link": "https://dorar.net/arabia/1128",
    "section": "al-srf",
    "answers": [
      {
        "answer": "مَفْعَل",
        "t": 1
      },
      {
        "answer": "فَعْلَل",
        "t": 0
      },
      {
        "answer": "أَفْعَل",
        "t": 0
      }
    ]
  },
  {
    "id": 6748,
    "q": "كَيفيَّةُ بِناءِ الفِعْلِ للمَفْعولِ من الفِعلُ المضارع",
    "level": 2,
    "link": "https://dorar.net/arabia/1061",
    "section": "al-srf",
    "answers": [
      {
        "answer": "يُضَمُّ أَوَّلُه ويُفتَحُ ما قَبْلَ آخِرِه",
        "t": 1
      },
      {
        "answer": "فَتْحُ أَوَّلِه وضَمُّ ما قبلَ آخِرِه",
        "t": 0
      },
      {
        "answer": "زِيادَةُ أَلِف بعدَ عَيْنِ الفِعْلِ",
        "t": 0
      }
    ]
  },
  {
    "id": 6760,
    "q": "الإشْمامُ هُو:",
    "level": 2,
    "link": "https://dorar.net/arabia/1059",
    "section": "al-srf",
    "answers": [
      {
        "answer": "الحَرفُ المُعتَلُّ الدَّاخِلُ عن أَصلِ الكَلِمَة",
        "t": 0
      },
      {
        "answer": "الإشارَةُ إلى الحَرَكةِ (الضَّمَّة) بضمِّ الشَّفَتَين دُونَ صوْتٍ",
        "t": 1
      },
      {
        "answer": "الزِّيادَةُ في المَعنَى",
        "t": 0
      }
    ]
  },
  {
    "id": 6751,
    "q": "يُصاغُ المَصدَرُ المِيميُّ مِنَ الفِعلِ الثُّلاثيِّ على وَزنِ:",
    "level": 2,
    "link": "https://dorar.net/arabia/1126",
    "section": "al-srf",
    "answers": [
      {
        "answer": "مِفْعَلَة",
        "t": 0
      },
      {
        "answer": "مَفْعَل",
        "t": 1
      },
      {
        "answer": "مَفْعُل",
        "t": 0
      }
    ]
  },
  {
    "id": 6752,
    "q": "مُشْتَقّانِ من الفِعلِ يَدُلَّانِ على زَمانِ وُقوعِ الفِعلِ أو مَكانِه:",
    "level": 2,
    "link": "https://dorar.net/arabia/1128",
    "section": "al-srf",
    "answers": [
      {
        "answer": "المُبتَدأُ والخَبرُ",
        "t": 0
      },
      {
        "answer": "اسما الزمان والمكان",
        "t": 1
      },
      {
        "answer": "الفِعلُ والفاعِلُ",
        "t": 0
      }
    ]
  },
  {
    "id": 6756,
    "q": "كَلِمَةُ (فُلَيْس) على وَزنِ:",
    "level": 2,
    "link": "https://dorar.net/arabia/1245",
    "section": "al-srf",
    "answers": [
      {
        "answer": "فُعْلَل",
        "t": 0
      },
      {
        "answer": "فُعَيْل",
        "t": 1
      },
      {
        "answer": "مُفْعَل",
        "t": 0
      }
    ]
  },
  {
    "id": 6744,
    "q": "استُعمِلَ (فَعَلَ) في معانٍ لا حصْرَ لها؛ لأنَّه:",
    "level": 2,
    "link": "https://dorar.net/arabia/1039",
    "section": "al-srf",
    "answers": [
      {
        "answer": "أَخفُّ الأبنِيَةِ",
        "t": 1
      },
      {
        "answer": "ثُلاثِي الحُروف",
        "t": 0
      },
      {
        "answer": "وَزنٌ فَريدٌ لا شَبيهَ له",
        "t": 0
      }
    ]
  },
  {
    "id": 6747,
    "q": "كلمة (تَمَسْكَن) من أمثلة المُلْحَقُ بالرُّباعيِّ المَزِيدِ على وَزنِ:",
    "level": 2,
    "link": "https://dorar.net/arabia/1050",
    "section": "al-srf",
    "answers": [
      {
        "answer": "تَمَفْعَل",
        "t": 1
      },
      {
        "answer": "تَفَعْلَلَ",
        "t": 0
      },
      {
        "answer": "اسْتَفَعْلَ",
        "t": 0
      }
    ]
  },
  {
    "id": 6758,
    "q": "الاسمُ المَنْسوبُ هو:",
    "level": 2,
    "link": "https://dorar.net/arabia/1265",
    "section": "al-srf",
    "answers": [
      {
        "answer": "الاسمُ المَقصُورُ الذي بهِ حَرفَا عِلَّة",
        "t": 0
      },
      {
        "answer": "كلُّ اسمٍ كُسِرَ أَوَّلُه وأُضِيفَ إليه (واو ونون)",
        "t": 0
      },
      {
        "answer": "المُلْحَقُ بِآخِرِه ياءٌ مُشدَّدَةٌ مَكسورٌ ما قبلَها",
        "t": 1
      }
    ]
  },
  {
    "id": 6742,
    "q": "كلمة \"أكرم\" وزنها الصرفي",
    "level": 2,
    "link": "https://dorar.net/arabia/869",
    "section": "al-srf",
    "answers": [
      {
        "answer": "أفْعَلَ",
        "t": 1
      },
      {
        "answer": "مفعل",
        "t": 0
      },
      {
        "answer": "مفعال",
        "t": 0
      }
    ]
  },
  {
    "id": 6743,
    "q": "المُؤَنَّثُ اللَفْظيُّ هو:",
    "level": 2,
    "link": "https://dorar.net/arabia/965",
    "section": "al-srf",
    "answers": [
      {
        "answer": "ما يَصِحُّ فيه التَّأنِيثُ والتَّذكِيرُ على حَدٍّ سَواء",
        "t": 0
      },
      {
        "answer": "ما يكونُ التَّذكيرُ فيه لَفظِيٌّ والتَأنِيثُ مَعنوِيٌّ",
        "t": 0
      },
      {
        "answer": "ما لحِقَتْه علامةُ التأنيثِ، ويدُلُّ على مُذَكَّرٍ",
        "t": 1
      }
    ]
  },
  {
    "id": 6741,
    "q": "أهمِّيَّةُ عِلمِ الصَّرفِ:",
    "level": 2,
    "link": "https://dorar.net/arabia/862",
    "section": "al-srf",
    "answers": [
      {
        "answer": "بِه نَعرِفُ أصلَ الكَلِمةِ مِن زَوائِدِها",
        "t": 1
      },
      {
        "answer": "استِقراءُ لُغةِ العَربِ ومَعرِفَة المُعرَّب مِن الأَصيلِ",
        "t": 0
      },
      {
        "answer": "يُتوَصَّلُ به إلى التَّمِييزِ بين الاسمِ والفِعلِ والحَرفِ، والعَلاماتِ الدَّالةِ على كلِّ مِنهُم",
        "t": 0
      }
    ]
  },
  {
    "id": 6750,
    "q": "وَزنُ الفِعْلِ (افْعَوْعَل) يُفيدُ:",
    "level": 2,
    "link": "https://dorar.net/arabia/1046",
    "section": "al-srf",
    "answers": [
      {
        "answer": "اليَقِين والجَزْم",
        "t": 0
      },
      {
        "answer": "التَّوكيد",
        "t": 0
      },
      {
        "answer": "المُبالَغَة والكَثرَة",
        "t": 1
      }
    ]
  },
  {
    "id": 6757,
    "q": "(ما أحْسَنَه): نقولُ في تَصغيرِها:",
    "level": 2,
    "link": "https://dorar.net/arabia/1243",
    "section": "al-srf",
    "answers": [
      {
        "answer": "ما مُحَيْسِنَه",
        "t": 0
      },
      {
        "answer": "ما حُسَيْسَنُه",
        "t": 0
      },
      {
        "answer": "ما أُحَيْسِنَه",
        "t": 1
      }
    ]
  },
  {
    "id": 6754,
    "q": "سُمِّي جَمْعُ التَّكسيرِ بذلك؛ لأنَّ:",
    "level": 2,
    "link": "https://dorar.net/arabia/1164",
    "section": "al-srf",
    "answers": [
      {
        "answer": "الكَسرَةَ فيه لازِمَةٌ",
        "t": 0
      },
      {
        "answer": " أَغلَبَ الجَمْعِ مِنه يكونُ جَمْعَ قِلَّة",
        "t": 0
      },
      {
        "answer": "المُفْرَدَ فيه يُغيَّرُ عمَّا كان عَليه",
        "t": 1
      }
    ]
  },
  {
    "id": 6759,
    "q": "من صِيغ المُبالَغةِ القِياسيَّة مِنِ اسمِ الفاعِلِ",
    "level": 2,
    "link": "https://dorar.net/arabia/1139",
    "section": "al-srf",
    "answers": [
      {
        "answer": "فَعَّال",
        "t": 1
      },
      {
        "answer": "فَعْلُول",
        "t": 0
      },
      {
        "answer": "فَعَايِل",
        "t": 0
      }
    ]
  }
]