[
  {
    "id": 6765,
    "q": "مِن أَوزانِ الفِعْلِ المَزِيدِ الثُّلاثيِّ:",
    "level": 3,
    "link": "https://dorar.net/arabia/1046",
    "section": "al-srf",
    "answers": [
      {
        "answer": "فَعُول",
        "t": 0
      },
      {
        "answer": "أَفعَل",
        "t": 1
      },
      {
        "answer": "مِفْعال",
        "t": 0
      }
    ]
  },
  {
    "id": 6767,
    "q": "كَيفيَّةُ بِناءِ الفِعْلِ للمَفْعولِ من الفِعلُ الماضي:",
    "level": 3,
    "link": "https://dorar.net/arabia/1059",
    "section": "al-srf",
    "answers": [
      {
        "answer": "ضَمُّ الأوَّلِ وكَسْرُ ما قَبْلَ الآخِرِ",
        "t": 1
      },
      {
        "answer": "كَسْرُ الأوَّلِ وفَتْحُ ما قَبْلَ الآخِرِ",
        "t": 0
      },
      {
        "answer": "فَتْحُ الأوَّلِ وضَمُّ ما قَبْلَ الآخِرِ",
        "t": 0
      }
    ]
  },
  {
    "id": 6770,
    "q": "يأتي اسمُ الفاعِلِ مِنَ الثُّلاثيِّ وغيرِ الثُّلاثيِّ بِشَرطِ أنْ يكونَ",
    "level": 3,
    "link": "https://dorar.net/arabia/1131",
    "section": "al-srf",
    "answers": [
      {
        "answer": "ساكن الوسط",
        "t": 0
      },
      {
        "answer": "مَبنيًّا للمَعْلومِ",
        "t": 1
      },
      {
        "answer": "اسما مشتقا",
        "t": 0
      }
    ]
  },
  {
    "id": 6779,
    "q": "يجوزُ في جَمعِ (مُنْطَلِق): مَطالِق، و: ",
    "level": 3,
    "link": "https://dorar.net/arabia/1228",
    "section": "al-srf",
    "answers": [
      {
        "answer": "مُنطالِيق",
        "t": 0
      },
      {
        "answer": "مَطالِيق",
        "t": 1
      },
      {
        "answer": "طَوالِيق",
        "t": 0
      }
    ]
  },
  {
    "id": 6766,
    "q": "الفِعْلُ (تَدَحْرَج) من صِيَغِ مَزِيدِ الرُّباعيِّ، على وَزن:",
    "level": 3,
    "link": "https://dorar.net/arabia/1048",
    "section": "al-srf",
    "answers": [
      {
        "answer": "تَمَفْعَل",
        "t": 0
      },
      {
        "answer": "تَفَعَّل",
        "t": 0
      },
      {
        "answer": "تَفَعْلَل",
        "t": 1
      }
    ]
  },
  {
    "id": 6762,
    "q": "تعريفُ الميزانِ الصَّرفيِّ",
    "level": 3,
    "link": "https://dorar.net/arabia/865",
    "section": "al-srf",
    "answers": [
      {
        "answer": "تَجرِيدُ الأَفعالِ عن الزَّوائِدِ المُلحَقَةِ بها ورَدُّها إلى جِذْرِها اللُّغوِيِّ",
        "t": 0
      },
      {
        "answer": "مِقياسٌ وَضَعَه عُلَماءُ العَرَبِ لمَعرِفةِ أحوالِ بِنْيةِ الكَلِمةِ",
        "t": 1
      },
      {
        "answer": "مِيزانٌ للكَلِماتِ يَزِنُ مُطابَقَةَ الكَلامِ لمُقتَضَى الحالِ",
        "t": 0
      }
    ]
  },
  {
    "id": 6763,
    "q": "الفِعلُ المُعتَلُّ اللَّفيفُ هو:",
    "level": 3,
    "link": "https://dorar.net/arabia/1024",
    "section": "al-srf",
    "answers": [
      {
        "answer": "كلُّ فِعلٍ دَلَّ على معنًى مُجَرَّدٍ مِنَ الزَّمانِ",
        "t": 0
      },
      {
        "answer": "ما اختَلَفَت بِنْيَتُه لَفْظًا ومَعْنًى",
        "t": 0
      },
      {
        "answer": "كُلُّ فِعلٍ اجتَمَع فيه حَرْفا عِلَّةٍ",
        "t": 1
      }
    ]
  },
  {
    "id": 6771,
    "q": "اسمُ الفاعِلِ مِن المُعتَل الآخِرِ النَّاقص يكونُ:",
    "level": 3,
    "link": "https://dorar.net/arabia/1133",
    "section": "al-srf",
    "answers": [
      {
        "answer": "مَمدُودًا",
        "t": 0
      },
      {
        "answer": "مَنقوصًا",
        "t": 1
      },
      {
        "answer": "مَبْنِيًّا لِمَا لمْ يُسَمَّ فاعِلُه",
        "t": 0
      }
    ]
  },
  {
    "id": 6772,
    "q": "الصِّفةُ المُشَبَّهةُ باسمِ الفاعِلِ:",
    "level": 3,
    "link": "https://dorar.net/arabia/640",
    "section": "al-srf",
    "answers": [
      {
        "answer": "تُشتَقُّ مِن المَصدَرِ الثُّلاثِيِّ المُجرَّدِ مِن جَميعِ الزِّياداتِ وحُروفِ العِلَّة",
        "t": 0
      },
      {
        "answer": "تُشتَقُّ مِن اسمِ الفاعِلِ مِن المُضارِع المُثبَت",
        "t": 0
      },
      {
        "answer": "تُشتَقُّ مِن مَصدَرِ الفِعلِ اللَّازم لِمَنْ قام بِه على مَعنى الثُّبوتِ",
        "t": 1
      }
    ]
  },
  {
    "id": 6776,
    "q": "الفَرْقُ بينَ جَمْعِ التَّكسيرِ وجُمُوعِ التَّصحيحِ:",
    "level": 3,
    "link": "https://dorar.net/arabia/1164",
    "section": "al-srf",
    "answers": [
      {
        "answer": "أنَّ جَمعَ التَّصحيحِ يُعرَبُ بالحُروفِ، وجمْعُ التَّكسيرِ بالحَرَكاتِ",
        "t": 1
      },
      {
        "answer": "أنَّ جَمعَ التَّصحيحِ يُشتَقُّ مِن الفِعلِ الصَّحيحِ، وجَمعَ التَّكسيرِ يُشتَقُّ مِن المُعتَلِّ",
        "t": 0
      },
      {
        "answer": "أنَّ جَمعَ التَّصحيحِ يُشترَطُ فيه أن يُسبَق بحركةٍ من جِنسِه، أمَّا جَمعُ التَّكسيرِ فلا",
        "t": 0
      }
    ]
  },
  {
    "id": 6780,
    "q": "لا بُدَّ في أيِّ تَصغيرٍ مِن:",
    "level": 3,
    "link": "https://dorar.net/arabia/1247",
    "section": "al-srf",
    "answers": [
      {
        "answer": "ضَمِّ الحرْفِ الأوَّلِ وكَسرِ الثَّاني وفَتحِ الثَّالثِ مع تَشدِيدِه",
        "t": 0
      },
      {
        "answer": "كَسرِ الحرْفِ الأوَّلِ وفتْحِ الحرْفِ الثَّاني وزِيادَةِ نُونٍ في آخِرِه",
        "t": 0
      },
      {
        "answer": "ضَمِّ الحرْفِ الأوَّلِ وفتْحِ الحرْفِ الثَّاني، واجْتلابِ ياءٍ ساكِنةٍ",
        "t": 1
      }
    ]
  },
  {
    "id": 6778,
    "q": "المَصادرُ الَّذي أوَّلُه هَمْزةُ وصْلٍ يَلْزَمُ حذْفُ هَمزتِه في:",
    "level": 3,
    "link": "https://dorar.net/arabia/1228",
    "section": "al-srf",
    "answers": [
      {
        "answer": "التَّثْنِيَةِ والجَمعِ",
        "t": 0
      },
      {
        "answer": "التَّصغيرِ والتَّكسيرِ",
        "t": 1
      },
      {
        "answer": "التَّعريفِ والتَّنكيرِ",
        "t": 0
      }
    ]
  },
  {
    "id": 6769,
    "q": "المَصدَرُ المِيمِيُّ هو:",
    "level": 3,
    "link": "https://dorar.net/arabia/1126",
    "section": "al-srf",
    "answers": [
      {
        "answer": "الفِعلُ المُعتَلُّ الذي بَدأَ بمِيمٍ زائِدَةٍ",
        "t": 0
      },
      {
        "answer": "هو مَصدَرٌ في أوَّلِه مِيمٌ زائدةٌ على الأصْلِ لغيرِ المُفاعَلَةِ",
        "t": 1
      },
      {
        "answer": "كلُّ مَصدَرٍ كانت مِيمُه أَصلِيَّةً",
        "t": 0
      }
    ]
  },
  {
    "id": 6761,
    "q": "أوَّلُ مَن وضَعَ عِلمَ الصَّرفِ هو:",
    "level": 3,
    "link": "https://dorar.net/arabia/862",
    "section": "al-srf",
    "answers": [
      {
        "answer": "ابنُ آجُرُّوم",
        "t": 0
      },
      {
        "answer": "مُعاذُ بنُ مُسلِمٍ الهرَّاءُ",
        "t": 1
      },
      {
        "answer": "الإمامُ الكِسائِي",
        "t": 0
      }
    ]
  },
  {
    "id": 6775,
    "q": "اسمُ الآلَةِ",
    "level": 3,
    "link": "https://dorar.net/arabia/1161",
    "section": "al-srf",
    "answers": [
      {
        "answer": "اسمٌ مَصُوغٌ مِن مَصدَرٍ ثُلاثيٍّ لِما وقَع الفِعلُ بوَساطتِه",
        "t": 1
      },
      {
        "answer": "المُؤوَّل الذي يُؤوَّلُ من الأحْرف المصدرية",
        "t": 0
      },
      {
        "answer": "كل اسم يُؤوَّلُ بمَصدر من لفظه",
        "t": 0
      }
    ]
  },
  {
    "id": 6773,
    "q": "اسمُ المَفْعولِ هو:",
    "level": 3,
    "link": "https://dorar.net/arabia/1144",
    "section": "al-srf",
    "answers": [
      {
        "answer": "مَصدَرٌ في أوَّله مِيمٌ زائدَةٌ على الأَصلِ لغيرِ المُفاعَلةِ",
        "t": 0
      },
      {
        "answer": "ما اشْتُقَّ مِن مَصدَرِ المَبْنيِّ للمَجْهولِ لِمَنْ وَقَع عليه الفِعلُ",
        "t": 1
      },
      {
        "answer": "اسمٌ مُشتَقٌّ صِيغَ للدَّلالَةِ على وُقوعِ الحَدَثِ مُجرَّدًا مِن الزَّمانِ",
        "t": 0
      }
    ]
  },
  {
    "id": 6774,
    "q": "مِن شُروطِ اسمِ التَّفْضيلِ المُعرَّف بـ(أل):",
    "level": 3,
    "link": "https://dorar.net/arabia/1157",
    "section": "al-srf",
    "answers": [
      {
        "answer": "أنْ يكونَ قابِلًا للتَّصغِيرِ",
        "t": 0
      },
      {
        "answer": "أن يُطابِقَ ما قَبْلَه في الإفْرادِ والتَّذْكيرِ",
        "t": 1
      },
      {
        "answer": "أن يكونَ  مِن الفِعلِ الرُّباعِيِّ",
        "t": 0
      }
    ]
  },
  {
    "id": 6768,
    "q": "يُشتَقُّ فِعْلُ الأمرِ مِن صِيغةِ الفِعلِ:",
    "level": 3,
    "link": "https://dorar.net/arabia/1102",
    "section": "al-srf",
    "answers": [
      {
        "answer": "المُجَرَّدِ",
        "t": 0
      },
      {
        "answer": "الثُّلاثِي",
        "t": 0
      },
      {
        "answer": "المُضارِعِ",
        "t": 1
      }
    ]
  },
  {
    "id": 6764,
    "q": "الفِعلُ تامُّ التصَرُّفِ هو:",
    "level": 3,
    "link": "https://dorar.net/arabia/1031",
    "section": "al-srf",
    "answers": [
      {
        "answer": "ما يأتي مِنه الماضي والمُضارِعُ والأمْرُ",
        "t": 1
      },
      {
        "answer": "الفِعلُ الذي يَقبَلُ الرَّفْعَ والنَّصْبَ والجَزْمَ",
        "t": 0
      },
      {
        "answer": "كلُّ فِعْلٍ تُمِّمَت بهِ الجُملَةُ الفِعلِيَّةُ المُركَّبَةُ",
        "t": 0
      }
    ]
  },
  {
    "id": 6777,
    "q": "(أَفْعُل وأفْعَال وأفْعِلَة وفِعْلَة) أَوزانُ:",
    "level": 3,
    "link": "https://dorar.net/arabia/1167",
    "section": "al-srf",
    "answers": [
      {
        "answer": "جُموعُ القِلَّةِ",
        "t": 1
      },
      {
        "answer": "جُموعِ التَّكسيرِ",
        "t": 0
      },
      {
        "answer": "جُموعِ الكَثرةِ",
        "t": 0
      }
    ]
  }
]