[
  {
    "id": 948,
    "q": "قولُه: {قَالَ الَّذِينَ أُوتُوا الْعِلْمَ إِنَّ الْخِزْيَ الْيَوْمَ وَالسُّوءَ عَلَى الْكَافِرِينَ} إيرادُ الظرف (اليومَ):",
    "level": 3,
    "link": "https://dorar.net/tafseer/16/5",
    "section": "an-nahl",
    "answers": [
      {
        "answer": "للإشعارِ بأنَّ التوبةَ معروضةٌ في الدُّنيا حتى المماتِ",
        "t": 0
      },
      {
        "answer": "للإشعارِ بتحقُّقِ وقوعِ ذلك اليومِ لا محالةَ",
        "t": 0
      },
      {
        "answer": "للإشعارِ بأنَّهم كانوا قبلَ ذلك في عزَّةٍ وشقاقٍ",
        "t": 1
      }
    ]
  },
  {
    "id": 951,
    "q": "جملةُ {يَقُولُونَ سَلَامٌ عَلَيْكُمْ} المَقصُود بالسَّلام هُنا:",
    "level": 3,
    "link": "https://dorar.net/tafseer/16/6",
    "section": "an-nahl",
    "answers": [
      {
        "answer": "سَلامُ حالٍ",
        "t": 0
      },
      {
        "answer": "سَلامُ تَأنِيسٍ وإكرامٍ",
        "t": 1
      },
      {
        "answer": "سَلامٌ مِن العيوبِ",
        "t": 0
      }
    ]
  },
  {
    "id": 959,
    "q": "قوله تعالى: {إِنَّ إِبْرَاهِيمَ كَانَ أُمَّةً} أي:",
    "level": 3,
    "link": "https://dorar.net/tafseer/16/26",
    "section": "an-nahl",
    "answers": [
      {
        "answer": "إنَّ إبراهيمَ لم يكنْ على ظهرِ الأرضِ مسلمٌ غيرُه",
        "t": 0
      },
      {
        "answer": "إنَّ إبراهيمَ كان أبًا للأنْبياءِ",
        "t": 0
      },
      {
        "answer": "إنَّ إبراهيمَ كان معلِّمًا جامعًا لخصالِ الخيرِ، يُقتَدى به",
        "t": 1
      }
    ]
  },
  {
    "id": 943,
    "q": "قولُ اللهِ تعالى: {يُنْبِتُ لَكُمْ بِهِ الزَّرْعَ وَالزَّيْتُونَ وَالنَّخِيلَ وَالْأَعْنَابَ وَمِنْ كُلِّ الثَّمَرَاتِ}، أتى بلفظِ (مِن) التي للتبعيضِ؛ لأنَّ:",
    "level": 3,
    "link": "https://dorar.net/tafseer/16/3",
    "section": "an-nahl",
    "answers": [
      {
        "answer": "كلَّ الثمراتِ لا تكونُ إلا في الجنةِ، وإنَّما أُنبِت في الأرضِ بعضٌ من كلِّها للتذكرةِ",
        "t": 1
      },
      {
        "answer": "الناسَ تختلِفُ شهواتُهم في الأكْلِ",
        "t": 0
      },
      {
        "answer": "الناسَ لا ينتفعونَ بكلِّ الثمراتِ",
        "t": 0
      }
    ]
  },
  {
    "id": 944,
    "q": "قولُ اللهِ تعالى: {وَتَسْتَخْرِجُوا مِنْهُ حِلْيَةً تَلْبَسُونَهَا} فيه دليلٌ على:",
    "level": 3,
    "link": "https://dorar.net/tafseer/16/3",
    "section": "an-nahl",
    "answers": [
      {
        "answer": "أنَّ التَّزيُّن بالحُلي مُباحٌ للنِّساء مُحرَّم على الرِّجال",
        "t": 0
      },
      {
        "answer": "إباحةِ لُبسِ النساءِ والرجالِ حليةَ البحرِ من الجواهِرِ ونحوِها",
        "t": 1
      },
      {
        "answer": "الحثِّ على السَّعيِ لاستخراجِ ما في باطِنِ البحرِ",
        "t": 0
      }
    ]
  },
  {
    "id": 958,
    "q": "قُدِّمَ الأمنُ على الطُّمأنينةِ في قولِه: {آمِنَةً مُطْمَئِنَّةً}:",
    "level": 3,
    "link": "https://dorar.net/tafseer/16/25",
    "section": "an-nahl",
    "answers": [
      {
        "answer": "للتَّخصِيص والحَصر",
        "t": 0
      },
      {
        "answer": "لمُراعاةِ فَواصِل الآياتِ",
        "t": 0
      },
      {
        "answer": "إذ لا تحصُلُ الطمأنينةُ بدونِه",
        "t": 1
      }
    ]
  },
  {
    "id": 950,
    "q": "في قولِه تعالى: {الَّذِينَ تَتَوَفَّاهُمُ الْمَلَائِكَةُ طَيِّبِينَ يَقُولُونَ سَلَامٌ عَلَيْكُمُ ادْخُلُوا الْجَنَّةَ بِمَا كُنْتُمْ تَعْمَلُونَ} دليلٌ على:",
    "level": 3,
    "link": "https://dorar.net/tafseer/16/6",
    "section": "an-nahl",
    "answers": [
      {
        "answer": "نَعيمِ القَبرِ",
        "t": 1
      },
      {
        "answer": "حِسابِ القَبرِ",
        "t": 0
      },
      {
        "answer": "عَذاب القَبرِ",
        "t": 0
      }
    ]
  },
  {
    "id": 945,
    "q": "في قولِه: {وَاللَّهُ يَعْلَمُ مَا تُسِرُّونَ وَمَا تُعْلِنُونَ}:",
    "level": 3,
    "link": "https://dorar.net/tafseer/16/4",
    "section": "an-nahl",
    "answers": [
      {
        "answer": "تَنبِيه إلى التَّقوَى",
        "t": 0
      },
      {
        "answer": "تعريضٌ بالتهديدِ والوعيدِ",
        "t": 1
      },
      {
        "answer": "إثباتٌ لاسمِ الله العِليم",
        "t": 0
      }
    ]
  },
  {
    "id": 956,
    "q": "قولُه: {ثُمَّ لَا يُؤْذَنُ لِلَّذِينَ كَفَرُوا} أي:",
    "level": 3,
    "link": "https://dorar.net/tafseer/16/19",
    "section": "an-nahl",
    "answers": [
      {
        "answer": "ثم لا يُعْطى الإذنَ للذين كَفروا للاعتذارِ إلى اللهِ من كُفرِهم",
        "t": 1
      },
      {
        "answer": "ثم لا يؤذَنُ للكافرينِ بالتوْبةِ",
        "t": 0
      },
      {
        "answer": "ثم لا يؤذَنُ للكافرينَ بدخولِ الجنَّةِ",
        "t": 0
      }
    ]
  },
  {
    "id": 946,
    "q": "قولُه: {أَمْوَاتٌ غَيْرُ أَحْيَاءٍ وَمَا يَشْعُرُونَ أَيَّانَ يُبْعَثُونَ}، جملةُ (غيرُ أحياءٍ) تأكيدٌ لمضمونِ جملةِ (أمواتٌ)؛ للدلالةِ على:",
    "level": 3,
    "link": "https://dorar.net/tafseer/16/4",
    "section": "an-nahl",
    "answers": [
      {
        "answer": "تقريعِ الكفارِ بأنَّهم يَعبُدونَ الأمواتَ",
        "t": 0
      },
      {
        "answer": "وصفَ الموتَ فيهم بأنه ليس فيهم شائبةُ حياةٍ؛ لأنَّهم حجارةٌ",
        "t": 1
      },
      {
        "answer": "أنَّ الأصنامَ ميتةٌ في الأصلِ، ولم يكنْ لها في يومٍ من الأيامِ عراقةٌ",
        "t": 0
      }
    ]
  },
  {
    "id": 947,
    "q": "قوله تعالى: {إِلَهُكُمْ إِلَهٌ وَاحِدٌ} هذا الخطابُ موجَّهٌ:",
    "level": 3,
    "link": "https://dorar.net/tafseer/16/4",
    "section": "an-nahl",
    "answers": [
      {
        "answer": "لكلِّ الناسِ",
        "t": 1
      },
      {
        "answer": "للكفارِ",
        "t": 0
      },
      {
        "answer": "للمؤمنينَ",
        "t": 0
      }
    ]
  },
  {
    "id": 960,
    "q": "قولُه: {الَّذِينَ اتَّقَوْا وَالَّذِينَ هُمْ مُحْسِنُونَ} فيه تقديمُ التَّقوى على الإحسانِ؛ لأنَّ:",
    "level": 3,
    "link": "https://dorar.net/tafseer/16/27#tt18",
    "section": "an-nahl",
    "answers": [
      {
        "answer": "الإحسانَ أعمُّ من التَّقوى",
        "t": 0
      },
      {
        "answer": "تحقيقَ التَّقوى أسهلُ من تحقيقِ الإحسانِ",
        "t": 0
      },
      {
        "answer": "التخليةَ متقدمةٌ على التحليةِ",
        "t": 1
      }
    ]
  },
  {
    "id": 955,
    "q": "قولُه: {ضَرَبَ اللَّهُ مَثَلًا عَبْدًا مَمْلُوكًا..} فائدةُ ذِكرِه (مملوكًا) بعد قولِه: (عبدًا):",
    "level": 3,
    "link": "https://dorar.net/tafseer/16/17#tt18",
    "section": "an-nahl",
    "answers": [
      {
        "answer": "الاحترازُ عن الحرِّ فإنَّه عبدٌ للهِ تعالى، وليس مملوكًا لغيرِه",
        "t": 1
      },
      {
        "answer": "لتَحقيرِ حالةِ المَملُوكِيَّة",
        "t": 0
      },
      {
        "answer": "للدَّلالةِ على انغِماسِه في الرِّقِّ ورِضاه بِه",
        "t": 0
      }
    ]
  },
  {
    "id": 949,
    "q": "لم يُعبَّرْ عن جهنَّمَ بالدارِ كما عبَّرَ عن الجنَّةِ في قولِه تعالى: {وَلَنِعْمَ دَارُ الْمُتَّقِينَ}:",
    "level": 3,
    "link": "https://dorar.net/tafseer/16/5",
    "section": "an-nahl",
    "answers": [
      {
        "answer": "لتَميِيز فَريقِ المُؤمِنين",
        "t": 0
      },
      {
        "answer": "لأنَّهم يتقلَّبونَ فيها ولا يَستقِرونَ",
        "t": 0
      },
      {
        "answer": "تحقيرًا لهم",
        "t": 1
      }
    ]
  },
  {
    "id": 941,
    "q": "في قوله تعالى: {أَنْ أَنْذِرُوا أَنَّهُ لَا إِلَهَ إِلَّا أَنَا فَاتَّقُونِ} خطابٌ على طريقةِ:",
    "level": 3,
    "link": "https://dorar.net/tafseer/16/1#tt7",
    "section": "an-nahl",
    "answers": [
      {
        "answer": "العطفِ",
        "t": 0
      },
      {
        "answer": "الالتفاتِ",
        "t": 1
      },
      {
        "answer": "التعقيبِ",
        "t": 0
      }
    ]
  },
  {
    "id": 957,
    "q": "أتى رسولَ اللهِ ﷺ فقال له: يا رسولَ اللهِ؛ ما تُرِكتُ حتى نلتُ منكَ، وذكَرتُ آلهتَهم بخيرٍ، قال: (كيف تجِدُ قلبَكَ؟) قال: مطمئنًا بالإيمانِ). ذلك هو:",
    "level": 3,
    "link": "https://dorar.net/tafseer/16/24#tt18",
    "section": "an-nahl",
    "answers": [
      {
        "answer": "عمَّارُ بنُ ياسرٍ رضيَ اللهُ عنه",
        "t": 1
      },
      {
        "answer": "بلالٌ رضيَ اللهُ عنه",
        "t": 0
      },
      {
        "answer": "صُهيبٌ رضيَ اللهُ عنه",
        "t": 0
      }
    ]
  },
  {
    "id": 952,
    "q": "ضميرُ (نحن) في قولهم: {مَا عَبَدْنَا مِنْ دُونِهِ مِنْ شَيْءٍ نَحْنُ وَلَا آبَاؤُنَا}:",
    "level": 3,
    "link": "https://dorar.net/tafseer/16/8#tt7",
    "section": "an-nahl",
    "answers": [
      {
        "answer": "إِشارَة إلى عِبادتِهم الزَّائِفَة",
        "t": 0
      },
      {
        "answer": "للدلالةِ على أنَّهم مُصرونَ على باطلِهم",
        "t": 0
      },
      {
        "answer": "تأكيدٌ للضميرِ المتصِلِ في (عَبَدْنَا)",
        "t": 1
      }
    ]
  },
  {
    "id": 953,
    "q": "قولُه: {أَفَغَيْرَ اللَّهِ تَتَّقُونَ} استفهامٌ تضمنَ:",
    "level": 3,
    "link": "https://dorar.net/tafseer/16/12",
    "section": "an-nahl",
    "answers": [
      {
        "answer": "التوبيخَ والتعجبَ",
        "t": 1
      },
      {
        "answer": "النَّفيَ والإِنكارَ",
        "t": 0
      },
      {
        "answer": "التَّأكيدَ",
        "t": 0
      }
    ]
  },
  {
    "id": 942,
    "q": "قوله تعالى: {وَمِنْهُ شَجَرٌ فِيهِ تُسِيمُونَ} مَعنى (تُسِيمُونَ):",
    "level": 3,
    "link": "https://dorar.net/tafseer/16/3",
    "section": "an-nahl",
    "answers": [
      {
        "answer": "تَأكُلون مِنه ثَمَرًا",
        "t": 0
      },
      {
        "answer": "تُوقِدُون نارًا",
        "t": 0
      },
      {
        "answer": "تَرعَوْنَ أنعامَكم",
        "t": 1
      }
    ]
  },
  {
    "id": 954,
    "q": "في قوله تعالى: {تَاللَّهِ لَتُسْأَلُنَّ عَمَّا كُنْتُمْ تَفْتَرُونَ} صَرْف الكلام:",
    "level": 3,
    "link": "https://dorar.net/tafseer/16/13",
    "section": "an-nahl",
    "answers": [
      {
        "answer": "مِن الغَيْبة إلى الخطابِ",
        "t": 1
      },
      {
        "answer": "مِن الخَطابِ إلى الضَّمِير",
        "t": 0
      },
      {
        "answer": "مِن الضَّميرِ إلى الغَيْبَة",
        "t": 0
      }
    ]
  }
]