[
  {
    "id": 934,
    "q": "معنى (داخِرون):",
    "level": 2,
    "link": "https://dorar.net/tafseer/16/12",
    "section": "an-nahl",
    "answers": [
      {
        "answer": "أَذِلَّاءُ صاغرونَ",
        "t": 1
      },
      {
        "answer": "مُوقِنونَ",
        "t": 0
      },
      {
        "answer": "فَرِحون مَسرُورُون",
        "t": 0
      }
    ]
  },
  {
    "id": 931,
    "q": "قولُ اللهِ تعالى: {إِنْ تَحْرِصْ عَلَى هُدَاهُمْ فَإِنَّ اللَّهَ لَا يَهْدِي مَنْ يُضِلُّ} فيه ردٌّ على:",
    "level": 2,
    "link": "https://dorar.net/tafseer/16/8",
    "section": "an-nahl",
    "answers": [
      {
        "answer": "القَدَريةِ",
        "t": 1
      },
      {
        "answer": "الجَهميةِ",
        "t": 0
      },
      {
        "answer": "الرافِضةِ",
        "t": 0
      }
    ]
  },
  {
    "id": 939,
    "q": "قولُه تعالى: {إِنَّمَا سُلْطَانُهُ عَلَى الَّذِينَ يَتَوَلَّوْنَهُ وَالَّذِينَ هُمْ بِهِ مُشْرِكُونَ} جملةٌ:",
    "level": 2,
    "link": "https://dorar.net/tafseer/16/22#tt18",
    "section": "an-nahl",
    "answers": [
      {
        "answer": "إنشَائِيَّة",
        "t": 0
      },
      {
        "answer": "مُستأنَفَة",
        "t": 1
      },
      {
        "answer": "حالِية",
        "t": 0
      }
    ]
  },
  {
    "id": 936,
    "q": "قال رسولُ اللهِ ﷺ: (إذا أرادَ اللهُ بقومٍ عذابًا أصابَ العذابُ مَن كان فيهم، ثم:",
    "level": 2,
    "link": "https://dorar.net/tafseer/16/14",
    "section": "an-nahl",
    "answers": [
      {
        "answer": "يُنجِّي اللهُ الذين آمنُوا",
        "t": 0
      },
      {
        "answer": "حاسَبَهم يومَ القيامةِ",
        "t": 0
      },
      {
        "answer": "بُعِثوا على أعْمالِهم",
        "t": 1
      }
    ]
  },
  {
    "id": 933,
    "q": "ما معنى (الزُّبُر) في قوله تعالى: {بِالْبَيِّنَاتِ وَالزُّبُرِ}:",
    "level": 2,
    "link": "https://dorar.net/tafseer/16/11",
    "section": "an-nahl",
    "answers": [
      {
        "answer": "البيِّناتِ الواضحةِ",
        "t": 0
      },
      {
        "answer": "المُعجِزات",
        "t": 0
      },
      {
        "answer": "الكتُبِ",
        "t": 1
      }
    ]
  },
  {
    "id": 932,
    "q": "قوله: {الَّذِينَ صَبَرُوا وَعَلَى رَبِّهِمْ يَتَوَكَّلُونَ} المقصودُ هم:",
    "level": 2,
    "link": "https://dorar.net/tafseer/16/10",
    "section": "an-nahl",
    "answers": [
      {
        "answer": "الأنصارُ",
        "t": 0
      },
      {
        "answer": "مَن صبَر من المسلمينَ",
        "t": 0
      },
      {
        "answer": "المُهاجِرونَ",
        "t": 1
      }
    ]
  },
  {
    "id": 940,
    "q": "رُوحُ القُدسِ هو:",
    "level": 2,
    "link": "https://dorar.net/tafseer/16/23",
    "section": "an-nahl",
    "answers": [
      {
        "answer": "إسرافيلُ عليه السلامُ",
        "t": 0
      },
      {
        "answer": "جبريلُ عليه السلامُ",
        "t": 1
      },
      {
        "answer": "ملَكُ الموتِ عليه السلامُ",
        "t": 0
      }
    ]
  },
  {
    "id": 938,
    "q": "قولُه: {وَاللَّهُ جَعَلَ لَكُمْ مِنْ بُيُوتِكُمْ سَكَنًا}: فيه تقديمُ (لَكُمْ):",
    "level": 2,
    "link": "https://dorar.net/tafseer/16/18#tt18",
    "section": "an-nahl",
    "answers": [
      {
        "answer": "للإيذانِ بأنَّه لمصلحتِهم ومنفعتِهم ولتشويقِ النفْسِ إلى وُرودِه",
        "t": 1
      },
      {
        "answer": "للدَّلالةِ على التَّخصيصِ الحاصِل مِن الحَصرِ بالتَّقديمِ والتَّأخيرِ",
        "t": 0
      },
      {
        "answer": "لمُراعاةِ النَّظْمِ البَياني",
        "t": 0
      }
    ]
  },
  {
    "id": 924,
    "q": "قولُه تعالى: {وَالْخَيْلَ وَالْبِغَالَ وَالْحَمِيرَ لِتَرْكَبُوهَا وَزِينَةً وَيَخْلُقُ مَا لَا تَعْلَمُونَ}،\nاقتصَرَ على ذِكر الركوبِ؛",
    "level": 2,
    "link": "https://dorar.net/tafseer/16/2",
    "section": "an-nahl",
    "answers": [
      {
        "answer": "لأنَّه أعظمُ منافِعِها",
        "t": 1
      },
      {
        "answer": "لأنَّها ليسَت لها مَنفعةٌ إلَّا ذلك",
        "t": 0
      },
      {
        "answer": "لإظهارِ نِعمَةِ الله في تَسخِيرها",
        "t": 0
      }
    ]
  },
  {
    "id": 921,
    "q": "في قولِه تعالى: {خَلَقَ الْإِنْسَانَ مِنْ نُطْفَةٍ فَإِذَا هُوَ خَصِيمٌ مُبِينٌ} دليلٌ على أن التكبُّرَ متولِّدٌ في الإنسانِ من:",
    "level": 2,
    "link": "https://dorar.net/tafseer/16/1#tt7",
    "section": "an-nahl",
    "answers": [
      {
        "answer": "قلةِ معرفتِه بنفْسِه، وفكرِه فيما خُلِقَ منه",
        "t": 1
      },
      {
        "answer": "النَّفسِ الأمَّارةِ بالسُّوءِ",
        "t": 0
      },
      {
        "answer": "الشيطانِ الذي يغْويه ويجعلُه فَخُورًا بنَفسِه",
        "t": 0
      }
    ]
  },
  {
    "id": 937,
    "q": "قولُه: {وَاللَّهُ خَلَقَكُمْ ثُمَّ يَتَوَفَّاكُمْ}، فيه ابتداءُ الجملة باسم الجلالةِ؛ :",
    "level": 2,
    "link": "https://dorar.net/tafseer/16/16",
    "section": "an-nahl",
    "answers": [
      {
        "answer": "لأنَّ الجُملةَ الإسمِيَّة أقوَى الجُمَل",
        "t": 0
      },
      {
        "answer": "لأنَّ دلالةَ الاسمِ العَلَم أوضَحُ وأصرحُ",
        "t": 1
      },
      {
        "answer": "لتَربيَةِ المَهابَةِ في النُّفُوس",
        "t": 0
      }
    ]
  },
  {
    "id": 929,
    "q": "قولُه: {قُلُوبُهُمْ مُنْكِرَةٌ}، أي:",
    "level": 2,
    "link": "https://dorar.net/tafseer/16/4",
    "section": "an-nahl",
    "answers": [
      {
        "answer": "قلوبُهم مُغْلقةٌ",
        "t": 0
      },
      {
        "answer": "جاحِدةٌ بما هو واقعٌ",
        "t": 1
      },
      {
        "answer": "قلوبُهم مَطمُوسٌ عليها",
        "t": 0
      }
    ]
  },
  {
    "id": 927,
    "q": "معنى {أَمْوَاتٌ غَيْرُ أَحْيَاءٍ} في قوله: {أَمْوَاتٌ غَيْرُ أَحْيَاءٍ وَمَا يَشْعُرُونَ أَيَّانَ يُبْعَثُونَ}:",
    "level": 2,
    "link": "https://dorar.net/tafseer/16/4",
    "section": "an-nahl",
    "answers": [
      {
        "answer": "أنَّ قُلوبَ الكافِرينَ ماتتْ وهُم ما زالوا أَحياءَ فلا يَعقِلونَ",
        "t": 0
      },
      {
        "answer": "أنَّ الأصنامَ التي يعبُدها المشركونَ جماداتٌ لا أرواحَ فيها، فلا تسمَعُ ولا تُبصرُ ولا تعقِلُ شيئًا، فكيف تُتخَذُ هذه آلهةً؟!",
        "t": 1
      },
      {
        "answer": "أنَّ الكفَّارَ مهْما تمتَّعوا بالدُّنيا فَهُم في حُكم الأمواتِ وغيرِ الأحْياءِ",
        "t": 0
      }
    ]
  },
  {
    "id": 926,
    "q": "تقديمُ الجارِّ والضميرِ في قوله: {وَبِالنَّجْمِ هُمْ يَهْتَدُونَ}:",
    "level": 2,
    "link": "https://dorar.net/tafseer/16/3",
    "section": "an-nahl",
    "answers": [
      {
        "answer": "للتخصيصِ",
        "t": 1
      },
      {
        "answer": "للتعميمِ",
        "t": 0
      },
      {
        "answer": "للتوضيحِ",
        "t": 0
      }
    ]
  },
  {
    "id": 930,
    "q": "قولُه: {لَهُمْ فِيهَا مَا يَشَاؤُونَ} تقديمُ كلمة (فيها):",
    "level": 2,
    "link": "https://dorar.net/tafseer/16/6",
    "section": "an-nahl",
    "answers": [
      {
        "answer": "للاحترازِ عن توهُّمِ تعلُّقِه بالمشيئةِ",
        "t": 1
      },
      {
        "answer": "للزِّيادةِ في تَوصِيف حالةِ النَّعيم",
        "t": 0
      },
      {
        "answer": "للحصرِ والتَّخصِيص",
        "t": 0
      }
    ]
  },
  {
    "id": 935,
    "q": "قولُه: {لِلَّذِينَ لَا يُؤْمِنُونَ بِالْآخِرَةِ مَثَلُ السَّوْءِ} فيه إضافةُ المثَلِ إلى السَّوءِ:",
    "level": 2,
    "link": "https://dorar.net/tafseer/16/13",
    "section": "an-nahl",
    "answers": [
      {
        "answer": "للتَّمييزِ",
        "t": 0
      },
      {
        "answer": "للتَّأكيدِ",
        "t": 0
      },
      {
        "answer": "للبَيانِ",
        "t": 1
      }
    ]
  },
  {
    "id": 925,
    "q": "معنى (مواخِر) في قوله: {وَتَرَى الْفُلْكَ مَوَاخِرَ فِيهِ}:",
    "level": 2,
    "link": "https://dorar.net/tafseer/16/3",
    "section": "an-nahl",
    "answers": [
      {
        "answer": "جوارٍ تشُقُّ الماءَ مع صوتٍ",
        "t": 1
      },
      {
        "answer": "مُستَقِرَّة على ظَهرِه لا تَغرَق",
        "t": 0
      },
      {
        "answer": "كثيرةٌ في الماءِ",
        "t": 0
      }
    ]
  },
  {
    "id": 922,
    "q": "قولُه: {أَتَى أَمْرُ اللَّهِ فَلَا تَسْتَعْجِلُوهُ} عبَّر عن الساعةِ بأمرِ اللهِ:",
    "level": 2,
    "link": "https://dorar.net/tafseer/16/1#tt7",
    "section": "an-nahl",
    "answers": [
      {
        "answer": "لأنَّه مُتحقِّقٌ لا محالةَ",
        "t": 0
      },
      {
        "answer": "للتفخيمِ والتهويلِ",
        "t": 1
      },
      {
        "answer": "للتخويفِ",
        "t": 0
      }
    ]
  },
  {
    "id": 928,
    "q": "معنى {وَمَا يَشْعُرُونَ أَيَّانَ يُبْعَثُونَ}:",
    "level": 2,
    "link": "https://dorar.net/tafseer/16/4",
    "section": "an-nahl",
    "answers": [
      {
        "answer": "وما تَدْري هذه الأصنامُ متى يَبعثُها اللهُ، فكيف يُرْتجى عندَ هذه نفعٌ أو ثوابٌ وجزاءٌ",
        "t": 1
      },
      {
        "answer": "وما يشعُرُ الكفارُ بأنَّهم سوف يُبعثونَ لأنَّهم يُنكِرُون البَعثَ بعدَ المَوتِ",
        "t": 0
      },
      {
        "answer": "وما يَعرِفُ الناسُ متى يُبعثونَ للحِساب",
        "t": 0
      }
    ]
  },
  {
    "id": 923,
    "q": "اتصلَ قولُه: {سُبْحَانَهُ وَتَعَالَى عَمَّا يُشْرِكُونَ} باستعجالِهم:",
    "level": 2,
    "link": "https://dorar.net/tafseer/16/1#tt7",
    "section": "an-nahl",
    "answers": [
      {
        "answer": "لأنَّ خوْفَهم أدَّى بهم إلى الاستعجالِ",
        "t": 0
      },
      {
        "answer": "لأنَّ استِعجالَهم استهزاءٌ وتكذيبٌ، وذلك من الشركِ",
        "t": 1
      },
      {
        "answer": "لأنَّهم في غَفلةٍ عَمَّا هُم فيه",
        "t": 0
      }
    ]
  }
]