[
  {
    "id": 910,
    "q": "معنى (يَزِرون) في قوله تعالى: {أَلَا سَاءَ مَا يَزِرُونَ} أي:",
    "level": 1,
    "link": "https://dorar.net/tafseer/16/4",
    "section": "an-nahl",
    "answers": [
      {
        "answer": "يَحمِلون",
        "t": 1
      },
      {
        "answer": "يَكذِبُون",
        "t": 0
      },
      {
        "answer": "يدَّعون",
        "t": 0
      }
    ]
  },
  {
    "id": 903,
    "q": "قولُ اللهِ تعالى: {خَلَقَ السَّمَوَاتِ وَالْأَرْضَ بِالْحَقِّ تَعَالَى عَمَّا يُشْرِكُونَ}، الاستدلالُ بخلْقِ السمواتِ والأرضِ أكبَرُ مِن سائرِ الأدلةِ وأجمَعُ:",
    "level": 1,
    "link": "https://dorar.net/tafseer/16/1#tt7",
    "section": "an-nahl",
    "answers": [
      {
        "answer": "لأنَّها مُحتويةٌ لهما، ولأنَّهما مِن أعظَمِ الموجوداتِ؛ فلذلك ابتُدِئَ بهما",
        "t": 1
      },
      {
        "answer": "لأنها أظهرُ الأشياءِ التي يَراها الإنسانُ",
        "t": 0
      },
      {
        "answer": "لأنها الآيةُ المعجزةُ التي لا يَستطيعُ أنْ يدَّعيَ أحدٌ أنه افتَعَلَها",
        "t": 0
      }
    ]
  },
  {
    "id": 919,
    "q": "قوله: {وَمَا أَمْرُ السَّاعَةِ إِلَّا كَلَمْحِ الْبَصَرِ} اللمحُ هو:",
    "level": 1,
    "link": "https://dorar.net/tafseer/16/17",
    "section": "an-nahl",
    "answers": [
      {
        "answer": "العلمُ",
        "t": 0
      },
      {
        "answer": "الرُّؤيةُ",
        "t": 0
      },
      {
        "answer": "النظرُ بسُرعةٍ",
        "t": 1
      }
    ]
  },
  {
    "id": 918,
    "q": "معنى (أرْذَل العُمُر):",
    "level": 1,
    "link": "https://dorar.net/tafseer/16/16",
    "section": "an-nahl",
    "answers": [
      {
        "answer": "مُعظَمُه وأَكثَرُه",
        "t": 0
      },
      {
        "answer": "أقْوى العُمر",
        "t": 0
      },
      {
        "answer": "أرْدَؤه وأوْضَعُه",
        "t": 1
      }
    ]
  },
  {
    "id": 905,
    "q": "معنى (تُسيمونَ) في قولِه تعالى: {وَمِنْهُ شَجَرٌ فِيهِ تُسِيمُونَ}:",
    "level": 1,
    "link": "https://dorar.net/tafseer/16/3",
    "section": "an-nahl",
    "answers": [
      {
        "answer": "تَرعَوْنَ أنعامَكم",
        "t": 1
      },
      {
        "answer": "تَأكُلُون مِنه",
        "t": 0
      },
      {
        "answer": "تَستظِلونَ بِه",
        "t": 0
      }
    ]
  },
  {
    "id": 901,
    "q": "قوله تعالى: {يُنَزِّلُ الْمَلَائِكَةَ بِالرُّوحِ مِنْ أَمْرِهِ عَلَى مَنْ يَشَاءُ مِنْ عِبَادِهِ} المقصودُ بالرُّوحِ:",
    "level": 1,
    "link": "https://dorar.net/tafseer/16/1",
    "section": "an-nahl",
    "answers": [
      {
        "answer": "الجسدُ",
        "t": 0
      },
      {
        "answer": "الوَحيُ",
        "t": 1
      },
      {
        "answer": "النفْسُ",
        "t": 0
      }
    ]
  },
  {
    "id": 909,
    "q": "مَعنى قولِه تعالى: {لَا جَرَمَ أَنَّ لَهُمُ النَّارَ}:",
    "level": 1,
    "link": "https://dorar.net/tafseer/16/4",
    "section": "an-nahl",
    "answers": [
      {
        "answer": "لا سيَّما",
        "t": 0
      },
      {
        "answer": "لا ذنْبَ",
        "t": 0
      },
      {
        "answer": "حقًّا لا بُدَّ مِنه",
        "t": 1
      }
    ]
  },
  {
    "id": 907,
    "q": "قولُه تعالى: {وَأَلْقَى فِي الْأَرْضِ رَوَاسِيَ أَنْ تَمِيدَ بِكُمْ} أي:",
    "level": 1,
    "link": "https://dorar.net/tafseer/16/3",
    "section": "an-nahl",
    "answers": [
      {
        "answer": "جعَلَ في الأرضِ أنهارًا لكي لا يُصِيبَكم الجَفافُ والقَحطُ",
        "t": 0
      },
      {
        "answer": "أَنبَتَ اللهُ في الأرضِ مِن أَنواعِ النَّباتِ ما يكونُ طَعامًا لبَنِي آدمَ وأَنعامِهِم",
        "t": 0
      },
      {
        "answer": "جعَلَ في الأرضِ جِبالًا تُثَبِّتُ الأرضَ لئلَّا تَضطَرِبَ بكم",
        "t": 1
      }
    ]
  },
  {
    "id": 914,
    "q": "عددُ السَّجَداتِ في سورةِ النحلِ:",
    "level": 1,
    "link": "https://dorar.net/tafseer/16/12",
    "section": "an-nahl",
    "answers": [
      {
        "answer": "سجدةٌ واحدةٌ",
        "t": 1
      },
      {
        "answer": "لا يوجَدُ",
        "t": 0
      },
      {
        "answer": "سَجدتانِ",
        "t": 0
      }
    ]
  },
  {
    "id": 916,
    "q": "معنى (مُفْرَطونَ) في قوله تعالى: {لَا جَرَمَ أَنَّ لَهُمُ النَّارَ وَأَنَّهُمْ مُفْرَطُونَ}:",
    "level": 1,
    "link": "https://dorar.net/tafseer/16/14",
    "section": "an-nahl",
    "answers": [
      {
        "answer": "مُعذَّبونَ",
        "t": 0
      },
      {
        "answer": "فَرَّطُوا في دُنياهُم فضاعَت آخِرتُهم",
        "t": 0
      },
      {
        "answer": "مَترُوكونَ في النارِ",
        "t": 1
      }
    ]
  },
  {
    "id": 911,
    "q": "قوله تعالى: {يَقُولُونَ سَلَامٌ عَلَيْكُمْ}\nأي:",
    "level": 1,
    "link": "https://dorar.net/tafseer/16/6",
    "section": "an-nahl",
    "answers": [
      {
        "answer": "يقولُ المؤمنونَ لبعضِهم في الجنَّة: سلامٌ عليكم",
        "t": 0
      },
      {
        "answer": "تقولُ ملائكةُ الموتِ للمُتَّقين عند قَبضِ أرواحِهم: سلامٌ عليكم، تحيةٌ كاملةٌ لكم، وسلامةٌ لكم من كلِّ مكروهٍ وآفةٍ",
        "t": 1
      },
      {
        "answer": "تقولُ الملائكةُ للمُتَّقين في الدُّنيا: سلامٌ عليكم، هَنيئًا لكم ما يَنتظِرُكم مِن النَّعيم",
        "t": 0
      }
    ]
  },
  {
    "id": 913,
    "q": "قال رسولُ اللهِ ﷺ: (ما أحدٌ أصبرَ على أذًى يَسمَعُه منَ اللهِ تعالى؛ إنَّهم يجعلونَ له ندًّا، ويجعلونَ له ولدًا، وهو معَ ذلك:",
    "level": 1,
    "link": "https://dorar.net/tafseer/16/11",
    "section": "an-nahl",
    "answers": [
      {
        "answer": "يَرزُقُهم ويُعافيهم ويُعْطيهم",
        "t": 1
      },
      {
        "answer": "يُرسلُ لهمُ الرسلَ",
        "t": 0
      },
      {
        "answer": "لا يُعذِّبُهم حتى يُقيمَ عليهمُ الحُجةَ",
        "t": 0
      }
    ]
  },
  {
    "id": 902,
    "q": "قوله تعالى: {يُنَزِّلُ الْمَلَائِكَةَ بِالرُّوحِ مِنْ أَمْرِهِ عَلَى مَنْ يَشَاءُ مِنْ عِبَادِهِ} المقصودُ بقولِه: {مَنْ يَشَاءُ}:",
    "level": 1,
    "link": "https://dorar.net/tafseer/16/1",
    "section": "an-nahl",
    "answers": [
      {
        "answer": "الأولياءُ",
        "t": 0
      },
      {
        "answer": "الصالحونَ",
        "t": 0
      },
      {
        "answer": "الأنبياءُ",
        "t": 1
      }
    ]
  },
  {
    "id": 904,
    "q": "عُبِّر بالاستقبالِ في قولِه: {سُبْحَانَهُ وَتَعَالَى عَمَّا يُشْرِكُونَ} للدلالةِ على:",
    "level": 1,
    "link": "https://dorar.net/tafseer/16/1#tt7",
    "section": "an-nahl",
    "answers": [
      {
        "answer": "وَصفِ الحالِ مِن شِركِهم",
        "t": 0
      },
      {
        "answer": "تَجدُّدِ إشْراكِهم واستمرارِه",
        "t": 1
      },
      {
        "answer": "أنَّ اللهَ لا يُحاسِبُهم إلا بعدَ إرسالِ الرسُلِ",
        "t": 0
      }
    ]
  },
  {
    "id": 906,
    "q": "تَقديمُ وَصفِ المغفرةِ على نَعتِ الرَّحمةِ في قولِه تعالى: {إِنَّ اللَّهَ لَغَفُورٌ رَحِيمٌ}:",
    "level": 1,
    "link": "https://dorar.net/tafseer/16/3",
    "section": "an-nahl",
    "answers": [
      {
        "answer": "لأنَّ المغفرةَ صفةُ ذاتٍ",
        "t": 0
      },
      {
        "answer": "لأنَّ الرحمةَ صفةُ ذاتٍ",
        "t": 0
      },
      {
        "answer": "لتقدُّمِ التَّخليةِ على التَّحليةِ",
        "t": 1
      }
    ]
  },
  {
    "id": 908,
    "q": "قولُه تعالى: {وَمَا يَشْعُرُونَ أَيَّانَ يُبْعَثُونَ} معنى (أيَّانَ):",
    "level": 1,
    "link": "https://dorar.net/tafseer/16/4",
    "section": "an-nahl",
    "answers": [
      {
        "answer": "أينَ",
        "t": 0
      },
      {
        "answer": "متَى",
        "t": 1
      },
      {
        "answer": "كيفَ",
        "t": 0
      }
    ]
  },
  {
    "id": 920,
    "q": "معنى (مُسَخَّرات):",
    "level": 1,
    "link": "https://dorar.net/tafseer/16/18",
    "section": "an-nahl",
    "answers": [
      {
        "answer": "مَخلُوقات",
        "t": 0
      },
      {
        "answer": "مُذَلَّلات",
        "t": 1
      },
      {
        "answer": "مُمنهَجات",
        "t": 0
      }
    ]
  },
  {
    "id": 915,
    "q": "معنى (كَظِيم) في قوله تعالى: {وَإِذَا بُشِّرَ أَحَدُهُمْ بِالْأُنْثَى ظَلَّ وَجْهُهُ مُسْوَدًّا وَهُوَ كَظِيمٌ}:",
    "level": 1,
    "link": "https://dorar.net/tafseer/16/13",
    "section": "an-nahl",
    "answers": [
      {
        "answer": "يُصبِّرُ نَفسَه لئلَّا يَفتَضِح أَمرُه",
        "t": 0
      },
      {
        "answer": "مُمسِكٌ على حُزنِه، لا يُظهرُه، ولا يَشْكوه",
        "t": 1
      },
      {
        "answer": "يَكظِمُ غَيْظَه",
        "t": 0
      }
    ]
  },
  {
    "id": 917,
    "q": "معنى (فَرْث) في قوله تعالى: {مِنْ بَيْنِ فَرْثٍ وَدَمٍ لَبَنًا خَالِصًا}:",
    "level": 1,
    "link": "https://dorar.net/tafseer/16/15",
    "section": "an-nahl",
    "answers": [
      {
        "answer": "ما يَختَلِط مع الدَّمِ مِن سَوائِل",
        "t": 0
      },
      {
        "answer": "أمعاءٌ",
        "t": 0
      },
      {
        "answer": "ما في الكَرِشِ من فَضَلاتٍ",
        "t": 1
      }
    ]
  },
  {
    "id": 912,
    "q": "قولُ اللهِ تعالى: {إِنْ تَحْرِصْ عَلَى هُدَاهُمْ فَإِنَّ اللَّهَ لَا يَهْدِي مَنْ يُضِلُّ} فيه التعريضُ بالثناءِ على:",
    "level": 1,
    "link": "https://dorar.net/tafseer/16/8",
    "section": "an-nahl",
    "answers": [
      {
        "answer": "النبيِّ ﷺ في حِرصِه على خيرِهم",
        "t": 1
      },
      {
        "answer": "مَنِ يَتَّبِع هَدْيَ النبيِّ ﷺ",
        "t": 0
      },
      {
        "answer": "مَن يحرِصُ على هدايةِ الناسِ",
        "t": 0
      }
    ]
  }
]