[
  {
    "id": 114,
    "q": "الرَّبْوةُ في قولِه تعالى: {كَمَثَلِ جَنَّةٍ بِرَبْوَةٍ} هي:",
    "level": 3,
    "link": "https://www.dorar.net/tafseer/2/45#tt7",
    "section": "al-baqarah",
    "answers": [
      {
        "answer": "المكانُ المرتفِعُ منَ الأرضِ",
        "t": 1
      },
      {
        "answer": "المكانُ المظلِمُ منَ الخارجِ",
        "t": 0
      },
      {
        "answer": "الأرضُ الواسِعةُ المُنبسِطَة",
        "t": 0
      }
    ]
  },
  {
    "id": 108,
    "q": "المقصودُ بالأسْباطِ في قوله تعالى: {قُولُوا آمَنَّا بِاللَّهِ وَمَا أُنْزِلَ إِلَيْنَا وَمَا أُنْزِلَ إِلَى إِبْرَاهِيمَ وَإِسْمَاعِيلَ وَإِسْحَاقَ وَيَعْقُوبَ وَالْأَسْبَاطِ}:",
    "level": 3,
    "link": "https://www.dorar.net/tafseer/2/23#tt7",
    "section": "al-baqarah",
    "answers": [
      {
        "answer": "أبناءُ يعقوبَ عليه السلام",
        "t": 1
      },
      {
        "answer": "أبناءُ إبراهيمَ عليه السلام",
        "t": 0
      },
      {
        "answer": "أبناءُ إسحاقَ عليه السلام",
        "t": 0
      }
    ]
  },
  {
    "id": 110,
    "q": "الاستفهامُ في قولِه تعالى: (أَلَمْ تَرَ إِلَى الَّذِي حَاجَّ):",
    "level": 3,
    "link": "https://www.dorar.net/tafseer/2/44#tt18",
    "section": "al-baqarah",
    "answers": [
      {
        "answer": "لإنكارِ النفيِ وتقريرِ المنفيِّ",
        "t": 1
      },
      {
        "answer": "للتَّنبيهِ",
        "t": 0
      },
      {
        "answer": "للتعجبِ",
        "t": 0
      }
    ]
  },
  {
    "id": 103,
    "q": "في النداءِ بـ: {يَا أَيُّهَا النَّاسُ} في قولِه تعالى: {يَا أَيُّهَا النَّاسُ اعْبُدُوا رَبَّكُمُ} مِنَ البلاغةِ:",
    "level": 3,
    "link": "https://www.dorar.net/tafseer/2/4#tt18",
    "section": "al-baqarah",
    "answers": [
      {
        "answer": "كنايةٌ",
        "t": 0
      },
      {
        "answer": "التفاتٌ",
        "t": 1
      },
      {
        "answer": "تعظيمٌ",
        "t": 0
      }
    ]
  },
  {
    "id": 107,
    "q": "في قولِه تعالى: {وَلَقَدْ أَنْزَلْنَا إِلَيْكَ آيَاتٍ بَيِّنَاتٍ وَمَا يَكْفُرُ بِهَا إِلَّا الْفَاسِقُونَ} مِنَ البلاغة:",
    "level": 3,
    "link": "https://www.dorar.net/tafseer/2/18#tt18",
    "section": "al-baqarah",
    "answers": [
      {
        "answer": "أسلوبُ استفهامٍ",
        "t": 0
      },
      {
        "answer": "أسلوبُ التفاتٍ",
        "t": 1
      },
      {
        "answer": "أسلوبُ تعجُّبٍ",
        "t": 0
      }
    ]
  },
  {
    "id": 102,
    "q": "الإتْيانُ بحرفِ على في قولِه تعالى: {أُولَئِكَ عَلَى هُدًى}، يدُلُّ على:",
    "level": 3,
    "link": "https://www.dorar.net/tafseer/2/1#tt18",
    "section": "al-baqarah",
    "answers": [
      {
        "answer": "تمكُّنِهم مِنَ الهُدى، واستِقرارِهم عليه",
        "t": 1
      },
      {
        "answer": "عُلُوِّ شَأنِهم ورَفيعِ مَنزلتِهم",
        "t": 0
      },
      {
        "answer": "أنَّ الهُدَى إنَّما يكونُ بتَوفيقٍ مِن الله لا بِعَملِ العَبدِ",
        "t": 0
      }
    ]
  },
  {
    "id": 112,
    "q": "المقصودُ بالأذى في قولِه تعالى: (ثُمَّ لَا يُتْبِعُونَ مَا أَنْفَقُوا مَنًّا وَلَا أَذًى):",
    "level": 3,
    "link": "https://www.dorar.net/tafseer/2/45#tt7",
    "section": "al-baqarah",
    "answers": [
      {
        "answer": "رَدُّ الصَّدقَة وعدم قَبولِها",
        "t": 0
      },
      {
        "answer": "كلُّ ما يُكرَهُ ويُغتَمُّ به",
        "t": 1
      },
      {
        "answer": "التَّصدُّق في العَلنِ",
        "t": 0
      }
    ]
  },
  {
    "id": 111,
    "q": "الاستفهامُ في قولِه تعالى: (أَنَّى يُحْيِي):",
    "level": 3,
    "link": "https://www.dorar.net/tafseer/2/44#tt18",
    "section": "al-baqarah",
    "answers": [
      {
        "answer": "للتَّوبِيخ والتَّنكيلِ",
        "t": 0
      },
      {
        "answer": "للإنكارِ والتَّشنِيع",
        "t": 0
      },
      {
        "answer": "للتعجبِ والاستبعادِ والاستعظامِ",
        "t": 1
      }
    ]
  },
  {
    "id": 116,
    "q": "قولُه تعالى: {ثُمَّ لَا يُتْبِعُونَ مَا أَنْفَقُوا مَنًّا وَلَا أَذًى} قدَّم المنَّ على الأذى لـ:",
    "level": 3,
    "link": "https://www.dorar.net/tafseer/2/45#tt18",
    "section": "al-baqarah",
    "answers": [
      {
        "answer": "لكَثْرةِ وقوعِه",
        "t": 1
      },
      {
        "answer": "للحَصْرِ والقَصْرِ",
        "t": 0
      },
      {
        "answer": "لتقريبُ المعنى",
        "t": 0
      }
    ]
  },
  {
    "id": 104,
    "q": "في قولِه تعالى: {إِنَّ اللَّهَ لَا يَسْتَحْيِي أَنْ يَضْرِبَ مَثَلًا مَا بَعُوضَةً فَمَا فَوْقَهَا} دليلٌ على:",
    "level": 3,
    "link": "https://www.dorar.net/tafseer/2/5#tt17",
    "section": "al-baqarah",
    "answers": [
      {
        "answer": "نَفيِ القياسِ",
        "t": 0
      },
      {
        "answer": "حُرمةِ ضربِ الأمثالِ",
        "t": 0
      },
      {
        "answer": "حُجيَّةِ القياسِ",
        "t": 1
      }
    ]
  },
  {
    "id": 117,
    "q": "التعبيرُ بـ(ثم) في قولِه تعالى: {ثُمَّ لَا يُتْبِعُونَ مَا أَنْفَقُوا} لبيانِ:",
    "level": 3,
    "link": "https://www.dorar.net/tafseer/2/45#tt18",
    "section": "al-baqarah",
    "answers": [
      {
        "answer": "سُرعةِ المنِّ بعدَ الإنْفاقِ",
        "t": 0
      },
      {
        "answer": "إظهارِ التفاوُتِ بينَ الإنْفاقِ وبينَ ترْكِ المنِّ والأذى",
        "t": 1
      },
      {
        "answer": "إفسادِ الشَّيطانِ لأَعمالِهم فَوْرَ حُدوثِها",
        "t": 0
      }
    ]
  },
  {
    "id": 101,
    "q": "الإتيانُ بـ {مِنْ} في قولِه تعالى: {وَمِمَّا رَزَقْنَاهُمْ يُنْفِقُونَ} يدُلُّ على:",
    "level": 3,
    "link": "https://www.dorar.net/tafseer/2/1#tt17",
    "section": "al-baqarah",
    "answers": [
      {
        "answer": "وجوبِ الإنْفاقِ",
        "t": 0
      },
      {
        "answer": "أنَّ الإنفاقَ المطلوبَ شرعًا، هو إنفاقُ بعضِ المالِ",
        "t": 1
      },
      {
        "answer": "اشتِراطِ المالِ في الإنفاقِ لا الطَّعام ولا المَتاع",
        "t": 0
      }
    ]
  },
  {
    "id": 105,
    "q": "جاءت جملةُ: (وَلَا هُمْ يُنْصَرُونَ) في قولِه تعالى: {وَلَا يُؤْخَذُ مِنْهَا عَدْلٌ وَلَا هُمْ يُنْصَرُونَ}، اسميةً، مع أنَّ ما قبلَها كلَّها فعليةٌ:",
    "level": 3,
    "link": "https://www.dorar.net/tafseer/2/9#tt18",
    "section": "al-baqarah",
    "answers": [
      {
        "answer": "للمُبالَغةِ، وللدَّلالةِ على الثباتِ والدَّيْمومةِ",
        "t": 1
      },
      {
        "answer": "لبيانِ شدَّةِ كُفرِ بَني إسْرائيلَ",
        "t": 0
      },
      {
        "answer": "للتغييرِ والتجَدُّدِ",
        "t": 0
      }
    ]
  },
  {
    "id": 119,
    "q": "معنى: (أَيَوَدُّ) في قولِه تعالى: {أَيَوَدُّ أَحَدُكُمْ أَنْ تَكُونَ لَهُ جَنَّةٌ}:",
    "level": 3,
    "link": "https://www.dorar.net/tafseer/2/46#tt7",
    "section": "al-baqarah",
    "answers": [
      {
        "answer": "أيرغَبُ ويتمَنَّى",
        "t": 1
      },
      {
        "answer": "أيَكرَهُ ويأنَفُ",
        "t": 0
      },
      {
        "answer": "أَيعلمُ ويَعرِفُ",
        "t": 0
      }
    ]
  },
  {
    "id": 109,
    "q": "الاستفهامُ في قولِه تعالى: (وَمَنْ أَحْسَنُ مِنَ اللَّهِ صِبْغَةً):",
    "level": 3,
    "link": "https://www.dorar.net/tafseer/2/23#tt9",
    "section": "al-baqarah",
    "answers": [
      {
        "answer": "للتعجبِ",
        "t": 0
      },
      {
        "answer": "للتَّقريرِ",
        "t": 0
      },
      {
        "answer": "للنفيِ والإنكارِ",
        "t": 1
      }
    ]
  },
  {
    "id": 118,
    "q": "وُقوعُ (لا) بينَ المنِّ والأذى في قولِه تعالى: (مَنًّا وَلَا أَذًى):",
    "level": 3,
    "link": "https://www.dorar.net/tafseer/2/45#tt18",
    "section": "al-baqarah",
    "answers": [
      {
        "answer": "لتَبيِين أنَّ المَنَّ أَحدُ أَنواعِ الأذَى",
        "t": 0
      },
      {
        "answer": "لشمولِ النفيِ كلًّا منهما، وليس كونَهما مجتمِعَينِ فقطْ",
        "t": 1
      },
      {
        "answer": "للإطنابِ",
        "t": 0
      }
    ]
  },
  {
    "id": 115,
    "q": "قال تعالى: {لَا تُبْطِلُوا صَدَقَاتِكُمْ بِالْمَنِّ وَالْأَذَى} تخصيصُ الصدَقةِ بهذا النهيِ:",
    "level": 3,
    "link": "https://www.dorar.net/tafseer/2/45#tt17",
    "section": "al-baqarah",
    "answers": [
      {
        "answer": "للمُبالغَةِ في النَّهيِ عن المَنِّ في غيرِ الصَّدقةِ",
        "t": 0
      },
      {
        "answer": "لأنَّ المنَّ في الصدَقةِ أشنَعُ وأعظَمُ",
        "t": 1
      },
      {
        "answer": "لانتِشارِ المَنِّ وشُيُوعِه عند المُتصِدِّقينَ",
        "t": 0
      }
    ]
  },
  {
    "id": 113,
    "q": "معنى: (صَلْدًا) في قولِه تعالى: {فَأَصَابَهُ وَابِلٌ فَتَرَكَهُ صَلْدًا}:",
    "level": 3,
    "link": "https://www.dorar.net/tafseer/2/45#tt7",
    "section": "al-baqarah",
    "answers": [
      {
        "answer": "لامعًا",
        "t": 0
      },
      {
        "answer": "مُبتَلًّا",
        "t": 0
      },
      {
        "answer": "أملسَ يابسًا",
        "t": 1
      }
    ]
  },
  {
    "id": 120,
    "q": "قولُه: {لَهَا مَا كَسَبَتْ} وقولُه: {وَعَلَيْهَا مَا اكْتَسَبَتْ}. بينَهما:",
    "level": 3,
    "link": "https://www.dorar.net/tafseer/2/49#tt18",
    "section": "al-baqarah",
    "answers": [
      {
        "answer": "جِناسٌ",
        "t": 0
      },
      {
        "answer": "مُقابَلةٌ",
        "t": 1
      },
      {
        "answer": "ترادُفٌ",
        "t": 0
      }
    ]
  },
  {
    "id": 106,
    "q": "قولُه تعالى: {وَيَقْتُلُونَ النَّبِيِّينَ بَغَيْرِ الْحَقِّ}، لماذا قال: (بغيرِ الحقِّ) معَ أنَّ قَتلَ الأنْبياءِ لا يجوزُ أبدًا؟",
    "level": 3,
    "link": "https://www.dorar.net/tafseer/2/10#tt18",
    "section": "al-baqarah",
    "answers": [
      {
        "answer": "للتَّأكيدِ على شِدَّةِ كُفرِ بَنِي إسرائيل وإظهارِ عَداوتِهم للأنبياءِ",
        "t": 0
      },
      {
        "answer": "لبَيانِ أنَّ الأنْبياءَ قبلَ النبيِّ محمدٍ صلَّى اللهُ عليه وسلَّمَ غيرُ مَعْصومينَ",
        "t": 0
      },
      {
        "answer": "لزيادةِ التشنيعِ بقُبحِ عُدوانِهم، ولبيان أنَّهم لم يَرتكبوا ما يُبيحُ قتْلَهم.",
        "t": 1
      }
    ]
  }
]