[
  {
    "id": 94,
    "q": "الصابئُ هو:",
    "level": 2,
    "link": "https://www.dorar.net/tafseer/2/11#tt7",
    "section": "al-baqarah",
    "answers": [
      {
        "answer": "السَّكْرانُ",
        "t": 0
      },
      {
        "answer": "الخارجُ من دينِه إلى دينٍ آخَرَ",
        "t": 1
      },
      {
        "answer": "المجنونُ الذي زال عَقلُه",
        "t": 0
      }
    ]
  },
  {
    "id": 93,
    "q": "معنى (حِطَّةٌ) في قولِه تعالى: {وَقُولُوا حِطَّةٌ}:",
    "level": 2,
    "link": "https://www.dorar.net/tafseer/2/10#tt7",
    "section": "al-baqarah",
    "answers": [
      {
        "answer": "أهلِكِ الظالمينَ منَّا",
        "t": 0
      },
      {
        "answer": "الحِنطةُ التي تؤكَلُ",
        "t": 0
      },
      {
        "answer": "حُطَّ عنَّا ذُنوبَنا",
        "t": 1
      }
    ]
  },
  {
    "id": 97,
    "q": "الاستِفْهامُ بـ (أَنَّى) في قولِه تعالى: {أَنَّى يُحْيِي هَذِهِ اللَّهُ بَعْدَ مَوْتِهَا}:",
    "level": 2,
    "link": "https://www.dorar.net/tafseer/2/44#tt7",
    "section": "al-baqarah",
    "answers": [
      {
        "answer": "للتعَجُّبِ",
        "t": 1
      },
      {
        "answer": "للتَّقريرِ",
        "t": 0
      },
      {
        "answer": "للتَّوبيخِ",
        "t": 0
      }
    ]
  },
  {
    "id": 84,
    "q": "معنى يَنقُضونَ في قولِه تعالى: {الَّذِينَ يَنْقُضُونَ عَهْدَ اللَّهِ} مَعْناها",
    "level": 2,
    "link": "https://www.dorar.net/tafseer/2/5#tt7",
    "section": "al-baqarah",
    "answers": [
      {
        "answer": "يَنبِذونَه بعدَ القَبولِ، ويَترُكونَ العملَ به",
        "t": 1
      },
      {
        "answer": "يَعمَلونَ ببعضِه ويَترُكون بَعضَه",
        "t": 0
      },
      {
        "answer": "يَتمسَّكونَ به في الظاهِرِ",
        "t": 0
      }
    ]
  },
  {
    "id": 82,
    "q": "السُّفهاءُ في قولِه تعالى: {أَلَا إِنَّهُمْ هُمُ السُّفَهَاءُ} هُمُ:",
    "level": 2,
    "link": "https://www.dorar.net/tafseer/2/3#tt7",
    "section": "al-baqarah",
    "answers": [
      {
        "answer": "المنافقونَ",
        "t": 0
      },
      {
        "answer": "الجَهَلةُ",
        "t": 1
      },
      {
        "answer": "الكافرونَ",
        "t": 0
      }
    ]
  },
  {
    "id": 88,
    "q": "الجَهْرةُ في قولِه تعالى: {لَنْ نُؤْمِنَ لَكَ حَتَّى نَرَى اللَّهَ جَهْرَةً} هي:",
    "level": 2,
    "link": "https://www.dorar.net/tafseer/2/9#tt7",
    "section": "al-baqarah",
    "answers": [
      {
        "answer": "وَقتُ الضُّحَى",
        "t": 0
      },
      {
        "answer": "العَلانيةُ والظُّهورُ",
        "t": 1
      },
      {
        "answer": "الخَفاءُ والسِّرُّ",
        "t": 0
      }
    ]
  },
  {
    "id": 90,
    "q": "الغرَضُ من تَنْكيرِ (بَلاءٌ، عَظيمٌ) في قولِه تعالى: {وَفِي ذَلِكُمْ بَلَاءٌ مِنْ رَبِّكُمْ عَظِيمٌ}:",
    "level": 2,
    "link": "https://www.dorar.net/tafseer/2/9#tt18",
    "section": "al-baqarah",
    "answers": [
      {
        "answer": "للتفخيمِ والتهويلِ",
        "t": 1
      },
      {
        "answer": "للعُمومِ والشُّمولِ",
        "t": 0
      },
      {
        "answer": "للحَصْرِ",
        "t": 0
      }
    ]
  },
  {
    "id": 87,
    "q": "معنى: (عَدلٌ) في قولِه تعالى: {وَلَا يُؤْخَذُ مِنْهَا عَدْلٌ}:",
    "level": 2,
    "link": "https://www.dorar.net/tafseer/2/9#tt7",
    "section": "al-baqarah",
    "answers": [
      {
        "answer": "شَبِيهٌ",
        "t": 0
      },
      {
        "answer": "فِدْيةٌ",
        "t": 1
      },
      {
        "answer": "قضاءٌ",
        "t": 0
      }
    ]
  },
  {
    "id": 83,
    "q": "المرادُ بالشياطين في قولِه تعالى: {وَإِذَا خَلَوْا إِلَى شَيَاطِينِهِمْ} هم:",
    "level": 2,
    "link": "https://www.dorar.net/tafseer/2/3#tt7",
    "section": "al-baqarah",
    "answers": [
      {
        "answer": "رؤوسُهم في الكُفرِ ومَرَدتُهم",
        "t": 1
      },
      {
        "answer": "أراذِلُهم وضُعفاؤُهم",
        "t": 0
      },
      {
        "answer": "السَّحَرَةُ والكُهَّانُ",
        "t": 0
      }
    ]
  },
  {
    "id": 86,
    "q": "قولُه تعالى: {إِلَّا إِبْلِيسَ أَبَى وَاسْتَكْبَرَ} الألِفُ والسينُ والتاءُ في : (وَاسْتَكْبَرَ)",
    "level": 2,
    "link": "https://www.dorar.net/tafseer/2/7#tt18",
    "section": "al-baqarah",
    "answers": [
      {
        "answer": "للمُبالَغةِ",
        "t": 1
      },
      {
        "answer": "للحَصْرِ",
        "t": 0
      },
      {
        "answer": "للطَّلبِ",
        "t": 0
      }
    ]
  },
  {
    "id": 92,
    "q": "تَكرارُ كلمةِ بارئِكم في قولِه تعالى: {فَتُوبُوا إِلَى بَارِئِكُمْ فَاقْتُلُوا أَنْفُسَكُمْ ذَلِكُمْ خَيْرٌ لَكُمْ عِنْدَ بَارِئِكُمْ}:",
    "level": 2,
    "link": "https://www.dorar.net/tafseer/2/9#tt18",
    "section": "al-baqarah",
    "answers": [
      {
        "answer": "للإظهارِ في مَوقِع الإضمارِ؛ لتَربيةِ المَهابَةِ في القُلوبِ",
        "t": 0
      },
      {
        "answer": "للتوْكيدِ؛ ولأنَّها جُملةٌ مُستقلَّةٌ فناسَبها الإظهارُ",
        "t": 1
      },
      {
        "answer": "للبَيانِ الخِتامي في الآيةِ؛ للاعتِبارِ والاتِّعاظِ",
        "t": 0
      }
    ]
  },
  {
    "id": 95,
    "q": "كان بَنو إسْرائيلَ يَتلقَّوْنَ دَعَواتِ الأنْبياءِ الذينَ يَأْتونَ بأحْكامٍ تُخالِفُ أهْواءَهم:",
    "level": 2,
    "link": "https://www.dorar.net/tafseer/2/15#tt9",
    "section": "al-baqarah",
    "answers": [
      {
        "answer": "بالصَّمتِ",
        "t": 0
      },
      {
        "answer": "بالتكذيبِ والقَتلِ",
        "t": 1
      },
      {
        "answer": "بالاعتِراض",
        "t": 0
      }
    ]
  },
  {
    "id": 96,
    "q": "قولُه تعالى: {وَمَنْ أَظْلَمُ مِمَّنْ مَنَعَ مَسَاجِدَ اللَّهِ} استفهامٌ يُرادُ به:",
    "level": 2,
    "link": "https://www.dorar.net/tafseer/2/20#tt18",
    "section": "al-baqarah",
    "answers": [
      {
        "answer": "الإخْبار",
        "t": 0
      },
      {
        "answer": "التَّعجُّب",
        "t": 0
      },
      {
        "answer": "النفيُ والإنْكارُ",
        "t": 1
      }
    ]
  },
  {
    "id": 85,
    "q": "قولُه تعالى: {وَإِذْ قَالَ رَبُّكَ} فيه:",
    "level": 2,
    "link": "https://www.dorar.net/tafseer/2/6#tt17",
    "section": "al-baqarah",
    "answers": [
      {
        "answer": "رَدٌّ على الصُّوفِيَّة في نَفيِهم لصِفات الله عزَّ وجلَّ",
        "t": 0
      },
      {
        "answer": "الحَثُّ على استِماعِ كَلامِ اللهِ عزَّ وجلَّ",
        "t": 0
      },
      {
        "answer": "إثْباتُ القولِ للهِ عزَّ وجلَّ، وأنَّه بحَرْفٍ، وصَوتٍ",
        "t": 1
      }
    ]
  },
  {
    "id": 89,
    "q": "ممَّا قيلَ في معنى المَنِّ الذي أنَزَله اللهُ أنه:",
    "level": 2,
    "link": "https://www.dorar.net/tafseer/2/9#tt4",
    "section": "al-baqarah",
    "answers": [
      {
        "answer": "شجرُ الأراكِ",
        "t": 0
      },
      {
        "answer": "التَّرَنْجَبينُ، وهو شيءٌ أبيضُ يَنزِلُ على الشجرِ كالنَّدى، يُشبِهُ العسلَ الأبيضَ",
        "t": 1
      },
      {
        "answer": "حوتٌ عظيمٌ، لا شَحمَ فيه ولا شَوْكَ، ولَحمُه سَريعُ النُّضجِ",
        "t": 0
      }
    ]
  },
  {
    "id": 99,
    "q": "معنى: (تُغْمِضُوا) في قولِه تعالى: {إِلَّا أَنْ تُغْمِضُوا فِيهِ}:",
    "level": 2,
    "link": "https://www.dorar.net/tafseer/2/46#tt7",
    "section": "al-baqarah",
    "answers": [
      {
        "answer": "تَغُشُّوا فيه",
        "t": 0
      },
      {
        "answer": "تترخَّصوا وتَتَسامحوا فيه بأنْ تَتَغافلوا عنه",
        "t": 1
      },
      {
        "answer": "تُخْفونَه عن غيرِكم",
        "t": 0
      }
    ]
  },
  {
    "id": 98,
    "q": "تَنْكيرُ (قَوْلٌ مَعْرُوفٌ) في قولِه تعالى: {قَوْلٌ مَعْرُوفٌ وَمَغْفِرَةٌ خَيْرٌ مِنْ صَدَقَةٍ}:",
    "level": 2,
    "link": "https://www.dorar.net/tafseer/2/45#tt18",
    "section": "al-baqarah",
    "answers": [
      {
        "answer": "للشُّمُولِ والعُمومِ",
        "t": 0
      },
      {
        "answer": "للزِّيادةِ والكَثرةِ",
        "t": 0
      },
      {
        "answer": "للتقْليلِ؛ أي: أَقَلُّ قَولٍ مَعْروفٍ",
        "t": 1
      }
    ]
  },
  {
    "id": 81,
    "q": "في قولِه تعالى: {فِي قُلُوبِهِمْ مَرَضٌ} المرضُ المقصُود هو:",
    "level": 2,
    "link": "https://www.dorar.net/tafseer/2/3#tt7",
    "section": "al-baqarah",
    "answers": [
      {
        "answer": "داءٌ يُصيبُ القلبَ فيَتوقَّفُ",
        "t": 0
      },
      {
        "answer": "الوَسواسُ",
        "t": 0
      },
      {
        "answer": "الشكُّ والنفاقُ",
        "t": 1
      }
    ]
  },
  {
    "id": 100,
    "q": "سببُ افتِتاحِ سورةِ البَقرةِ بالحُروفِ المقطَّعةِ هو:",
    "level": 2,
    "link": "https://www.dorar.net/tafseer/2/1#tt4",
    "section": "al-baqarah",
    "answers": [
      {
        "answer": "بَيانُ عَجزِ المُشركينَ عن تَكذيبِ القُرآنِ رغمَ أنَّه نزلَ بلُغتهِم",
        "t": 0
      },
      {
        "answer": "بَيانُ أنَّ القرآنَ نَزلَ بهذه الحُروفِ العَربيةِ",
        "t": 0
      },
      {
        "answer": "بَيانُ إعجازِ القرآنِ؛ حيث تُظهِرُ عجْزَ الخَلْقِ عن مُعارضتِه بمثلِه، مع أنَّه مركَّبٌ من هذه الحروفِ العربيَّةِ التي يتحدَّثونَ بها",
        "t": 1
      }
    ]
  },
  {
    "id": 91,
    "q": "قولُه تعالى: {ذَلِكُمْ خَيْرٌ لَكُمْ عِنْدَ بَارِئِكُمْ فَتَابَ عَلَيْكُمْ} فيه أُسلوبُ:",
    "level": 2,
    "link": "https://www.dorar.net/tafseer/2/9#tt18",
    "section": "al-baqarah",
    "answers": [
      {
        "answer": "التفاتٍ",
        "t": 1
      },
      {
        "answer": "استفهامٍ",
        "t": 0
      },
      {
        "answer": "استهزاءٍ",
        "t": 0
      }
    ]
  }
]