[
  {
    "id": 61,
    "q": "المُتَّقونَ في قولِه تعالى: {هُدًى لِلْمُتَّقِينَ} همُ:",
    "level": 1,
    "link": "https://www.dorar.net/tafseer/2/1#tt7",
    "section": "al-baqarah",
    "answers": [
      {
        "answer": "الدائمونَ على ذِكرِ اللهِ",
        "t": 0
      },
      {
        "answer": "الذينَ يُحافِظونَ على الصلَواتِ",
        "t": 0
      },
      {
        "answer": "الذين يَقُونَ أنفُسَهم تَعاطيَ ما يُعاقَبُ عليه من فِعلٍ أو تَركٍ",
        "t": 1
      }
    ]
  },
  {
    "id": 69,
    "q": "تأْخيرُ إسْماعيلَ عن إبْراهيمَ في قولِه تعالى: {وَإِذْ يَرْفَعُ إِبْرَاهِيمُ الْقَوَاعِدَ مِنَ الْبَيْتِ وَإِسْمَاعِيلُ} فلم يقُلْ: (وإذ يرفعُ إبراهيمُ وإسماعيلُ...):",
    "level": 1,
    "link": "https://www.dorar.net/tafseer/2/22#tt18",
    "section": "al-baqarah",
    "answers": [
      {
        "answer": "للتَّقديمِ والتَّأخيرِ الذي يُفيدُ التَّرتيب والحَصر",
        "t": 0
      },
      {
        "answer": "لعلَّه للإيذانِ بأنَّ الأصْلَ في الرفعِ هو إبراهيمُ، وإسماعيلُ تَبَعٌ له",
        "t": 1
      },
      {
        "answer": "لأنَّ إسْماعيلَ اشتَرَكَ مُتأخِّرًا",
        "t": 0
      }
    ]
  },
  {
    "id": 66,
    "q": "الأُمِّيُّونَ في قولِه تعالى: {وَمِنْهُمْ أُمِّيُّونَ لَا يَعْلَمُونَ الْكِتَابَ} همُ:",
    "level": 1,
    "link": "https://www.dorar.net/tafseer/2/13#tt7",
    "section": "al-baqarah",
    "answers": [
      {
        "answer": "الذينَ لا يَقرَؤونَ ولا يَكتُبونَ",
        "t": 1
      },
      {
        "answer": "الذينَ اتَّبعُوا النَّبِيَّ الأُمِّيَّ",
        "t": 0
      },
      {
        "answer": "الذينَ يَبَرُّونَ أُمَّهاتِهم",
        "t": 0
      }
    ]
  },
  {
    "id": 71,
    "q": "اللَّامُ في: {للهِ} في قولِه تعالى: {إِنَّا لِلَّهِ وَإِنَّا إِلَيْهِ رَاجِعُونَ}:",
    "level": 1,
    "link": "https://www.dorar.net/tafseer/2/25#tt16",
    "section": "al-baqarah",
    "answers": [
      {
        "answer": "لامُ التعليلِ",
        "t": 0
      },
      {
        "answer": "لامُ المِلكَ",
        "t": 1
      },
      {
        "answer": "لامُ الأمرِ",
        "t": 0
      }
    ]
  },
  {
    "id": 65,
    "q": "البَقرةُ الفارِضُ هي:",
    "level": 1,
    "link": "https://www.dorar.net/tafseer/2/12#tt7",
    "section": "al-baqarah",
    "answers": [
      {
        "answer": "الصَّغيرةُ",
        "t": 0
      },
      {
        "answer": "الصَّفْراءُ",
        "t": 0
      },
      {
        "answer": "المُسِنَّةُ",
        "t": 1
      }
    ]
  },
  {
    "id": 72,
    "q": "شبَّهَ اللهُ تعالى الذينَ يُنفِقونَ أمْوالَهم في سَبيلِ اللهِ",
    "level": 1,
    "link": "https://www.dorar.net/tafseer/2/45#tt4",
    "section": "al-baqarah",
    "answers": [
      {
        "answer": "بالمطرِ الكَثيرِ الذي يَنفع العِباد والبِلاد",
        "t": 0
      },
      {
        "answer": "بالأحْجارِ الصُّلبةِ الراسِخَة في مَكانِها",
        "t": 0
      },
      {
        "answer": "بمَن زرَع في أرضِه بَذرةً فأنبَتَت حُبوبًا كَثيرةً",
        "t": 1
      }
    ]
  },
  {
    "id": 62,
    "q": "يُستَفادُ من قصَّةِ آدَمَ عليه السلامُ وقصَّةِ إبْليسَ في سورةِ البَقرةِ:",
    "level": 1,
    "link": "https://www.dorar.net/tafseer/2/7#tt17",
    "section": "al-baqarah",
    "answers": [
      {
        "answer": "أنَّ تَركَ المأمورِ أشدُّ من فِعلِ المحْظورِ",
        "t": 1
      },
      {
        "answer": "أنَّ تَركَ المأمورِ وفِعلَ المحْظورِ مُتَساوِيانِ",
        "t": 0
      },
      {
        "answer": "أنَّ فِعلَ المحظورِ أشدُّ مِن تَركِ المأمورِ",
        "t": 0
      }
    ]
  },
  {
    "id": 70,
    "q": "أمَرَنا النبيُّ صلَّى اللهُ عليه وسلَّمَ  تجاهَ أهْلِ الكتابِ في تَفْسيرِهم للتَّوْراةِ:",
    "level": 1,
    "link": "https://www.dorar.net/tafseer/2/23#tt4",
    "section": "al-baqarah",
    "answers": [
      {
        "answer": "بأنْ نُصدِّقَهم",
        "t": 0
      },
      {
        "answer": "بألَّا نُصدِّقَهم وألَّا نُكذِّبَهم",
        "t": 1
      },
      {
        "answer": "بأنْ نُكذِّبَهم",
        "t": 0
      }
    ]
  },
  {
    "id": 77,
    "q": "قولُه تعالى: {أَنْفِقُوا مِنْ طَيِّبَاتِ مَا كَسَبْتُمْ}، ولم يقُلْ: ما تَملِكونَ:",
    "level": 1,
    "link": "https://www.dorar.net/tafseer/2/46#tt17",
    "section": "al-baqarah",
    "answers": [
      {
        "answer": "لأنَّ الإنْسانَ قد يضِنُّ بما كسَبَه أكثرَ مما يضِنُّ بما ورِثَه",
        "t": 1
      },
      {
        "answer": "لأنَّ الكَسبَ لا يَدخلُ تحتَ اسمِ التَّملُّك",
        "t": 0
      },
      {
        "answer": "لأنَّ كلَّ ما يملِكونَ هو حَقٌّ للوَرثةِ ولا يجوزُ إِنفاقُه",
        "t": 0
      }
    ]
  },
  {
    "id": 76,
    "q": "دَلالةُ قولِه تعالى: {الشَّيْطَانُ يَعِدُكُمُ الفَقْرَ}",
    "level": 1,
    "link": "https://www.dorar.net/tafseer/2/46#tt16",
    "section": "al-baqarah",
    "answers": [
      {
        "answer": "كلُّ مَن يأمُرُ بعدمِ الإنْفاقِ منَ الجنِّ والإنسِ يُشبِهُ الشَّيطانَ",
        "t": 1
      },
      {
        "answer": "يَشمَلُ كلَّ شَياطينِ الجنِّ فقطْ",
        "t": 0
      },
      {
        "answer": "مُقتصرٌ على الشَّيطانِ الحَقيقيِّ",
        "t": 0
      }
    ]
  },
  {
    "id": 68,
    "q": "معنى الريبِ في قولِه تعالى: {لَا رَيْبَ فِيهِ} هو:",
    "level": 1,
    "link": "https://www.dorar.net/tafseer/2/1#tt7",
    "section": "al-baqarah",
    "answers": [
      {
        "answer": "الشكُّ",
        "t": 1
      },
      {
        "answer": "الظنُّ",
        "t": 0
      },
      {
        "answer": "التكذيبُ",
        "t": 0
      }
    ]
  },
  {
    "id": 80,
    "q": "معنى: {خَتَمَ اللَّهُ عَلَى قُلُوبِهِمْ}:",
    "level": 1,
    "link": "https://www.dorar.net/tafseer/2/2#tt4",
    "section": "al-baqarah",
    "answers": [
      {
        "answer": "مَسخَها اللهُ مِثلَ قُلوبِ القِردَةِ والخَنازير",
        "t": 0
      },
      {
        "answer": "طَبَع اللهُ عليها فلا يَنتفعونَ بهُدًى",
        "t": 1
      },
      {
        "answer": "جَعلهَا مَختُومةً؛ أي: تَتَّبِعُ أَهواءَها",
        "t": 0
      }
    ]
  },
  {
    "id": 67,
    "q": "أخْبَرَ اللهُ تعالى بأنَّ أشدَّ الناسِ ظُلمًا هو",
    "level": 1,
    "link": "https://www.dorar.net/tafseer/2/20#tt9",
    "section": "al-baqarah",
    "answers": [
      {
        "answer": "الذي يَقتُل أَحدَ والدِيْهِ",
        "t": 0
      },
      {
        "answer": "من يُحارِب رَسولَ اللهِ ﷺ ويمنعه مِن نَشرِ دَعوتِه",
        "t": 0
      },
      {
        "answer": "مَن منَعَ ذِكرَه في بُيوتِه، وبذَلَ جُهدًا في إفْسادِها",
        "t": 1
      }
    ]
  },
  {
    "id": 78,
    "q": "قولُ اللهِ تعالى: {وَمَنْ أَظْلَمُ مِمَّنْ مَنَعَ مَسَاجِدَ اللَّهِ أَنْ يُذْكَرَ فِيهَا اسْمُهُ} يُفيدُ:",
    "level": 1,
    "link": "https://www.dorar.net/tafseer/2/20#tt16",
    "section": "al-baqarah",
    "answers": [
      {
        "answer": "أنَّ ذِكرَ اللهِ تعالى باللِّسانِ لا بدَّ أنْ يكونَ باسمِه",
        "t": 1
      },
      {
        "answer": "أنَّ الذِّكرَ يكون بالقَلبِ واللِّسانِ والجَوارح",
        "t": 0
      },
      {
        "answer": "أنَّ الذِّكرَ يكونُ على أيِّ وضعٍ",
        "t": 0
      }
    ]
  },
  {
    "id": 74,
    "q": "في قولِه تعالى: {وَمَثَلُ الَّذِينَ يُنْفِقُونَ أَمْوَالَهُمُ ابْتِغَاءَ مَرْضَاتِ اللَّهِ...}:",
    "level": 1,
    "link": "https://www.dorar.net/tafseer/2/45#tt4",
    "section": "al-baqarah",
    "answers": [
      {
        "answer": "بيانُ أنَّ النِّيةَ لا أثَرَ لها في العمَلِ",
        "t": 0
      },
      {
        "answer": "أنَّ الإخْلاصَ مَطلوبٌ لكنْ ليس شَرطًا لقَبولِ العَملِ",
        "t": 0
      },
      {
        "answer": "بيانُ ما للنيَّةِ من تَأْثيرٍ في قَبُولِ الأعْمالِ",
        "t": 1
      }
    ]
  },
  {
    "id": 64,
    "q": "السَّلْوى الذي أنْزَلَه اللهُ تعالى على بَني إسْرائيلَ هو:",
    "level": 1,
    "link": "https://www.dorar.net/tafseer/2/9#tt4",
    "section": "al-baqarah",
    "answers": [
      {
        "answer": "طائرٌ، قيلَ: هو السُّمَانى",
        "t": 1
      },
      {
        "answer": "اليَمامُ",
        "t": 0
      },
      {
        "answer": "الحَمامُ",
        "t": 0
      }
    ]
  },
  {
    "id": 79,
    "q": "معنى: (مَيْسَرَةٍ) في قولِ اللهِ تعالى: {فَنَظِرَةٌ إِلَى مَيْسَرَةٍ}:",
    "level": 1,
    "link": "https://www.dorar.net/tafseer/2/47#tt7",
    "section": "al-baqarah",
    "answers": [
      {
        "answer": "اليُسرُ والرخاءُ",
        "t": 1
      },
      {
        "answer": "السيرُ الطويلُ",
        "t": 0
      },
      {
        "answer": "الإنفاقُ باليدِ اليُسرى",
        "t": 0
      }
    ]
  },
  {
    "id": 73,
    "q": "في قولِه تعالى: (قَوْلٌ مَعْرُوفٌ وَمَغْفِرَةٌ خَيْرٌ مِنْ صَدَقَةٍ):",
    "level": 1,
    "link": "https://www.dorar.net/tafseer/2/45#tt4",
    "section": "al-baqarah",
    "answers": [
      {
        "answer": "أنَّ العِبرةَ بالإيمانِ فقطْ، لا بالعَملِ",
        "t": 0
      },
      {
        "answer": "أنَّ الأعمالَ الصَّالحةَ لا تَتفاضَلُ",
        "t": 0
      },
      {
        "answer": "أنَّ الأعمالَ الصَّالحةَ تَتفاضَلُ",
        "t": 1
      }
    ]
  },
  {
    "id": 75,
    "q": "كلمةُ {أموالَهم} في قولِه تعالى: {وَمَثَلُ الَّذِينَ يُنْفِقُونَ أَمْوَالَهُمُ} تُفيدُ:",
    "level": 1,
    "link": "https://www.dorar.net/tafseer/2/45#tt4",
    "section": "al-baqarah",
    "answers": [
      {
        "answer": "أنَّ الصَّدقةَ لا تُكونُ إلَّا مِن المالِ",
        "t": 0
      },
      {
        "answer": "اشتِراطَ المِلكِ التامِّ للصَّدقةِ قبلَ التَّصدُّقِ بها",
        "t": 0
      },
      {
        "answer": "إثْباتَ المِلكيَّةِ للإنْسانِ",
        "t": 1
      }
    ]
  },
  {
    "id": 63,
    "q": "كانت طَريقةُ تَوبةِ بَني إسْرائيلَ هي:",
    "level": 1,
    "link": "https://www.dorar.net/tafseer/2/9#tt9",
    "section": "al-baqarah",
    "answers": [
      {
        "answer": "أنْ يُحرِّرُوا بَيتَ المَقدِس مِن العَمالِيق",
        "t": 0
      },
      {
        "answer": "أنْ يَستَغفِروا اللهَ تعالى",
        "t": 0
      },
      {
        "answer": "أنْ يَقتُلَ بعضُهم بعضًا",
        "t": 1
      }
    ]
  }
]