[
  {
    "id": 6512,
    "q": "يَتَميَّزُ الرِّثاءُ الجاهِليُّ ببعضِ الخَصائِصِ؛ مِنها:",
    "level": 3,
    "link": "https://dorar.net/arabia/5892",
    "section": "al-adab",
    "answers": [
      {
        "answer": "تَعلُّقُ الجاهِليِّينَ بالحَياةِ وخَوْفُهم مِن المَوْتِ",
        "t": 1
      },
      {
        "answer": "المُبالَغةُ ومَدْحُ المَيِّتِ بما ليس فيه",
        "t": 0
      },
      {
        "answer": "المُقدِّماتُ الطَّلَليَّةُ والغَزَليَّةُ",
        "t": 0
      }
    ]
  },
  {
    "id": 6508,
    "q": "من أبْرَزِ مَصادِرِ الشِّعْرِ الجاهِليِّ:",
    "level": 3,
    "link": "https://dorar.net/arabia/5857",
    "section": "al-adab",
    "answers": [
      {
        "answer": "الدِّيوانِيَّات",
        "t": 0
      },
      {
        "answer": "الطَّبَقات",
        "t": 0
      },
      {
        "answer": "المُفَضَّليَّاتُ",
        "t": 1
      }
    ]
  },
  {
    "id": 6492,
    "q": "شاعِرُ من المُخَضْرَمينَ؛ عاشَ سِتِّينَ سَنَةً في الجاهِليَّةِ وسِتِّينَ سَنَةً في الإسْلامِ:",
    "level": 3,
    "link": "https://dorar.net/arabia/5975",
    "section": "al-adab",
    "answers": [
      {
        "answer": "عبدُ الله بنُ رَواحَةَ",
        "t": 0
      },
      {
        "answer": "كَعبُ بنُ مالِكٍ",
        "t": 0
      },
      {
        "answer": "حسَّانُ بنُ ثابِت",
        "t": 1
      }
    ]
  },
  {
    "id": 6489,
    "q": "شاعِرٌ جاهِليٌّ مِن طَبَقاتِ فُحولِ الشُّعَراءِ، لُقِّبَ بصَنَّاجةِ العَربِ:",
    "level": 3,
    "link": "https://dorar.net/arabia/5909",
    "section": "al-adab",
    "answers": [
      {
        "answer": "أسَعْدُ بنُ زُرارةَ",
        "t": 0
      },
      {
        "answer": "الأعْشى",
        "t": 1
      },
      {
        "answer": "أكْثَمُ بنُ صَيْفيٍّ",
        "t": 0
      }
    ]
  },
  {
    "id": 6505,
    "q": "يَتميَّزُ النَّصُّ الأدَبيُّ مِن غيْرِه مِنَ العُلومِ والفُنونِ بعَدَدٍ مِنَ الخَصائِصِ، منها:",
    "level": 3,
    "link": "https://dorar.net/arabia/5802",
    "section": "al-adab",
    "answers": [
      {
        "answer": "العاطِفةُ",
        "t": 1
      },
      {
        "answer": "الواقِعِيَّةُ",
        "t": 0
      },
      {
        "answer": "البَيانِ ",
        "t": 0
      }
    ]
  },
  {
    "id": 6507,
    "q": "كَلِمةُ (الجاهِليَّة) -الَّتي أُطلِقتْ على الحِقْبةِ الزَّمنيَّةِ- غيْرُ مَقْصودٍ بها الجَهْلُ الَّذي هو نَقيضُ العِلمِ، وإنَّما تَعْني:",
    "level": 3,
    "link": "https://dorar.net/arabia/5841",
    "section": "al-adab",
    "answers": [
      {
        "answer": "عَادات العَربِ في الشَّرْقِ القَديمِ",
        "t": 0
      },
      {
        "answer": "الَّذين سكنوا البَوادي وانقَطَعُوا عن الحَضارَةِ ",
        "t": 0
      },
      {
        "answer": "الحال الَّتي كانَتْ عليها العَربُ ‌قبْلَ ‌الإسلامِ",
        "t": 1
      }
    ]
  },
  {
    "id": 6486,
    "q": "كانَ مِن أكْثَرِ النَّاسِ اهْتِمامًا بالشِّعْرِ، ومِن أكْثَرِ النَّاسِ رِوايةً للشِّعْرِ القَديمِ:",
    "level": 3,
    "link": "https://dorar.net/arabia/6022",
    "section": "al-adab",
    "answers": [
      {
        "answer": "الفَرَزْدَقُ",
        "t": 1
      },
      {
        "answer": "أبو عُبيدَةَ مَعمَر بنُ المُثَنَّى",
        "t": 0
      },
      {
        "answer": "ابنُ مَيمُون البَغدادِيُّ",
        "t": 0
      }
    ]
  },
  {
    "id": 6472,
    "q": "الغَزَلُ العُذْريُّ: هو ",
    "level": 3,
    "link": "https://dorar.net/arabia/6040",
    "section": "al-adab",
    "answers": [
      {
        "answer": "الغَزَلُ العَفيفُ",
        "t": 1
      },
      {
        "answer": "الغَزَلُ المُبتَذَلُ",
        "t": 0
      },
      {
        "answer": "الغَزَلُ الصَّرِيحُ ",
        "t": 0
      }
    ]
  },
  {
    "id": 6474,
    "q": "مِن أشهَرِ الأسواقِ الأَدبِيَّةِ في عَصْرِ بَني أُمَيَّةَ:",
    "level": 3,
    "link": "https://dorar.net/arabia/6024",
    "section": "al-adab",
    "answers": [
      {
        "answer": "سُوق دَوْمَةِ الجَندَلِ و سُوقُ الرَّابِيَةِ",
        "t": 0
      },
      {
        "answer": "سُوقُ المِرْبَدِ بالبَصْرةِ والكُناسةِ بالكُوفةِ",
        "t": 1
      },
      {
        "answer": "سُوقُ عُكاظ وسُوقُ هَجَر",
        "t": 0
      }
    ]
  },
  {
    "id": 6490,
    "q": "اسْتُعمِلَتْ الخَطابةُ في أغْراضٍ كَثيرةٍ؛ مِنها:",
    "level": 3,
    "link": "https://dorar.net/arabia/5935",
    "section": "al-adab",
    "answers": [
      {
        "answer": "الحِكَمُ والأمْثالُ",
        "t": 0
      },
      {
        "answer": "المُفاخَراتُ والمُنافَراتُ",
        "t": 1
      },
      {
        "answer": "الغَزلُ والرِّثاءُ",
        "t": 0
      }
    ]
  },
  {
    "id": 6506,
    "q": "الأدَبُ العَربيُّ يَخضَعُ لمُؤثِّراتٍ مُخْتلِفةٍ تُؤثِّرُ فيه إيجابًا وسَلْبًا ومِن أبْرَزِها:",
    "level": 3,
    "link": "https://dorar.net/arabia/5823",
    "section": "al-adab",
    "answers": [
      {
        "answer": "الطَّبْعُ والمَوْهِبةُ",
        "t": 1
      },
      {
        "answer": "كَثرَةُ الدَّلالاتِ اللَّفظِيَّةِ للمُفرَدَةِ الواحِدَةِ",
        "t": 0
      },
      {
        "answer": "ازدِواجِيَّةُ المَعنَى والمَبنَى",
        "t": 0
      }
    ]
  },
  {
    "id": 6493,
    "q": "تَميَّزَتِ الكِتابةُ النَّثْريَّةُ في صَدْرِ الإسْلامِ بعِدَّةِ مُمَيِّزاتٍ اخْتَصَّتْ بها، ومنها:",
    "level": 3,
    "link": "https://dorar.net/arabia/6005",
    "section": "al-adab",
    "answers": [
      {
        "answer": "التَّأثُّرُ بالقُرآنِ الكَريمِ والاسْتِشهادُ به",
        "t": 1
      },
      {
        "answer": "الإِكثارُ مِن السَّجْعِ والمُحسِّناتِ البَديعيَّةِ",
        "t": 0
      },
      {
        "answer": "الابتِعادُ عن الحِكَمِ والأمْثالِ والأقْوالِ المَأثورةِ",
        "t": 0
      }
    ]
  },
  {
    "id": 6488,
    "q": " قسَّمَ العُلَماءُ الشُّعَراءَ خَمْسةَ أنْواعٍ، منها: \"شُعْرورٌ\" ويُقصَدُ به:",
    "level": 3,
    "link": "https://dorar.net/arabia/5901",
    "section": "al-adab",
    "answers": [
      {
        "answer": "الشَّاعِرُ المُتَمَكِّنُ واسِعُ الخَيالِ",
        "t": 0
      },
      {
        "answer": "الشَّاعِرُ الرَّديءُ؛ كأنَّه لا شيءَ",
        "t": 1
      },
      {
        "answer": "الشَّاعِرُ الذي يَسجَعُ كسَجْعِ الكُهَّانِ",
        "t": 0
      }
    ]
  },
  {
    "id": 6491,
    "q": "تَتابَعَ مُؤرِّخو الأدَبِ أن يَضمُّوا عَصْرَ النُّبوَّةِ والخِلافةِ الرَّاشِدةِ معَ عَصْرِ الدَّوْلةِ الأُمَويَّةِ ويُطلِقوا عليه: ",
    "level": 3,
    "link": "https://dorar.net/arabia/5948",
    "section": "al-adab",
    "answers": [
      {
        "answer": "العَصرَ الذَّهبِيَّ",
        "t": 0
      },
      {
        "answer": "عَصرَ صَدرِ الإسْلامِ",
        "t": 1
      },
      {
        "answer": "عَصرَ الرُّشدِ",
        "t": 0
      }
    ]
  },
  {
    "id": 6487,
    "q": "شاعِرٌ اشْتَهرَ في الجاهِليَّةِ، ولمَّا ظَهَرَ الإسْلامُ هَجا النَّبيَّ صلَّى اللهُ عليه وسلَّمَ وأقامَ يُشبِّبُ بنِساءِ المُسْلِمينَ، فأهْدَرَ النَّبيُّ دَمَه:",
    "level": 3,
    "link": "https://dorar.net/arabia/5977",
    "section": "al-adab",
    "answers": [
      {
        "answer": "كَعبُ بنُ زُهَير",
        "t": 1
      },
      {
        "answer": "عبدُ الله بنُ خَطلَ",
        "t": 0
      },
      {
        "answer": "الحُوَيْرِثُ بنُ نقيذٍ",
        "t": 0
      }
    ]
  },
  {
    "id": 6510,
    "q": "عرَفَتِ القَصيدةُ الجاهِليَّةُ شَكلًا مُوَحَّدًا لا تَخرُجُ عنه ومنها:",
    "level": 3,
    "link": "https://dorar.net/arabia/5879",
    "section": "al-adab",
    "answers": [
      {
        "answer": "إِطلاقُ الخَيالِ وعَدمُ تَقيِيدِه",
        "t": 0
      },
      {
        "answer": "الفَخرُ بالقَبيلَةِ وأَنسابِها",
        "t": 0
      },
      {
        "answer": "ذِكرُ المُقدِّمةِ الطَّلَليَّةِ",
        "t": 1
      }
    ]
  },
  {
    "id": 6515,
    "q": "كانت سَبَبًا في رَواجِ الشِّعْرِ وانتِشارِه وازِدْهارِه: ",
    "level": 3,
    "link": "https://dorar.net/arabia/6024",
    "section": "al-adab",
    "answers": [
      {
        "answer": "الفُتُوحاتُ الإِسلامِيَّةُ",
        "t": 0
      },
      {
        "answer": "الأسواقُ الأدَبِيَّةُ ",
        "t": 1
      },
      {
        "answer": "رِحلَتَا الشِّتاءِ والصَّيفِ",
        "t": 0
      }
    ]
  },
  {
    "id": 6509,
    "q": "تُعَدُّ كُتُبُ \"الحَماسةِ\" جُزْءًا مِن كُتُبِ:",
    "level": 3,
    "link": "https://dorar.net/arabia/5869",
    "section": "al-adab",
    "answers": [
      {
        "answer": "كُتُبِ البَلاغةِ",
        "t": 0
      },
      {
        "answer": "آدابِ التَّغْلبيِّينَ",
        "t": 0
      },
      {
        "answer": "الاخْتِياراتِ الشِّعْريَّةِ",
        "t": 1
      }
    ]
  },
  {
    "id": 6473,
    "q": "النَّقيضةُ في الشِّعْرِ  هي:",
    "level": 3,
    "link": "https://dorar.net/arabia/6052",
    "section": "al-adab",
    "answers": [
      {
        "answer": "التَّنافُسُ المَحمُودُ في الارتِجالِ",
        "t": 0
      },
      {
        "answer": "أن يَنقُضَ الشَّاعِرُ الآخَرُ ما قالَه الأوَّلُ ",
        "t": 1
      },
      {
        "answer": "المُناظَرةِ في النِّحَلِ السِّياسيَّةِ والعَقَديَّةِ",
        "t": 0
      }
    ]
  },
  {
    "id": 6511,
    "q": "أوَّلَ مَن قسَّمَ الشِّعْرَ إلى مَوْضوعاتٍ:",
    "level": 3,
    "link": "https://dorar.net/arabia/5884",
    "section": "al-adab",
    "answers": [
      {
        "answer": "النَّابِغةُ الذُّبيانِيُّ",
        "t": 0
      },
      {
        "answer": "أبو تَمَّامٍ",
        "t": 1
      },
      {
        "answer": "البُحتُرِيُّ",
        "t": 0
      }
    ]
  }
]