[
  {
    "id": 6494,
    "q": "فَنُّ مُخاطَبةِ الجُمْهورِ الَّذي يَعْتمِدُ على الإقْناعِ والاسْتِمالةِ والتَّأثيرِ يُسمَّى:",
    "level": 2,
    "link": "https://dorar.net/arabia/5935",
    "section": "al-adab",
    "answers": [
      {
        "answer": "الخَطابة",
        "t": 1
      },
      {
        "answer": "الكِتابَة",
        "t": 0
      },
      {
        "answer": "الوَعْظ",
        "t": 0
      }
    ]
  },
  {
    "id": 6526,
    "q": "دَواوينُ الحَماسةِ سُمِّيَتْ بـ\"الحَماسةِ\" نِسبةً إلى: ",
    "level": 2,
    "link": "https://dorar.net/arabia/5869",
    "section": "al-adab",
    "answers": [
      {
        "answer": "الشَّاعِرِ الجاهِليِّ حَماسَةُ بنُ الرَّبيعِ؛ لأنَّه أوَّلُ مَن بَرَعَ فيها",
        "t": 0
      },
      {
        "answer": "طَبيعةَ المُخْتاراتِ الأدَبيَّةِ",
        "t": 0
      },
      {
        "answer": "ديوانِ الحَماسةِ لأبي تَمَّامٍ، وهو أوَّلُ ما سُمِّيَ بذلِك",
        "t": 1
      }
    ]
  },
  {
    "id": 6498,
    "q": "كانَ كَثيرٌ مِن أصْحابِ النَّبيِّ صلَّى اللهُ عليه وسلَّمَ خُطَباءَ في الجاهِليَّةِ، ومنهم:",
    "level": 2,
    "link": "https://dorar.net/arabia/5996",
    "section": "al-adab",
    "answers": [
      {
        "answer": "سُهَيْلِ بنِ عَمْرٍو رضي الله عنه",
        "t": 1
      },
      {
        "answer": "حسَّان بنِ ثابِت رضي الله عنه",
        "t": 0
      },
      {
        "answer": "عبْدِ اللهِ بنِ الزُّبَيْرِ رضي الله عنه",
        "t": 0
      }
    ]
  },
  {
    "id": 6504,
    "q": "من خَصائِص النَّثْرِ في العَصْرِ الأُمَوِيِّ",
    "level": 2,
    "link": "https://dorar.net/arabia/6080",
    "section": "al-adab",
    "answers": [
      {
        "answer": "الاسْتِشْهادُ بالشِّعْرِ والحِكَمِ والأمْثالِ",
        "t": 1
      },
      {
        "answer": "استِعمالُ الأوْزانِ الشِّعْريَّةِ في عُمومِ المُكاتَباتِ",
        "t": 0
      },
      {
        "answer": "الرَّفاهيةِ الأَدبِيَّةِ",
        "t": 0
      }
    ]
  },
  {
    "id": 6525,
    "q": "احْتاجَ العُلَماءُ إلى ضَبْطِ العُلومِ؛ وقد لَجَؤوا فيها إلى البُحورِ الخَفيفةِ الوَزْنِ، وقد كانَ أكْثَرُ تلك القَصائِدِ على وزن بَحْرِ:",
    "level": 2,
    "link": "https://dorar.net/arabia/6128",
    "section": "al-adab",
    "answers": [
      {
        "answer": "الكامِل",
        "t": 0
      },
      {
        "answer": "البَسِيط",
        "t": 0
      },
      {
        "answer": "الرَّجَز",
        "t": 1
      }
    ]
  },
  {
    "id": 6522,
    "q": "من مَوْضوعاتُ الشِّعْرِ الجاهِليِّ:",
    "level": 2,
    "link": "https://dorar.net/arabia/5884",
    "section": "al-adab",
    "answers": [
      {
        "answer": "النِّكاحُ",
        "t": 0
      },
      {
        "answer": "الوَصَايَا",
        "t": 0
      },
      {
        "answer": "المَدْحُ",
        "t": 1
      }
    ]
  },
  {
    "id": 6529,
    "q": "يَنْقسِمُ النَّثْرُ العَربيُّ إلى أنْواعٍ كَثيرةٍ، ومنها:",
    "level": 2,
    "link": "https://dorar.net/arabia/5832",
    "section": "al-adab",
    "answers": [
      {
        "answer": "الإيجازُ والإطْنابُ",
        "t": 0
      },
      {
        "answer": "المُعَلَّقاتُ",
        "t": 0
      },
      {
        "answer": "القِصَّةُ",
        "t": 1
      }
    ]
  },
  {
    "id": 6499,
    "q": "من مُمَيِّزات الخَطابةِ وخَصائِصِها اللَّفْظيَّة:",
    "level": 2,
    "link": "https://dorar.net/arabia/5998",
    "section": "al-adab",
    "answers": [
      {
        "answer": "وِحدَةُ المَوضُوعِ",
        "t": 0
      },
      {
        "answer": "المَيلُ إلى الإيجازِ",
        "t": 1
      },
      {
        "answer": "الاعتِمادُ على الجانِبِ الدِّينيِّ",
        "t": 0
      }
    ]
  },
  {
    "id": 6531,
    "q": "يَرجِعُ أصْلُ كَلِمةِ \"الأدَبِ\" في اللُّغةِ إلى مَعنى:",
    "level": 2,
    "link": "https://dorar.net/arabia/5792",
    "section": "al-adab",
    "answers": [
      {
        "answer": "الدُّعاء",
        "t": 1
      },
      {
        "answer": "العِلْم",
        "t": 0
      },
      {
        "answer": "الحِلْم",
        "t": 0
      }
    ]
  },
  {
    "id": 6524,
    "q": " قسَّمَ العُلَماءُ الشُّعَراءَ خَمْسةَ أنْواعٍ، منها: \"شُوَيعِرٌ\" ويُقصَدُ بِه:",
    "level": 2,
    "link": "https://dorar.net/arabia/5901",
    "section": "al-adab",
    "answers": [
      {
        "answer": "شاعِرٌ جَيِّدٌ في المُجمَلِ",
        "t": 0
      },
      {
        "answer": "فوقَ الشِّعْرِ الرَّديءِ بدَرَجةٍ",
        "t": 1
      },
      {
        "answer": "الشَّاعِرُ الفَحْلُ",
        "t": 0
      }
    ]
  },
  {
    "id": 6495,
    "q": "مِن أشْهَرِ الحِكَمِ الجاهِليَّةِ؛ قَولُهم:",
    "level": 2,
    "link": "https://dorar.net/arabia/5943",
    "section": "al-adab",
    "answers": [
      {
        "answer": "النَّفسُ أمَّارَةٌ بالسُّوءِ",
        "t": 0
      },
      {
        "answer": "رُبَّ أخٍ لم تَلِدْه أمُّك",
        "t": 1
      },
      {
        "answer": "في التَّأنِّي السَّلامَةُ، وفي العَجَلَةِ النَّدامَةُ",
        "t": 0
      }
    ]
  },
  {
    "id": 6523,
    "q": "الرِّثاءُ هو:",
    "level": 2,
    "link": "https://dorar.net/arabia/5892",
    "section": "al-adab",
    "answers": [
      {
        "answer": "بُكاءُ المَيِّتِ ومَدْحُه",
        "t": 1
      },
      {
        "answer": "أن يَتَناوَلَ الشَّاعِرُ غيْرَه بالسَّبِّ والذَّمِّ",
        "t": 0
      },
      {
        "answer": "الأُسلوبِ المُوجَزِ الَّذي لا مَجالَ فيه للحَشْوِ والإطْنابِ",
        "t": 0
      }
    ]
  },
  {
    "id": 6503,
    "q": " بعضَ الشُّعَراءِ كانَ مُسْتغرِقًا في البَداوةِ، فجاءَتْ ألْفاظُه بَدويَّةً خالِصةً، مِثل:",
    "level": 2,
    "link": "https://dorar.net/arabia/6068",
    "section": "al-adab",
    "answers": [
      {
        "answer": "ذُو الرُّمَّةِ",
        "t": 1
      },
      {
        "answer": "الأَخطَلُ",
        "t": 0
      },
      {
        "answer": "بَشَّارُ بنُ بُردٍ",
        "t": 0
      }
    ]
  },
  {
    "id": 6502,
    "q": "من مَوْضوعاتُ الشِّعْرِ في العَصْرِ الأمَويِّ الذي ابتَكرَه الأُمَوِيُّونَ ولم يَكُنْ قَبْلَهم:",
    "level": 2,
    "link": "https://dorar.net/arabia/6064",
    "section": "al-adab",
    "answers": [
      {
        "answer": "شِعرُ المَقاماتِ",
        "t": 0
      },
      {
        "answer": "شِعرُ النَّقائِضِ",
        "t": 1
      },
      {
        "answer": "شِعرُ  التَّراجِمِ",
        "t": 0
      }
    ]
  },
  {
    "id": 6500,
    "q": "انْتَشرَتْ في العِراقِ مَوْجةٌ مِن الزُّهْدِ المُبالَغِ فيه وذلك بسَببِ:",
    "level": 2,
    "link": "https://dorar.net/arabia/6054",
    "section": "al-adab",
    "answers": [
      {
        "answer": "التأثِّرِ بالأدْيانِ والثَّقافاتِ المُخْتلِفةِ جَرَّاءَ اخْتِلاطِ العَربِ بغيْرِهم",
        "t": 1
      },
      {
        "answer": "ظُهُورِ المُتصَوِّفَةِ وسَيطرتُهم عل حُكمِ العِراقِ",
        "t": 0
      },
      {
        "answer": "التَّأثُّر بالفَلسَفَةِ والمَنطِقِ والمَذهَبِ الأَرسطيِّ",
        "t": 0
      }
    ]
  },
  {
    "id": 6497,
    "q": "مَوقِفُ الإسْلامِ مِن الشِّعْرِ:",
    "level": 2,
    "link": "https://dorar.net/arabia/5953",
    "section": "al-adab",
    "answers": [
      {
        "answer": "الإسلامُ ما حرَّمَ الشِّعْرَ ولا عابَه",
        "t": 1
      },
      {
        "answer": "جَعلَهُ مِن فُرُوضِ الكِفاياتِ؛ إنْ قامَ بهِ البَعضُ سَقطَ عن البَقِيَّةِ",
        "t": 0
      },
      {
        "answer": "الإسلامُ ذَمَّ الشِّعْرَ وعابَه؛ لأنَّه يَصُدُّ عن ذِكْرِ الله",
        "t": 0
      }
    ]
  },
  {
    "id": 6530,
    "q": "يُقَسَّمُ الأدَبُ العَربيُّ باعتِبارِ التَّاريخِ إلى عُصورٍ؛ ومنها:",
    "level": 2,
    "link": "https://dorar.net/arabia/5813",
    "section": "al-adab",
    "answers": [
      {
        "answer": "العَصرُ العبَّاسيُّ",
        "t": 1
      },
      {
        "answer": "العَصرُ الفارِسيُّ",
        "t": 0
      },
      {
        "answer": "العَصرُ العُثمانيُّ",
        "t": 0
      }
    ]
  },
  {
    "id": 6496,
    "q": "يُقَسَّمُ الأدَبُ العَربيُّ باعْتِبارِ مَوْضوعاتِه إلى قِسْمَينِ:",
    "level": 2,
    "link": "https://dorar.net/arabia/5815",
    "section": "al-adab",
    "answers": [
      {
        "answer": "شِعْر ونَثْر",
        "t": 1
      },
      {
        "answer": "لُغَوِي وأَدَبي",
        "t": 0
      },
      {
        "answer": "كُتُب ورَسائِل",
        "t": 0
      }
    ]
  },
  {
    "id": 6501,
    "q": "مِن فُحولِ شُعَراءِ الإسلامِ، وكانَ مِن أشَدِّ النَّاسِ هِجاءً:",
    "level": 2,
    "link": "https://dorar.net/arabia/6057",
    "section": "al-adab",
    "answers": [
      {
        "answer": "المُتنَبِّي",
        "t": 0
      },
      {
        "answer": "جَريرُ",
        "t": 1
      },
      {
        "answer": "الأصْمَعيُّ",
        "t": 0
      }
    ]
  },
  {
    "id": 6516,
    "q": "أشْهَرُ شُعَراءِ العَصْرِ الجاهِليِّ هُمْ: ",
    "level": 2,
    "link": "https://dorar.net/arabia/5901",
    "section": "al-adab",
    "answers": [
      {
        "answer": "شُعراءُ بَنِي تَميمٍ",
        "t": 0
      },
      {
        "answer": "الشُّعَراءُ الصَّعاليقُ",
        "t": 0
      },
      {
        "answer": "أصْحابُ المُعلَّقاتِ العَشْرِ",
        "t": 1
      }
    ]
  }
]