[
  {
    "id": 6528,
    "q": "شاعِرٌ انْتَقلَ إلى البادِيةِ فتَمكَّنَ لِسانُه مِن اللُّغةِ والشِّعْرِ؛ فكانَ أبْعَدَ النَّاسِ عن اللَّحْنِ في شِعْرِه:",
    "level": 1,
    "link": "https://dorar.net/arabia/6135",
    "section": "al-adab",
    "answers": [
      {
        "answer": "أبُو العَتاهِيَةِ",
        "t": 0
      },
      {
        "answer": "حَسَّانُ بنُ ثابِتٍ",
        "t": 0
      },
      {
        "answer": "بَشَّارُ بنُ بُرْدٍ",
        "t": 1
      }
    ]
  },
  {
    "id": 6537,
    "q": "اهْتَمَّ الخُلَفاءُ العبَّاسيُّونَ ووُزَراؤُهم مِن البَرامِكةِ بعَقْدِ المُناظَراتِ بَيْنَ:",
    "level": 1,
    "link": "https://dorar.net/arabia/6162",
    "section": "al-adab",
    "answers": [
      {
        "answer": "الشُّعَراء والأُدَباء",
        "t": 0
      },
      {
        "answer": "الوُعَّاظِ واللُّغوِيِّينَ",
        "t": 0
      },
      {
        "answer": "المُتَكلِّمينَ والفُقَهاءِ والفَلاسِفةِ",
        "t": 1
      }
    ]
  },
  {
    "id": 6542,
    "q": "مِن فَوائدِ دِراسَةِ الأدَبِ:",
    "level": 1,
    "link": "https://dorar.net/arabia/5797",
    "section": "al-adab",
    "answers": [
      {
        "answer": "فَكُّ رُموزِ مُعلَّقاتِ الجاهِليَّةِ وبَيانُ ما استُغرِبَ مِنها",
        "t": 0
      },
      {
        "answer": "فَهمُ اللُّغةِ العَربيَّةِ وتَذوُّقُها",
        "t": 1
      },
      {
        "answer": "الوُقوفُ على تَاريخِ العَربِ ومَفاخِرِها ودَواوينِ أَنسابِها",
        "t": 0
      }
    ]
  },
  {
    "id": 6517,
    "q": "من مُكوِّناتُ العَمَلِ الأدَبيِّ: الخَيالُ، ويُقصَدُ بِه:",
    "level": 1,
    "link": "https://dorar.net/arabia/5808",
    "section": "al-adab",
    "answers": [
      {
        "answer": "ما يَحُولُ بين وُقوعِه عائِقٌ لا مَنطقِي",
        "t": 0
      },
      {
        "answer": "اللُّغةُ التَّصْويريَّةُ في العَمَلِ الأدَبيِّ",
        "t": 1
      },
      {
        "answer": "العَملُ الأَدبيُّ الخالي مِن تَعقِيداتِ الواقِعِ",
        "t": 0
      }
    ]
  },
  {
    "id": 6521,
    "q": "كَثُرَتْ أشْعارُ الحَماسةِ في العَصْرِ العبَّاسيِّ جدًّا، وذلك بسَبَبِ:",
    "level": 1,
    "link": "https://dorar.net/arabia/6124",
    "section": "al-adab",
    "answers": [
      {
        "answer": "ما حَدَثَ فيها مِن فُتوحاتٍ وغَزَواتٍ",
        "t": 1
      },
      {
        "answer": "شُيوعِ الرَّفاهِيَةِ وكَثرَةِ الأَموالِ",
        "t": 0
      },
      {
        "answer": "انفِتاحِ العبَّاسِيِّينَ على الثَّقافَةِ الغَربِيَّةِ",
        "t": 0
      }
    ]
  },
  {
    "id": 6535,
    "q": "ازْدَهَرَتِ الرَّسائِلُ في العَصْرِ العبَّاسيِّ ازْدِهارًا كَبيرًا، ويَرجِعُ ذلك إلى عَوامِلَ من أهَمُّها التَّأثُّرُ بكَاتِبَينِ مُهمَّينِ، وهما: ",
    "level": 1,
    "link": "https://dorar.net/arabia/6168",
    "section": "al-adab",
    "answers": [
      {
        "answer": "المُتَنَبِيُّ وسَيفُ الدَّولَةِ",
        "t": 0
      },
      {
        "answer": "البُحتُريُّ والجاحِظُ",
        "t": 0
      },
      {
        "answer": "عبدُ الحَميدِ الكاتِبُ وعبدُ الله بنُ المُقَفَّعِ",
        "t": 1
      }
    ]
  },
  {
    "id": 6514,
    "q": "كَثيرًا مِن الشُّعَراءِ الَّذين شُهِروا بَيْنَ النَّاسِ بالفِسْقِ والمُجونِ رَجَعَوا إلى اللهِ وتابوا، ومنهم:",
    "level": 1,
    "link": "https://dorar.net/arabia/6118",
    "section": "al-adab",
    "answers": [
      {
        "answer": "المُتنبِّي",
        "t": 0
      },
      {
        "answer": "أبو نُواسٍ",
        "t": 1
      },
      {
        "answer": "الفَرَزدَق",
        "t": 0
      }
    ]
  },
  {
    "id": 6536,
    "q": "ظَهَرَ فَنُّ القَصَصِ عنْدَ العبَّاسيِّينَ مُرْتبِطًا بـ: ",
    "level": 1,
    "link": "https://dorar.net/arabia/6164",
    "section": "al-adab",
    "answers": [
      {
        "answer": "الأَشعارِ والكَلامِ المَوزُونِ ولو لم يكُن شِعرًا",
        "t": 0
      },
      {
        "answer": "بالوَعظِ ومَجالِسِ التَّفسيرِ والذِّكْرِ",
        "t": 1
      },
      {
        "answer": "الفَلسَفَةِ والمَنطِقِ",
        "t": 0
      }
    ]
  },
  {
    "id": 6533,
    "q": "تُعَدُّ التَّوْقيعاتُ فَنًّا بَليغًا مِن فُنونِ:",
    "level": 1,
    "link": "https://dorar.net/arabia/6172",
    "section": "al-adab",
    "answers": [
      {
        "answer": "النَّثرِ",
        "t": 1
      },
      {
        "answer": "الشِّعرِ",
        "t": 0
      },
      {
        "answer": "المَقاماتِ",
        "t": 0
      }
    ]
  },
  {
    "id": 6540,
    "q": "المَقْصودُ بانْتِحالِ الشِّعْرِ:",
    "level": 1,
    "link": "https://dorar.net/arabia/5852",
    "section": "al-adab",
    "answers": [
      {
        "answer": "إدخالُ ما لا يَليقُ بالشِّعْرِ",
        "t": 0
      },
      {
        "answer": "قولُ الشِّعْرِ ونِسْبتُه إلى غيْرِ أهْلِه، والكَذِبُ عليهم",
        "t": 1
      },
      {
        "answer": "النَّثرُ المَوزُونُ المُقَفَّى ولكن على غيرِ أَوْزانِ العَروضِ الشِّعريَّةِ",
        "t": 0
      }
    ]
  },
  {
    "id": 6520,
    "q": "من أشْهَرُ شُعَراءِ العَصْرِ الجاهِليِّ",
    "level": 1,
    "link": "https://dorar.net/arabia/5903",
    "section": "al-adab",
    "answers": [
      {
        "answer": "أبو مَنصُورٍ الثَّعالبيُّ",
        "t": 0
      },
      {
        "answer": "ابنُ قُتيبَةَ",
        "t": 0
      },
      {
        "answer": "امرُؤُ القَيسِ",
        "t": 1
      }
    ]
  },
  {
    "id": 6527,
    "q": "المُتنَبِّي مِن أَشهَرِ شُعراءِ:",
    "level": 1,
    "link": "https://dorar.net/arabia/6131",
    "section": "al-adab",
    "answers": [
      {
        "answer": "العَصرِ العَبَّاسِيِّ",
        "t": 1
      },
      {
        "answer": "العَصرِ الأُمويِّ",
        "t": 0
      },
      {
        "answer": "الأَندلُسِ",
        "t": 0
      }
    ]
  },
  {
    "id": 6518,
    "q": "الكَلامُ المَوْزونُ المُقفَّى الَّذي يَخضَعُ لقَواعِدَ وقَوانينَ مُعيَّنةٍ؛ هو:",
    "level": 1,
    "link": "https://dorar.net/arabia/5815",
    "section": "al-adab",
    "answers": [
      {
        "answer": "فَنُ المَقاماتِ",
        "t": 0
      },
      {
        "answer": "الارتِجالُ",
        "t": 0
      },
      {
        "answer": "الشِّعرُ العربي ",
        "t": 1
      }
    ]
  },
  {
    "id": 6513,
    "q": "مِن دَواوينِ الحَماسةِ:",
    "level": 1,
    "link": "https://dorar.net/arabia/5869",
    "section": "al-adab",
    "answers": [
      {
        "answer": "ديوانُ الحَماسةِ لأبي تَمَّامٍ",
        "t": 1
      },
      {
        "answer": "ديوانُ الحَماسةِ للحَسَنِ البَصريِّ",
        "t": 0
      },
      {
        "answer": "ديوانُ الحَماسةِ لامرِئِ القَيسِ",
        "t": 0
      }
    ]
  },
  {
    "id": 6534,
    "q": "انْتَقلَ العُلَماءُ المَشارِقةُ إلى الأَندلُسِ يُعَلِّمونَ النَّاسَ، كما انْتَقلَ إليها كَثيرٌ مِن الكُتُبِ اللُّغويَّةِ والأدَبيَّةِ مثل: ",
    "level": 1,
    "link": "https://dorar.net/arabia/6180",
    "section": "al-adab",
    "answers": [
      {
        "answer": "كُتُبُ الأصْمَعيِّ",
        "t": 1
      },
      {
        "answer": "كُتُبُ الجاحِظِ",
        "t": 0
      },
      {
        "answer": "كُتُبُ الثَّعالِبِيُّ ",
        "t": 0
      }
    ]
  },
  {
    "id": 6519,
    "q": "من مَصادِر الأدَبِ العربي",
    "level": 1,
    "link": "https://dorar.net/arabia/5817",
    "section": "al-adab",
    "answers": [
      {
        "answer": "الخُطَبُ الحَماسِيَّةُ",
        "t": 0
      },
      {
        "answer": "كُتُبُ الدَّواوينِ والأعْمالِ الشِّعريَّةِ",
        "t": 1
      },
      {
        "answer": "القَبِيلَةُ",
        "t": 0
      }
    ]
  },
  {
    "id": 6532,
    "q": "من أبْرَزُ مَوْضوعاتِ الخُطب في الأَدبِ العَربيِّ:",
    "level": 1,
    "link": "https://dorar.net/arabia/5994",
    "section": "al-adab",
    "answers": [
      {
        "answer": "خُطَبُ النِّكاحِ",
        "t": 1
      },
      {
        "answer": "خُطَبُ رَسائلِ المُلُوكِ والزُّعَماءِ",
        "t": 0
      },
      {
        "answer": "خُطَبِ إِصلاحِ ذَاتِ البَيْنِ",
        "t": 0
      }
    ]
  },
  {
    "id": 6538,
    "q": "الشَّاعِرُ المُتَنَبِّي؛ سَبَبُ تَلْقيبِه بالمُتَنبِّي:",
    "level": 1,
    "link": "https://dorar.net/arabia/6143",
    "section": "al-adab",
    "answers": [
      {
        "answer": "أنَّه كان يَتنَبَّأُ بالنُّجومِ والكَواكِبِ",
        "t": 0
      },
      {
        "answer": "أنَّه نَشأَ في قَبِيلَةِ نَبأ بالشَّامِ قبلَ انتِقالِه إلى بَغداد",
        "t": 0
      },
      {
        "answer": "أنَّه ادَّعى النُّبوَّةَ",
        "t": 1
      }
    ]
  },
  {
    "id": 6539,
    "q": "واكَبَ العَصْرُ العبَّاسيُّ عَدَدًا مِن الأحْداثِ السلبية الَّتي أثَّرَتْ في الأدَبِ العَربيِّ، وأبْرَزُها:",
    "level": 1,
    "link": "https://dorar.net/arabia/6153",
    "section": "al-adab",
    "answers": [
      {
        "answer": "كَثرَةُ الكُتُبِ المُترجَمَةِ مِن البابِلِيَّةِ",
        "t": 0
      },
      {
        "answer": "ظُهورُ الأَدبِ السِّياسيِّ",
        "t": 0
      },
      {
        "answer": "اسْتيلاءُ العَجَمِ على النُّفوذِ وتَدْبيرِ أمْرِ الدَّوْلةِ",
        "t": 1
      }
    ]
  },
  {
    "id": 6541,
    "q": "مِن أَهمِّ مَوْضوعاتِ الشِّعْرِ في الجاهِليَّةِ والإسْلامِ:",
    "level": 1,
    "link": "https://dorar.net/arabia/5958",
    "section": "al-adab",
    "answers": [
      {
        "answer": "الحَماسةِ والفَخْرِ ",
        "t": 1
      },
      {
        "answer": "الزُّهدُ والرَّقائقِ",
        "t": 0
      },
      {
        "answer": "الكَرمُ والسَّخاءُ",
        "t": 0
      }
    ]
  }
]