[
  {
    "id": 3504,
    "q": "يقولُ رَسولُ الله ﷺ: لَيسَ المُؤمِنُ بالطَّعَّانِ ولا اللَّعَّانِ ولا الفاحِشِ ولا:",
    "level": 2,
    "link": "https://dorar.net/hadith/sharh/35492",
    "section": "hadith04",
    "answers": [
      {
        "answer": "السَّبَّابِ",
        "t": 0
      },
      {
        "answer": "المُسيءِ",
        "t": 0
      },
      {
        "answer": "البَذيءِ",
        "t": 1
      }
    ]
  },
  {
    "id": 3495,
    "q": "قال النبيُّ ﷺ: «المَدِينَةُ حَرَمٌ ما بيْنَ عَيْرٍ إلى ثَوْرٍ» «عَيْر، وثَوْر» هُما:",
    "level": 2,
    "link": "https://dorar.net/hadith/sharh/2175",
    "section": "hadith04",
    "answers": [
      {
        "answer": "اسمٌ لقَبِيلَتَيْنِ تَسكُنانِ أطرافَ المَدينةِ",
        "t": 0
      },
      {
        "answer": "اسمٌ لبِئرَينِ ماءٍ بالمدينةِ",
        "t": 0
      },
      {
        "answer": "اسمُ جَبَلَينِ بالمدينةِ",
        "t": 1
      }
    ]
  },
  {
    "id": 3505,
    "q": "يقولُ رَسولُ الله ﷺ: لا تَلاعَنوا بلَعنةِ اللهِ ولا بغَضَبِ اللهِ ولا:",
    "level": 2,
    "link": "https://dorar.net/hadith/sharh/29498",
    "section": "hadith04",
    "answers": [
      {
        "answer": "بالنَّارِ",
        "t": 1
      },
      {
        "answer": "بالوَيلِ",
        "t": 0
      },
      {
        "answer": "بالثُّبورِ",
        "t": 0
      }
    ]
  },
  {
    "id": 3494,
    "q": "في قَولِه ﷺ: «مَن جرَّ ثوبَهُ خُيَلاءَ لم ينظُرِ اللَّهُ إليهِ يومَ القيامةِ» المقصودُ بالنَّظرِ هُنا:",
    "level": 2,
    "link": "https://dorar.net/hadith/sharh/42701",
    "section": "hadith04",
    "answers": [
      {
        "answer": "نَظَرُ حِسابٍ",
        "t": 0
      },
      {
        "answer": "نَظَرٌ خاصٌّ",
        "t": 1
      },
      {
        "answer": "نَظرٌ عامٌّ",
        "t": 0
      }
    ]
  },
  {
    "id": 3496,
    "q": "عن ابْنِ عُمَرَ قالَ: لعَنَ النَّبيُّ ﷺ مَن مَثَّل بالحَيَوانِ» مَعنَى «مَثَّل بالحَيَوانِ»:",
    "level": 2,
    "link": "https://dorar.net/hadith/sharh/151269",
    "section": "hadith04",
    "answers": [
      {
        "answer": "قَلَّد الحَيَوانَ في حَرَكاتِه وتَصَرُّفاتِه حتَّى يُؤذِيَه",
        "t": 0
      },
      {
        "answer": "قَطَعَ بعضَ أجزائِه كالأُذنِ والأنفِ وغيرِها",
        "t": 1
      },
      {
        "answer": "أشارَ له بالسِّكِّينِ أنَّه سيَذبَحُه",
        "t": 0
      }
    ]
  },
  {
    "id": 3499,
    "q": "قال النبيُّ ﷺ: البَسوا من ثِيابِكُمُ البياضَ فإنَّها:",
    "level": 2,
    "link": "https://dorar.net/hadith/sharh/28351",
    "section": "hadith04",
    "answers": [
      {
        "answer": "لِباسُ المَلائِكَة",
        "t": 0
      },
      {
        "answer": "أَستَر لِسَوآتِكُم",
        "t": 0
      },
      {
        "answer": "مِن خَيرِ ثِيابِكُم",
        "t": 1
      }
    ]
  },
  {
    "id": 3498,
    "q": "في الحديث: «إنَّ خيرَ أَكْحالِكُمُ الإثمِدُ: يَجلُو البَصَرَ، ويُنبِتُ الشَّعرَ» معنى «الإثمِد»:",
    "level": 2,
    "link": "https://dorar.net/hadith/sharh/28351",
    "section": "hadith04",
    "answers": [
      {
        "answer": "حَجَرٌ أَملَس له رائِحةٌ طَيِّبَةٌ",
        "t": 0
      },
      {
        "answer": "حَجَرٌ أسودُ يميلُ إلى الحُمرةِ",
        "t": 1
      },
      {
        "answer": "حَجَرٌ أحمَرُ يُؤتَى به مِن العِراقِ",
        "t": 0
      }
    ]
  },
  {
    "id": 3490,
    "q": "يقولُ رَسولُ الله ﷺ: إنَّ شِدَّةَ الحَرِّ مِن فَيْحِ جَهَنَّمَ، فإذا اشْتَدَّ الحَرُّ:",
    "level": 2,
    "link": "https://dorar.net/hadith/sharh/15344",
    "section": "hadith04",
    "answers": [
      {
        "answer": "فأَقِيموا الصَّلاةَ",
        "t": 0
      },
      {
        "answer": "فاجتَنِبوا الصَّلاةَ",
        "t": 0
      },
      {
        "answer": "فأبْرِدوا بالصَّلاةِ",
        "t": 1
      }
    ]
  },
  {
    "id": 3486,
    "q": "يقولُ رَسولُ الله ﷺ: يَسِّرُوا وَلَا تُعَسِّرُوا:",
    "level": 2,
    "link": "https://dorar.net/hadith/sharh/71",
    "section": "hadith04",
    "answers": [
      {
        "answer": "وَبَشِّرُوا وَلاَ تُنَفِّرُوا",
        "t": 1
      },
      {
        "answer": "فَكُلٌّ مُيَسَّرٌ لِمَا خُلِقَ لهُ",
        "t": 0
      },
      {
        "answer": "إنَّ أَكرمَكُم عندَ الله أَتقاكُم",
        "t": 0
      }
    ]
  },
  {
    "id": 3487,
    "q": "المُرادُ بالثَّغامةِ في حَديثِ: «أُتِيَ بأبي قُحافةَ يومَ فتْحِ مكَّةَ ورَأسُه ولِحيتُه كالثَّغامَةِ بَياضًا»:",
    "level": 2,
    "link": "https://dorar.net/hadith/sharh/150790",
    "section": "hadith04",
    "answers": [
      {
        "answer": "شَجرةٌ بَيضاءُ الثَّمَرِ والزَّهْرِ",
        "t": 1
      },
      {
        "answer": "جَبَلٌ أبيَضُ بمَكَّةَ",
        "t": 0
      },
      {
        "answer": "طائرٌ أبيَضُ كَبيرٌ",
        "t": 0
      }
    ]
  },
  {
    "id": 3497,
    "q": "نَهَى رَسولُ اللهِ ﷺ أَنْ يُقْتَلَ شيءٌ مِنَ الدَّوَابِّ صَبْرًا. مَعنَى «صَبْرًا»:",
    "level": 2,
    "link": "https://dorar.net/hadith/sharh/20767",
    "section": "hadith04",
    "answers": [
      {
        "answer": "يُحْبَسُ الحَيوانُ الحيُّ حتَّى يَموتَ",
        "t": 0
      },
      {
        "answer": "جَميعُ ما سَبَق",
        "t": 1
      },
      {
        "answer": "أَنْ يُحبَسَ في مَكانٍ فيُجعَلَ هَدفًا يُرمَى عليه حتَّى يَموتَ",
        "t": 0
      }
    ]
  },
  {
    "id": 3491,
    "q": "وَقتُ أداءِ صَلاةِ الفَجرِ هو:",
    "level": 2,
    "link": "https://dorar.net/hadith/sharh/23455",
    "section": "hadith04",
    "answers": [
      {
        "answer": "قبلَ طُلوعِ الشَّمسِ قِيدَ رُمحٍ",
        "t": 0
      },
      {
        "answer": "إذا صارَ ظِلُّ كُلِّ شِيءٍ مِثلَه",
        "t": 0
      },
      {
        "answer": "ما لمْ يَطلُعْ قرنُ الشَّمسِ الأوَّلُ",
        "t": 1
      }
    ]
  },
  {
    "id": 3501,
    "q": "في حديثِ أمِّ خالِدٍ: «ثُمَّ قَالَ رَسولُ اللَّهِ ﷺ: أبْلِي وأَخْلِقِي، ثُمَّ أبْلِي وأَخْلِقِي، ثُمَّ أبْلِي وأَخْلِقِي» مَعنى «أبْلِي وأَخْلِقِي»",
    "level": 2,
    "link": "https://dorar.net/hadith/sharh/151092",
    "section": "hadith04",
    "answers": [
      {
        "answer": "هو دُعاءٌ لها بكَثرةِ المالِ والعِيالِ",
        "t": 0
      },
      {
        "answer": "الْبَسي وتَخَلَّقي بالأخْلاقِ الحَسَنةِ",
        "t": 0
      },
      {
        "answer": "الْبَسِي وعِيشي إلى أنْ يَصِيرَ ما تَلْبَسينَه خَلَقًا بَالِيًا",
        "t": 1
      }
    ]
  },
  {
    "id": 3489,
    "q": "في حَديثِ عُثمانَ بنِ عبدِ اللهِ بنِ مَوْهَبٍ قال: أَرسَلَني أَهْلي إِلى أُمِّ سَلَمةَ بقَدَحٍ مِن ماءٍ، وكانَ إذا أَصابَ الإِنسانَ عَينٌ أو شَيءٌ بَعَث إِلَيها:",
    "level": 2,
    "link": "https://dorar.net/hadith/sharh/151235",
    "section": "hadith04",
    "answers": [
      {
        "answer": "مِحْضَبَه",
        "t": 1
      },
      {
        "answer": "يَسْتَشْفِعُها أنْ تَدعُو له",
        "t": 0
      },
      {
        "answer": "بِرُقْيَةٍ تُرقِيهَا",
        "t": 0
      }
    ]
  },
  {
    "id": 3503,
    "q": "مَن هُم الذين كانوا يَلْعَبُونَ عِنْدَ النبيِّ ﷺ بحِرَابِهِمْ:",
    "level": 2,
    "link": "https://dorar.net/hadith/sharh/5226",
    "section": "hadith04",
    "answers": [
      {
        "answer": "الأنصارُ",
        "t": 0
      },
      {
        "answer": "المُهاجِرون",
        "t": 0
      },
      {
        "answer": "الحَبَشَةُ",
        "t": 1
      }
    ]
  },
  {
    "id": 3500,
    "q": "يقولُ  البَراءُ بن عازِبٍ رضي الله عنه: «كانَ النبيُّ ﷺ مَرْبُوعًا، بَعِيدَ ما بيْنَ المَنْكِبَيْنِ» مَعنَى «مَرْبوعًا»:",
    "level": 2,
    "link": "https://dorar.net/hadith/sharh/150572",
    "section": "hadith04",
    "answers": [
      {
        "answer": "كَتِفُه مُرَبَّعةٌ",
        "t": 0
      },
      {
        "answer": "مُتوسِّطُ القامةِ بين الطَّويلِ والقَصيرِ",
        "t": 1
      },
      {
        "answer": "مُتوسِّطُ العَرضِ بين الرَّفيعِ والعَريضِ",
        "t": 0
      }
    ]
  },
  {
    "id": 3493,
    "q": "إذا قَسَم شَخصٌ شَيئًا قَليلًا بين أصحابِه؛ فإنَّ السُّنَّةَ:",
    "level": 2,
    "link": "https://dorar.net/hadith/sharh/151221",
    "section": "hadith04",
    "answers": [
      {
        "answer": "أن يَقسِمَه بالتَّساوي",
        "t": 1
      },
      {
        "answer": "ألَّا يَأخُذَ لنَفسِه نَصيبًا",
        "t": 0
      },
      {
        "answer": "أن يُعطِيَ الكَبيرَ أكثَرَ",
        "t": 0
      }
    ]
  },
  {
    "id": 3502,
    "q": "عن عَبدِ اللهِ بنِ عَمرٍو رَضِيَ اللهُ عَنهُما قال: رَأَى النبيُّ ﷺ عَلَيَّ ثَوْبَيْنِ مُعَصْفَرَيْنِ، فَقالَ: أَأُمُّكَ أَمَرَتْكَ بهذا؟ قُلتُ: أَغْسِلُهُمَا، قالَ: بَلْ:",
    "level": 2,
    "link": "https://dorar.net/hadith/sharh/17000",
    "section": "hadith04",
    "answers": [
      {
        "answer": "أَحْرِقْهُمَا",
        "t": 1
      },
      {
        "answer": "اعْطِهِما امرأَتَك",
        "t": 0
      },
      {
        "answer": "تَصدَّق بِهِما",
        "t": 0
      }
    ]
  },
  {
    "id": 3492,
    "q": "إذا أكَلَ شَخصٌ في رُفقةٍ فإنَّ عَليهِ أن يأكُلَ:",
    "level": 2,
    "link": "https://dorar.net/hadith/sharh/151064",
    "section": "hadith04",
    "answers": [
      {
        "answer": "مِمَّا يَليهِ",
        "t": 1
      },
      {
        "answer": "ما يَشتَهيهِ",
        "t": 0
      },
      {
        "answer": "ممَّا يَأكلُون ولا يَزيد",
        "t": 0
      }
    ]
  },
  {
    "id": 3488,
    "q": "المُرادُ بالكَتَمِ في قَولِ النَّبيِّ ﷺ: «إِنَّ أَحْسَنَ مَا غُيِّرَ بِهِ هَذَا الشَّيْبُ الْحِنَّاءُ وَالْكَتَمُ»",
    "level": 2,
    "link": "https://dorar.net/hadith/sharh/32181",
    "section": "hadith04",
    "answers": [
      {
        "answer": "نَباتٌ يُصبَغُ به، وصِبغُه أصفَرُ، أو أسودُ يَميلُ إلى الحُمرةِ",
        "t": 1
      },
      {
        "answer": "الفُلفُل الأَحمَر بعدَما يُنقَع يَتحوَّل صِباغًا أَحمرَ يُصبَغُ بهِ",
        "t": 0
      },
      {
        "answer": "نَوعٌ مِن السّلقِ أصفرُ اللَّونِ يُعطِي صَفارًا",
        "t": 0
      }
    ]
  }
]