[
  {
    "id": 3517,
    "q": "من هم الذين لا يَكونُون شُفَعَاءَ وَلَا شُهَدَاءَ، يَومَ القِيَامَةِ:",
    "level": 3,
    "link": "https://dorar.net/hadith/sharh/17471",
    "section": "hadith04",
    "answers": [
      {
        "answer": "النَّمَّامُونَ",
        "t": 0
      },
      {
        "answer": "الطَّعَّانون",
        "t": 0
      },
      {
        "answer": "اللَّعَّانُونَ",
        "t": 1
      }
    ]
  },
  {
    "id": 3506,
    "q": "يقولُ رَسولُ الله ﷺ عن الحَجَرِ الأَسودِ: واللهِ لَيَبْعَثَنَّهُ اللهُ يومَ القِيامَةِ له:",
    "level": 3,
    "link": "https://dorar.net/hadith/sharh/35539",
    "section": "hadith04",
    "answers": [
      {
        "answer": "عَيْنانِ يُبصِرُ بهما، ولِسَانٌ يَنطِقُ به، يَشهَدُ على مَنِ استَلَمَهُ بحَقٍّ",
        "t": 1
      },
      {
        "answer": "وَجهانِ كِلاهُما أبيَضُ منَ اللَّبَنِ",
        "t": 0
      },
      {
        "answer": "يَدانِ يَشهَدُ على مَنِ استَلَمَه بحَقٍّ",
        "t": 0
      }
    ]
  },
  {
    "id": 3507,
    "q": "كَنَّى النَّبيُّ ﷺ عنِ السَّفَرِ بشَدِّ الرِّحالِ في قَولِه: «لا تُشَدُّ الرِّحالُ إلَّا إلى ثَلاثةِ مَساجِدَ»:",
    "level": 3,
    "link": "https://dorar.net/hadith/sharh/8387",
    "section": "hadith04",
    "answers": [
      {
        "answer": "أنَّ الرِّحالَ أشرَفُ ما يَركَبُه بَنو آدَمَ للسَّفَرِ",
        "t": 0
      },
      {
        "answer": "وذلك أنَّ النَّهيَ مُختَصٌّ برُكوبِ الإبِلِ",
        "t": 0
      },
      {
        "answer": "لأنَّه لازِمُه، وخرَجَ ذِكرُها مَخرَجَ الغالبِ في رُكوبِ المسافرِ",
        "t": 1
      }
    ]
  },
  {
    "id": 3523,
    "q": "عن عَبدِ اللهِ بنِ عبَّاسِ رَضِيَ اللهُ عَنهُما: نَهَى رَسولُ اللهِ ﷺ عن كُلِّ ذِي نَابٍ مِنَ السِّبَاعِ، وَعَنْ:",
    "level": 3,
    "link": "https://dorar.net/hadith/sharh/22077",
    "section": "hadith04",
    "answers": [
      {
        "answer": "الدُّبَّاءِ، والحَنْتَمِ، والنَّقيرِ، والمُزَفَّتِ",
        "t": 0
      },
      {
        "answer": "كُلِّ ذِي مِخلَبٍ مِنَ الطَّيْرِ",
        "t": 1
      },
      {
        "answer": "أَكلِ مالِ اليَتيمِ",
        "t": 0
      }
    ]
  },
  {
    "id": 3513,
    "q": "في الحَديثِ: «أَخْرَجَ إلَيْنَا أَنَسٌ نَعْلَيْنِ جَرْدَاوَيْنِ» معنى «جَرْدَاوَيْنِ»:",
    "level": 3,
    "link": "https://dorar.net/hadith/sharh/14758",
    "section": "hadith04",
    "answers": [
      {
        "answer": "جَديدانِ فيهِما شَعرٌ",
        "t": 0
      },
      {
        "answer": "مَصنُوعانِ مِن الجَرْدَوانِ وهو نَباتٌ عَريضُ الأَوراقِ يَنمُو في جَزيرةِ العَربِ",
        "t": 0
      },
      {
        "answer": "بَالِيانِ مُجرَّدانِ عَنِ الشَّعرِ لقِدَمِهما",
        "t": 1
      }
    ]
  },
  {
    "id": 3525,
    "q": "يقولُ رَسولُ الله ﷺ: إنَّ العَبدَ إذا لَعَن شَيئًا صَعِدَتِ اللَّعنةُ إلى السَّماءِ:",
    "level": 3,
    "link": "https://dorar.net/hadith/sharh/29958",
    "section": "hadith04",
    "answers": [
      {
        "answer": "فتُغلَقُ أبوابُ السَّماءِ دُونَها",
        "t": 1
      },
      {
        "answer": "فتَعُودُ كأَعظَمِ ما تكونُ وتَرجِعُ إلى صاحِبِها",
        "t": 0
      },
      {
        "answer": "فيَتَلَقَّفُها كلُّ مَلَكٍ بينَ السَّماءِ والأَرضِ",
        "t": 0
      }
    ]
  },
  {
    "id": 3510,
    "q": "حَديثُ أبي مَسعودٍ البَدرِيِّ رَضِيَ اللهُ عَنهُ: «لا تُجزِئُ صلاةُ أحَدِكُم حتَّى يُقيمَ ظَهرَهُ في الرُّكوعِ والسُّجودِ» يَدُلُّ على:",
    "level": 3,
    "link": "https://dorar.net/hadith/sharh/29559",
    "section": "hadith04",
    "answers": [
      {
        "answer": "أنَّ الصَّلاةَ نَوعانِ: مُجزِئَةٌ، وغيرُ مُجزِئَة",
        "t": 0
      },
      {
        "answer": "أنَّ إِقامةَ الظَّهْرِ في الصَّلاةِ رُكنٌ لا تَصِحُّ الصَّلاةُ بدُونِه",
        "t": 0
      },
      {
        "answer": "أنَّ الطُّمأنينةَ في الصَّلاةِ رُكنٌ من أركانِ الصَّلاةِ",
        "t": 1
      }
    ]
  },
  {
    "id": 3516,
    "q": "في الحديث: «لمَّا قَدِم رَسولُ اللهِ ﷺ المدينةَ، لَعِبَتِ الحَبشةُ لقُدومِه فَرَحًا بذلك»، لَعِب الحَبشَةُ بـ:",
    "level": 3,
    "link": "https://dorar.net/hadith/sharh/29510",
    "section": "hadith04",
    "answers": [
      {
        "answer": "بحِرابِهم",
        "t": 1
      },
      {
        "answer": "بسِهامِهم",
        "t": 0
      },
      {
        "answer": "بسُيوفِهم",
        "t": 0
      }
    ]
  },
  {
    "id": 3524,
    "q": "المُرادُ بقَولِ النَّبيِّ ﷺ: «نِعْمَ الأُدُمُ الخَلُّ»:",
    "level": 3,
    "link": "https://dorar.net/hadith/sharh/16957",
    "section": "hadith04",
    "answers": [
      {
        "answer": "التَّنبيهُ على فائدةِ الخَلِّ للأبدانِ",
        "t": 0
      },
      {
        "answer": "إِباحَةُ التَّمتُّع بما أَحَلَّ اللهُ مِن المَأكَلِ والمَشرَبِ",
        "t": 0
      },
      {
        "answer": "الاقتِصادُ في المأْكَلِ، ومنْعُ النَّفسِ عَن ملاذِّ الأطعِمةِ",
        "t": 1
      }
    ]
  },
  {
    "id": 3518,
    "q": "يقولُ رَسولُ الله ﷺ: لا يَنْبَغِي لِصِدِّيقٍ أنْ يَكونَ:",
    "level": 3,
    "link": "https://dorar.net/hadith/sharh/17559",
    "section": "hadith04",
    "answers": [
      {
        "answer": "مُرائِيًا",
        "t": 0
      },
      {
        "answer": "لَعَّانًا",
        "t": 1
      },
      {
        "answer": "حَريصًا",
        "t": 0
      }
    ]
  },
  {
    "id": 3509,
    "q": "يُؤخَذُ من حَديثِ المُسيءِ صَلاتَه:",
    "level": 3,
    "link": "https://dorar.net/hadith/sharh/8640",
    "section": "hadith04",
    "answers": [
      {
        "answer": "أنَّ قِراءةَ الفاتِحةِ غيرُ واجِبةٍ",
        "t": 0
      },
      {
        "answer": "أنَّ البَسملةَ رُكنٌ مِن أَركانِ الصَّلاةِ",
        "t": 0
      },
      {
        "answer": "الأمرُ بالطُّمَأنينةِ في الصَّلاةِ",
        "t": 1
      }
    ]
  },
  {
    "id": 3514,
    "q": "في الحَديثِ: «أَخْرَجَ إلَيْنَا أَنَسٌ نَعْلَيْنِ جَرْدَاوَيْنِ لهما قِبَالَانِ» مَعنَى «قِبَالَانِ»",
    "level": 3,
    "link": "https://dorar.net/hadith/sharh/14758",
    "section": "hadith04",
    "answers": [
      {
        "answer": "طَرفانِ؛ طَرفٌ عندَ الأَصابِع، وطَرفٌ عن العَقِبِ",
        "t": 0
      },
      {
        "answer": "ما يُشَدُّ به سَيرُ النَّعلِ",
        "t": 1
      },
      {
        "answer": "غِطاءَانِ مِن الشَّعرِ",
        "t": 0
      }
    ]
  },
  {
    "id": 3508,
    "q": "يقولُ رَسولُ الله ﷺ: لا تُشَدُّ الرِّحَالُ إِلَّا إِلَى ثَلاثَةِ مَسَاجِدَ: مَسْجِدِ الحَرَامِ، وَمَسْجِدِي:",
    "level": 3,
    "link": "https://dorar.net/hadith/sharh/8387",
    "section": "hadith04",
    "answers": [
      {
        "answer": "وَمَسْجِدِ الأَقْصَى",
        "t": 1
      },
      {
        "answer": "ومَسجِدِ قُباء",
        "t": 0
      },
      {
        "answer": "والمَسجِد الذي أُسِّسَ على التَّقوَى",
        "t": 0
      }
    ]
  },
  {
    "id": 3512,
    "q": "يقولُ النبيُّ ﷺ: اسْتَكْثِرُوا مِنَ النِّعَالِ:",
    "level": 3,
    "link": "https://dorar.net/hadith/sharh/16972",
    "section": "hadith04",
    "answers": [
      {
        "answer": "فلا يَدرِي أَحدُكم متَى تُسلَبُ النِّعمَة",
        "t": 0
      },
      {
        "answer": "فإنَّ الرَّجُلَ لا يَزَالُ رَاكِبًا ما انْتَعَلَ",
        "t": 1
      },
      {
        "answer": "فإنَّها مِن سُنَنِ المُرسَلِينَ",
        "t": 0
      }
    ]
  },
  {
    "id": 3522,
    "q": "الأمرُ في حَديثِ: «إِذَا وقَعَ الذُّبَابُ في شَرَابِ أحَدِكُمْ، فَلْيَغمِسْهُ ثُمَّ لِيَنْزِعْهُ؛ فإنَّ في إحْدَى جَنَاحَيْهِ دَاءً، والأُخْرَى شِفَاءً»",
    "level": 3,
    "link": "https://dorar.net/hadith/sharh/150700",
    "section": "hadith04",
    "answers": [
      {
        "answer": "للإرشادِ لا للوُجوبِ",
        "t": 1
      },
      {
        "answer": "للكَراهةِ",
        "t": 0
      },
      {
        "answer": "للوُجوبِ",
        "t": 0
      }
    ]
  },
  {
    "id": 3521,
    "q": "يُؤخَذُ من حَديِث أنَسِ بنِ مالِكٍ رَضِيَ اللهُ عَنهُ قال: «كانَ رَسولُ اللهِ ﷺ في بَعضِ أسفَارِهِ وغُلامٌ أسوَدُ يُقالُ له: أنجَشَةُ يَحْدُو...»:",
    "level": 3,
    "link": "https://dorar.net/hadith/sharh/12373",
    "section": "hadith04",
    "answers": [
      {
        "answer": "مَشروعِيَّةُ السَّفَرِ بالنِّساءِ",
        "t": 0
      },
      {
        "answer": "مَشروعِيَّةُ الحُداءِ",
        "t": 1
      },
      {
        "answer": "مَشروعِيَّةُ اتِّخاذِ الغِلمانِ",
        "t": 0
      }
    ]
  },
  {
    "id": 3511,
    "q": "النِّفاقُ المَذكورُ في الحَديثِ: «إنَّ المُختَلِعاتِ والمُنتَزِعاتِ هنَّ المنافِقاتُ» هو:",
    "level": 3,
    "link": "https://dorar.net/hadith/sharh/32700",
    "section": "hadith04",
    "answers": [
      {
        "answer": "نِفاقٌ قَوليٌّ",
        "t": 0
      },
      {
        "answer": "نِفاقٌ عَمَليٌّ",
        "t": 1
      },
      {
        "answer": "نِفاقٌ اعتِقادِيٌّ",
        "t": 0
      }
    ]
  },
  {
    "id": 3520,
    "q": "كَنَّى النَّبيُّ ﷺ عنِ النِّساءِ بالقَواريرِ في قَولِه: «رُوَيْدَكَ يا أنْجَشَةُ سَوْقَكَ بالقَوَارِيرِ»:",
    "level": 3,
    "link": "https://dorar.net/hadith/sharh/12373",
    "section": "hadith04",
    "answers": [
      {
        "answer": "لشَبَهِهِنَّ بالقَواريرِ في صَفاءِ قُلوبِهنَّ",
        "t": 0
      },
      {
        "answer": "لِضَعْفِ بِنْيَتِهِنَّ ورِقَّتِهِنَّ ولَطَافَتِهِنَّ",
        "t": 1
      },
      {
        "answer": "لأنَّهُنَّ يَكفُرنَ العَشيرَ مِثلَما تَكفُر القَواريرُ الشَّرابَ",
        "t": 0
      }
    ]
  },
  {
    "id": 3519,
    "q": "يقولُ رَسولُ الله ﷺ: الْمُسْتَبَّانِ ما قالا فَعَلَى البادِئِ، ما لَمْ:",
    "level": 3,
    "link": "https://dorar.net/hadith/sharh/17183",
    "section": "hadith04",
    "answers": [
      {
        "answer": "يَفتَرِقا",
        "t": 0
      },
      {
        "answer": "يَعْتَدِ المَظْلُومُ",
        "t": 1
      },
      {
        "answer": "يَقُولا زُورًا",
        "t": 0
      }
    ]
  },
  {
    "id": 3515,
    "q": "في الحديث: «إذَا انْقَطَعَ شِسْعُ أَحَدِكُمْ فلا يَمْشِ في الأُخْرَى حتَّى يُصْلِحَهَا» مَعنَى «شِسعُ»:",
    "level": 3,
    "link": "https://dorar.net/hadith/sharh/16976",
    "section": "hadith04",
    "answers": [
      {
        "answer": "مُقدِّمةُ النَّعلِ التي تَلِي الأَصابِعَ",
        "t": 0
      },
      {
        "answer": "أحَدُ سُيورِ النِّعالِ",
        "t": 1
      },
      {
        "answer": "الجِلدُ الذي في أَسفَلِ النَّعلِ",
        "t": 0
      }
    ]
  }
]