[
  {
    "id": 3483,
    "q": "المُرادُ بقَولِه ﷺ: «عَزْمَةً مِن عَزَماتِ ربِّنا»:",
    "level": 1,
    "link": "https://dorar.net/hadith/sharh/30229",
    "section": "hadith04",
    "answers": [
      {
        "answer": "أمْرًا حقًّا ثابتًا للهِ",
        "t": 1
      },
      {
        "answer": "غَضبٌ مِن غَضبِ الله عزَّ وجل على حُرماتِه",
        "t": 0
      },
      {
        "answer": "رُخصَةً منه تَبارَك وتَعالَى تَصدَّق بها على عِبادِه",
        "t": 0
      }
    ]
  },
  {
    "id": 3475,
    "q": "ما المَقصودُ بالقَزَعِ في حَديثِ ابْنِ عُمَرَ: «أَنَّ رَسُولَ اللَّهِ ﷺ نَهَى عَنِ القَزَعِ»؟",
    "level": 1,
    "link": "https://dorar.net/hadith/sharh/151011",
    "section": "hadith04",
    "answers": [
      {
        "answer": "حَلقُ شَعرِ إبْطٍ دونَ الإبْطِ الآخَرِ",
        "t": 0
      },
      {
        "answer": "حَلقُ شَعرِ اللِّحيةِ",
        "t": 0
      },
      {
        "answer": "حَلْقُ بَعضِ شَعرِ الرَّأسِ وترْكُ بَعضِه",
        "t": 1
      }
    ]
  },
  {
    "id": 3467,
    "q": "يقولُ رَسولُ الله ﷺ: إنَّ الدُّنْيَا حُلْوَةٌ خَضِرَةٌ، وإنَّ اللَّهَ مُسْتَخْلِفُكُمْ فِيهَا، فَيَنْظُرُ:",
    "level": 1,
    "link": "https://dorar.net/hadith/sharh/20556",
    "section": "hadith04",
    "answers": [
      {
        "answer": "ما استِخلافُكم فيها",
        "t": 0
      },
      {
        "answer": "إلى قُلوبِكم لا إلى صُوَرِكُم",
        "t": 0
      },
      {
        "answer": "كيفَ تَعمَلون",
        "t": 1
      }
    ]
  },
  {
    "id": 3470,
    "q": "يُؤخَذُ من حَديثِ أُمِّ عَطِيَّةَ رَضِيَ اللهُ عَنهَا-: «كُنَّا نُنْهَى أنْ نُحِدَّ علَى مَيِّتٍ فَوْقَ ثَلَاثٍ، إلَّا علَى زَوْجٍ؛ أرْبَعَةَ أشْهُرٍ وعَشْرًا»:",
    "level": 1,
    "link": "https://dorar.net/hadith/sharh/150932",
    "section": "hadith04",
    "answers": [
      {
        "answer": "النَّهيُ عن الحِدادِ لأنَّه مِن عاداتِ الجاهِليَّة",
        "t": 0
      },
      {
        "answer": "الحَثُّ على المَودَّةِ والرَّحمةِ بين الزَّوجينِ حتَّى بعدَ المَوتِ",
        "t": 0
      },
      {
        "answer": "عُلوُّ مَنزِلةِ الزَّوجِ",
        "t": 1
      }
    ]
  },
  {
    "id": 3473,
    "q": "يقولُ رَسولُ الله ﷺ: لَا تَجْعَلُوا بُيُوتَكُمْ مَقَابِرَ، إِنَّ الشَّيْطَانَ يَنْفِرُ مِنَ الْبَيْتِ الَّذِي:",
    "level": 1,
    "link": "https://dorar.net/hadith/sharh/23627",
    "section": "hadith04",
    "answers": [
      {
        "answer": "تُقْرَأُ فِيهِ سُورَةُ الْبَقَرَةِ",
        "t": 1
      },
      {
        "answer": "يُكفَلُ فيه يَتيمٌ",
        "t": 0
      },
      {
        "answer": "يُذكَرُ فيه اسمُ اللهِ",
        "t": 0
      }
    ]
  },
  {
    "id": 3480,
    "q": "الزَّكاةُ عِبادةٌ مالِيَّةٌ",
    "level": 1,
    "link": "https://dorar.net/hadith/sharh/4293",
    "section": "hadith04",
    "answers": [
      {
        "answer": "واجِبةٌ في كُلِّ مالٍ بلَغَ النِّصابَ وحالَ عليه الحَوْلُ",
        "t": 1
      },
      {
        "answer": "واجِبةٌ في حَقِّ الرِّجالِ الأَحرارِ المُكلَّفِينَ",
        "t": 0
      },
      {
        "answer": "فَرضُ كِفايَةٍ إنْ قامَ بها البَعضُ سَقطَت عن الجَميعِ",
        "t": 0
      }
    ]
  },
  {
    "id": 3469,
    "q": "يقولُ رَسولُ الله ﷺ: الدُّنْيَا سِجْنُ الْمُؤْمِنِ:",
    "level": 1,
    "link": "https://dorar.net/hadith/sharh/17843",
    "section": "hadith04",
    "answers": [
      {
        "answer": "وجَنَّةُ المُنافِقِ",
        "t": 0
      },
      {
        "answer": "وجَنَّةُ النِّساءِ",
        "t": 0
      },
      {
        "answer": "وَجَنَّةُ الْكَافِرِ",
        "t": 1
      }
    ]
  },
  {
    "id": 3482,
    "q": "المُرادُ بقَولِه ﷺ في وَصفِ الشُّجاعِ الأقرَعِ: «له زَبيبَتانِ»:",
    "level": 1,
    "link": "https://dorar.net/hadith/sharh/4284",
    "section": "hadith04",
    "answers": [
      {
        "answer": "نُقطتانِ سَوْداوانِ فَوقَ عَيْنَيه",
        "t": 1
      },
      {
        "answer": "عِنَبَتانِ طافِيَتانِ على عَينَيهِ",
        "t": 0
      },
      {
        "answer": "حاجِبانِ ثَقيلانِ",
        "t": 0
      }
    ]
  },
  {
    "id": 3485,
    "q": "يُؤخَذُ من حَديثِ جابِرٍ رَضِي اللهُ عَنهُ في وَقتِ العِشاءِ: «والعِشاء: أحيانًا يُؤَخِّرُها وأحيانًا يُعَجِّلُ، إذا رَآهُمُ اجتَمَعُوا عَجَّل، وإذا رَآهُم أبطَؤوا أخَّرَ»",
    "level": 1,
    "link": "https://dorar.net/hadith/sharh/23253",
    "section": "hadith04",
    "answers": [
      {
        "answer": "أنَّ العِشاءَ لا وقْتَ لها",
        "t": 0
      },
      {
        "answer": "مَشروعِيَّةُ تَأخيرِ صَلاةِ العِشاءِ بحَسَبِ اجتِماعِ المُصَلِّينَ",
        "t": 1
      },
      {
        "answer": "أنَّ تَعجيلَ العِشاءِ خَيرٌ من تَأخيرِها",
        "t": 0
      }
    ]
  },
  {
    "id": 3479,
    "q": "المُرادُ بقَولِه ﷺ: «النَّاسُ مَعادِنُ»:",
    "level": 1,
    "link": "https://dorar.net/hadith/sharh/17596",
    "section": "hadith04",
    "answers": [
      {
        "answer": "أُصولٌ للخَيرِ والشَّرِّ بِحَسَبِ ما جَعلَهمُ اللهُ مُستعدِّينَ لَه؛ كمَعادنِ الفِضَّةِ والذَّهبِ",
        "t": 1
      },
      {
        "answer": "يُشبِهون المَعادِنَ في صَلابَتِها",
        "t": 0
      },
      {
        "answer": "يَميلون إلى التَّعدينِ",
        "t": 0
      }
    ]
  },
  {
    "id": 3484,
    "q": "ما المُرادُ بفَيحِ جَهنَّمَ المَذكورِ في حَديثِ: «إنَّ شِدَّةَ الحَرِّ مِن فَيْحِ جَهَنَّمَ»:",
    "level": 1,
    "link": "https://dorar.net/hadith/sharh/15344",
    "section": "hadith04",
    "answers": [
      {
        "answer": "حَميمُها",
        "t": 0
      },
      {
        "answer": "حَرُّها وفَوَرانُها",
        "t": 1
      },
      {
        "answer": "زَمهَريرُها",
        "t": 0
      }
    ]
  },
  {
    "id": 3481,
    "q": "العَبدُ إذا لم يَشكُرِ النِّعمةَ ويؤَدِّ حَقَّ اللهِ فيها، تكونُ:",
    "level": 1,
    "link": "https://dorar.net/hadith/sharh/4284",
    "section": "hadith04",
    "answers": [
      {
        "answer": "نِقمةً ووبالًا عليه يومَ القِيامةِ",
        "t": 1
      },
      {
        "answer": "ذُخرًا له يَومَ القِيامةِ",
        "t": 0
      },
      {
        "answer": "مَشاعًا للمِسكينِ وابنِ السَّبيلِ",
        "t": 0
      }
    ]
  },
  {
    "id": 3478,
    "q": "لا فضْلَ لِعربيٍّ على أعْجَميٍّ إلَّا:",
    "level": 1,
    "link": "https://dorar.net/hadith/sharh/150938",
    "section": "hadith04",
    "answers": [
      {
        "answer": "بالتَّقوَى",
        "t": 1
      },
      {
        "answer": "الأنصارَ",
        "t": 0
      },
      {
        "answer": "رَجلًا خَرجَ بنَفسِه ومَالِه فلم يَرجِع مِن ذلك بشَيءٍ",
        "t": 0
      }
    ]
  },
  {
    "id": 3468,
    "q": "عَنِ النَّبِيِّ ﷺ قَالَ: مَا تَرَكْتُ بَعْدِي فِتْنَةً أَضَرَّ عَلَى الرِّجَالِ مِنَ:",
    "level": 1,
    "link": "https://dorar.net/hadith/sharh/151277",
    "section": "hadith04",
    "answers": [
      {
        "answer": "حُبِّ الدُّنيا وكَراهِيَةِ المَوتِ",
        "t": 0
      },
      {
        "answer": "فِتنَةِ المالِ",
        "t": 0
      },
      {
        "answer": "النِّساءِ",
        "t": 1
      }
    ]
  },
  {
    "id": 3474,
    "q": "يقولُ رَسولُ الله ﷺ: إِنَّ اليَهُودَ، وَالنَّصَارَى لا يَصْبُغُونَ:",
    "level": 1,
    "link": "https://dorar.net/hadith/sharh/150790",
    "section": "hadith04",
    "answers": [
      {
        "answer": "فَخَالِفُوهُمْ",
        "t": 1
      },
      {
        "answer": "لِحاهُم",
        "t": 0
      },
      {
        "answer": "فلا يَضرُّونَكُم",
        "t": 0
      }
    ]
  },
  {
    "id": 3477,
    "q": "كان من هَديِ النَّبيِّ ﷺ أنَّه لا يَعجَلُ بالدُّعاءِ على أحَدٍ ما دامَ:",
    "level": 1,
    "link": "https://dorar.net/hadith/sharh/14530",
    "section": "hadith04",
    "answers": [
      {
        "answer": "لم يَغدِر",
        "t": 0
      },
      {
        "answer": "يُحسِنُ ذِكرَه",
        "t": 0
      },
      {
        "answer": "يَطمَعُ في إجابَتِهم إلى الإسلامِ",
        "t": 1
      }
    ]
  },
  {
    "id": 3476,
    "q": "يَرجِعُ السَّبَبُ في  تَفضيلِ بَعضِ القَبائلِ الوارِدِ ذِكرُها في حَديثِ: «قُرَيْشٌ، وَالأَنْصَارُ، وَجُهَيْنَةُ، وَمُزَيْنَةُ، وَأَسْلَمُ، وَأَشْجَعُ، وَغِفَارُ مَوَالِيَّ، لَيْسَ لَهُمْ مَوْلًى دُونَ اللَّهِ وَرَسُولِهِ» إلى:",
    "level": 1,
    "link": "https://dorar.net/hadith/sharh/150332",
    "section": "hadith04",
    "answers": [
      {
        "answer": "سَبقِهِم إلى الإسلامِ  ونُصرَتِهِم للهِ ورَسولِه",
        "t": 1
      },
      {
        "answer": "كَثرةِ عَدَدِهم",
        "t": 0
      },
      {
        "answer": "تَأليفِ قُلوبِهِم للإسلامِ",
        "t": 0
      }
    ]
  },
  {
    "id": 3466,
    "q": "يقولُ رَسولُ الله ﷺ: لا يَقْعُدُ قومٌ يَذكُرون اللهَ عزَّ وجلَّ:",
    "level": 1,
    "link": "https://dorar.net/hadith/sharh/23537",
    "section": "hadith04",
    "answers": [
      {
        "answer": "إلَّا كانت خُطاهُم إِحداها تَحُطُّ خَطيئَةً والأُخرَى تَرفعُ دَرجَة",
        "t": 0
      },
      {
        "answer": "إلَّا حَفَّتْهُمُ المَلائكةُ، وغَشِيَتْهُمُ الرَّحمةُ، ونَزَلَت عَليهِمُ السَّكينةُ، وذَكَرَهمُ اللهُ فيمَن عِندَه",
        "t": 1
      },
      {
        "answer": "إلَّا استَوجَبوا الجَنَّةَ",
        "t": 0
      }
    ]
  },
  {
    "id": 3471,
    "q": "أعظَمُ سورةٍ في كِتابِ اللهِ عزَّ وجلَّ من حَيثُ الأجرُ والثَّوابُ؛ هي:",
    "level": 1,
    "link": "https://dorar.net/hadith/sharh/150370",
    "section": "hadith04",
    "answers": [
      {
        "answer": "الفَتحُ",
        "t": 0
      },
      {
        "answer": "النِّساءُ",
        "t": 0
      },
      {
        "answer": "الفاتِحةُ",
        "t": 1
      }
    ]
  },
  {
    "id": 3472,
    "q": "المَقصودُ بـ(الزَّهرَاوانِ)؛ هما:",
    "level": 1,
    "link": "https://dorar.net/hadith/sharh/26869",
    "section": "hadith04",
    "answers": [
      {
        "answer": "القُرآنُ والسُّنَّةُ",
        "t": 0
      },
      {
        "answer": "أبو بكرٍ وعُمر رضي الله عنهُما",
        "t": 0
      },
      {
        "answer": "سورةُ البَقَرةِ وآلِ عِمرانَ",
        "t": 1
      }
    ]
  }
]