[
  {
    "id": 3156,
    "q": "ما الذي حمَّل محمَّدَ بنَ عليِّ بنِ عبدِ اللهِ بنِ عباسٍ فكرةَ إزالةِ حُكمِ بَني أميَّةَ؟",
    "level": 3,
    "link": "https://www.dorar.net/history/?page=21",
    "section": "amwi",
    "answers": [
      {
        "answer": "طموحُه إلى الخلافةِ",
        "t": 0
      },
      {
        "answer": "إعلامُ عبدِ اللهِ بنِ محمدٍ ابنِ الحنفيَّةِ له أنَّ الأمرَ صائرٌ إلى ولدِه",
        "t": 1
      },
      {
        "answer": "ضعفُ بَني أُميَّةَ",
        "t": 0
      }
    ]
  },
  {
    "id": 3159,
    "q": "ما سببُ تفكيرِ التركِ في الهجومِ  على المُسلِمين قُربَ نهرِ بَلخَ؟",
    "level": 3,
    "link": "https://www.dorar.net/history/?page=23",
    "section": "amwi",
    "answers": [
      {
        "answer": "تفرُّقُ جنودِ أسدِ بنِ عبدِ اللهِ القَسْريِّ في بلادِ خُتَّلَ",
        "t": 1
      },
      {
        "answer": "إظهارُ قوَّتِهم وكثرةُ عددِهم",
        "t": 0
      },
      {
        "answer": "العملُ على غزوِ بلادِ المسلِمينَ",
        "t": 0
      }
    ]
  },
  {
    "id": 3157,
    "q": "لماذا نصَبَ أهلُ الذمَّةِ بسَمرقندَ الحربَ معَ أشرَسَ بنِ عبدِ اللهِ السُّلَميِّ نائبِ خُراسانَ بعدَ إسْلامِهم؟",
    "level": 3,
    "link": "https://www.dorar.net/history/?page=22",
    "section": "amwi",
    "answers": [
      {
        "answer": "لأنَّه أكرَهَهم على الدخولِ في الإسْلامِ",
        "t": 0
      },
      {
        "answer": "لأنَّه طالَبَهم بالجزيةِ بعدَما أسْلَموا",
        "t": 1
      },
      {
        "answer": "لنَقضِهمُ العهدَ بعدَ أنْ تركَهم",
        "t": 0
      }
    ]
  },
  {
    "id": 3148,
    "q": "سببُ هزيمةِ عُقبةَ بنِ نافعٍ واستشهادِه:",
    "level": 3,
    "link": "https://www.dorar.net/history/?page=15",
    "section": "amwi",
    "answers": [
      {
        "answer": "خيانةُ كُسيلةَ البَربريِّ",
        "t": 1
      },
      {
        "answer": "عدمُ إحْكامِ خُطتِه",
        "t": 0
      },
      {
        "answer": "ضعفُ جيشِه ",
        "t": 0
      }
    ]
  },
  {
    "id": 3152,
    "q": "كيف صحَّ للوليدِ بنِ عبدِ الملكِ هدمُ الكنيسةِ التي بَنى مكانَها جامعَ دِمشقَ الأُمويَّ؟",
    "level": 3,
    "link": "https://www.dorar.net/history/?page=19",
    "section": "amwi",
    "answers": [
      {
        "answer": "برُؤيَا رآها في المَنامِ",
        "t": 0
      },
      {
        "answer": "استنادًا لصُلحِ أبي عُبَيدةَ بنِ الجرَّاحِ معَ النَّصارى",
        "t": 1
      },
      {
        "answer": "لأنه عَلِمَ أنَّ النَّصارَى يَكيدُونَ له فأراد كسرَ شَوكَتهم",
        "t": 0
      }
    ]
  },
  {
    "id": 3164,
    "q": "لماذا لم يُنجِدْ مروانُ نصرَ بنَ سيَّارٍ؟",
    "level": 3,
    "link": "https://www.dorar.net/history/?page=24\n",
    "section": "amwi",
    "answers": [
      {
        "answer": "لقلَّةِ أعدادِ المقاتِلينَ لدَيْه",
        "t": 0
      },
      {
        "answer": "لبُعدِ المسافةِ بينَهما",
        "t": 0
      },
      {
        "answer": "لاشتغالِه باختلالِ أمرِ أذْرَبيجانَ والجزيرةِ",
        "t": 1
      }
    ]
  },
  {
    "id": 3161,
    "q": "ما سببُ نِقمةِ الناسِ على الوليدِ بنِ يَزيدَ؟",
    "level": 3,
    "link": "https://www.dorar.net/history/?page=24",
    "section": "amwi",
    "answers": [
      {
        "answer": "لظُلمِه في الحكمِ واستِطالتِه على العامةِ",
        "t": 0
      },
      {
        "answer": "لسوءِ سيرتِه من إسرافِه في الشرابِ وانتهاكِ المحرَّماتِ وعقدِه الولايةَ لولدَيْه الصبِيَّينِ",
        "t": 1
      },
      {
        "answer": "لأنَّه أوقفَ الغزوَ في بلادِ الرومِ",
        "t": 0
      }
    ]
  },
  {
    "id": 3151,
    "q": "ما سببُ استيلاءِ الأُمويِّينَ على جُزرِ دهلكَ أرخبيلَ؟",
    "level": 3,
    "link": "https://www.dorar.net/history/?page=18",
    "section": "amwi",
    "answers": [
      {
        "answer": "لتوسيعِ مُلكِهم",
        "t": 0
      },
      {
        "answer": "لتطهيرِها منَ القَراصنةِ، وجَعلِها موطنًا للتجارةِ",
        "t": 1
      },
      {
        "answer": "لمعاداةِ أهلِها",
        "t": 0
      }
    ]
  },
  {
    "id": 3160,
    "q": "ما سببُ ثورةِ البربرِ في المغرِبِ الأقْصى سنةَ 122 هـ ؟",
    "level": 3,
    "link": "https://www.dorar.net/history/?page=23",
    "section": "amwi",
    "answers": [
      {
        "answer": "تعسُّفُ وسوءُ سيرةِ ابنِ الحَبْحابِ ",
        "t": 1
      },
      {
        "answer": "عدمُ رِضاهم بدفعِ زكاةِ أموالِهم",
        "t": 0
      },
      {
        "answer": "ارتدادُهم عنِ الإسلامِ",
        "t": 0
      }
    ]
  },
  {
    "id": 3155,
    "q": "ما سببُ عزلِ الوليدِ بنِ عبدِ الملكِ عمرَ بنَ عبدِ العزيزِ عنِ المدينةِ؟",
    "level": 3,
    "link": "https://www.dorar.net/history/?page=20",
    "section": "amwi",
    "answers": [
      {
        "answer": "مَكيدَة مِن الحجَّاج",
        "t": 1
      },
      {
        "answer": "انشِغالُه بالعِبادةِ عن وِلايَةِ المدينةِ",
        "t": 0
      },
      {
        "answer": "لأنَّه ضعُف عن الإمارةِ",
        "t": 0
      }
    ]
  },
  {
    "id": 3162,
    "q": "ما سببُ خلعِ أبي الخطَّارِ عن إمارةِ الأندلُسِ؟",
    "level": 3,
    "link": "https://www.dorar.net/history/?page=24",
    "section": "amwi",
    "answers": [
      {
        "answer": "تَركُه للصَّلاةِ مع جَماعةِ المُسلمِين",
        "t": 0
      },
      {
        "answer": "إظهارُه العَصبيَّةِ لليمنيَّةِ على المضريَّةِ",
        "t": 1
      },
      {
        "answer": "استئثارُه بالأموالِ دونَ الناسِ",
        "t": 0
      }
    ]
  },
  {
    "id": 3147,
    "q": "لِمَ بنى عُقبةُ بنُ نافعٍ مدينةَ (القَيروانِ)؟",
    "level": 3,
    "link": "https://www.dorar.net/history/?page=14",
    "section": "amwi",
    "answers": [
      {
        "answer": "لتكونَ محطَّةً للجهادِ",
        "t": 1
      },
      {
        "answer": "لتكونَ عاصمةً لشمالِ إفْريقيا",
        "t": 0
      },
      {
        "answer": "لتكونَ مركزًا تجاريًّا",
        "t": 0
      }
    ]
  },
  {
    "id": 3146,
    "q": "لماذا تنازَلَ الحسنُ بنُ عليٍّ عنِ الخلافةِ لمعاويةَ رضيَ اللهُ عنهما؟",
    "level": 3,
    "link": "https://www.dorar.net/history/?page=14",
    "section": "amwi",
    "answers": [
      {
        "answer": "خوفًا من جيشِ معاويةَ",
        "t": 0
      },
      {
        "answer": "ضعفًا عن تحمُّلِ المسؤوليةِ",
        "t": 0
      },
      {
        "answer": "حَقنًا لدماءِ المسلِمينَ",
        "t": 1
      }
    ]
  },
  {
    "id": 3150,
    "q": "لِمَ غيَّرَ ابنُ الزُّبيرِ بناءَ الكعبةِ؟",
    "level": 3,
    "link": "https://www.dorar.net/history/?page=16",
    "section": "amwi",
    "answers": [
      {
        "answer": "لاحتراقِها، وليَبنِيَها على قواعدِ إبراهيمَ عَليهِ السَّلامُ",
        "t": 1
      },
      {
        "answer": "لتجديدِ بنائِها",
        "t": 0
      },
      {
        "answer": "لأنَّ السُّيولَ جَرفَت جُزءًا مِنها",
        "t": 0
      }
    ]
  },
  {
    "id": 3154,
    "q": "لِمَ قتَل قُتيبةُ بنُ مُسلمٍ نَيزكَ ملكَ التركِ الأعظمَ؟",
    "level": 3,
    "link": "https://www.dorar.net/history/?page=19",
    "section": "amwi",
    "answers": [
      {
        "answer": "لأنَّه قتلَ المُصلِّين وهُم سُجودٌ",
        "t": 0
      },
      {
        "answer": "لأنَّه ارتَدَّ وغدَرَ بقُتيبةَ فأقسَمَ قُتيبةُ لَيقتلنَّه",
        "t": 1
      },
      {
        "answer": "لأنَّه لم يَقبَلْ بالصلحِ",
        "t": 0
      }
    ]
  },
  {
    "id": 3165,
    "q": "لماذا انقسَمَ البيتُ الأُمويُّ؟",
    "level": 3,
    "link": "https://www.dorar.net/history/?page=24\n",
    "section": "amwi",
    "answers": [
      {
        "answer": "بسببِ دُخولِ الرُّومِ عليهم دِمشقَ",
        "t": 0
      },
      {
        "answer": "بسببِ اغْتيالِ الوليدِ بنِ يَزيدَ",
        "t": 1
      },
      {
        "answer": "بسببِ التنازُعِ على الخِلافةِ",
        "t": 0
      }
    ]
  },
  {
    "id": 3153,
    "q": "لماذا لم يَقبَلْ قُتيبةُ بنُ مُسلمٍ الصلحَ من أهلِ بيكَندَ في المرةِ الثانيةِ؟",
    "level": 3,
    "link": "https://www.dorar.net/history/?page=19",
    "section": "amwi",
    "answers": [
      {
        "answer": "لأنَّهم نَقَضوه في المرةِ الأُولى، وقَتَلوا عامِلَه ومَن معَه",
        "t": 1
      },
      {
        "answer": "لأنَّهم ليسوا أهلَ كتابٍ",
        "t": 0
      },
      {
        "answer": "لأنَّه طمِع في أموالِهم",
        "t": 0
      }
    ]
  },
  {
    "id": 3158,
    "q": "ما سببُ ثورةِ الناسِ في بلادِ ما وراءَ النهرِ على الأُمويينَ سنةَ 116 هـ ؟",
    "level": 3,
    "link": "https://www.dorar.net/history/?page=23",
    "section": "amwi",
    "answers": [
      {
        "answer": "إساءةُ عاصِمِ بنِ عبدِ اللهِ الهِلاليِّ إلى قادَةِ الجُنَيدِ المُرِّيِّ وإظهارِ القَسوةِ",
        "t": 1
      },
      {
        "answer": "فرضُ الضرائبِ والمُكوسِ والجزيةِ ممَّن أسلَمَ منهم",
        "t": 0
      },
      {
        "answer": "استِعانتُهم بالنَّصارَى ضِدَّ المُسلِمين",
        "t": 0
      }
    ]
  },
  {
    "id": 3149,
    "q": "توَلَّى ابنُ الزُّبيرِ الخِلافَةَ بـ:",
    "level": 3,
    "link": "https://www.dorar.net/history/?page=16",
    "section": "amwi",
    "answers": [
      {
        "answer": "بفَرضِ سَطوَتِه على مكَّة",
        "t": 0
      },
      {
        "answer": "بِبَيْعةٍ شَرعيةٍ",
        "t": 1
      },
      {
        "answer": "بتَعيِين الحُسينِ له خَليفةً للمُسلمين",
        "t": 0
      }
    ]
  },
  {
    "id": 3163,
    "q": "لم سُجِنَ إبراهيمُ بنُ محمدِ بنِ عليٍّ؟",
    "level": 3,
    "link": "https://www.dorar.net/history/?page=24",
    "section": "amwi",
    "answers": [
      {
        "answer": "لانكشافِ أمرِه بالدعوةِ العباسيةِ من الرسائلِ بينَه وبينَ أبي مسلمٍ الخُراسانيِّ",
        "t": 1
      },
      {
        "answer": "لخروجِه على الأُمويِّينَ بالسلاحِ",
        "t": 0
      },
      {
        "answer": "للتواصُلِ معَ أعداءِ الدولةِ",
        "t": 0
      }
    ]
  }
]