[
  {
    "id": 3114,
    "q": "متى قُتِل عبدُ اللهِ بنُ الزُّبَيرِ؟",
    "level": 1,
    "link": "https://www.dorar.net/history/?page=17",
    "section": "amwi",
    "answers": [
      {
        "answer": "72 ه",
        "t": 0
      },
      {
        "answer": "73 ه",
        "t": 1
      },
      {
        "answer": "71 ه",
        "t": 0
      }
    ]
  },
  {
    "id": 3122,
    "q": "لِمَ بَنى موسى بنُ نُصَيرٍ دارَ صناعةٍ قُربَ قَرطاجنَّةَ؟",
    "level": 1,
    "link": "https://www.dorar.net/history/?page=19",
    "section": "amwi",
    "answers": [
      {
        "answer": "لبناءِ أُسطولٍ قويٍّ لحمايةِ الثُّغورِ",
        "t": 1
      },
      {
        "answer": "لجَعلِها مركزًا تِجاريًّا",
        "t": 0
      },
      {
        "answer": "لإحياءِ الصناعةِ في هذه البلادِ",
        "t": 0
      }
    ]
  },
  {
    "id": 3119,
    "q": "متى دخَل الحجَّاجُ العراقَ؟",
    "level": 1,
    "link": "https://www.dorar.net/history/?page=17\n",
    "section": "amwi",
    "answers": [
      {
        "answer": "75 هـ",
        "t": 1
      },
      {
        "answer": "73 هـ",
        "t": 0
      },
      {
        "answer": "70 هـ",
        "t": 0
      }
    ]
  },
  {
    "id": 3106,
    "q": "مَن أولُ مَن بايَعَ الحسنَ بنَ عليٍّ رضيَ اللهُ عنهما؟",
    "level": 1,
    "link": "https://www.dorar.net/history/?page=14",
    "section": "amwi",
    "answers": [
      {
        "answer": "أبو موسى الأشْعَريُّ",
        "t": 0
      },
      {
        "answer": "قَيسُ بنُ سعدٍ",
        "t": 1
      },
      {
        "answer": "الحسينُ بنُ عليٍّ",
        "t": 0
      }
    ]
  },
  {
    "id": 3121,
    "q": "أرادَ عبدُ الملِكِ بنُ مَرْوانَ خَلْعَ أخيهِ عبدِ العزيزِ فوافَقَه ",
    "level": 1,
    "link": "https://www.dorar.net/history/?page=18",
    "section": "amwi",
    "answers": [
      {
        "answer": "رَوحُ بنُ زِنباعٍ",
        "t": 1
      },
      {
        "answer": "رجاءُ بنُ حَيْوةَ ",
        "t": 0
      },
      {
        "answer": "قَبيصةُ بنُ ذُؤيبٍ",
        "t": 0
      }
    ]
  },
  {
    "id": 3120,
    "q": "تحتَ زَعامةِ مَن ثارَ الخوارجُ في طَبرستانَ؟",
    "level": 1,
    "link": "https://www.dorar.net/history/?page=17\n",
    "section": "amwi",
    "answers": [
      {
        "answer": "مُصعَبُ بنُ الزُّبيرِ",
        "t": 0
      },
      {
        "answer": "نافعُ بنُ الأزرقِ",
        "t": 0
      },
      {
        "answer": "قَطريُّ بنُ الفُجاءةِ",
        "t": 1
      }
    ]
  },
  {
    "id": 3118,
    "q": "ماذا فعَل معاويةُ بنُ يَزيدَ في الخلافةِ؟",
    "level": 1,
    "link": "https://www.dorar.net/history/?page=16",
    "section": "amwi",
    "answers": [
      {
        "answer": "اعتزَلَ وترَكَها شورى بينَ المسلِمينَ",
        "t": 1
      },
      {
        "answer": "عهِد بها إلى غيرِه",
        "t": 0
      },
      {
        "answer": "استمَرَّ ",
        "t": 0
      }
    ]
  },
  {
    "id": 3112,
    "q": "متى كانت مَوقِعةُ مَرجِ راهطٍ؟ وكم استمَرَّت؟",
    "level": 1,
    "link": "https://www.dorar.net/history/?page=16",
    "section": "amwi",
    "answers": [
      {
        "answer": "سنةَ 60 ه واستمَرَّت 10 أيامٍ",
        "t": 0
      },
      {
        "answer": "سنةَ 64 ه واستمَرَّت أسبوعًا",
        "t": 0
      },
      {
        "answer": "سنةَ 64 ه واستمَرَّت 20 يومًا",
        "t": 1
      }
    ]
  },
  {
    "id": 3124,
    "q": "متى توفِّيَ الحجَّاجُ بنُ يوسفَ الثَّقَفيُّ؟",
    "level": 1,
    "link": "https://www.dorar.net/history/?page=20",
    "section": "amwi",
    "answers": [
      {
        "answer": "94 هـ",
        "t": 0
      },
      {
        "answer": "93 هـ",
        "t": 0
      },
      {
        "answer": "95 هـ",
        "t": 1
      }
    ]
  },
  {
    "id": 3111,
    "q": "متى كانت وَقْعةُ الحرَّةِ؟ وأين؟",
    "level": 1,
    "link": "https://www.dorar.net/history/?page=16",
    "section": "amwi",
    "answers": [
      {
        "answer": "63 هـ بمكةَ",
        "t": 0
      },
      {
        "answer": "60 هـ بالكوفةِ",
        "t": 0
      },
      {
        "answer": "63 هـ بالمدينةِ",
        "t": 1
      }
    ]
  },
  {
    "id": 3110,
    "q": "متى قُتِل الحسينُ بنُ عليٍّ رضيَ اللهُ عنهما؟ وأين؟",
    "level": 1,
    "link": "https://www.dorar.net/history/?page=15",
    "section": "amwi",
    "answers": [
      {
        "answer": "61 هـ بمكةَ",
        "t": 0
      },
      {
        "answer": "61 هـ بكَرْبلاءَ",
        "t": 1
      },
      {
        "answer": "60 هـ بالشامِ",
        "t": 0
      }
    ]
  },
  {
    "id": 3109,
    "q": "كان الحصارُ الثاني للقُسطَنطينيةِ بقيادةِ؟",
    "level": 1,
    "link": "https://www.dorar.net/history/?page=15",
    "section": "amwi",
    "answers": [
      {
        "answer": "جُنادةَ بنِ أبي أُميَّةَ",
        "t": 0
      },
      {
        "answer": "فَضالةَ بنِ عُبيدٍ الأنْصاريِّ",
        "t": 1
      },
      {
        "answer": "سعدِ بنِ أبي وقَّاصٍ",
        "t": 0
      }
    ]
  },
  {
    "id": 3107,
    "q": "كم كانت مدَّةُ خلافةِ عليٍّ رضيَ اللهُ عنه؟",
    "level": 1,
    "link": "https://www.dorar.net/history/?page=14",
    "section": "amwi",
    "answers": [
      {
        "answer": " 5 سنواتٍ",
        "t": 1
      },
      {
        "answer": "3  سنواتٍ",
        "t": 0
      },
      {
        "answer": " 4 سنواتٍ",
        "t": 0
      }
    ]
  },
  {
    "id": 3125,
    "q": "متى توفِّيَ عمرُ بنُ عبدِ العزيزِ؟",
    "level": 1,
    "link": "https://www.dorar.net/history/?page=21",
    "section": "amwi",
    "answers": [
      {
        "answer": "101 هـ",
        "t": 1
      },
      {
        "answer": "100 هـ",
        "t": 0
      },
      {
        "answer": "99 هـ",
        "t": 0
      }
    ]
  },
  {
    "id": 3108,
    "q": "كم بَقيَ الحسنُ بنُ عليٍّ رضيَ اللهُ عنهما في الخلافةِ؟",
    "level": 1,
    "link": "https://www.dorar.net/history/?page=14",
    "section": "amwi",
    "answers": [
      {
        "answer": " 6 أشهرٍ",
        "t": 1
      },
      {
        "answer": "سنةً",
        "t": 0
      },
      {
        "answer": " 3 أشهرٍ",
        "t": 0
      }
    ]
  },
  {
    "id": 3113,
    "q": "متى توَلَّى عبدُ الملِكِ بنُ مَرْوانَ الخلافةَ؟",
    "level": 1,
    "link": "https://www.dorar.net/history/?page=16",
    "section": "amwi",
    "answers": [
      {
        "answer": "64 ه",
        "t": 0
      },
      {
        "answer": "60 هـ",
        "t": 0
      },
      {
        "answer": "65 ه",
        "t": 1
      }
    ]
  },
  {
    "id": 3116,
    "q": "كم مرةً حوصِرَ ابنُ الزُّبيرِ في مكةَ؟",
    "level": 1,
    "link": "https://www.dorar.net/history/?page=17\n",
    "section": "amwi",
    "answers": [
      {
        "answer": "مرَّتَينِ",
        "t": 1
      },
      {
        "answer": "ثلاثَ مراتٍ",
        "t": 0
      },
      {
        "answer": "مرةً واحدةً ",
        "t": 0
      }
    ]
  },
  {
    "id": 3117,
    "q": "متى هُزِمَ المسلمونَ على يدِ الكاهِنةِ ملكةِ البربَرِ",
    "level": 1,
    "link": "https://www.dorar.net/history/?page=17\n",
    "section": "amwi",
    "answers": [
      {
        "answer": "72 هـ",
        "t": 0
      },
      {
        "answer": "70 هـ",
        "t": 0
      },
      {
        "answer": "73 هـ",
        "t": 1
      }
    ]
  },
  {
    "id": 3115,
    "q": "مَنِ الذي بعَثَه مَرْوانُ إلى عبدِ اللهِ بنِ الزُّبيرِ؟",
    "level": 1,
    "link": "https://www.dorar.net/history/?page=17",
    "section": "amwi",
    "answers": [
      {
        "answer": "ابنُ زيادٍ",
        "t": 0
      },
      {
        "answer": "الحجَّاجُ بنُ يوسفَ الثَّقَفيُّ",
        "t": 1
      },
      {
        "answer": "خالدٌ القَسْريُّ",
        "t": 0
      }
    ]
  },
  {
    "id": 3123,
    "q": "متى توفِّيَ عبدُ الملكِ بنُ مَرْوانَ؟",
    "level": 1,
    "link": "https://www.dorar.net/history/?page=19",
    "section": "amwi",
    "answers": [
      {
        "answer": "85 هـ",
        "t": 1
      },
      {
        "answer": "83 هـ",
        "t": 0
      },
      {
        "answer": "84 هـ",
        "t": 0
      }
    ]
  }
]