[
  {
    "id": 3137,
    "q": "مَن ولَّى الوليدُ بدلًا عن عمرَ بنِ عبدِ العزيزِ على المدينةِ؟",
    "level": 2,
    "link": "https://www.dorar.net/history/?page=20",
    "section": "amwi",
    "answers": [
      {
        "answer": "عثمان بن حيَّانَ",
        "t": 1
      },
      {
        "answer": "مَسلَمة بن عبدِ الملكِ",
        "t": 0
      },
      {
        "answer": "خالد بن عبدِ اللهِ",
        "t": 0
      }
    ]
  },
  {
    "id": 3145,
    "q": "لِمَ سُمِّيَ يَزيدُ بنُ الوليدِ بنِ عبدِ الملِكِ بالنَّاقصِ؟",
    "level": 2,
    "link": "https://www.dorar.net/history/?page=24",
    "section": "amwi",
    "answers": [
      {
        "answer": "لسوءِ أخلاقِه",
        "t": 0
      },
      {
        "answer": "لنقصٍ في بعضِ أطرافِه",
        "t": 0
      },
      {
        "answer": "لأنَّه نقَصَ الزيادةَ التي زادَها الوليدُ بنُ يزيدَ في عطيَّاتِ الناسِ",
        "t": 1
      }
    ]
  },
  {
    "id": 3126,
    "q": "متى قُتِلَ  عليُّ بنُ أبي طالبٍ رضيَ اللهُ عنه؟",
    "level": 2,
    "link": "https://www.dorar.net/history/?page=14",
    "section": "amwi",
    "answers": [
      {
        "answer": "35 هـ",
        "t": 0
      },
      {
        "answer": "37 هـ",
        "t": 0
      },
      {
        "answer": "40 هـ",
        "t": 1
      }
    ]
  },
  {
    "id": 3127,
    "q": "مَن أوَّلُ مَن خرَجَ على معاويةَ منَ الخَوارِجِ؟",
    "level": 2,
    "link": "https://www.dorar.net/history/?page=14",
    "section": "amwi",
    "answers": [
      {
        "answer": "المستَورِدُ بنُ عُلَّفةَ التميميُّ",
        "t": 0
      },
      {
        "answer": "فَرْوةُ بن نَوفلٍ الأشجعيُّ",
        "t": 1
      },
      {
        "answer": "ابنُ مُلجمٍ",
        "t": 0
      }
    ]
  },
  {
    "id": 3136,
    "q": "لمَ سُمِّيت غزوةُ مَيورقةَ ومَنورقةَ بغزوةِ الأشرافِ؟",
    "level": 2,
    "link": "https://www.dorar.net/history/?page=19\n",
    "section": "amwi",
    "answers": [
      {
        "answer": "لشرفِ تلك الغزوةِ",
        "t": 0
      },
      {
        "answer": "لكثرةِ الأشرافِ الذين كانوا بها من أشرافِ العربِ",
        "t": 1
      },
      {
        "answer": "لكثرةِ مَن قُتِلَ بها من الأشرافِ",
        "t": 0
      }
    ]
  },
  {
    "id": 3140,
    "q": "مَنِ السببُ في بَيعةِ عُمرَ بنِ عبدِ العزيزِ بالخلافةِ؟",
    "level": 2,
    "link": "https://www.dorar.net/history/?page=21",
    "section": "amwi",
    "answers": [
      {
        "answer": "رجاءُ بنُ حَيْوةَ",
        "t": 1
      },
      {
        "answer": "رَوحُ بنُ زِنباعٍ",
        "t": 0
      },
      {
        "answer": "الحجَّاجُ بنُ يوسفَ",
        "t": 0
      }
    ]
  },
  {
    "id": 3132,
    "q": "كيف أعادَ الحجَّاجُ بناءَ الكَعبةِ؟",
    "level": 2,
    "link": "https://www.dorar.net/history/?page=17\n",
    "section": "amwi",
    "answers": [
      {
        "answer": "على قواعدِ إبْراهيمَ عليه السلامُ",
        "t": 0
      },
      {
        "answer": "على ما كانت عليه على عهدِ قُرَيشٍ",
        "t": 1
      },
      {
        "answer": "لم يغيِّرْ فيها شيئًا",
        "t": 0
      }
    ]
  },
  {
    "id": 3142,
    "q": "ما سببُ تَسميةِ غَزاةِ الطِّينِ بهذا الاسمِ؟",
    "level": 2,
    "link": "https://www.dorar.net/history/?page=22",
    "section": "amwi",
    "answers": [
      {
        "answer": "لأنَّ المقاتِلينَ طيَّنوا وجوهَهم ليَستَخِفُّوا من عَدوِّهم",
        "t": 0
      },
      {
        "answer": "لأنَّهم أكَلوا الطينَ بسببِ قلَّةِ الطعامِ",
        "t": 0
      },
      {
        "answer": "لأنَّهم سَلَكوا على مَغارقَ ومواضعَ غرِقَ فيها دوابُّ كثيرةٌ، وتوحَّل خَلقٌ كثيرٌ",
        "t": 1
      }
    ]
  },
  {
    "id": 3138,
    "q": "مَن كان على رأسِ الحصارِ الثالثِ للقُسطَنطينيةِ سنةَ 98 هـ ؟",
    "level": 2,
    "link": "https://www.dorar.net/history/?page=21",
    "section": "amwi",
    "answers": [
      {
        "answer": "قُتيبةُ بنُ مُسلمٍ الباهليُّ",
        "t": 0
      },
      {
        "answer": "الحجَّاجُ بنُ يوسفَ الثَّقَفيُّ",
        "t": 0
      },
      {
        "answer": "مَسلَمةُ بنُ عبدِ الملِكِ",
        "t": 1
      }
    ]
  },
  {
    "id": 3131,
    "q": "استمَرَّت فِتنةُ المختارِ الثَّقَفيِّ:",
    "level": 2,
    "link": "https://www.dorar.net/history/?page=16",
    "section": "amwi",
    "answers": [
      {
        "answer": "من 60 هـ إلى 65 هـ",
        "t": 0
      },
      {
        "answer": "من 66 هـ إلى 67 هـ\n ",
        "t": 1
      },
      {
        "answer": "من 62 هـ إلى65 هـ\n ",
        "t": 0
      }
    ]
  },
  {
    "id": 3135,
    "q": "بمَ اهتمَّ موسى بنُ نُصيرٍ بعدَ استعادةِ البلادِ التي أُخِذتْ منَ المُسلِمين بعدَ فَتحِها؟",
    "level": 2,
    "link": "https://www.dorar.net/history/?page=19",
    "section": "amwi",
    "answers": [
      {
        "answer": "بنشرِ الإسلامِ بينَ البَربَرِ",
        "t": 1
      },
      {
        "answer": "بالسِّياسةِ الدَّاخليةِ في هذه البلادِ",
        "t": 0
      },
      {
        "answer": "بفتحِ مناطقَ جديدةٍ",
        "t": 0
      }
    ]
  },
  {
    "id": 3129,
    "q": "لم يُبايعْ يَزيدَ بنَ معاويةَ اثنانِ؛ مَن هُما؟",
    "level": 2,
    "link": "https://www.dorar.net/history/?page=15",
    "section": "amwi",
    "answers": [
      {
        "answer": "الحسينُ وابنُ الزُّبيرِ",
        "t": 1
      },
      {
        "answer": "ابنُ عمرَ وابنُ عباسٍ",
        "t": 0
      },
      {
        "answer": "محمَّدٌ ابنُ الحنفيَّةِ وأبو سعيدٍ الخُدريُّ",
        "t": 0
      }
    ]
  },
  {
    "id": 3130,
    "q": "متى ضرَب عبدُ الملكِ بنُ مَرْوانَ العُملةَ الإسلاميةَ؟\n ",
    "level": 2,
    "link": "https://www.dorar.net/history/?page=17\n",
    "section": "amwi",
    "answers": [
      {
        "answer": "70 هـ",
        "t": 0
      },
      {
        "answer": "73 هـ",
        "t": 0
      },
      {
        "answer": "76 هـ",
        "t": 1
      }
    ]
  },
  {
    "id": 3134,
    "q": "مَن الذي أمرَه الوليدُ بنُ عبدِ الملِكِ بتجديدِ وتوسيعِ المسجدِ النبويِّ الشريفِ؟",
    "level": 2,
    "link": "https://www.dorar.net/history/?page=19",
    "section": "amwi",
    "answers": [
      {
        "answer": "قُتَيبة بن مُسلمٍ",
        "t": 0
      },
      {
        "answer": "مَسلَمة بن عبدِ الملكِ",
        "t": 0
      },
      {
        "answer": "عمر بن عبدِ العزيزِ",
        "t": 1
      }
    ]
  },
  {
    "id": 3144,
    "q": "عزلَ هشامُ بنُ عبدِ الملِكِ خالدًا القَسْريَّ وولَّى بدلًا منه :",
    "level": 2,
    "link": "https://www.dorar.net/history/?page=23",
    "section": "amwi",
    "answers": [
      {
        "answer": "مَرْوانَ بنَ محمدٍ",
        "t": 0
      },
      {
        "answer": "عبدَ الرحمنِ الغافِقيَّ",
        "t": 0
      },
      {
        "answer": "يوسفَ بنَ عمرَ الثقفيَّ",
        "t": 1
      }
    ]
  },
  {
    "id": 3133,
    "q": "متى بَنى حسَّانُ بنُ النُّعمانِ مدينةَ تونُسَ؟",
    "level": 2,
    "link": "https://www.dorar.net/history/?page=18",
    "section": "amwi",
    "answers": [
      {
        "answer": "81 هـ",
        "t": 1
      },
      {
        "answer": "79 هـ",
        "t": 0
      },
      {
        "answer": "80 هـ",
        "t": 0
      }
    ]
  },
  {
    "id": 3141,
    "q": "ما سببُ وفاةِ عمرَ بنِ عبدِ العزيزِ؟",
    "level": 2,
    "link": "https://www.dorar.net/history/?page=21",
    "section": "amwi",
    "answers": [
      {
        "answer": "الطاعون",
        "t": 0
      },
      {
        "answer": "وضَعَ مَولًى له سمًّا في شَرابِه",
        "t": 1
      },
      {
        "answer": "طعَنَه مَوْلاه",
        "t": 0
      }
    ]
  },
  {
    "id": 3143,
    "q": "استَنقَذَ سعيدُ بنُ عمرٍو الأَسْرى من:",
    "level": 2,
    "link": "https://www.dorar.net/history/?page=22\n",
    "section": "amwi",
    "answers": [
      {
        "answer": "أَسرى المُسلِمينَ وأهلِ الذمَّةِ",
        "t": 1
      },
      {
        "answer": "أَسرى المُسلِمينَ فَقَط",
        "t": 0
      },
      {
        "answer": "أهلِ الذمَّةِ فقط",
        "t": 0
      }
    ]
  },
  {
    "id": 3128,
    "q": "متى توفِّيَ معاويةُ رضيَ اللهُ عنه وتوَلَّى ابنُه يَزيدُ؟",
    "level": 2,
    "link": "https://www.dorar.net/history/?page=15",
    "section": "amwi",
    "answers": [
      {
        "answer": "55 هـ",
        "t": 0
      },
      {
        "answer": "50 هـ",
        "t": 0
      },
      {
        "answer": "60 هـ",
        "t": 1
      }
    ]
  },
  {
    "id": 3139,
    "q": "كم مرةً فتحَ يَزيدُ بنُ المهَلَّبِ جُرجانَ؟",
    "level": 2,
    "link": "https://www.dorar.net/history/?page=21",
    "section": "amwi",
    "answers": [
      {
        "answer": "مرَّتَينِ",
        "t": 1
      },
      {
        "answer": "مرةً",
        "t": 0
      },
      {
        "answer": "3 مراتٍ",
        "t": 0
      }
    ]
  }
]