[
  {
    "id": 6878,
    "q": "مِنَ المَعاجِمِ الَّتي تَنْتَمي إلى مَدرَسةِ التَّقْليباتِ الصَّوتيَّةِ الَّتي أسَّسها الخَليلُ بنُ أحْمَدَ:",
    "level": 2,
    "link": "https://dorar.net/arabia/3046",
    "section": "al-majm",
    "answers": [
      {
        "answer": "\"قَطرُ النَّدَى وبَلُّ الصَّدَى\" لابنِ هِشامٍ",
        "t": 0
      },
      {
        "answer": " \"البارِعُ في اللُّغةِ\" لأبي عليٍّ القاليِّ",
        "t": 1
      },
      {
        "answer": "\"المُوافَقات\" للشَّاطِبيِّ",
        "t": 0
      }
    ]
  },
  {
    "id": 6875,
    "q": "من أهم المَعاجِم العَربيَّة الخاصَّة بالمُصْطلَحاتِ العِلميَّةِ والعَربيَّةِ:",
    "level": 2,
    "link": "https://dorar.net/arabia/2989",
    "section": "al-majm",
    "answers": [
      {
        "answer": "(فَضائِلُ القُرآنِ) للقاسمِ بنِ سلَّامٍ",
        "t": 0
      },
      {
        "answer": "(التَّعْريفات) لعليِّ بنِ مُحمَّدٍ الجُرجانيِّ",
        "t": 1
      },
      {
        "answer": "(جَمهرَةُ اللُّغةِ) لابن دُريدٍ",
        "t": 0
      }
    ]
  },
  {
    "id": 6869,
    "q": "الألفاظُ التي تحتمِلُ المعنى وضِدَّه، هي نوعٌ من المشتَرَكِ اللَّفظيِّ، تُسمَّى:",
    "level": 2,
    "link": "https://dorar.net/arabia/3405",
    "section": "al-majm",
    "answers": [
      {
        "answer": "المُفرداتِ",
        "t": 0
      },
      {
        "answer": "الأَضدادَ",
        "t": 1
      },
      {
        "answer": "الرَّوِيَّ",
        "t": 0
      }
    ]
  },
  {
    "id": 6864,
    "q": "تَناوَل ابنُ سِيدَه في كتابه \"المُخَصَّص\" بعضَ القَضايا اللُّغويَّةِ؛ ومِن أبْرَزِها:",
    "level": 2,
    "link": "https://dorar.net/arabia/2974",
    "section": "al-majm",
    "answers": [
      {
        "answer": "التَّرادُفُ",
        "t": 1
      },
      {
        "answer": "الإِسنادُ",
        "t": 0
      },
      {
        "answer": "الأَنسابُ",
        "t": 0
      }
    ]
  },
  {
    "id": 6862,
    "q": " ‌الأسْماءِ ‌المُشترَكةِ الَّتي تَقعُ على عدَّةِ أنْواعٍ، تُسمَّى:",
    "level": 2,
    "link": "https://dorar.net/arabia/2974",
    "section": "al-majm",
    "answers": [
      {
        "answer": "المُتَّصِل والمُنفَصِل",
        "t": 0
      },
      {
        "answer": "اللَّطائف",
        "t": 0
      },
      {
        "answer": "المُشترَك اللَّفظي",
        "t": 1
      }
    ]
  },
  {
    "id": 6866,
    "q": "أوَّلُ كِتابٍ وصَل إلينا أُطلِق عليه اسمُ مُعجَمٍ هو كِتابُ:",
    "level": 2,
    "link": "https://dorar.net/arabia/2955",
    "section": "al-majm",
    "answers": [
      {
        "answer": "مُعجَم الصَّحابة",
        "t": 1
      },
      {
        "answer": "مُعجَم البُلدان",
        "t": 0
      },
      {
        "answer": "مُعجَم الفُقَهاء",
        "t": 0
      }
    ]
  },
  {
    "id": 6877,
    "q": "مُعجَمٌ يَتناوَلُ التَّأصيلَ لكَلِماتِ اللُّغةِ العَربيَّةِ، ببَيانِ أصْلِها وتاريخِ اسْتِعمالِها:",
    "level": 2,
    "link": "https://dorar.net/arabia/2995",
    "section": "al-majm",
    "answers": [
      {
        "answer": "المُعجَمُ المُفهرَسُ",
        "t": 0
      },
      {
        "answer": "المُعجَمُ التَّاريخيُّ",
        "t": 1
      },
      {
        "answer": "مُعجَمُ الأَلفاظِ",
        "t": 0
      }
    ]
  },
  {
    "id": 6879,
    "q": "الغَرَضُ مِن تَأليفِ كِتابِ \"جَمْهَرةِ اللُّغةِ\"",
    "level": 2,
    "link": "https://dorar.net/arabia/3093",
    "section": "al-majm",
    "answers": [
      {
        "answer": "حَصرُ الأَلفاظِ المُهمَلةِ، وبَيانُ سَببِ إهمالِها",
        "t": 0
      },
      {
        "answer": "تَرتِيبُ القَصائدِ العَربيَّةِ بحَسبِ حُروفِ القَوافي",
        "t": 0
      },
      {
        "answer": "جَمْع المَشْهورِ الفَصيحِ، والبُعدَ عنِ الغَريبِ الوَحشيِّ",
        "t": 1
      }
    ]
  },
  {
    "id": 6870,
    "q": "مِن مَراحِل تَدْوينِ اللُّغةِ",
    "level": 2,
    "link": "https://dorar.net/arabia/2962",
    "section": "al-majm",
    "answers": [
      {
        "answer": "تَميِيزُ الأَسماءِ والأَفعالِ",
        "t": 0
      },
      {
        "answer": "مَرحلةُ التَّرجمَةِ والتَّعريبِ",
        "t": 0
      },
      {
        "answer": "جَمْعُ الألْفاظِ بحسَبِ المَوضوعاتِ",
        "t": 1
      }
    ]
  },
  {
    "id": 6863,
    "q": "نَوعٌ مِنَ المَعاجِمِ جمَع بَيْن بعضِ خَصائِصِ مَعاجِمِ المَوضوعاتِ ومَعاجِمِ الألْفاظِ:",
    "level": 2,
    "link": "https://dorar.net/arabia/2979",
    "section": "al-majm",
    "answers": [
      {
        "answer": "مَعاجِمُ المَوضُوعاتِ والأَلفاظِ",
        "t": 0
      },
      {
        "answer": "المَعاجِمُ الدَّلالِيَّةُ",
        "t": 0
      },
      {
        "answer": "المَعاجِمُ الدَّلاليَّةُ الخاصَّةُ",
        "t": 1
      }
    ]
  },
  {
    "id": 6867,
    "q": "أوَّلَ مَنِ اسْتَخدَم اسمَ القاموسَ وسمَّى به مُعجَمَه:",
    "level": 2,
    "link": "https://dorar.net/arabia/2957",
    "section": "al-majm",
    "answers": [
      {
        "answer": "الفَيْرُوزاباديُّ",
        "t": 1
      },
      {
        "answer": "أبو عُثمانَ الجاحِظ",
        "t": 0
      },
      {
        "answer": "الأَخفشُ الكبيرُ",
        "t": 0
      }
    ]
  },
  {
    "id": 6873,
    "q": "مِن أَنواعِ المَعاجِم الدَّلالية الخاصَّة:",
    "level": 2,
    "link": "https://dorar.net/arabia/2985",
    "section": "al-majm",
    "answers": [
      {
        "answer": "مَعاجِمُ الشِّعرِ العَربيِّ",
        "t": 0
      },
      {
        "answer": "مَعاجِمُ الجُغرافيا",
        "t": 0
      },
      {
        "answer": "مَعاجِمُ ألْفاظِ الحَديثِ",
        "t": 1
      }
    ]
  },
  {
    "id": 6865,
    "q": "أَكثرُ العُلماءِ الذين لهم اهتِمامٌ بكَلمةِ المُعجَم:",
    "level": 2,
    "link": "https://dorar.net/arabia/2955",
    "section": "al-majm",
    "answers": [
      {
        "answer": "عُلَماءُ الحَديثِ وعُلماءُ اللُّغةِ",
        "t": 1
      },
      {
        "answer": "عُلماءُ الجُغرافيا وعُلماءُ الطِّبِّ",
        "t": 0
      },
      {
        "answer": "عُلماءُ التَّاريخِ والفُقهاءُ",
        "t": 0
      }
    ]
  },
  {
    "id": 6876,
    "q": "اخْتَلفتْ لَهَجاتُ العَربِ في وُجوهٍ كَثيرةٍ، منها:",
    "level": 2,
    "link": "https://dorar.net/arabia/2993",
    "section": "al-majm",
    "answers": [
      {
        "answer": "الاختِلافُ في النَّبرِ والتَّنغِيمِ",
        "t": 0
      },
      {
        "answer": "الاخْتِلافُ فِي التَّذْكيرِ والتَّأنيثِ",
        "t": 1
      },
      {
        "answer": "الاختِلافُ في الإِلقاءِ",
        "t": 0
      }
    ]
  },
  {
    "id": 6874,
    "q": "مَعاجِمُ الفِقْهِ من أنواع:",
    "level": 2,
    "link": "https://dorar.net/arabia/298",
    "section": "al-majm",
    "answers": [
      {
        "answer": "مَعاجِمِ المَوضُوعاتِ والمَعاني",
        "t": 0
      },
      {
        "answer": "المَعاجِم الدَّلاليَّة الخاصَّةُ",
        "t": 1
      },
      {
        "answer": "مَعاجِم الأَلفاظِ",
        "t": 0
      }
    ]
  },
  {
    "id": 6872,
    "q": "كِتاب \"تَهْذيبُ الأسْماءِ واللُّغاتِ\" للنَّوويِّ، مِن أَنواعِ:",
    "level": 2,
    "link": "https://dorar.net/arabia/2987",
    "section": "al-majm",
    "answers": [
      {
        "answer": "مَعاجِم الفِقْهِ",
        "t": 1
      },
      {
        "answer": "مَعاجِم التَّاريخِ",
        "t": 0
      },
      {
        "answer": "مَعاجِم اللُّغةِ",
        "t": 0
      }
    ]
  },
  {
    "id": 6868,
    "q": "مِنَ المَعاجِمِ التي نالَتْ شُهرةً واسِعةً في العُقودِ الأخيرةِ عند كَثيرٍ مِنَ النَّاسِ:",
    "level": 2,
    "link": "https://dorar.net/arabia/2981",
    "section": "al-majm",
    "answers": [
      {
        "answer": "المُعجَمُ المُفهرَسُ لألْفاظِ القُرآنِ الكَريمِ",
        "t": 1
      },
      {
        "answer": "مُعجَمُ المُفرداتِ الأدبِيَّةِ",
        "t": 0
      },
      {
        "answer": "مُعجَمُ البَحر الزَّخَّار",
        "t": 0
      }
    ]
  },
  {
    "id": 6871,
    "q": "مِن أنْواعِ المَعاجِمِ العَربيَّةِ:",
    "level": 2,
    "link": "https://dorar.net/arabia/2968",
    "section": "al-majm",
    "answers": [
      {
        "answer": "مُعجَمُ الفُروقِ",
        "t": 0
      },
      {
        "answer": "مُعجَمُ المَوضوعاتِ",
        "t": 1
      },
      {
        "answer": "مُعجَمُ المَقايِيسِ ",
        "t": 0
      }
    ]
  },
  {
    "id": 6861,
    "q": "أيُّ كِتابٍ يَضُمُّ مُفرَداتِ لُغةٍ ما، ومَعانيَها، واسْتِعمالاتِها في التَّراكيبِ المُختَلِفةِ، يُسمَّى:",
    "level": 2,
    "link": "https://dorar.net/arabia/2951",
    "section": "al-majm",
    "answers": [
      {
        "answer": "المُعجَم",
        "t": 1
      },
      {
        "answer": "المَعاني",
        "t": 0
      },
      {
        "answer": "المُجمَل",
        "t": 0
      }
    ]
  },
  {
    "id": 6880,
    "q": "‌الجَذْرُ اللُّغويُّ لكلمة (ع ج م) يأتي ‌في ‌كَلامِ ‌العَربِ ‌بمَعنى:",
    "level": 2,
    "link": "https://dorar.net/arabia/2949",
    "section": "al-majm",
    "answers": [
      {
        "answer": "اللَّحْنِ والخَطَأِ في اللُّغةِ",
        "t": 0
      },
      {
        "answer": "التَّورِيَةِ والتَّموِيهِ ",
        "t": 0
      },
      {
        "answer": "الإبْهامِ والإخْفاءِ",
        "t": 1
      }
    ]
  }
]