[
  {
    "id": 6894,
    "q": "مِن خَصائِصِ كِتابُ (تَهْذيبِ اللُّغةِ) عِنايتُه بـ: ",
    "level": 3,
    "link": "https://dorar.net/arabia/3033",
    "section": "al-majm",
    "answers": [
      {
        "answer": "الأَنسابِ العَربيَّةِ",
        "t": 0
      },
      {
        "answer": "النَّاحيةِ البُلدانيَّةِ والأماكِنِ المَشْهورةِ",
        "t": 1
      },
      {
        "answer": "طُرُقِ المُناظَرةِ والجَدَلِ",
        "t": 0
      }
    ]
  },
  {
    "id": 6885,
    "q": "مِن مَنهَجِ العُلَماءِ في تَّدْوينِ المَعاجِم:",
    "level": 3,
    "link": "https://dorar.net/arabia/2966",
    "section": "al-majm",
    "answers": [
      {
        "answer": "تَحْديدُ بِيئاتٍ لُغويَّةٍ مُعيَّنةٍ للأخْذِ عنها",
        "t": 1
      },
      {
        "answer": "شُمولُ لَهجاتٍ تاريخِيَّةٍ مُختلِفةٍ مِن عُصورٍ مُختلِفةٍ",
        "t": 0
      },
      {
        "answer": "دِراسَةُ اللُّغةِ نَفسِها في البَدوِ والحَضرِ ",
        "t": 0
      }
    ]
  },
  {
    "id": 6881,
    "q": "اشتُقَّ مِنَ كلمة الإعْجامِ اسمُ مَفْعولٍ أو مَصدَرٌ مِيميٌّ؛ فصار (مُعْجَم) الَّذي دلَّ مَعْناه على: ",
    "level": 3,
    "link": "https://dorar.net/arabia/2949",
    "section": "al-majm",
    "answers": [
      {
        "answer": "المُشتَرَكِ اللَّفظيِّ",
        "t": 0
      },
      {
        "answer": "التَّعبيرِ وحُسنِ الأَداءِ",
        "t": 0
      },
      {
        "answer": "الوُضوحِ وإزالةِ العُجْمةِ والغُموضِ",
        "t": 1
      }
    ]
  },
  {
    "id": 6884,
    "q": "مِن مَراحِل تَدْوينِ اللُّغةِ:",
    "level": 3,
    "link": "https://dorar.net/arabia/2962",
    "section": "al-majm",
    "answers": [
      {
        "answer": "تَرتِيبُ المُفرداتِ تَرتِيبًا دَلالِيًّا",
        "t": 0
      },
      {
        "answer": "جَمْعُ الألْفاظِ بحسَبِ المَوضوعاتِ",
        "t": 1
      },
      {
        "answer": "التَّمييزُ بين اللَّهجاتِ ذاتِ الأَصلِ الواحِدِ",
        "t": 0
      }
    ]
  },
  {
    "id": 6886,
    "q": "تَقْسيمُ المَعاجِمِ إلى نَوعَينِ كَبيرَينِ يَشمَلُ كلٌّ منْهما أنْواعًا أخرى؛ هي: ",
    "level": 3,
    "link": "https://dorar.net/arabia/2969",
    "section": "al-majm",
    "answers": [
      {
        "answer": "مَعاجِمُ المَوضوعاتِ، ومَعاجِمُ الألْفاظِ",
        "t": 1
      },
      {
        "answer": "المَعاجِمُ القِياسِيَّةُ، والمَعاجِمُ البَسِيطَةُ",
        "t": 0
      },
      {
        "answer": "مَعاجِمُ المَعاني، ومَعاجِمُ المُفرداتِ",
        "t": 0
      }
    ]
  },
  {
    "id": 6887,
    "q": "تَناوَلَ ابنُ سِيدَه في كِتابِه \"المُخصَّص\" بعضَ القَضايا اللُّغويَّةِ؛ مِن أبْرَزِها:",
    "level": 3,
    "link": "https://dorar.net/arabia/2974",
    "section": "al-majm",
    "answers": [
      {
        "answer": "التَّعدُّدُ اللَّفظِيُّ",
        "t": 0
      },
      {
        "answer": "حُسْنُ السَّبْكِ",
        "t": 0
      },
      {
        "answer": "التَّرادُفُ",
        "t": 1
      }
    ]
  },
  {
    "id": 6893,
    "q": "صاحب أوَّلِ مُعجَمٍ، كان له السَّبْقُ في ابتكار تَرْتيب للحُروفِ العَربيَّةِ بحسَبِ المَخرَجِ:",
    "level": 3,
    "link": "https://dorar.net/arabia/3001",
    "section": "al-majm",
    "answers": [
      {
        "answer": "عَبدُ القاهِرِ الجُرْجانيُّ",
        "t": 0
      },
      {
        "answer": "مُرتَضَى الزَّبِيديُّ",
        "t": 0
      },
      {
        "answer": "الخَليلِ بنِ أحْمَدَ الفَراهيديِّ",
        "t": 1
      }
    ]
  },
  {
    "id": 6897,
    "q": "لَونٌ جَديدٌ في عالَمِ المُعجَماتِ العَربيَّةِ الْتَزم فيه التَّرْتيبَ الحَرْفيَّ:",
    "level": 3,
    "link": "https://dorar.net/arabia/3318",
    "section": "al-majm",
    "answers": [
      {
        "answer": "(مُختارُ الصِّحاحِ) للرَّازِيِّ",
        "t": 0
      },
      {
        "answer": "(المُزهِرُ في عُلومِ اللُّغة وأَنواعِها) للسُّيوطيِّ",
        "t": 0
      },
      {
        "answer": "(المُعجَمُ الكَبيرُ) لمَجمَعِ اللُّغةِ العَربيَّةِ بالقاهِرةِ",
        "t": 1
      }
    ]
  },
  {
    "id": 6883,
    "q": "من شُروط وَضْعِ المُعجَمِ:",
    "level": 3,
    "link": "https://dorar.net/arabia/2953",
    "section": "al-majm",
    "answers": [
      {
        "answer": "أنْ يُوضِّحَ مَعانيَ الكَلِماتِ، ويُبيِّنَ طَرائقَ اسْتِعمالاتِها",
        "t": 1
      },
      {
        "answer": "أنْ يَسْتغنيَ عنِ الكَلماتِ غيرِ العَربيَّةِ",
        "t": 0
      },
      {
        "answer": "أنْ يُفرِدَ لكل حرف نظيرا له مِن جِنسِه",
        "t": 0
      }
    ]
  },
  {
    "id": 6891,
    "q": "مِن أهمِّ المَعاجِم الكَبيرةِ الَّتي قُسِّمتْ حسَبَ المَوضوعاتِ:",
    "level": 3,
    "link": "https://dorar.net/arabia/2974",
    "section": "al-majm",
    "answers": [
      {
        "answer": "(المُخصَّص) لابنِ سِيدَه",
        "t": 1
      },
      {
        "answer": "(تَهْذيبُ الأسْماءِ واللُّغاتِ) للنَّوَويِّ",
        "t": 0
      },
      {
        "answer": "(المُفرَدات في غَريب القُرآن) للرَّاغِبِ الأصْفَهانيِّ",
        "t": 0
      }
    ]
  },
  {
    "id": 6896,
    "q": "مِن مَدارِسِ تَرْتيبِ المَعاجِمِ:",
    "level": 3,
    "link": "https://dorar.net/arabia/3104",
    "section": "al-majm",
    "answers": [
      {
        "answer": "مَدرَسةُ الخَليلِ الفَراهيديِّ",
        "t": 0
      },
      {
        "answer": "مَدرسَةُ النُّحاةِ",
        "t": 0
      },
      {
        "answer": "مَدرَسةُ القافِيةِ",
        "t": 1
      }
    ]
  },
  {
    "id": 6892,
    "q": "ما دخَل في كَلامِ العَربِ مِنَ الكَلامِ الأعْجَميِّ، ولم تَجْرِ عليه قَواعِدُهم، بل تُرِك كما هو؛ يُسَمَّى:",
    "level": 3,
    "link": "https://dorar.net/arabia/2991",
    "section": "al-majm",
    "answers": [
      {
        "answer": "المُفرَدَ",
        "t": 0
      },
      {
        "answer": "الدَّخيلَ",
        "t": 1
      },
      {
        "answer": "المُعرَّبَ",
        "t": 0
      }
    ]
  },
  {
    "id": 6889,
    "q": "نَوعٌ مِنَ المَعاجِمِ اعْتَنى بجَمْعِ ألْفاظِ اللُّغةِ جَميعًا، وبَيانِ مَعانيها، وضَبْطِها واشْتِقاقِها:",
    "level": 3,
    "link": "https://dorar.net/arabia/2976",
    "section": "al-majm",
    "answers": [
      {
        "answer": "مُعجَمُ الألْفاظِ ",
        "t": 1
      },
      {
        "answer": "مُعجَمُ اللُّغويَّاتِ",
        "t": 0
      },
      {
        "answer": "المُعجَمُ الهَجائِيُّ",
        "t": 0
      }
    ]
  },
  {
    "id": 6890,
    "q": "مِن المَعاجِم العَربيَّة الخاصَّة بالمُصْطلَحاتِ العِلميَّةِ والعَربيَّةِ:",
    "level": 3,
    "link": "https://dorar.net/arabia/2989",
    "section": "al-majm",
    "answers": [
      {
        "answer": "الزَّاهِرُ في الغَريبِ",
        "t": 0
      },
      {
        "answer": "المِصباحُ المُنيرُ",
        "t": 0
      },
      {
        "answer": "التَّعْريفاتُ",
        "t": 1
      }
    ]
  },
  {
    "id": 6882,
    "q": "الغايةُ مِنَ المَعاجِمِ: ",
    "level": 3,
    "link": "https://dorar.net/arabia/2951",
    "section": "al-majm",
    "answers": [
      {
        "answer": "جَمْعُ المادَّةِ اللُّغويَّةِ بطَريقةٍ شامِلةٍ تُحصَرُ فيها المُفرَداتُ",
        "t": 1
      },
      {
        "answer": "حَصرُ مَعاني الجُذورِ اللُّغويَّةِ",
        "t": 0
      },
      {
        "answer": "الوُقوفُ على التَّغيُّراتِ اللُّغويَّةِ للأَلفاظِ",
        "t": 0
      }
    ]
  },
  {
    "id": 6888,
    "q": "الَّذي دخَل في كَلامِ العَربِ مِنَ الكَلامِ الأعْجَميِّ، وجَرتْ عليه قَواعِدُهم ونُظُمُهم، يُسمَّى:",
    "level": 3,
    "link": "https://dorar.net/arabia/2991",
    "section": "al-majm",
    "answers": [
      {
        "answer": "المُضاعَفَ",
        "t": 0
      },
      {
        "answer": "المُعرَّبَ",
        "t": 1
      },
      {
        "answer": "المُقَيَّدَ",
        "t": 0
      }
    ]
  },
  {
    "id": 6899,
    "q": "يَتناوَلُ كِتابُ (الخصائِص) لابنِ جِنِّي:",
    "level": 3,
    "link": "https://dorar.net/arabia/3436",
    "section": "al-majm",
    "answers": [
      {
        "answer": "خَصائصَ اللُّغةِ العَرَبيةِ وأصولَها",
        "t": 1
      },
      {
        "answer": "الأمثالَ مِن حيثُ دَلالاتِها ومَعانِيها",
        "t": 0
      },
      {
        "answer": "ظاهِرةَ التَّقليبِ الألِفبائيِّ",
        "t": 0
      }
    ]
  },
  {
    "id": 6898,
    "q": "أن تَتبَعَ الكَلِمةُ الكَلِمةَ على وزنِها أو رَوِيِّها؛ إشباعًا وتأكيدًا، يُسمَّى:",
    "level": 3,
    "link": "https://dorar.net/arabia/3418",
    "section": "al-majm",
    "answers": [
      {
        "answer": "التَّدويرَ",
        "t": 0
      },
      {
        "answer": "الإِتْباعَ",
        "t": 1
      },
      {
        "answer": "الإيضاحَ",
        "t": 0
      }
    ]
  },
  {
    "id": 6900,
    "q": "أوَّلَ مُعجَمٍ كُتِب في اللُّغةِ العَربيَّةِ:",
    "level": 3,
    "link": "https://dorar.net/arabia/3010",
    "section": "al-majm",
    "answers": [
      {
        "answer": "كِتابُ (العَيْن)",
        "t": 1
      },
      {
        "answer": "كِتابُ (حُروفُ الهَجاءِ)",
        "t": 0
      },
      {
        "answer": "كِتابُ (الضَّاد)",
        "t": 0
      }
    ]
  },
  {
    "id": 6895,
    "q": "هي الثَّانيةُ في الفِكْرِ المُعجَميِّ العَربيِّ مِن حيثُ النَّشْأةُ والتَّدرُّجُ والتَّاريخُ:",
    "level": 3,
    "link": "https://dorar.net/arabia/3089",
    "section": "al-majm",
    "answers": [
      {
        "answer": "مَدرَسةُ المُفرداتِ ",
        "t": 0
      },
      {
        "answer": "مَدرَسةُ التَّقْليبِ الألِفْبائيِّ",
        "t": 1
      },
      {
        "answer": "مَدرسَةُ الجُذورِ اللُّغويَّةِ",
        "t": 0
      }
    ]
  }
]