[
  {
    "id": 6841,
    "q": "كَلِمةُ (القامُوس) جاءَت مُرادِفةً لكَلِمةِ:",
    "level": 1,
    "link": "https://dorar.net/arabia/2957",
    "section": "al-majm",
    "answers": [
      {
        "answer": "المُعَرَّب",
        "t": 0
      },
      {
        "answer": "الدَّليل",
        "t": 0
      },
      {
        "answer": "المُعجَم",
        "t": 1
      }
    ]
  },
  {
    "id": 6848,
    "q": "تشْترِكُ مُعظَمُ مَعاجِم الفِقْهِ في الإكْثارِ مِنَ:",
    "level": 1,
    "link": "https://dorar.net/arabia/2987",
    "section": "al-majm",
    "answers": [
      {
        "answer": "الاستِشهادِ بالحَديثِ",
        "t": 1
      },
      {
        "answer": "الاستِشهادِ بالقُرآنِ",
        "t": 0
      },
      {
        "answer": "الاستِشهادِ بالشِّعْرِ",
        "t": 0
      }
    ]
  },
  {
    "id": 6858,
    "q": "من مُمَيِّزاتُ كتاب مُعجَمُ العَينِ للخَليلِ الفَراهيديُّ:",
    "level": 1,
    "link": "https://dorar.net/arabia/3018",
    "section": "al-majm",
    "answers": [
      {
        "answer": "عُنِي بلُغاتِ العَربِ عِنايةً كَبيرةً",
        "t": 1
      },
      {
        "answer": "يُعالِجَ في كِتابتِه قَضايا عَصْرِه ومُشكِلاتِه",
        "t": 0
      },
      {
        "answer": "يَجمعُ بين الاهتِمامِ باللَّفظِ والمَعنَى الدَّلالي له",
        "t": 0
      }
    ]
  },
  {
    "id": 6845,
    "q": "مِن أسْبابِ ظُهورِ المَعاجِمِ العربية:",
    "level": 1,
    "link": "https://dorar.net/arabia/2964",
    "section": "al-majm",
    "answers": [
      {
        "answer": "النَّهضَةُ العِلميَّةُ في العَصرِ العُثمانيِّ",
        "t": 0
      },
      {
        "answer": "العِنايةُ بفَهْمِ ألْفاظِ القُرآنِ لإيضاحِ مَعانيه",
        "t": 1
      },
      {
        "answer": "انتِشارُ مَعاجِمِ النَّصارَى",
        "t": 0
      }
    ]
  },
  {
    "id": 6853,
    "q": "خالَف البِشْبِيشيُّ نِظامَه في تَرتيبِ مُفرداتِ كِتابِه وجعَل اسمَ الجَلالةِ (الله) في:",
    "level": 1,
    "link": "https://dorar.net/arabia/2991",
    "section": "al-majm",
    "answers": [
      {
        "answer": "آخِرِ كِتابِه",
        "t": 0
      },
      {
        "answer": "وَسطِ كِتابِه",
        "t": 0
      },
      {
        "answer": "صَدرِ كِتابِه",
        "t": 1
      }
    ]
  },
  {
    "id": 6846,
    "q": "الهَدَفُ الأساسيُّ من تَّبْويبِ وترتيبِ المعاجم على حسَبِ المَعْنى والمَوضوعاتِ:",
    "level": 1,
    "link": "https://dorar.net/arabia/2972",
    "section": "al-majm",
    "answers": [
      {
        "answer": "تَجنُّبُ التَّكرارِ",
        "t": 0
      },
      {
        "answer": "جَمْعَ الألْفاظِ الَّتي تَدورُ حولَ مَوضوعٍ واحِدٍ",
        "t": 1
      },
      {
        "answer": "حَصرُ غَريبِ الكَلماتِ على تَرتيبِ الهَجاءِ",
        "t": 0
      }
    ]
  },
  {
    "id": 6852,
    "q": "مِن الكُتُبِ المُؤلَّفَةِ في الكَلامِ المُعَرَّبِ:",
    "level": 1,
    "link": "https://dorar.net/arabia/2991",
    "section": "al-majm",
    "answers": [
      {
        "answer": "كِتابُ \"المَجمُوع\" ",
        "t": 0
      },
      {
        "answer": "كتاب \"شَفاءُ الغليلِ فيما في كَلامِ العرَبِ من الدَّخيل\"",
        "t": 1
      },
      {
        "answer": "كِتابُ (المُغنِي) لابنِ قُدامَة",
        "t": 0
      }
    ]
  },
  {
    "id": 6851,
    "q": "الغايةُ مِن مَعاجِمُ الألْفاظِ هي:",
    "level": 1,
    "link": "https://dorar.net/arabia/2991",
    "section": "al-majm",
    "answers": [
      {
        "answer": "الرُّقِيُّ باللُّغَةِ وتَطويرُها",
        "t": 0
      },
      {
        "answer": "شُمولُ كلِّ ما وَصَل إليْنا مِنَ اللُّغة",
        "t": 1
      },
      {
        "answer": "حَصرُ الكَلِماتِ التي جاءَت في الوَحْيَيْنِ",
        "t": 0
      }
    ]
  },
  {
    "id": 6855,
    "q": "من أنواع مَعاجِمُ ألْفاظِ القُرآنِ الكَريمِ:",
    "level": 1,
    "link": "https://dorar.net/arabia/2981",
    "section": "al-majm",
    "answers": [
      {
        "answer": "كِتابُ \" أَنوارُ التَّنزيلِ وأَسرارُ التَّأويلِ\" للبَيضاويِّ",
        "t": 0
      },
      {
        "answer": "كِتابُ \" أَمثالُ العَربِ\" للمُفضَّل الضَّبِّيِّ",
        "t": 0
      },
      {
        "answer": "كِتابُ (المُفرَدات في غَريب القُرآن) للرَّاغِبِ الأصْفَهاني",
        "t": 1
      }
    ]
  },
  {
    "id": 6859,
    "q": "كَلِمةُ \"حيَّ\" مَعْناها:",
    "level": 1,
    "link": "https://dorar.net/arabia/3022",
    "section": "al-majm",
    "answers": [
      {
        "answer": "مَرحبًا",
        "t": 0
      },
      {
        "answer": "حَياة",
        "t": 0
      },
      {
        "answer": "هَلُمَّ",
        "t": 1
      }
    ]
  },
  {
    "id": 6844,
    "q": "كَلِمةُ لِسانُ العَربِ، بمَعْنى:",
    "level": 1,
    "link": "https://dorar.net/arabia/3139",
    "section": "al-majm",
    "answers": [
      {
        "answer": "الأصواتِ التي تَدُلُّ على مَعنًى",
        "t": 0
      },
      {
        "answer": "لُغةِ العَربِ وما ورَد عنهم مِنَ الكَلامِ",
        "t": 1
      },
      {
        "answer": "لَهجَةِ أَهلِ البادِيَةِ والأَعرابِ",
        "t": 0
      }
    ]
  },
  {
    "id": 6850,
    "q": "كِتابٌ جمَعَ الكَلِماتِ المُعَرَّبةَ الَّتي اسْتُخدِمتْ في القُرآنِ، والسنة، وكَلامِ العَربِ:",
    "level": 1,
    "link": "https://dorar.net/arabia/2991",
    "section": "al-majm",
    "answers": [
      {
        "answer": "المُعَرَّب مِنَ الكَلامِ الأعْجَميِّ",
        "t": 1
      },
      {
        "answer": "دَليلُ الأَلفاظِ والمَعانِي",
        "t": 0
      },
      {
        "answer": "مُعجَمُ الأعاجِم",
        "t": 0
      }
    ]
  },
  {
    "id": 6860,
    "q": "مَعنى كَلِمةِ (قُحُّ):",
    "level": 1,
    "link": "https://dorar.net/arabia/3022",
    "section": "al-majm",
    "answers": [
      {
        "answer": "النُّعاسُ",
        "t": 0
      },
      {
        "answer": "الخالِصُ مِن كلِّ شيءٍ",
        "t": 1
      },
      {
        "answer": "الدَّعوةُ إلى الخيرِ",
        "t": 0
      }
    ]
  },
  {
    "id": 6847,
    "q": "كَلِمةُ (الصَّلاة) مَعْناها في اللُّغةِ:",
    "level": 1,
    "link": "https://dorar.net/arabia/2987",
    "section": "al-majm",
    "answers": [
      {
        "answer": "الدُّعاءُ",
        "t": 1
      },
      {
        "answer": "الرِّضا",
        "t": 0
      },
      {
        "answer": "الصَّبرُ",
        "t": 0
      }
    ]
  },
  {
    "id": 6856,
    "q": "مُصْطَلَحِ \"المَدارِسِ المُعجَميَّةِ\" المقصود بها: ",
    "level": 1,
    "link": "https://dorar.net/arabia/2998",
    "section": "al-majm",
    "answers": [
      {
        "answer": "المَناهِجُ الَّتي أنشأها المُصنِّفون في تَرْتيبِ مَوادِّ مُعجَمِهم",
        "t": 1
      },
      {
        "answer": "المَدارِسُ التي اهتَمَّت بالمعَاجمِ نَشأةً وتَطويرًا",
        "t": 0
      },
      {
        "answer": "المَعالمُ التي يَستَخدِمُها اللُّغويُّونَ في دِراسَةِ المَعاجِم",
        "t": 0
      }
    ]
  },
  {
    "id": 6842,
    "q": "مِن أشْهَرِ أمْثِلةِ مَعاجِمِ الألفاظ:",
    "level": 1,
    "link": "https://dorar.net/arabia/2981",
    "section": "al-majm",
    "answers": [
      {
        "answer": "مَعاجِم ألْفاظِ القُرآنِ الكَريمِ",
        "t": 1
      },
      {
        "answer": "مُعاجِمُ المُصطَلحاتِ الغَرِيبَة",
        "t": 0
      },
      {
        "answer": "مُعجَم الدِّيوانِ",
        "t": 0
      }
    ]
  },
  {
    "id": 6849,
    "q": "اهتمَّ العُلَماءُ بالألْفاظِ المُعَرَّبةِ والدَّخيلَةِ اهْتِمامًا شَديدًا؛ وذلك حينَ تَطرَّقوا إلى:",
    "level": 1,
    "link": "https://dorar.net/arabia/2991",
    "section": "al-majm",
    "answers": [
      {
        "answer": "مَسألَة: خُطبَة الجُمعَةِ باللُّغةِ العامِّيَّةِ",
        "t": 0
      },
      {
        "answer": "مَسألَة: هل يَصِحُّ الأذانُ بغيرِ العَربيَّة",
        "t": 0
      },
      {
        "answer": "مَسألَة: هل وقَع في القُرآنِ شيءٌ مِنَ الكَلامِ الأعْجَميِّ",
        "t": 1
      }
    ]
  },
  {
    "id": 6854,
    "q": "المُعجَمُ التَّاريخيُّ يُعالِجُ نَشْأةَ الألْفاظِ، وتَقْسيمَها إلى أنْواع، منها:",
    "level": 1,
    "link": "https://dorar.net/arabia/2995",
    "section": "al-majm",
    "answers": [
      {
        "answer": "الألْفاظُ العَربيَّةُ عند الإغريقِ",
        "t": 0
      },
      {
        "answer": "الألْفاظُ العَربيَّةُ الجاهِليَّةُ التي لم تُستَخدمُ بعد ظُهورِ الإِسلامِ",
        "t": 0
      },
      {
        "answer": "الألْفاظُ العَربيَّةُ الَّتي ابْتَكَرَها العَربُ",
        "t": 1
      }
    ]
  },
  {
    "id": 6857,
    "q": "كَلِمةُ (قَعَدَ) يُبحَثُ عنها في مادَّةِ (ع ق د) ",
    "level": 1,
    "link": "https://dorar.net/arabia/3007",
    "section": "al-majm",
    "answers": [
      {
        "answer": "لأنَّ العَينَ أبْعَدُ الحُروفِ مَخرَجًا",
        "t": 1
      },
      {
        "answer": "لأنَّها مِن نَفسِ الجِذرِ اللُّغويِّ",
        "t": 0
      },
      {
        "answer": "لأنَّها مَعكُوسَة",
        "t": 0
      }
    ]
  },
  {
    "id": 6843,
    "q": "اعْتَنتِ المَطبعةُ الكاثوليكيَّةُ بالمَعاجِمِ، وطبَعتْها طَبَعاتٍ فاخِرةً وكان هَدَفُهم: ",
    "level": 1,
    "link": "https://dorar.net/arabia/3302",
    "section": "al-majm",
    "answers": [
      {
        "answer": "تَزوِيرَ التَّارِيخَ",
        "t": 0
      },
      {
        "answer": "دَعوةَ النَّاسِ للنَّصْرانيَّةِ",
        "t": 1
      },
      {
        "answer": "سِرقَةَ دَواوِين الأَدَبِ العَربي",
        "t": 0
      }
    ]
  }
]