[
  {
    "id": 499,
    "q": "في قولِه تعالى: {فَاسْتَمْتَعُوا بِخَلَاقِهِمْ}، معنى «خَلَاقِهِمْ»:",
    "level": 1,
    "link": "https://dorar.net/tafseer/9/25",
    "section": "at-tawbah",
    "answers": [
      {
        "answer": "أخلاقِهم الرَّفيعةِ",
        "t": 0
      },
      {
        "answer": "نَصيبِهم في الدُّنيا",
        "t": 1
      },
      {
        "answer": "خِلقَتِهِم الحَسَنَة",
        "t": 0
      }
    ]
  },
  {
    "id": 482,
    "q": "سُمِّيت سورةُ التَّوبةِ بسُورة بَراءةٌ",
    "level": 1,
    "link": "https://dorar.net/tafseer/9",
    "section": "at-tawbah",
    "answers": [
      {
        "answer": "لأنَّها ذكَرت البَراءةَ منَ المُشرِكينَ وعُهودِهم",
        "t": 1
      },
      {
        "answer": "لأنَّ مَن يَحفظُها تُكتَب له بَراءَتانِ: بَراءَةٌ مِن النارِ، وبَراءَةٌ مِن النِّفاقِ",
        "t": 0
      },
      {
        "answer": "لأنَّها نَزلَت في حادِثَة بئرِ مَعُونة",
        "t": 0
      }
    ]
  },
  {
    "id": 489,
    "q": "المقصودُ بالأحْبارِ في قولِ اللهِ تعالى: {يَاأَيُّهَا الَّذِينَ آمَنُوا إِنَّ كَثِيرًا مِنَ الْأَحْبَارِ وَالرُّهْبَانِ لَيَأْكُلُونَ أَمْوَالَ النَّاسِ بِالْبَاطِلِ}:",
    "level": 1,
    "link": "https://dorar.net/tafseer/9/14#tt4",
    "section": "at-tawbah",
    "answers": [
      {
        "answer": "عُلماءُ اليَهودِ",
        "t": 1
      },
      {
        "answer": "عُبَّادُ النَّصارى",
        "t": 0
      },
      {
        "answer": "أُمراءُ المَجوس",
        "t": 0
      }
    ]
  },
  {
    "id": 488,
    "q": "في قولِ اللهِ تعالى: {وَإِنْ خِفْتُمْ عَيْلَةً فَسَوْفَ يُغْنِيكُمُ اللَّهُ مِنْ فَضْلِهِ إِنْ شَاءَ} المَقصودُ بكَلمةِ (عَيْلَةً):",
    "level": 1,
    "link": "https://dorar.net/tafseer/9/11#tt7",
    "section": "at-tawbah",
    "answers": [
      {
        "answer": "الأبْناءُ",
        "t": 0
      },
      {
        "answer": "الفَقرُ والفاقةُ",
        "t": 1
      },
      {
        "answer": "المَصائبُ",
        "t": 0
      }
    ]
  },
  {
    "id": 483,
    "q": "قال اللهُ تعالى: {وَأَذَانٌ مِنَ اللَّهِ وَرَسُولِهِ إِلَى النَّاسِ يَوْمَ الْحَجِّ الْأَكْبَرِ}، المَقصودُ بيَومِ الحجِّ الأكبَرِ",
    "level": 1,
    "link": "https://dorar.net/tafseer/9/2#tt4",
    "section": "at-tawbah",
    "answers": [
      {
        "answer": "يومُ النَّحرِ",
        "t": 1
      },
      {
        "answer": "يومُ عَرفةَ",
        "t": 0
      },
      {
        "answer": "يومُ التَّرويةِ",
        "t": 0
      }
    ]
  },
  {
    "id": 485,
    "q": "قال اللهُ تعالى: {وَإِنْ نَكَثُوا أَيْمَانَهُمْ مِنْ بَعْدِ عَهْدِهِمْ} المَقصودُ بكَلمةِ (نَكَثُوا):",
    "level": 1,
    "link": "https://dorar.net/tafseer/9/5#tt4",
    "section": "at-tawbah",
    "answers": [
      {
        "answer": "أوْفَوْا",
        "t": 0
      },
      {
        "answer": "نَقَضوا",
        "t": 1
      },
      {
        "answer": "استَبدَلوا",
        "t": 0
      }
    ]
  },
  {
    "id": 493,
    "q": "قال اللهُ تعالى: {قُلْ هَلْ تَرَبَّصُونَ بِنَا إِلَّا إِحْدَى الْحُسْنَيَيْنِ}، يُقصَدُ بالْحُسْنَيَيْنِ:",
    "level": 1,
    "link": "https://dorar.net/tafseer/9/19#tt4",
    "section": "at-tawbah",
    "answers": [
      {
        "answer": "النَّصرُ أو الشَّهادةُ",
        "t": 1
      },
      {
        "answer": "الشَّهادةُ أو الإيمانُ",
        "t": 0
      },
      {
        "answer": "النَّصرُ والغَنائِم",
        "t": 0
      }
    ]
  },
  {
    "id": 492,
    "q": "قولُ اللهِ تعالى: {إِلَّا تَنْصُرُوهُ فَقَدْ نَصَرَهُ اللَّهُ إِذْ أَخْرَجَهُ الَّذِينَ كَفَرُوا ثَانِيَ اثْنَيْنِ إِذْ هُمَا فِي الْغَارِ}، الاثنانِ المَقصودُ بهما:",
    "level": 1,
    "link": "https://dorar.net/tafseer/9/16#tt4",
    "section": "at-tawbah",
    "answers": [
      {
        "answer": "النبيُّ صلَّى اللهُ عليه وسلَّم وعُثمانُ بنُ عفَّانَ رضيَ اللهُ عنه",
        "t": 0
      },
      {
        "answer": "النبيُّ صلَّى اللهُ عليه وسلَّم وأبو بَكرٍ الصدِّيقُ رضيَ اللهُ عنه",
        "t": 1
      },
      {
        "answer": "النبيُّ صلَّى اللهُ عليه وسلَّم وعَليُّ بنُ أبي طالبٍ رضيَ اللهُ عنه",
        "t": 0
      }
    ]
  },
  {
    "id": 497,
    "q": "في قولِه تعالى: {وَمِنْهُمْ مَنْ يَلْمِزُكَ فِي الصَّدَقَاتِ}، المَقصُود هم:",
    "level": 1,
    "link": "https://dorar.net/tafseer/9/22",
    "section": "at-tawbah",
    "answers": [
      {
        "answer": "فُقراءُ المُهاجِرين",
        "t": 0
      },
      {
        "answer": "يَهودُ المَدينَة",
        "t": 0
      },
      {
        "answer": "المُنافِقُون",
        "t": 1
      }
    ]
  },
  {
    "id": 500,
    "q": "في قولِه تعالى: {إِنْ تَسْتَغْفِرْ لَهُمْ سَبْعِينَ مَرَّةً فَلَنْ يَغْفِرَ اللَّهُ لَهُمْ}، كَلمةُ «سَبْعينَ» المُرادُ بها:",
    "level": 1,
    "link": "https://dorar.net/tafseer/9/29",
    "section": "at-tawbah",
    "answers": [
      {
        "answer": "اسمٌ مِن أسماءِ العدَدِ التي تُستعمَلُ في معنى الكَثرةِ",
        "t": 1
      },
      {
        "answer": "التعبيرُ عن استِصغارِ الذَّنبِ في مُقابلَةِ رَحمةِ الله عزَّ وجلَّ",
        "t": 0
      },
      {
        "answer": "حَقيقةُ العدَدِ",
        "t": 0
      }
    ]
  },
  {
    "id": 484,
    "q": "قال اللهُ تعالى: {فَإِذَا انْسَلَخَ الْأَشْهُرُ الْحُرُمُ} المَقصودُ بكَلمةِ (انْسَلَخَ):",
    "level": 1,
    "link": "https://dorar.net/tafseer/9/3#tt4",
    "section": "at-tawbah",
    "answers": [
      {
        "answer": "انتَصَفتْ",
        "t": 0
      },
      {
        "answer": "بَدأتْ",
        "t": 0
      },
      {
        "answer": "انقَضَتْ",
        "t": 1
      }
    ]
  },
  {
    "id": 491,
    "q": "{إِنَّ عِدَّةَ الشُّهُورِ عِنْدَ اللَّهِ اثْنَا عَشَرَ شَهْرًا فِي كِتَابِ اللَّهِ يَوْمَ خَلَقَ السَّمَاوَاتِ وَالْأَرْضَ مِنْهَا أَرْبَعَةٌ حُرُمٌ}، الأشهُرُ الحرُمُ هي:",
    "level": 1,
    "link": "https://dorar.net/tafseer/9/15#tt4",
    "section": "at-tawbah",
    "answers": [
      {
        "answer": "ذو القَعدةِ، وذو الحِجَّةِ، ومُحرَّمٌ، ورَمضانُ",
        "t": 0
      },
      {
        "answer": "ذو القَعدةِ، وذو الحِجَّةِ، ومحرَّمٌ، وصفَرٌ",
        "t": 0
      },
      {
        "answer": "ذو القَعدةِ، وذو الحِجَّةِ، ومحرَّمٌ، ورجَبٌ",
        "t": 1
      }
    ]
  },
  {
    "id": 487,
    "q": "قال اللهُ تعالى: {فَتَرَبَّصُوا حَتَّى يَأْتِيَ اللَّهُ بِأَمْرِهِ}، المَقصودُ من كَلمةِ (فَتَرَبَّصُوا):",
    "level": 1,
    "link": "https://dorar.net/tafseer/9/9#tt4",
    "section": "at-tawbah",
    "answers": [
      {
        "answer": "استَغِلُّوا",
        "t": 0
      },
      {
        "answer": "انتَظِروا وتَمَهَّلوا",
        "t": 1
      },
      {
        "answer": "راقِبوا",
        "t": 0
      }
    ]
  },
  {
    "id": 486,
    "q": "قال اللهُ تعالى: {يُبَشِّرُهُمْ رَبُّهُمْ بِرَحْمَةٍ مِنْهُ وَرِضْوَانٍ وَجَنَّاتٍ لَهُمْ فِيهَا نَعِيمٌ مُقِيمٌ} \nالمَقصودُ بكَلمةِ (مُقِيمٌ):",
    "level": 1,
    "link": "https://dorar.net/tafseer/9/8#tt7",
    "section": "at-tawbah",
    "answers": [
      {
        "answer": "واسِعٌ كبيرٌ",
        "t": 0
      },
      {
        "answer": "ذو مَقامٍ رَفيعٍ",
        "t": 0
      },
      {
        "answer": "دائِمٌ مُستَمرٌّ",
        "t": 1
      }
    ]
  },
  {
    "id": 494,
    "q": "قولُه تعالى عنِ المنافِقينَ: {لَقَدِ ابْتَغَوُا الْفِتْنَةَ مِنْ قَبْلُ وَقَلَّبُوا لَكَ الْأُمُورَ حَتَّى جَاءَ الْحَقُّ وَظَهَرَ أَمْرُ اللَّهِ وَهُمْ كَارِهُونَ}:",
    "level": 1,
    "link": "https://dorar.net/tafseer/9/19",
    "section": "at-tawbah",
    "answers": [
      {
        "answer": "تَهويلٌ لكَيدِهم",
        "t": 0
      },
      {
        "answer": "تَحقيرٌ لشأْنِهم",
        "t": 1
      },
      {
        "answer": "تَعظيمٌ لنِفاقِهم",
        "t": 0
      }
    ]
  },
  {
    "id": 490,
    "q": "قال اللهُ تعالى: {وَالَّذِينَ يَكْنِزُونَ الذَّهَبَ وَالْفِضَّةَ وَلَا يُنْفِقُونَهَا فِي سَبِيلِ اللَّهِ فَبَشِّرْهُمْ بِعَذَابٍ أَلِيمٍ}، المَقصودُ بـ(يَكْنِزُونَ):",
    "level": 1,
    "link": "https://dorar.net/tafseer/9/14#tt7",
    "section": "at-tawbah",
    "answers": [
      {
        "answer": "يَجمَعونَ",
        "t": 1
      },
      {
        "answer": "يَلبَسونَ",
        "t": 0
      },
      {
        "answer": "يَبخلُون",
        "t": 0
      }
    ]
  },
  {
    "id": 481,
    "q": "من أسماء سورةِ التَّوبةِ",
    "level": 1,
    "link": "https://dorar.net/tafseer/9",
    "section": "at-tawbah",
    "answers": [
      {
        "answer": "الفاضِحةُ",
        "t": 1
      },
      {
        "answer": "الواضِحةُ",
        "t": 0
      },
      {
        "answer": "النَّاصِعةُ",
        "t": 0
      }
    ]
  },
  {
    "id": 496,
    "q": "قولُه تعالى: {وَمِنْهُمْ مَنْ يَلْمِزُكَ فِي الصَّدَقَاتِ}، معنى (يَلْمِزُكَ):",
    "level": 1,
    "link": "https://dorar.net/tafseer/9/22",
    "section": "at-tawbah",
    "answers": [
      {
        "answer": "يَعيبُكَ، ويَطعَنُ عليكَ",
        "t": 1
      },
      {
        "answer": "يمدَحُكَ في أثناءِ تَوزيعِ الصَّدقةِ",
        "t": 0
      },
      {
        "answer": "يُمسكُ يدَكَ لتُعطيَه",
        "t": 0
      }
    ]
  },
  {
    "id": 498,
    "q": "في قولِه تعالى: {وَيَقُولُونَ هُوَ أُذُنٌ}، معنى كَلمةِ «أُذُنٌ»:",
    "level": 1,
    "link": "https://dorar.net/tafseer/9/23",
    "section": "at-tawbah",
    "answers": [
      {
        "answer": "أي: يأذَنُ لكُلِّ أحدٍ يدخُلُ عليه",
        "t": 0
      },
      {
        "answer": "أي: مريضٌ لا يُجالِسُنا",
        "t": 0
      },
      {
        "answer": "أي: أُذنٌ سامِعةٌ؛ فمَن قال له شَيئًا صدَّقَه",
        "t": 1
      }
    ]
  },
  {
    "id": 495,
    "q": "يظهَرُ من قولِه تعالى: {لَوْ يَجِدُونَ مَلْجَأً أَوْ مَغَارَاتٍ أَوْ مُدَّخَلًا لَوَلَّوْا إِلَيْهِ وَهُمْ يَجْمَحُونَ}، أنَّ صُحبةَ المنافِقينَ لرَسولِ اللهِ كانت:",
    "level": 1,
    "link": "https://dorar.net/tafseer/9/21",
    "section": "at-tawbah",
    "answers": [
      {
        "answer": "صُحبةَ اضطِرارٍ لا اختيارٍ",
        "t": 1
      },
      {
        "answer": "رَغبةً في الغَنائمِ",
        "t": 0
      },
      {
        "answer": "تَجسُّسًا على المؤمنينَ لصالحِ كفَّار قُريشٍ",
        "t": 0
      }
    ]
  }
]