[
  {
    "id": 509,
    "q": "نزَل قولُ اللهِ تعالى: {...إِذْ أَعْجَبَتْكُمْ كَثْرَتُكُمْ} في يومِ:",
    "level": 2,
    "link": "https://dorar.net/tafseer/9/10#tt16",
    "section": "at-tawbah",
    "answers": [
      {
        "answer": "حُنين",
        "t": 1
      },
      {
        "answer": "فَتحِ مكَّة",
        "t": 0
      },
      {
        "answer": "الحُديبيَة",
        "t": 0
      }
    ]
  },
  {
    "id": 516,
    "q": "في قولِه تعالى: {لَوْ يَجِدُونَ مَلْجَأً أَوْ مَغَارَاتٍ أَوْ مُدَّخَلًا}، معنى (مُدَّخَلًا):",
    "level": 2,
    "link": "https://dorar.net/tafseer/9/21",
    "section": "at-tawbah",
    "answers": [
      {
        "answer": "نفَقًا في الأرضِ يُتكلَّفُ الدُّخولُ إليه بمشَقَّةٍ",
        "t": 1
      },
      {
        "answer": "قَلعةً حَصِينَةً يَتحَصَّنُون بها",
        "t": 0
      },
      {
        "answer": "جَبلًا عَظيمًا يَختبِئُون وراءَه",
        "t": 0
      }
    ]
  },
  {
    "id": 508,
    "q": "المقصودُ بكَلمةِ (رَحُبَتْ) في قولِ اللهِ تعالى: {وَضَاقَتْ عَلَيْكُمُ الْأَرْضُ بِمَا رَحُبَتْ}:",
    "level": 2,
    "link": "https://dorar.net/tafseer/9/10#tt7",
    "section": "at-tawbah",
    "answers": [
      {
        "answer": "حمَلتْ",
        "t": 0
      },
      {
        "answer": "ضَمَّت",
        "t": 0
      },
      {
        "answer": "اتَّسعَت",
        "t": 1
      }
    ]
  },
  {
    "id": 519,
    "q": "في قولِه تعالى: {الْمُنَافِقُونَ وَالْمُنَافِقَاتُ بَعْضُهُمْ مِنْ بَعْضٍ يَأْمُرُونَ بِالْمُنْكَرِ وَيَنْهَوْنَ عَنِ الْمَعْرُوفِ وَيَقْبِضُونَ أَيْدِيَهُمْ}، معنى: (وَيَقْبِضُونَ أَيْدِيَهُمْ):",
    "level": 2,
    "link": "https://dorar.net/tafseer/9/25",
    "section": "at-tawbah",
    "answers": [
      {
        "answer": "يشُدُّونَ أيديَهم بقوَّةٍ في أثناءِ مُصافَحةِ المُؤمنينَ غَيظًا وحِقدًا",
        "t": 0
      },
      {
        "answer": "يَسحَبونها في أثناءِ السلامِ على رَسولِ اللهِ؛ كَراهيةً له",
        "t": 0
      },
      {
        "answer": "يُمسِكونها عنِ الصَّدقةِ والخَيرِ",
        "t": 1
      }
    ]
  },
  {
    "id": 506,
    "q": "المَقصودُ بكَلمةِ (وَلِيجَةً) في قولِه تعالى: {وَلَمْ يَتَّخِذُوا مِنْ دُونِ اللَّهِ وَلَا رَسُولِهِ وَلَا الْمُؤْمِنِينَ وَلِيجَةً}",
    "level": 2,
    "link": "https://dorar.net/tafseer/9/6#tt7",
    "section": "at-tawbah",
    "answers": [
      {
        "answer": " \nبِطانةً",
        "t": 1
      },
      {
        "answer": " \nسَببًا",
        "t": 0
      },
      {
        "answer": " \nطَريقًا",
        "t": 0
      }
    ]
  },
  {
    "id": 518,
    "q": "ما معنى قولِه تعالى: {وَالْعَامِلِينَ عَلَيْهَا}:",
    "level": 2,
    "link": "https://dorar.net/tafseer/9/22",
    "section": "at-tawbah",
    "answers": [
      {
        "answer": "العامِلينَ على جمع الزَّكاةِ",
        "t": 1
      },
      {
        "answer": "الفارِّينَ بدِينِهِم مِن أَوطانِهم",
        "t": 0
      },
      {
        "answer": "المُجاهِدين في سَبيلِ الله",
        "t": 0
      }
    ]
  },
  {
    "id": 503,
    "q": "قولُ اللهِ تعالى: {وَإِنْ أَحَدٌ مِنَ الْمُشْرِكِينَ اسْتَجَارَكَ فَأَجِرْهُ حَتَّى يَسْمَعَ كَلَامَ اللَّهِ}، المَقصودُ بكَلمةِ (اسْتَجَارَكَ):",
    "level": 2,
    "link": "https://dorar.net/tafseer/9/3#tt4",
    "section": "at-tawbah",
    "answers": [
      {
        "answer": "طلَب المالَ",
        "t": 0
      },
      {
        "answer": "كان مِن جِيرانِك",
        "t": 0
      },
      {
        "answer": "استأْمَنكَ",
        "t": 1
      }
    ]
  },
  {
    "id": 512,
    "q": "في قولِه: {إِنَّمَا يَسْتَأْذِنُكَ الَّذِينَ لَا يُؤْمِنُونَ بِاللَّهِ وَالْيَوْمِ الْآخِرِ}، فيه رَدٌّ على الكرَّاميَّةِ في قولِهم:",
    "level": 2,
    "link": "https://dorar.net/tafseer/9/18#tt7",
    "section": "at-tawbah",
    "answers": [
      {
        "answer": "الإيمانُ إقرارٌ وقولٌ",
        "t": 0
      },
      {
        "answer": "الإيمانُ هو مجرَّدُ الإقرارِ",
        "t": 1
      },
      {
        "answer": "الإيمانُ قولٌ وعملٌ",
        "t": 0
      }
    ]
  },
  {
    "id": 517,
    "q": "معنى الغارِمينَ المُستَحِقِّينَ للزَّكاةِ:",
    "level": 2,
    "link": "https://dorar.net/tafseer/9/22",
    "section": "at-tawbah",
    "answers": [
      {
        "answer": "الذين يُريدُونَ الزَّواجَ ويَحتاجونَ المالَ",
        "t": 0
      },
      {
        "answer": "الذين لزِمَهمُ الدَّينُ فلا يَجِدونَ القَضاءَ",
        "t": 1
      },
      {
        "answer": "همُ المُلازِمونَ للجِهادِ معَ النبيِّ ﷺ",
        "t": 0
      }
    ]
  },
  {
    "id": 514,
    "q": "الفِعلُ «فَلْيَتَوَكَّلِ» في قولِه: {وَعَلَى اللَّهِ فَلْيَتَوَكَّلِ الْمُؤْمِنُونَ}؛ لإفادةِ:",
    "level": 2,
    "link": "https://dorar.net/tafseer/9/19",
    "section": "at-tawbah",
    "answers": [
      {
        "answer": "القَصرِ",
        "t": 1
      },
      {
        "answer": "الطَّيِّ",
        "t": 0
      },
      {
        "answer": "النَّشرِ",
        "t": 0
      }
    ]
  },
  {
    "id": 504,
    "q": "قولُ اللهِ تعالى: {وَإِنْ أَحَدٌ مِنَ الْمُشْرِكِينَ اسْتَجَارَكَ فَأَجِرْهُ حَتَّى يَسْمَعَ كَلَامَ اللَّهِ}، في الآيةِ:",
    "level": 2,
    "link": "https://dorar.net/tafseer/9/3#tt17",
    "section": "at-tawbah",
    "answers": [
      {
        "answer": "رَدٌّ على الجَبريَّة في قِولِهم: إنَّ الإنسانَ لا إرادةَ له",
        "t": 0
      },
      {
        "answer": "بُطلانُ مَذهَبِ المُعتزِلةِ بقَولِهم: إنَّ القُرآنَ مَخلوقٌ",
        "t": 1
      },
      {
        "answer": "إِثباتٌ لقاعِدَة الوَلاءِ والبَراءِ",
        "t": 0
      }
    ]
  },
  {
    "id": 501,
    "q": ")تَعَلَّمُوا سُورةَ بَراءةٌ، وعَلِّمُوا نِساءَكم سُورةَ النُّورِ( قائلُ هذه العِبارةِ هو:",
    "level": 2,
    "link": "https://dorar.net/tafseer/9",
    "section": "at-tawbah",
    "answers": [
      {
        "answer": "أبو بَكرٍ الصدِّيقُ رضيَ اللهُ عنه",
        "t": 0
      },
      {
        "answer": "عُثمانُ بنُ عفَّانَ رضيَ اللهُ عنه",
        "t": 0
      },
      {
        "answer": "عُمرُ بنُ الخطَّابِ رضيَ اللهُ عنه",
        "t": 1
      }
    ]
  },
  {
    "id": 505,
    "q": "قولُ اللهِ تعالى: {كَيْفَ وَإِنْ يَظْهَرُوا عَلَيْكُمْ لَا يَرْقُبُوا فِيكُمْ إِلًّا وَلَا ذِمَّةً}، المَقصودُ بكَلمةِ (يَرْقُبُوا):",
    "level": 2,
    "link": "https://dorar.net/tafseer/9/4#tt7",
    "section": "at-tawbah",
    "answers": [
      {
        "answer": "يُراقِبوا",
        "t": 0
      },
      {
        "answer": "يَحفَظوا ويُراعوا",
        "t": 1
      },
      {
        "answer": "يَترُكوا",
        "t": 0
      }
    ]
  },
  {
    "id": 513,
    "q": "في قولِه تعالى: {وَمِنْهُمْ مَنْ يَقُولُ ائْذَنْ لِي وَلَا تَفْتِنِّي}، معنى (لَا تَفْتِنِّي):",
    "level": 2,
    "link": "https://dorar.net/tafseer/9/19",
    "section": "at-tawbah",
    "answers": [
      {
        "answer": "لا تَبتَلني بالخُروجِ للجِهادِ في الحَرِّ فإنِّي شَديدُ العَطَش",
        "t": 0
      },
      {
        "answer": "لا تَبتَلني بالحَربِ والسَّيفِ؛ فإنِّي جَبانٌ لا أقدِرُ على الحَربِ",
        "t": 0
      },
      {
        "answer": "لا تَبتَلِني برُؤيةِ نِساءِ الرُّومِ؛ فإنِّي إنْ رأيتُهنَّ لا أصبِرُ عَنهنَّ",
        "t": 1
      }
    ]
  },
  {
    "id": 510,
    "q": "قال اللهُ تعالى: {يَاأَيُّهَا الَّذِينَ آمَنُوا إِنَّمَا الْمُشْرِكُونَ نَجَسٌ فَلَا يَقْرَبُوا الْمَسْجِدَ الْحَرَامَ بَعْدَ عَامِهِمْ هَذَا}، أي: بعدَ العامِ:",
    "level": 2,
    "link": "https://dorar.net/tafseer/9/11#tt9",
    "section": "at-tawbah",
    "answers": [
      {
        "answer": "العاشِرِ منَ الهِجرةِ",
        "t": 1
      },
      {
        "answer": "التاسعِ منَ الهِجرةِ",
        "t": 0
      },
      {
        "answer": "الثامِنِ منَ الهِجرةِ",
        "t": 0
      }
    ]
  },
  {
    "id": 515,
    "q": "قولُ اللهِ تعالى: {قُلْ أَنْفِقُوا طَوْعًا أَوْ كَرْهًا لَنْ يُتَقَبَّلَ مِنْكُمْ إِنَّكُمْ كُنْتُمْ قَوْمًا فَاسِقِينَ}، اخْتيرَ وَصفُ (الفاسِقينَ) دونَ (الكافرينَ):",
    "level": 2,
    "link": "https://dorar.net/tafseer/9/20",
    "section": "at-tawbah",
    "answers": [
      {
        "answer": "لتَحذيرِ المُؤمنينَ مِن كَيْدِهم ومَكرِهم",
        "t": 0
      },
      {
        "answer": "إشارةً إلى فَسادِ قُلوبِهم",
        "t": 0
      },
      {
        "answer": "لأنهم يُظهِرونَ الإسلامَ ويُبطنونَ الكُفرَ",
        "t": 1
      }
    ]
  },
  {
    "id": 502,
    "q": "سورةُ التَّوبةِ",
    "level": 2,
    "link": "https://dorar.net/tafseer/9",
    "section": "at-tawbah",
    "answers": [
      {
        "answer": "مدَنيةٌ",
        "t": 1
      },
      {
        "answer": "مكِّيةٌ",
        "t": 0
      },
      {
        "answer": "مُختلَفٌ فيها",
        "t": 0
      }
    ]
  },
  {
    "id": 507,
    "q": "قولُ اللهِ تعالى: \n{لَوْ كَانَ عَرَضًا قَرِيبًا وَسَفَرًا قَاصِدًا لَاتَّبَعُوكَ وَلَكِنْ بَعُدَتْ عَلَيْهِمُ الشُّقَّةُ}، المَقصودُ بكَلمةِ  (الشُّقَّةُ):",
    "level": 2,
    "link": "https://dorar.net/tafseer/9/17#tt7",
    "section": "at-tawbah",
    "answers": [
      {
        "answer": "السفَرُ البَعيدُ المَسافةِ",
        "t": 1
      },
      {
        "answer": "المنزِلُ ومَكانُ الاستِقرارِ",
        "t": 0
      },
      {
        "answer": "الهِجرَة",
        "t": 0
      }
    ]
  },
  {
    "id": 520,
    "q": "صِفَتانِ فضَّلَ اللهُ تعالى بهما أمَّةَ محمَّدٍ ﷺ على سائرِ الأُممِ:",
    "level": 2,
    "link": "https://dorar.net/tafseer/9/26",
    "section": "at-tawbah",
    "answers": [
      {
        "answer": "الأمرُ بالمَعروفِ، والنَّهيُ عنِ المُنكرِ",
        "t": 1
      },
      {
        "answer": "حُسنُ الخلُقِ، والبِرُّ",
        "t": 0
      },
      {
        "answer": "إقامُ الصلاةِ وإيتاءُ الزَّكاةِ",
        "t": 0
      }
    ]
  },
  {
    "id": 511,
    "q": "{لَوْ خَرَجُوا فِيكُمْ مَا زَادُوكُمْ إِلَّا خَبَالًا}، المَقصودُ بكَلِمةِ (خَبَالًا):",
    "level": 2,
    "link": "https://dorar.net/tafseer/9/18#tt7",
    "section": "at-tawbah",
    "answers": [
      {
        "answer": "الفَسادُ والشرُّ",
        "t": 1
      },
      {
        "answer": "الضَّعفُ",
        "t": 0
      },
      {
        "answer": "الخِذلان والتَّثبِيط",
        "t": 0
      }
    ]
  }
]