[
  {
    "id": 534,
    "q": "قَولُ اللهِ تعالى:  {يَحْذَرُ الْمُنَافِقُونَ أَنْ تُنَزَّلَ عَلَيْهِمْ سُورَةٌ تُنَبِّئُهُمْ بِمَا فِي قُلُوبِهِمْ}، (الإنزالُ) هنا بمَعنى:",
    "level": 3,
    "link": "https://dorar.net/tafseer/9/24",
    "section": "at-tawbah",
    "answers": [
      {
        "answer": "الرُّؤيا",
        "t": 0
      },
      {
        "answer": "الوَحْي",
        "t": 0
      },
      {
        "answer": "القِراءة",
        "t": 1
      }
    ]
  },
  {
    "id": 525,
    "q": "الاستئنافُ في قولِه تعالى: {إِنَّمَا يَعْمُرُ مَسَاجِدَ اللَّهِ مَنْ آمَنَ بِاللَّهِ وَالْيَوْمِ الْآخِرِ...} استِئنافٌ:",
    "level": 3,
    "link": "https://dorar.net/tafseer/9/7#tt18",
    "section": "at-tawbah",
    "answers": [
      {
        "answer": "بَيانيٌّ",
        "t": 1
      },
      {
        "answer": "سَبَبيٌّ",
        "t": 0
      },
      {
        "answer": "نَحْويٌّ",
        "t": 0
      }
    ]
  },
  {
    "id": 539,
    "q": "قَولُه تعالى: {وَاغْلُظْ عَلَيْهِمْ} هذه الغِلْظةُ:",
    "level": 3,
    "link": "https://dorar.net/tafseer/9/27",
    "section": "at-tawbah",
    "answers": [
      {
        "answer": "غِلْظة لَفظِيَّة",
        "t": 0
      },
      {
        "answer": "غِلْظة طَّبيعيَّةِ",
        "t": 0
      },
      {
        "answer": "غِلْظة إراديَّةُ",
        "t": 1
      }
    ]
  },
  {
    "id": 537,
    "q": "الاستِفهامُ في قولِه:  {أَلَمْ يَأْتِهِمْ نَبَأُ الَّذِينَ مِنْ قَبْلِهِمْ...}، استِفهامٌ:",
    "level": 3,
    "link": "https://dorar.net/tafseer/9/25",
    "section": "at-tawbah",
    "answers": [
      {
        "answer": "للتَّوبيخِ والإهانةِ",
        "t": 0
      },
      {
        "answer": "للتَّقريرِ والتَّحذيرِ",
        "t": 1
      },
      {
        "answer": "للنَّفيِ والإنكارِ",
        "t": 0
      }
    ]
  },
  {
    "id": 536,
    "q": "في قولِه تعالى:  {وَأَصْحَابِ مَدْيَنَ وَالْمُؤْتَفِكَاتِ}، معنى (الْمُؤْتَفِكَاتِ) هو:",
    "level": 3,
    "link": "https://dorar.net/tafseer/9/25",
    "section": "at-tawbah",
    "answers": [
      {
        "answer": "قُرى قَومِ شُعَيبٍ",
        "t": 0
      },
      {
        "answer": "قُرى قَومِ هُودٍ",
        "t": 0
      },
      {
        "answer": "قُرى قَومِ لُوطٍ",
        "t": 1
      }
    ]
  },
  {
    "id": 533,
    "q": "الاستفهامُ في قولِه تعالى:  {أَلَمْ يَعْلَمُوا أَنَّهُ مَنْ يُحَادِدِ اللَّهَ وَرَسُولَهُ فَأَنَّ لَهُ نَارَ جَهَنَّمَ}، مُستَعمَلٌ في:",
    "level": 3,
    "link": "https://dorar.net/tafseer/9/23",
    "section": "at-tawbah",
    "answers": [
      {
        "answer": "التَّقريرِ والتَّحريرِ",
        "t": 0
      },
      {
        "answer": "الإنكارِ والتَّوبيخِ والتَّشنيعِ",
        "t": 1
      },
      {
        "answer": "النَّفيِ والتَّعجُّبِ",
        "t": 0
      }
    ]
  },
  {
    "id": 538,
    "q": "في قولِه تعالى:  {وَرِضْوَانٌ مِنَ اللَّهِ أَكْبَرُ}، دَليلٌ على:",
    "level": 3,
    "link": "https://dorar.net/tafseer/9/26",
    "section": "at-tawbah",
    "answers": [
      {
        "answer": "أنَّ رِضا الله عزَّ وجلَّ عن العَبدِ دَرجات",
        "t": 0
      },
      {
        "answer": "أنَّ أعلى مَراتبِ الإيمانِ هي رِضوانُ الله سُبحانه",
        "t": 0
      },
      {
        "answer": "أنَّ رِضا اللهِ عنِ العَبدِ أكبَرُ منَ الجنَّةِ وما فيها",
        "t": 1
      }
    ]
  },
  {
    "id": 535,
    "q": "في قولِه تعالى:  {قُلِ اسْتَهْزِئُوا إِنَّ اللَّهَ مُخْرِجٌ مَا تَحْذَرُونَ}، الأمرُ بالاستِهزاءِ أمرُ:",
    "level": 3,
    "link": "https://dorar.net/tafseer/9/24",
    "section": "at-tawbah",
    "answers": [
      {
        "answer": "تَهديدٍ ووَعيدٍ",
        "t": 1
      },
      {
        "answer": "نَفيٍ وإنكارٍ",
        "t": 0
      },
      {
        "answer": "تَقريرٍ وبَيانٍ",
        "t": 0
      }
    ]
  },
  {
    "id": 531,
    "q": "في قولِه تعالى: {قُلْ أَنْفِقُوا طَوْعًا أَوْ كَرْهًا}، الأمرُ في قولِه تعالى: «أَنْفِقُوا»:",
    "level": 3,
    "link": "https://dorar.net/tafseer/9/20",
    "section": "at-tawbah",
    "answers": [
      {
        "answer": "أمرٌ في مَعنى الخبَرِ",
        "t": 1
      },
      {
        "answer": "أَمرٌ إنكارِيٌّ",
        "t": 0
      },
      {
        "answer": "أمرٌ حَقيقيٌّ",
        "t": 0
      }
    ]
  },
  {
    "id": 529,
    "q": "والأمرُ في قولِه تعالى: {اقْعُدُوا مَعَ الْقَاعِدِينَ}:",
    "level": 3,
    "link": "https://dorar.net/tafseer/9/18#tt7",
    "section": "at-tawbah",
    "answers": [
      {
        "answer": "أمرٌ حَقيقيٌّ",
        "t": 0
      },
      {
        "answer": "أمرُ تَوبيخٍ",
        "t": 1
      },
      {
        "answer": "أمرٌ إنْكاريٌّ",
        "t": 0
      }
    ]
  },
  {
    "id": 526,
    "q": "الاستِفهامُ في قولِ اللهِ تعالى: {أَرَضِيتُمْ بِالْحَيَاةِ الدُّنْيَا مِنَ الْآخِرَةِ}:",
    "level": 3,
    "link": "https://dorar.net/tafseer/9/16#tt18",
    "section": "at-tawbah",
    "answers": [
      {
        "answer": "إنكاريٌّ تَعجُّبيٌّ",
        "t": 1
      },
      {
        "answer": "تَوبيخيٌّ",
        "t": 0
      },
      {
        "answer": "تَقريريٌّ",
        "t": 0
      }
    ]
  },
  {
    "id": 528,
    "q": "علِمَ اللهُ أنَّ المُنافِقينَ لو خرَجوا معَ المؤمنينَ للجِهادِ، ما زادُوهم إلَّا خَبالًا وفَسادًا، فكيف أمَرَهم بالخُروجِ مع المُؤمنينَ؟!",
    "level": 3,
    "link": "https://dorar.net/tafseer/9/18#tt7",
    "section": "at-tawbah",
    "answers": [
      {
        "answer": "لَعَلَّهم يَتوبونَ ويَرجعونَ",
        "t": 0
      },
      {
        "answer": "لإطماعِهم في الإيمانِ بمُشاركتِهم في الغَنائِم",
        "t": 0
      },
      {
        "answer": "لإلزامِهمُ الحُجَّةَ، ولإظهارِ نِفاقِهم",
        "t": 1
      }
    ]
  },
  {
    "id": 532,
    "q": "في قولِه تعالى: {يُؤْمِنُ بِاللَّهِ وَيُؤْمِنُ لِلْمُؤْمِنِينَ}، معنى «يُؤْمِنُ لِلْمُؤْمِنِينَ»، أي:",
    "level": 3,
    "link": "https://dorar.net/tafseer/9/23",
    "section": "at-tawbah",
    "answers": [
      {
        "answer": "أنَّه آمَنَ بالنيابةِ عن مُؤمِني الأُمةِ كلِّها، كما ضَحَّى عنهم",
        "t": 0
      },
      {
        "answer": "يَطمَئِنُّ إلى المؤمنينَ ويُوالِيهِم ويَنصُرهم",
        "t": 0
      },
      {
        "answer": "يُصدِّقُ المؤمنينَ فيما يُخبِرونَه به",
        "t": 1
      }
    ]
  },
  {
    "id": 522,
    "q": "قولُ اللهِ تعالى: {كَيْفَ وَإِنْ يَظْهَرُوا عَلَيْكُمْ لَا يَرْقُبُوا فِيكُمْ إِلًّا وَلَا ذِمَّةً}، المَقصودُ في كَلمةِ (إِلًّا) هنا:",
    "level": 3,
    "link": "https://dorar.net/tafseer/9/4#tt7",
    "section": "at-tawbah",
    "answers": [
      {
        "answer": "النَّسَبُ القَبَلِي الذي تُنتَسبُ إليه القَبيلةُ بأَسرِها",
        "t": 0
      },
      {
        "answer": "حُقوق المُجاورَة للأَهلِ والعَشيرَة",
        "t": 0
      },
      {
        "answer": "الحِلفُ والقَرابةُ والعَهدُ والعَقدُ",
        "t": 1
      }
    ]
  },
  {
    "id": 527,
    "q": "قولُه تعالى: {وَلَأَوْضَعُوا خِلَالَكُمْ}، معنى (أَوْضَعُوا) هنا:",
    "level": 3,
    "link": "https://dorar.net/tafseer/9/18#tt7",
    "section": "at-tawbah",
    "answers": [
      {
        "answer": "أسرَعوا السَّيرَ وَسطَكم بالنَّميمةِ والفَسادِ",
        "t": 1
      },
      {
        "answer": "عَزَموا على تَفريقِكم بإظهارِ الإيمانِ",
        "t": 0
      },
      {
        "answer": "وَضَعوا بَينَكم وبَينَهم حَواجِزَ تَمنعُكم مِنهم",
        "t": 0
      }
    ]
  },
  {
    "id": 521,
    "q": "التَّعبيرُ بالقُعودِ في قَولِ اللهِ تعالى: {وَاقْعُدُوا لَهُمْ كُلَّ مَرْصَدٍ}:",
    "level": 3,
    "link": "https://dorar.net/tafseer/9/3#tt17",
    "section": "at-tawbah",
    "answers": [
      {
        "answer": "للإرشادِ إلى الاختِباءِ والتَّخَفِّي",
        "t": 0
      },
      {
        "answer": "للإرشادِ إلى التَّأنِّي",
        "t": 1
      },
      {
        "answer": "للإرشادِ إلى الاستِقرارِ",
        "t": 0
      }
    ]
  },
  {
    "id": 540,
    "q": "في قولِه تعالى:  {رَضُوا بِأَنْ يَكُونُوا مَعَ الْخَوَالِفِ}، معنى الخَوالفِ:",
    "level": 3,
    "link": "https://dorar.net/tafseer/9/32",
    "section": "at-tawbah",
    "answers": [
      {
        "answer": "الرِّجالُ",
        "t": 0
      },
      {
        "answer": "المُنافِقُون",
        "t": 0
      },
      {
        "answer": "النِّساءُ",
        "t": 1
      }
    ]
  },
  {
    "id": 530,
    "q": "كتَب اللهُ تعالى مَقاديرَ الخَلائِقِ قَبلَ أنْ يخلُقَ السَّمَواتِ والأرضَ بـ",
    "level": 3,
    "link": "https://dorar.net/tafseer/9/19",
    "section": "at-tawbah",
    "answers": [
      {
        "answer": "خَمسِ مئةِ سَنةٍ",
        "t": 0
      },
      {
        "answer": "خَمسينَ ألفَ سَنةٍ",
        "t": 1
      },
      {
        "answer": "خَمسينَ سَنةً",
        "t": 0
      }
    ]
  },
  {
    "id": 524,
    "q": "في قولِه تعالى: {اشْتَرَوْا بِآيَاتِ اللَّهِ ثَمَنًا قَلِيلًا فَصَدُّوا عَنْ سَبِيلِهِ}، الإضافةُ في (سَبِيلِهِ)",
    "level": 3,
    "link": "https://dorar.net/tafseer/9/5#tt18",
    "section": "at-tawbah",
    "answers": [
      {
        "answer": "للتَّشريفِ",
        "t": 1
      },
      {
        "answer": "للتَّوصيفِ",
        "t": 0
      },
      {
        "answer": "للتَّأكيدِ",
        "t": 0
      }
    ]
  },
  {
    "id": 523,
    "q": "الاستِفهامُ في قولِ اللهِ تعالى: {كَيْفَ يَكُونُ لِلْمُشْرِكِينَ عَهْدٌ عِنْدَ اللَّهِ}، استِفهامٌ بمعنى:",
    "level": 3,
    "link": "https://dorar.net/tafseer/9/4#tt18",
    "section": "at-tawbah",
    "answers": [
      {
        "answer": "التَّوبيخِ",
        "t": 0
      },
      {
        "answer": "التَّقريرِ",
        "t": 0
      },
      {
        "answer": "الإنكارِ والاستِبعادِ",
        "t": 1
      }
    ]
  }
]