[
  {
    "id": 2457,
    "q": "المُعتبَرُ في كَونِ المُوصَى له وارِثًا أو غَيرَ وارِثٍ",
    "level": 3,
    "link": "https://www.dorar.net/feqhia/6356",
    "section": "wasaya",
    "answers": [
      {
        "answer": "وَقتُ المَوتِ",
        "t": 1
      },
      {
        "answer": "وَقتُ القِسمةِ",
        "t": 0
      },
      {
        "answer": "وَقتُ الوَصيَّةِ",
        "t": 0
      }
    ]
  },
  {
    "id": 2466,
    "q": "إذا أوصى بوَصِيَّتَينِ مُختَلِفَتَينِ",
    "level": 3,
    "link": "https://www.dorar.net/feqhia/6460",
    "section": "wasaya",
    "answers": [
      {
        "answer": "استَحقَّهُما جَميعًا وإن زادَتَا عَلى الثُّلُثِ",
        "t": 0
      },
      {
        "answer": "استَحَقَّ ثُلُثَهُما جَميعًا",
        "t": 0
      },
      {
        "answer": "استَحَقَّ الأخيرةَ مِنهُما",
        "t": 1
      }
    ]
  },
  {
    "id": 2472,
    "q": "إنْ أوصى بشَيءٍ مُعيَّنٍ لشَخصٍ ثمَّ أوصى به لآخَرَ وألغَى وَصِيَّتَه الأُولى",
    "level": 3,
    "link": "https://www.dorar.net/feqhia/6479",
    "section": "wasaya",
    "answers": [
      {
        "answer": "الشَّيءُ المُوصَى به للثَّاني دونَ الأوَّلِ",
        "t": 1
      },
      {
        "answer": "لا عِبرَةَ بالإلغاءِ، والوَصيَّةُ للأوَّلِ",
        "t": 0
      },
      {
        "answer": "الشَّيءُ بينهما",
        "t": 0
      }
    ]
  },
  {
    "id": 2470,
    "q": "إذا أوصى بأكثَرَ منَ الثُّلُثِ لأكثَرَ من شَخصٍ، وبَينَهُم مَن زادتْ وَصِيَّتُه على الثُّلُثِ وَحْدَه",
    "level": 3,
    "link": "https://www.dorar.net/feqhia/6474",
    "section": "wasaya",
    "answers": [
      {
        "answer": "يُقسَّمُ الثُّلُثُ بَينَهم جَميعًا عَلى قَدرِ أسهُمِهم",
        "t": 1
      },
      {
        "answer": "يُعطَى مَن أُوصِي له بالثُّلُثِ دونَ الآخَرين",
        "t": 0
      },
      {
        "answer": "يُعطَى المُوصَى لهم عدا مَن أُوصِي له بالثُّلُثِ",
        "t": 0
      }
    ]
  },
  {
    "id": 2455,
    "q": "النَّقصُ في الوَصيَّةِ عنِ الثُّلُثِ",
    "level": 3,
    "link": "https://www.dorar.net/feqhia/6291",
    "section": "wasaya",
    "answers": [
      {
        "answer": "يُكرَهُ إذا كان الوَرَثةُ أغنِياءَ ",
        "t": 0
      },
      {
        "answer": "يَجِبُ إذا كان الوَرَثةُ فُقَراءَ",
        "t": 0
      },
      {
        "answer": "مُستحَبٌّ سَواءٌ كان الوَرَثةُ أغنِياءَ أو فُقَراءَ",
        "t": 1
      }
    ]
  },
  {
    "id": 2474,
    "q": "إذا أوصى بشَيءٍ مُعيَّنٍ وتَلِفَ قبْلَ قَبضِه",
    "level": 3,
    "link": "https://www.dorar.net/feqhia/6505",
    "section": "wasaya",
    "answers": [
      {
        "answer": "استَحَقَّ ثَمَنَه منَ التَّرِكةِ",
        "t": 0
      },
      {
        "answer": "استَحَقَّ بَدلًا منه",
        "t": 0
      },
      {
        "answer": "لا شَيءَ له",
        "t": 1
      }
    ]
  },
  {
    "id": 2477,
    "q": "إذا أوصى لعَدَدٍ غَيرِ مَحدودٍ؛ كأنْ تَكونَ الوَصيَّةُ للفُقَراءِ، أوِ المَساكينِ، أو لقَبيلةِ بني فُلانٍ",
    "level": 3,
    "link": "https://www.dorar.net/feqhia/6486",
    "section": "wasaya",
    "answers": [
      {
        "answer": "لا تَجِبُ التَّسوِيةُ ويَجِبُ الاستيفاءُ",
        "t": 0
      },
      {
        "answer": "لا يَجِبُ الاستيفاءُ ولا التَّسوِيةُ",
        "t": 1
      },
      {
        "answer": "يَجِبُ استيفاؤُهُم والتَّسوِيةُ بَينَهُم",
        "t": 0
      }
    ]
  },
  {
    "id": 2458,
    "q": "إذا أوصى لرَجُلٍ بالمَنفَعةِ، فإنَّ المَنفَعةَ تَكونُ مِلكًا",
    "level": 3,
    "link": "https://www.dorar.net/feqhia/6417",
    "section": "wasaya",
    "answers": [
      {
        "answer": "للمُوصِي",
        "t": 0
      },
      {
        "answer": "للمُوصَى له إذا كانتِ الوَصيَّة مُطلَقةً غَيرَ مُحدَّدةٍ بزَمنٍ",
        "t": 1
      },
      {
        "answer": "لِلوَرَثةِ",
        "t": 0
      }
    ]
  },
  {
    "id": 2475,
    "q": "الوَصيَّة بعَينٍ مُبهَمةٍ؛كأنْ يقولَ: أَعطُوهُ شاةً، ولم يَقُلْ: من مالي ولا غَنَمي",
    "level": 3,
    "link": "https://www.dorar.net/feqhia/6507",
    "section": "wasaya",
    "answers": [
      {
        "answer": "لا تَصِحُّ",
        "t": 0
      },
      {
        "answer": "تَصِحُّ بالقِيمَةِ لا بالعَيْنِ",
        "t": 0
      },
      {
        "answer": "تَصِحُّ",
        "t": 1
      }
    ]
  },
  {
    "id": 2456,
    "q": "المُعتبَرُ في وَقتِ قَبولِ الوَصيَّةِ",
    "level": 3,
    "link": "https://www.dorar.net/feqhia/6314",
    "section": "wasaya",
    "answers": [
      {
        "answer": "بعدَ العِلمِ بها",
        "t": 0
      },
      {
        "answer": "بعدَ مَوتِ المُوصي",
        "t": 1
      },
      {
        "answer": "بمُجرَّدِ نُطقِ المُوصي",
        "t": 0
      }
    ]
  },
  {
    "id": 2459,
    "q": "إذا قيَّدَ الوَصيَّةَ بالمَنفَعةِ بالمُوصَى له في حَياتِه، تُملَكُ بعدَ مَوتِ المُوصَى له",
    "level": 3,
    "link": "https://www.dorar.net/feqhia/6420",
    "section": "wasaya",
    "answers": [
      {
        "answer": "لوَرَثةِ المُوصَى له",
        "t": 0
      },
      {
        "answer": "للمُوصِي ووَرَثَتِه",
        "t": 1
      },
      {
        "answer": "تَكونُ المَنفَعةُ صَدَقةً ووَقفًا",
        "t": 0
      }
    ]
  },
  {
    "id": 2467,
    "q": "إذا أوصى بوَصِيَّتَينِ غَيرِ مُتَناقِضَتَينِ؛ كأنْ يُوصِيَ مَثَلًا بإبِلٍ أو بَقَرٍ لزَيدٍ، ثمَّ يُوصِيَ له مَرَّةً ثانِيةً بدارٍ",
    "level": 3,
    "link": "https://www.dorar.net/feqhia/6462",
    "section": "wasaya",
    "answers": [
      {
        "answer": "لم تَصِحَّ الوَصيَّةُ بأحَدَهِما",
        "t": 0
      },
      {
        "answer": "اختارَ واحِدةَ مِنهُما",
        "t": 0
      },
      {
        "answer": "صَحَّت في الجَميعِ",
        "t": 1
      }
    ]
  },
  {
    "id": 2471,
    "q": "إذا أوصى بشَيءٍ مُعيَّنٍ لشَخصٍ ثمَّ أوصى به لغَيرِه ولم يُلْغِ وَصِيَّتَه الأُولى",
    "level": 3,
    "link": "https://www.dorar.net/feqhia/6477",
    "section": "wasaya",
    "answers": [
      {
        "answer": "الأوَّلُ أحَقُّ بها",
        "t": 0
      },
      {
        "answer": "الثَّاني أحَقُّ بها",
        "t": 0
      },
      {
        "answer": "كانت بَينَهُما",
        "t": 1
      }
    ]
  },
  {
    "id": 2463,
    "q": "الوَصيَّةُ بشَهادةِ رَجُلَينِ",
    "level": 3,
    "link": "https://www.dorar.net/feqhia/6437",
    "section": "wasaya",
    "answers": [
      {
        "answer": "عَلى قَولَينِ لأهلِ العِلمِ",
        "t": 0
      },
      {
        "answer": "تَثبُتُ بالإجماعِ",
        "t": 1
      },
      {
        "answer": "لا تَثبُتُ إلَّا بالإقرارِ",
        "t": 0
      }
    ]
  },
  {
    "id": 2461,
    "q": "إذا قُتِل المُوصي وأُخِذَت دِيَتُه",
    "level": 3,
    "link": "https://www.dorar.net/feqhia/6432",
    "section": "wasaya",
    "answers": [
      {
        "answer": "دَخَلتِ الدِّيةُ في الوَصيَّةِ",
        "t": 1
      },
      {
        "answer": "لم تَدخُلِ الدِّيَةُ في الوَصيَّةِ",
        "t": 0
      },
      {
        "answer": "دَخَل ثُلُثُ الدِّيَةِ فَقَط في الوَصيَّةِ",
        "t": 0
      }
    ]
  },
  {
    "id": 2468,
    "q": "إذا تَعددَّتِ الوَصايَا لأشخاصٍ ولم تَزِدْ عَلى الثُّلُثِ",
    "level": 3,
    "link": "https://www.dorar.net/feqhia/6465",
    "section": "wasaya",
    "answers": [
      {
        "answer": "نُفِّذَت كُلُّها",
        "t": 1
      },
      {
        "answer": "نُفِّذَت وَصيَّةُ الأوَّلِ",
        "t": 0
      },
      {
        "answer": "لم تُنفَّذْ وَصايَا أحَدٍ",
        "t": 0
      }
    ]
  },
  {
    "id": 2460,
    "q": "الوَصيَّةُ بالمالِ المُشاعِ",
    "level": 3,
    "link": "https://www.dorar.net/feqhia/6426",
    "section": "wasaya",
    "answers": [
      {
        "answer": "يَجوزُ",
        "t": 1
      },
      {
        "answer": "يَجوزُ ويَجِبُ القَسْمُ",
        "t": 0
      },
      {
        "answer": "لا يَجوزُ",
        "t": 0
      }
    ]
  },
  {
    "id": 2473,
    "q": "إذا أوصى بشَيءٍ لاثنَينِ فمات أحَدُهُما قبْلَ قَبولِ الوَصيَّةِ",
    "level": 3,
    "link": "https://www.dorar.net/feqhia/6481",
    "section": "wasaya",
    "answers": [
      {
        "answer": "كان الشَّيءُ كُلُّه للحَيِّ",
        "t": 0
      },
      {
        "answer": "كان للحَيِّ نِصفُ الوَصيَّةِ",
        "t": 1
      },
      {
        "answer": "كانتِ الوَصيَّةُ باطِلةً",
        "t": 0
      }
    ]
  },
  {
    "id": 2464,
    "q": "الَّذي يُنفِّذُ الوَصيَّةَ",
    "level": 3,
    "link": "https://www.dorar.net/feqhia/6447",
    "section": "wasaya",
    "answers": [
      {
        "answer": "الوارِثُ",
        "t": 1
      },
      {
        "answer": "المُوصَى له",
        "t": 0
      },
      {
        "answer": "القاضي",
        "t": 0
      }
    ]
  },
  {
    "id": 2465,
    "q": "نَقلُ المالِ المُوصَى به من بَلَدٍ لآخَرَ",
    "level": 3,
    "link": "https://www.dorar.net/feqhia/6449",
    "section": "wasaya",
    "answers": [
      {
        "answer": "يَجوزُ إنْ كانتِ الوَصيَّةُ عَلى غَيرِ مُعيَّنِين، كالفُقَراءِ",
        "t": 1
      },
      {
        "answer": "لا يَجوزُ",
        "t": 0
      },
      {
        "answer": "يَجوزُ مُطلَقًا",
        "t": 0
      }
    ]
  }
]