[
  {
    "id": 2451,
    "q": "الوَصيَّةُ للقاتِلِ",
    "level": 2,
    "link": "https://www.dorar.net/feqhia/6380",
    "section": "wasaya",
    "answers": [
      {
        "answer": "لا تَبطُلُ",
        "t": 0
      },
      {
        "answer": "إنْ أجازَها الوَرَثةُ جازَت",
        "t": 0
      },
      {
        "answer": "تَبطُلُ",
        "t": 1
      }
    ]
  },
  {
    "id": 2436,
    "q": "الوَصيَّةُ بالإشارةِ من قادِرٍ عَلى النُّطقِ",
    "level": 2,
    "link": "https://www.dorar.net/feqhia/6305",
    "section": "wasaya",
    "answers": [
      {
        "answer": "تَنعَقِدُ",
        "t": 0
      },
      {
        "answer": "تَنعَقِدُ إن كانت مَفهومةً فَقَط",
        "t": 0
      },
      {
        "answer": "لا تَنعَقِدُ",
        "t": 1
      }
    ]
  },
  {
    "id": 2437,
    "q": "الوَصيَّةُ بالكِتابةِ",
    "level": 2,
    "link": "https://www.dorar.net/feqhia/6307",
    "section": "wasaya",
    "answers": [
      {
        "answer": "تَصِحُّ وتَحتاجُ إلى شاهِدَين",
        "t": 0
      },
      {
        "answer": "تَصِحُّ إنْ عُرِف خَطُّه ببيِّنةٍ أو كانَت في دَفتَرِه",
        "t": 1
      },
      {
        "answer": "لا تَصِحُّ",
        "t": 0
      }
    ]
  },
  {
    "id": 2432,
    "q": "الوَصيَّةُ باللَّفظِ",
    "level": 2,
    "link": "https://www.dorar.net/feqhia/6298",
    "section": "wasaya",
    "answers": [
      {
        "answer": "تَنعَقِدُ بمُشتقَّاتِ الفِعلِ (وصي) فقط",
        "t": 0
      },
      {
        "answer": "تَنعقِدُ بلَفظِ: أَوصَيتُ، فَقَط",
        "t": 0
      },
      {
        "answer": "تَنعَقِدُ بكُلِّ لَفظٍ دلَّ عَلى مَعناها",
        "t": 1
      }
    ]
  },
  {
    "id": 2439,
    "q": "الفَوريَّةُ في قَبولِ الوَصيَّةِ",
    "level": 2,
    "link": "https://www.dorar.net/feqhia/6316",
    "section": "wasaya",
    "answers": [
      {
        "answer": "شَرطٌ",
        "t": 0
      },
      {
        "answer": "لا تُشترَطُ",
        "t": 1
      },
      {
        "answer": "رُكنٌ في الوَصيَّةِ",
        "t": 0
      }
    ]
  },
  {
    "id": 2447,
    "q": "الوَصيَّةُ للوارِثِ",
    "level": 2,
    "link": "https://www.dorar.net/feqhia/6358",
    "section": "wasaya",
    "answers": [
      {
        "answer": "لا تَصِحُّ إذا لم يُجِزْها الورَثةُ",
        "t": 1
      },
      {
        "answer": "تَصِحُّ مُطلَقًا",
        "t": 0
      },
      {
        "answer": "لا تَصِحُّ أبدًا",
        "t": 0
      }
    ]
  },
  {
    "id": 2448,
    "q": "الوَصيَّةُ لآلِ بَيتِ النَّبيِّ ﷺ",
    "level": 2,
    "link": "https://www.dorar.net/feqhia/6366",
    "section": "wasaya",
    "answers": [
      {
        "answer": "تَجوزُ",
        "t": 1
      },
      {
        "answer": "تُكرَهُ",
        "t": 0
      },
      {
        "answer": "لا تَجوزُ",
        "t": 0
      }
    ]
  },
  {
    "id": 2450,
    "q": "الوَصيَّةُ للمَيِّتِ",
    "level": 2,
    "link": "https://www.dorar.net/feqhia/6374",
    "section": "wasaya",
    "answers": [
      {
        "answer": "تُستحَبُّ",
        "t": 0
      },
      {
        "answer": "تَجوزُ",
        "t": 0
      },
      {
        "answer": "لا تَجوزُ",
        "t": 1
      }
    ]
  },
  {
    "id": 2440,
    "q": "وَصيَّةُ السَّكرانِ المَعذورِ بسُكْرِه",
    "level": 2,
    "link": "https://www.dorar.net/feqhia/6334",
    "section": "wasaya",
    "answers": [
      {
        "answer": "لا تَصِحُّ",
        "t": 1
      },
      {
        "answer": "تَصِحُّ",
        "t": 0
      },
      {
        "answer": "تَصِحُّ وتَتوقَّفُ عَلى إجازَتِه بعدَ السُّكْرِ",
        "t": 0
      }
    ]
  },
  {
    "id": 2443,
    "q": "وَصيَّةُ السَّفيهِ",
    "level": 2,
    "link": "https://www.dorar.net/feqhia/6338",
    "section": "wasaya",
    "answers": [
      {
        "answer": "لا تَصِحُّ",
        "t": 0
      },
      {
        "answer": "تَتوقَّفُ عَلى إجازةِ الوَليِّ",
        "t": 0
      },
      {
        "answer": "تَصِحُّ",
        "t": 1
      }
    ]
  },
  {
    "id": 2435,
    "q": "وَصيَّة مُعتقَلِ اللِّسانِ بالإشارةِ",
    "level": 2,
    "link": "https://www.dorar.net/feqhia/6303",
    "section": "wasaya",
    "answers": [
      {
        "answer": "لا تَنعَقِدُ",
        "t": 0
      },
      {
        "answer": "تَنعَقِدُ",
        "t": 1
      },
      {
        "answer": "تُكرَهُ",
        "t": 0
      }
    ]
  },
  {
    "id": 2441,
    "q": "وَصيَّةُ السَّكرانِ الَّذي أدخَلَ عَلى نَفْسِه السُّكْرَ باختِيارِه",
    "level": 2,
    "link": "https://www.dorar.net/feqhia/6336",
    "section": "wasaya",
    "answers": [
      {
        "answer": "عَلى  قَولَيْن لأهلِ العِلمِ",
        "t": 1
      },
      {
        "answer": "لا تَصِحُّ بالإجماعِ",
        "t": 0
      },
      {
        "answer": "تَصِحُّ وتُؤخَذُ منَ النِّصفِ وُجوبًا",
        "t": 0
      }
    ]
  },
  {
    "id": 2452,
    "q": "الوَصيَّةُ للذِّمِّيِّ",
    "level": 2,
    "link": "https://www.dorar.net/feqhia/6382",
    "section": "wasaya",
    "answers": [
      {
        "answer": "لا تَجوزُ",
        "t": 0
      },
      {
        "answer": "تَجوزُ فيما يَجوزُ له تَمَلُّكُه بالإجماعِ",
        "t": 1
      },
      {
        "answer": "تُكرَهُ",
        "t": 0
      }
    ]
  },
  {
    "id": 2433,
    "q": "وَصيَّةُ الأخرَسِ بالإشارةِ المُفهِمةِ",
    "level": 2,
    "link": "https://www.dorar.net/feqhia/6301",
    "section": "wasaya",
    "answers": [
      {
        "answer": "لا تَنعَقِدُ بها وَصيَّةٌ",
        "t": 0
      },
      {
        "answer": "الأخرَسُ ليس من أهلِ الوَصايَا",
        "t": 0
      },
      {
        "answer": "تَنعَقِدُ",
        "t": 1
      }
    ]
  },
  {
    "id": 2442,
    "q": "وَصيَّة المُكرَهِ",
    "level": 2,
    "link": "https://www.dorar.net/feqhia/6340",
    "section": "wasaya",
    "answers": [
      {
        "answer": "تَصِحُّ إذا كان المكرِهُ امرأَةً فقط",
        "t": 0
      },
      {
        "answer": "لا تَصِحُّ",
        "t": 1
      },
      {
        "answer": "تَصِحُّ",
        "t": 0
      }
    ]
  },
  {
    "id": 2449,
    "q": "الوَصيَّةُ للغَنيِّ",
    "level": 2,
    "link": "https://www.dorar.net/feqhia/6370",
    "section": "wasaya",
    "answers": [
      {
        "answer": "لا تَجوزُ",
        "t": 0
      },
      {
        "answer": "تَجوزُ",
        "t": 1
      },
      {
        "answer": "تُكرَهُ",
        "t": 0
      }
    ]
  },
  {
    "id": 2453,
    "q": "الوَصيَّةُ للمُرتدِّ",
    "level": 2,
    "link": "https://www.dorar.net/feqhia/6386",
    "section": "wasaya",
    "answers": [
      {
        "answer": "تَصِحُّ",
        "t": 0
      },
      {
        "answer": "تَصِحُّ إذا كان المُرتَدُّ رَجُلاً فَقَط",
        "t": 0
      },
      {
        "answer": "لا تَصِحُّ",
        "t": 1
      }
    ]
  },
  {
    "id": 2438,
    "q": "مات المُوصَى له بعدَ مَوتِ المُوصِي قبْلَ القَبولِ",
    "level": 2,
    "link": "https://www.dorar.net/feqhia/6312",
    "section": "wasaya",
    "answers": [
      {
        "answer": "كان القَبولُ والرَّدُّ للوَرثةِ",
        "t": 1
      },
      {
        "answer": "تَعيَّنَ القَبولُ",
        "t": 0
      },
      {
        "answer": "بَطَلتِ الوَصيَّةُ",
        "t": 0
      }
    ]
  },
  {
    "id": 2445,
    "q": "وَصيَّةُ الهازِلِ",
    "level": 2,
    "link": "https://www.dorar.net/feqhia/6344",
    "section": "wasaya",
    "answers": [
      {
        "answer": "تَصِحُّ",
        "t": 0
      },
      {
        "answer": "لا هَزلَ في الوَقفِ",
        "t": 0
      },
      {
        "answer": "لا تَصِحُّ",
        "t": 1
      }
    ]
  },
  {
    "id": 2444,
    "q": "وَصيَّةُ مَن أوصى خَطَأً دونَ قَصدٍ للوَصيَّةِ",
    "level": 2,
    "link": "https://www.dorar.net/feqhia/6342",
    "section": "wasaya",
    "answers": [
      {
        "answer": "تَصِحُّ",
        "t": 0
      },
      {
        "answer": "لا تَصِحُّ",
        "t": 1
      },
      {
        "answer": "يَرجِعُ إلى الوَرَثةِ",
        "t": 0
      }
    ]
  }
]