[
  {
    "id": 2423,
    "q": "الوَصيَّةُ بالدَّيْنِ، كأنْ يُوصيَ بدَينٍ له أنْ يُصرَفَ على وُجوهِ البِرِّ، أو أنْ يقولَ الموصي لمديونِه: إذا مِتُّ فأنت بَريءٌ مِن الدَّينِ الذي عليك",
    "level": 1,
    "link": "https://www.dorar.net/feqhia/6408",
    "section": "wasaya",
    "answers": [
      {
        "answer": "لا تَصِحُّ مُطلَقًا",
        "t": 0
      },
      {
        "answer": "تَصِحُّ مُطلَقًا",
        "t": 0
      },
      {
        "answer": "تَصِحُّ إذا كانتِ الوَصيَّةُ لا تَزيدُ عَلى الثُّلُثِ",
        "t": 1
      }
    ]
  },
  {
    "id": 2413,
    "q": "الاستثناءُ في الوَصيَّةِ",
    "level": 1,
    "link": "https://www.dorar.net/feqhia/6323",
    "section": "wasaya",
    "answers": [
      {
        "answer": "لا يَجوزُ",
        "t": 0
      },
      {
        "answer": "يُكرَهُ",
        "t": 0
      },
      {
        "answer": "يَجوزُ",
        "t": 1
      }
    ]
  },
  {
    "id": 2416,
    "q": "وَصيَّةُ الكافِرِ للمُسلِمِ",
    "level": 1,
    "link": "https://www.dorar.net/feqhia/6348",
    "section": "wasaya",
    "answers": [
      {
        "answer": "تَصِحُّ ما لم تَكُنْ بمُحرَّمٍ",
        "t": 1
      },
      {
        "answer": "تَصِحُّ مُطلَقًا",
        "t": 0
      },
      {
        "answer": "لا تَصِحُّ",
        "t": 0
      }
    ]
  },
  {
    "id": 2429,
    "q": "إذا أوصَى على جَماعَتَيْن مَحدودَتَيْن",
    "level": 1,
    "link": "https://www.dorar.net/feqhia/6500",
    "section": "wasaya",
    "answers": [
      {
        "answer": "لا يُشترَطُ الاستيفاءُ ولا التَّساوي",
        "t": 0
      },
      {
        "answer": "قُسِّمَت بَينَهُما عَلى عَدَدِ الرُّؤوسِ",
        "t": 1
      },
      {
        "answer": "جاز إعطاءُ جَماعةٍ واحِدةٍ دونَ الأُخرى",
        "t": 0
      }
    ]
  },
  {
    "id": 2414,
    "q": "وَصيَّة الصَّبِيِّ غَيرِ المُميِّزِ",
    "level": 1,
    "link": "https://www.dorar.net/feqhia/6327",
    "section": "wasaya",
    "answers": [
      {
        "answer": "تَجوزُ",
        "t": 0
      },
      {
        "answer": "تَتوقَّفُ عَلى إجازةِ الوَليِّ",
        "t": 0
      },
      {
        "answer": "لا تَجوزُ",
        "t": 1
      }
    ]
  },
  {
    "id": 2417,
    "q": "الوَصيَّةُ بالخِنزيرِ",
    "level": 1,
    "link": "https://www.dorar.net/feqhia/6398",
    "section": "wasaya",
    "answers": [
      {
        "answer": "تَصِحُّ",
        "t": 0
      },
      {
        "answer": "تَصِحُّ بشَرطِ بَيْعِه لذِمِّيٍّ",
        "t": 0
      },
      {
        "answer": "لا تَصِحُّ",
        "t": 1
      }
    ]
  },
  {
    "id": 2418,
    "q": "الوَصيَّة بالكَلبِ المُعلَّمِ أو بالزَّيتِ النَّجِسِ",
    "level": 1,
    "link": "https://www.dorar.net/feqhia/6400",
    "section": "wasaya",
    "answers": [
      {
        "answer": "تُكرَهُ",
        "t": 0
      },
      {
        "answer": "لا تَجوزُ",
        "t": 0
      },
      {
        "answer": "تَجوزُ",
        "t": 1
      }
    ]
  },
  {
    "id": 2426,
    "q": "إذا زادتِ الوَصايا على الثُّلُثِ وأجازَها الوَرَثةُ",
    "level": 1,
    "link": "https://www.dorar.net/feqhia/6468",
    "section": "wasaya",
    "answers": [
      {
        "answer": "نُفِّذَت",
        "t": 1
      },
      {
        "answer": "نُفِّذ الثُّلُثُ وَحْدَه",
        "t": 0
      },
      {
        "answer": "لم تُنفَّذْ",
        "t": 0
      }
    ]
  },
  {
    "id": 2412,
    "q": "الوَصيَّةُ بأكثَرَ منَ الثُّلُثِ لِمَن ليس له وارِثٌ",
    "level": 1,
    "link": "https://www.dorar.net/feqhia/6289",
    "section": "wasaya",
    "answers": [
      {
        "answer": "تَجوزُ باتِّفاقِ المَذاهِبِ الأربعةِ",
        "t": 0
      },
      {
        "answer": "لا تَجوزُ بالإجماعِ",
        "t": 0
      },
      {
        "answer": "عَلى قَولَينِ لأهلِ العِلمِ بين الجَوازِ وعَدَمِه",
        "t": 1
      }
    ]
  },
  {
    "id": 2411,
    "q": "الوَصيَّةُ بأكثَرَ منَ الثُّلُثِ لِمَن كان له وَرَثةٌ",
    "level": 1,
    "link": "https://www.dorar.net/feqhia/6287",
    "section": "wasaya",
    "answers": [
      {
        "answer": "تُكرَهُ",
        "t": 0
      },
      {
        "answer": "تَجوزُ",
        "t": 0
      },
      {
        "answer": "لا تَجوزُ",
        "t": 1
      }
    ]
  },
  {
    "id": 2422,
    "q": "الوَصيَّةُ بالإقراضِ",
    "level": 1,
    "link": "https://www.dorar.net/feqhia/6406",
    "section": "wasaya",
    "answers": [
      {
        "answer": "تَصِحُّ مُطلَقًا",
        "t": 0
      },
      {
        "answer": "تَصِحُّ في حُدودِ الثُّلُثِ",
        "t": 1
      },
      {
        "answer": "لا تَصِحُّ",
        "t": 0
      }
    ]
  },
  {
    "id": 2420,
    "q": "الوَصيَّةُ بالنُّقودِ",
    "level": 1,
    "link": "https://www.dorar.net/feqhia/6402",
    "section": "wasaya",
    "answers": [
      {
        "answer": "لا تَصِحُّ",
        "t": 0
      },
      {
        "answer": "تَصِحُّ",
        "t": 1
      },
      {
        "answer": "تَصِحُّ منَ الرِّجالِ دُونَ النِّساءِ",
        "t": 0
      }
    ]
  },
  {
    "id": 2424,
    "q": "الوَصيَّةُ بالمَنافِعِ",
    "level": 1,
    "link": "https://www.dorar.net/feqhia/6415",
    "section": "wasaya",
    "answers": [
      {
        "answer": "تَصِحُّ عَلى الرَّاجِحِ",
        "t": 0
      },
      {
        "answer": "لا تَصِحُّ",
        "t": 0
      },
      {
        "answer": "تَصِحُّ بالإجماعِ",
        "t": 1
      }
    ]
  },
  {
    "id": 2428,
    "q": "إذا أوصى لقَبيلَةٍ",
    "level": 1,
    "link": "https://www.dorar.net/feqhia/6490",
    "section": "wasaya",
    "answers": [
      {
        "answer": "دَخَل الذُّكورُ والإناثُ",
        "t": 1
      },
      {
        "answer": "دَخَلتِ الإناثُ فحَسْبُ",
        "t": 0
      },
      {
        "answer": "دَخَل فيها الذُّكورُ فحَسْبُ",
        "t": 0
      }
    ]
  },
  {
    "id": 2410,
    "q": "الوَصيَّةُ",
    "level": 1,
    "link": "https://www.dorar.net/feqhia/6283",
    "section": "wasaya",
    "answers": [
      {
        "answer": "جائزةٌ",
        "t": 1
      },
      {
        "answer": "مَكروهةٌ",
        "t": 0
      },
      {
        "answer": "واجِبةٌ",
        "t": 0
      }
    ]
  },
  {
    "id": 2425,
    "q": "لو أوصى بمَنفَعةِ دارٍ خَمسينَ سَنةً لرَجُلٍ، ومات ذلك الرَّجُلُ بعدَ عَشرِ سِنينَ",
    "level": 1,
    "link": "https://www.dorar.net/feqhia/6422",
    "section": "wasaya",
    "answers": [
      {
        "answer": "كانَتِ المَنفَعةُ مِلكًا لوَرَثةِ المُوصَى له حتَّى تَنقَضِيَ المُدَّةُ",
        "t": 1
      },
      {
        "answer": "رَجَعتِ المَنفَعةُ لوَرَثةِ الموصِي",
        "t": 0
      },
      {
        "answer": "كانتِ الدَّارُ بالأُجرةِ لوَرَثةِ المُوصَى له",
        "t": 0
      }
    ]
  },
  {
    "id": 2421,
    "q": "الوَصيَّةُ بالإنفاقِ",
    "level": 1,
    "link": "https://www.dorar.net/feqhia/6404",
    "section": "wasaya",
    "answers": [
      {
        "answer": "لا تَصِحُّ",
        "t": 0
      },
      {
        "answer": "تَصِحُّ",
        "t": 1
      },
      {
        "answer": "تَصِحُّ مِن النِّساءِ دُونَ الرِّجالِ",
        "t": 0
      }
    ]
  },
  {
    "id": 2431,
    "q": "إذا مات المُوصَى له قبْلَ الموصِي",
    "level": 1,
    "link": "https://www.dorar.net/feqhia/6516",
    "section": "wasaya",
    "answers": [
      {
        "answer": "تَعيَّنَ القَبولُ",
        "t": 0
      },
      {
        "answer": "تَوقَّفتِ الوَصيَّةُ عَلى قَبولِ الوَرَثةِ",
        "t": 0
      },
      {
        "answer": "بَطَلتِ الوَصيَّةُ",
        "t": 1
      }
    ]
  },
  {
    "id": 2430,
    "q": "إذا أطلَقَ الوَصيَّةَ لأقاربِهِ",
    "level": 1,
    "link": "https://www.dorar.net/feqhia/6502",
    "section": "wasaya",
    "answers": [
      {
        "answer": "دَخَل فيها قَرابةُ أُمِّه وأبيه",
        "t": 1
      },
      {
        "answer": "دَخَل فيها أقارِبُ أُمِّه",
        "t": 0
      },
      {
        "answer": "دَخَل فيها أقارِبُ أبيه",
        "t": 0
      }
    ]
  },
  {
    "id": 2415,
    "q": "وَصيَّة المَجنونِ",
    "level": 1,
    "link": "https://www.dorar.net/feqhia/6331",
    "section": "wasaya",
    "answers": [
      {
        "answer": "لا تَصِحُّ",
        "t": 1
      },
      {
        "answer": "تُكرَهُ",
        "t": 0
      },
      {
        "answer": "تَصِحُّ",
        "t": 0
      }
    ]
  }
]