[
  {
    "id": 3761,
    "q": "في قَولِه تَعالَى: {يَوْمَ تَذْهَلُ كُلُّ مُرْضِعَةٍ} الذُّهول هو:",
    "level": 3,
    "link": "https://dorar.net/tafseer/22/1",
    "section": "al-hajj",
    "answers": [
      {
        "answer": "نِسيانُ ما مِن شَأنِه ألَّا يُنسَى",
        "t": 1
      },
      {
        "answer": "الفَزَعُ الذي يُغَيِّبُ العَقلَ",
        "t": 0
      },
      {
        "answer": "التَّعجُّب المَشُوبُ بالخَوفِ",
        "t": 0
      }
    ]
  },
  {
    "id": 3774,
    "q": "قوله تعالى: {وَعَمِلُوا الصَّالِحَاتِ} فيه الردُّ على من يقولونَ: إنَّ الإنسانَ لا يعملُ، ولا يضافُ العملُ إليه إلا مجازًا. وَهُمْ:",
    "level": 3,
    "link": "https://dorar.net/tafseer/22/9",
    "section": "al-hajj",
    "answers": [
      {
        "answer": "الجَبْريَّة",
        "t": 1
      },
      {
        "answer": "المُعتزِلة",
        "t": 0
      },
      {
        "answer": "الخَوارج",
        "t": 0
      }
    ]
  },
  {
    "id": 3766,
    "q": "ما وجهُ الإفرادِ في قَولِه: {يُخْرِجُكُمْ طِفْلًا} مع أنَّ المعنى نخرِجُكم أطفالًا؟",
    "level": 3,
    "link": "https://dorar.net/tafseer/22/3",
    "section": "al-hajj",
    "answers": [
      {
        "answer": "أَفْرَدَهُ باعتبارِ كلِّ واحدٍ منهم، أي: يُخرِجُ كُلَّ واحدٍ منكم طِفلًا",
        "t": 1
      },
      {
        "answer": "أَفْرَدَهُ باعتبارِ المجيءِ يَوْمَ القيامةِ فُرَادَى",
        "t": 0
      },
      {
        "answer": "أفردَهُ لأنَّ الجمعَ هُنَا جَمعُ قِلَّة",
        "t": 0
      }
    ]
  },
  {
    "id": 3778,
    "q": "في قَولِه تَعالَى: {فَكُلُوا مِنْهَا وَأَطْعِمُوا الْبَائِسَ الْفَقِيرَ} دليلٌ على:",
    "level": 3,
    "link": "https://www.dorar.net/tafseer/22/10",
    "section": "al-hajj",
    "answers": [
      {
        "answer": "أنَّ الإَطعامَ لا يُصرَفُ إلَّا إلى البائسِ الفَقيرِ فقط ولا يُجزِئ غيره",
        "t": 0
      },
      {
        "answer": "أنَّ الأَمرَ للوُجوبِ",
        "t": 0
      },
      {
        "answer": "إباحةِ الأكلِ مِن الهَدْي كلِّه -تطوعِه وفرضِه-",
        "t": 1
      }
    ]
  },
  {
    "id": 3773,
    "q": "في قَولِه تَعالَى: {هَذَانِ خَصْمَانِ اخْتَصَمُوا فِي رَبِّهِمْ} الاخْتِصَامُ هُنَا:",
    "level": 3,
    "link": "https://dorar.net/tafseer/22/8",
    "section": "al-hajj",
    "answers": [
      {
        "answer": "يَشمَلُ ما وقع أحيانًا مِن التَّحاوُرِ الحقيقيِّ بين أهلِ الأديانِ، والمعنويَّ",
        "t": 1
      },
      {
        "answer": "معنويٌّ فَقَطْ باعتِقادَ كُلٍّ مِن الفريقَينِ بحَقِّيَّةِ ما هو عليه وبُطلانِ ما عليه صاحِبُه",
        "t": 0
      },
      {
        "answer": "حقيقيٌّ فقط عَنْ طَريقِ التَّحاوُرِ الحقيقيِّ بين أهلِ الأديانِ",
        "t": 0
      }
    ]
  },
  {
    "id": 3762,
    "q": "قال اللهُ تَعالَى: {كُتِبَ عَلَيْهِ أَنَّهُ مَنْ تَوَلَّاهُ فَأَنَّهُ يُضِلُّهُ} الكِتابةُ في هذه الآيةِ:",
    "level": 3,
    "link": "https://dorar.net/tafseer/22/2",
    "section": "al-hajj",
    "answers": [
      {
        "answer": "كِتابةٌ كَونيَّةٌ",
        "t": 1
      },
      {
        "answer": "كِتابةٌ شرعيَّة",
        "t": 0
      },
      {
        "answer": "كِتابةٌ أَزَلِيَّة",
        "t": 0
      }
    ]
  },
  {
    "id": 3776,
    "q": "معنى {رِجَالًا} في قَولِه تَعالَى: {وَأَذِّنْ فِي النَّاسِ بالحجِّ يَأْتُوكَ رِجَالًا}:",
    "level": 3,
    "link": "https://dorar.net/tafseer/22/10",
    "section": "al-hajj",
    "answers": [
      {
        "answer": "جمعُ رَجُلٍ، وهُمُ: الذُّكُورُ والرجالُ",
        "t": 0
      },
      {
        "answer": "جمعُ راجِلٍ، أي: مُشاةً",
        "t": 1
      },
      {
        "answer": "يعني: الأقوياءَ والأشدَّاءَ مِنَ النَّاسِ",
        "t": 0
      }
    ]
  },
  {
    "id": 3779,
    "q": "في قَولِه تَعالَى: {وَلْيَطَّوَّفُوا بِالْبَيْتِ الْعَتِيقِ} دليلٌ على:",
    "level": 3,
    "link": "https://www.dorar.net/tafseer/22/10",
    "section": "al-hajj",
    "answers": [
      {
        "answer": "أنَّ الطَّواف لا يجوزُ داخِلَ البَيتِ، وأنَّه يَجِبُ الطَّواف مِنْ وَراءِ الحِجْرِ",
        "t": 1
      },
      {
        "answer": "جَوازِ الطَّواف داخلَ البيتِ",
        "t": 0
      },
      {
        "answer": "أن الحِجْرَ ليس مِن البَيتِ ",
        "t": 0
      }
    ]
  },
  {
    "id": 3770,
    "q": "ذَكَر تعالى المجادِلَ بالباطِلِ، وأنَّه على قِسمَينِ:",
    "level": 3,
    "link": "https://dorar.net/tafseer/22/6",
    "section": "al-hajj",
    "answers": [
      {
        "answer": "مُقتَصِد ومُسرِف",
        "t": 0
      },
      {
        "answer": "مقلِّد، وداعٍ",
        "t": 1
      },
      {
        "answer": "مُنافِق ومُشرِك",
        "t": 0
      }
    ]
  },
  {
    "id": 3780,
    "q": "تنكير لفظة \"مَنَافِع\" في قَولِه تَعالَى: {لِيَشْهَدُوا مَنَافِعَ لَهُمْ} يشير إلى:",
    "level": 3,
    "link": "https://www.dorar.net/tafseer/22/10",
    "section": "al-hajj",
    "answers": [
      {
        "answer": "أنَّ هُناك ما هو أَوْلَى بالعِنايَةِ منها؛ وهو إِتمامُ مَناسِك الحَجِّ",
        "t": 0
      },
      {
        "answer": "تحقيرِ هَذِهِ المنافعِ الدُّنيويَّة",
        "t": 0
      },
      {
        "answer": "تَفخيمِ هذه المنافِعِ وتَكثيرِها",
        "t": 1
      }
    ]
  },
  {
    "id": 3771,
    "q": "قال اللهُ تَعالَى: {إِنَّ اللَّهَ يَفْعَلُ مَا يُرِيدُ} الإرادةُ في هذه الآيةِ هي:",
    "level": 3,
    "link": "https://dorar.net/tafseer/22/6",
    "section": "al-hajj",
    "answers": [
      {
        "answer": "إرادة كونيَّة",
        "t": 1
      },
      {
        "answer": "إرادة شَّرعيَّة ",
        "t": 0
      },
      {
        "answer": "إرادة ذَاتِيَّة",
        "t": 0
      }
    ]
  },
  {
    "id": 3775,
    "q": "من خَواصِّ الحَرَمِ أنَّه يُعاقَبُ فيه على:",
    "level": 3,
    "link": "https://dorar.net/tafseer/22/9",
    "section": "al-hajj",
    "answers": [
      {
        "answer": "العزمِ على السَّيِّئَات",
        "t": 0
      },
      {
        "answer": "تَتَبُّع السَّيِّئَاتِ",
        "t": 0
      },
      {
        "answer": "الهَمِّ بالسَّيِّئاتِ",
        "t": 1
      }
    ]
  },
  {
    "id": 3769,
    "q": "في قَولِه تَعالَى: {وَالَّذِينَ هَادُوا وَالْمَجُوسَ وَالَّذِينَ أَشْرَكُوا} المَجُوسُ:",
    "level": 3,
    "link": "https://dorar.net/tafseer/22/6",
    "section": "al-hajj",
    "answers": [
      {
        "answer": "أهلُ دينٍ يُثبِتُ إلَهَينِ: إلهًا للخَيرِ، وإلهًا للشَّرِّ، وهم أهلُ فارسَ",
        "t": 1
      },
      {
        "answer": "هُم الذين يَزعُمُون أُلوهِيَّة عِيسى عليه السلامُ",
        "t": 0
      },
      {
        "answer": "هُمُ الزرادشتية الذين يعبدون النار",
        "t": 0
      }
    ]
  },
  {
    "id": 3765,
    "q": "معنى {زَوْجٍ بَهِيجٍ} هو:",
    "level": 3,
    "link": "https://dorar.net/tafseer/22/3",
    "section": "al-hajj",
    "answers": [
      {
        "answer": "جِنس وصِنف حَسَن",
        "t": 1
      },
      {
        "answer": "زَوْج جَديدٍ",
        "t": 0
      },
      {
        "answer": "نَوع كثِير البهجةِ",
        "t": 0
      }
    ]
  },
  {
    "id": 3764,
    "q": "قولُه: {وَيَهْدِيهِ إِلَى عَذَابِ السَّعِيرِ} الهدايةُ هُنَا جاءتْ:",
    "level": 3,
    "link": "https://dorar.net/tafseer/22/2",
    "section": "al-hajj",
    "answers": [
      {
        "answer": "على سَبيلِ الغالِب",
        "t": 0
      },
      {
        "answer": "على سَبيل التَّهكُّمِ",
        "t": 1
      },
      {
        "answer": "على سَبيل الحَقيقَةِ",
        "t": 0
      }
    ]
  },
  {
    "id": 3767,
    "q": "في قَولِه تَعالَى: {لِكَيْلَا يَعْلَمَ مِنْ بَعْدِ عِلْمٍ شَيْئًا}، المرادُ بِنَفْيِ العلمِ هُنَا:",
    "level": 3,
    "link": "https://dorar.net/tafseer/22/3",
    "section": "al-hajj",
    "answers": [
      {
        "answer": "النفيُ لأجلِ المبالَغةِ، فهو يعلَمُ بعضَ الأشياءِ كالطِّفلِ",
        "t": 1
      },
      {
        "answer": "النَّفْيَ الحَقِيقِيُّ حيثُ يُمْحَى منه عِلمُ كُلِّ شيءٍ",
        "t": 0
      },
      {
        "answer": "النِّسيانُ",
        "t": 0
      }
    ]
  },
  {
    "id": 3777,
    "q": "يستنبط من قوله تعالى: {وَطَهِّرْ بَيْتِيَ لِلطَّائِفِينَ وَالْقَائِمِينَ وَالرُّكَّعِ السُّجُودِ}:",
    "level": 3,
    "link": "https://www.dorar.net/tafseer/22/10",
    "section": "al-hajj",
    "answers": [
      {
        "answer": "اشتِراط طهارةِ مَحلِّ الصَّلاةِ فحسب",
        "t": 0
      },
      {
        "answer": "اشتراط طَهارةِ ثَوبِ المصَلِّي لِصِحَّةِ صَلاتِه",
        "t": 1
      },
      {
        "answer": "وجوب تَطْهِيرِ المسْجِدِ الحَرَامِ ",
        "t": 0
      }
    ]
  },
  {
    "id": 3768,
    "q": "كان الرَّجُلُ يَقدَمُ المدينةَ، فإنْ وَلَدَت امرأتُه غُلامًا، ونُتِجَت خَيلُه، قال:",
    "level": 3,
    "link": "https://dorar.net/tafseer/22/5",
    "section": "al-hajj",
    "answers": [
      {
        "answer": "هَذَا دِينٌ صالِحٌ",
        "t": 1
      },
      {
        "answer": "في سَبيلِ اللهِ",
        "t": 0
      },
      {
        "answer": "نُطفَةٌ مُبارَكَةٌ",
        "t": 0
      }
    ]
  },
  {
    "id": 3772,
    "q": "الأسلوب في قَولِه تَعالَى: {فَلْيَمْدُدْ بِسَبَبٍ إِلَى السَّمَاءِ ثُمَّ لِيَقْطَعْ فَلْيَنْظُرْ هَلْ يُذْهِبَنَّ كَيْدُهُ مَا يَغِيظُ} أسلوبُ:",
    "level": 3,
    "link": "https://dorar.net/tafseer/22/6",
    "section": "al-hajj",
    "answers": [
      {
        "answer": "تَوبيخٍ",
        "t": 1
      },
      {
        "answer": "تَعْجِيزٍ",
        "t": 0
      },
      {
        "answer": "تَفْخِيمٍ",
        "t": 0
      }
    ]
  },
  {
    "id": 3763,
    "q": "في قَولِه تَعالَى {كُتِبَ عَلَيْهِ أَنَّهُ مَنْ تَوَلَّاهُ فَأَنَّهُ يُضِلُّهُ} أنَّ الشَّيطانَ يُضِلُّ وَلِيَّه، ويَهدِيه إلى عذابِ السَّعيرِ بما قَضَاهُ اللهُ وقدَّرَهُ، وفي هذا ردٌّ على:",
    "level": 3,
    "link": "https://dorar.net/tafseer/22/2",
    "section": "al-hajj",
    "answers": [
      {
        "answer": "المُعتزِلة والجَهميَّة",
        "t": 1
      },
      {
        "answer": "الأشاعِرة ",
        "t": 0
      },
      {
        "answer": "الخَوارجِ ",
        "t": 0
      }
    ]
  }
]