[
  {
    "id": 3756,
    "q": "وَصَفَ الله تعالى الأوثانَ بـ(الرِّجْسِ) في قوله: {فَاجْتَنِبُوا الرِّجْسَ مِنَ الْأَوْثَانِ} وفي هذا دَليلٌ على:",
    "level": 2,
    "link": "https://www.dorar.net/tafseer/22/11",
    "section": "al-hajj",
    "answers": [
      {
        "answer": "أنَّها رِجْسٌ مَعنوِيٌّ",
        "t": 1
      },
      {
        "answer": "نَجاسةِ أعيانِها",
        "t": 0
      },
      {
        "answer": "نَجاسةِ مُتَّبِعِيهَا",
        "t": 0
      }
    ]
  },
  {
    "id": 3750,
    "q": " معنى \"بَهيمةِ الأنعامِ\":",
    "level": 2,
    "link": "https://dorar.net/tafseer/22/10",
    "section": "al-hajj",
    "answers": [
      {
        "answer": "الخيلُ والبَقَرُ والغنَمُ",
        "t": 0
      },
      {
        "answer": "الإبلُ والبَقَرُ والغَنَمُ",
        "t": 1
      },
      {
        "answer": "ما يُؤكَلُ لَحمُه مِن البَهائمِ الدَّاجِنَة والبَرِّيَّة",
        "t": 0
      }
    ]
  },
  {
    "id": 3748,
    "q": "لا يجوزُ تَسميةُ بعضِ الزُّهورِ بـ {عَبَّادِ الشَّمسِ}؛ لأنَّ:",
    "level": 2,
    "link": "https://dorar.net/tafseer/22/7",
    "section": "al-hajj",
    "answers": [
      {
        "answer": "لَفْظَ العبوديةِ خاصٌّ بالإنسانِ",
        "t": 0
      },
      {
        "answer": "الأشجارَ لا تَعبُدُ الشَّمسَ، إنَّما تَعبُدُ اللهَ عزَّ وجَلَّ",
        "t": 1
      },
      {
        "answer": "الزُّهُورَ تتبعُ النجومَ والكواكبَ وليسَ الشَّمْسَ",
        "t": 0
      }
    ]
  },
  {
    "id": 3744,
    "q": "في قَولِه تَعالَى: {وَتَرَى الْأَرْضَ هَامِدَةً فَإِذَا أَنْزَلْنَا عَلَيْهَا الْمَاءَ اهْتَزَّتْ وَرَبَتْ} بُرهانٌ قاطِعٌ عَلى:",
    "level": 2,
    "link": "https://dorar.net/tafseer/22/3",
    "section": "al-hajj",
    "answers": [
      {
        "answer": "البعثِ",
        "t": 1
      },
      {
        "answer": "الإنباتِ",
        "t": 0
      },
      {
        "answer": "الحَشرِ",
        "t": 0
      }
    ]
  },
  {
    "id": 3758,
    "q": "في قَولِه تَعالَى: {ثُمَّ مَحِلُّهَا إِلَى الْبَيْتِ الْعَتِيقِ} دليل على:",
    "level": 2,
    "link": "https://www.dorar.net/tafseer/22/11",
    "section": "al-hajj",
    "answers": [
      {
        "answer": "وُجوبِ نَحْرِ الهَدْيِ في المسجدِ الحرامِ",
        "t": 0
      },
      {
        "answer": "أنَّ اسمَ البيتِ غَلَبَ على الحَرَمِ كلِّه فسُمِّيَ به",
        "t": 1
      },
      {
        "answer": "أنَّ البَيتَ العَتيقَ اسمٌ مِن أَسماءِ مِنى لأنَّها مَحِلُّ نَحرِ الهَديِ",
        "t": 0
      }
    ]
  },
  {
    "id": 3753,
    "q": "يُستفاد من قَولِه تَعالَى: {وَطَهِّرْ بَيْتِيَ لِلطَّائِفِينَ وَالْقَائِمِينَ وَالرُّكَّعِ السُّجُودِ}:",
    "level": 2,
    "link": "https://www.dorar.net/tafseer/22/10",
    "section": "al-hajj",
    "answers": [
      {
        "answer": "أنه يُكرَهُ اقترافُ الكبائرِ عندَ بيتِ اللهِ الحرامِ",
        "t": 0
      },
      {
        "answer": "أنَّه لا يَجوزُ أن يُترَكَ عند بَيتِ اللهِ الحَرامِ قَذَرٌ مِنَ الأقذارِ، ولا نَجَسٌ مِنَ الأنجاسِ المعنويَّةِ ولا الحِسِّيَّةِ",
        "t": 1
      },
      {
        "answer": "أنه يُستحَبُّ اجتنابُ مَحظُوراتِ الإِحرامِ حالَ الحَجِّ والعُمرَةِ",
        "t": 0
      }
    ]
  },
  {
    "id": 3741,
    "q": "قولُه تعالى: {يَا أَيُّهَا النَّاسُ اتَّقُوا رَبَّكُمْ} جاء في الافتتاحِ لسورتَيْن في القرآنِ الكريمِ، هُمَا:",
    "level": 2,
    "link": "https://www.dorar.net/tafseer/22/1",
    "section": "al-hajj",
    "answers": [
      {
        "answer": "النِّساءُ والحَجُّ",
        "t": 1
      },
      {
        "answer": "المائِدَة وَسَبَأ",
        "t": 0
      },
      {
        "answer": "يوسُف وطَه",
        "t": 0
      }
    ]
  },
  {
    "id": 3747,
    "q": "في قَولِه تَعالَى: {فَلْيَمْدُدْ بِسببٍ إلى السَّمَاءِ} معنى {بِسَبَبٍ}:",
    "level": 2,
    "link": "https://dorar.net/tafseer/22/6",
    "section": "al-hajj",
    "answers": [
      {
        "answer": "بِدُعاءٍ",
        "t": 0
      },
      {
        "answer": "بحَبلٍ",
        "t": 1
      },
      {
        "answer": "بِيَدَيْهِ",
        "t": 0
      }
    ]
  },
  {
    "id": 3759,
    "q": "في قَولِه تَعالَى: {لِيَذْكُرُوا اسْمَ اللَّهِ عَلَى مَا رَزَقَهُمْ مِنْ بَهِيمَةِ الْأَنْعَامِ} دليلٌ على:",
    "level": 2,
    "link": "https://www.dorar.net/tafseer/22/12",
    "section": "al-hajj",
    "answers": [
      {
        "answer": "أنَّ المَقصُودَ بالأَنعامِ كلُّ مَأكولِ اللَّحمِ",
        "t": 0
      },
      {
        "answer": "أنَّ القُربانَ يَجِبُ أن يكونَ مِنَ الأنعامِ",
        "t": 1
      },
      {
        "answer": "أنَّ القُربانَ لا يُشترطُ فيه الذَّبحُ",
        "t": 0
      }
    ]
  },
  {
    "id": 3751,
    "q": "معنى {بَوَّأْنَا} في قَولِه تَعالَى: {وَإِذْ بَوَّأْنَا لِإِبْرَاهِيمَ مَكَانَ الْبَيْتِ}:",
    "level": 2,
    "link": "https://www.dorar.net/tafseer/22/10",
    "section": "al-hajj",
    "answers": [
      {
        "answer": "هَيَّأْنا وبَيَّنَّا",
        "t": 1
      },
      {
        "answer": "بَنَيْنَا",
        "t": 0
      },
      {
        "answer": "أَخْرَجْنَا",
        "t": 0
      }
    ]
  },
  {
    "id": 3746,
    "q": "قَولُ اللهِ تعالى: {ذَلِكَ بِمَا قَدَّمَتْ يَدَاكَ}، أي: بعَمَلِك، ولكِنَّه جرت عادةُ العَرَبِ أن تُضيفَ الأعمالَ إلى اليَدِ؛ لأنَّها:",
    "level": 2,
    "link": "https://dorar.net/tafseer/22/4",
    "section": "al-hajj",
    "answers": [
      {
        "answer": "مِن أَشرفِ الأعضاءِ فِي الإنسانِ",
        "t": 0
      },
      {
        "answer": "بها يأخُذُ الإِنسانُ كِتابَه يومَ القِيامَة",
        "t": 0
      },
      {
        "answer": "آلةُ أكثَرِ العَمَلِ، وبها يُزاوَلُ أكثرُ الأعمالِ",
        "t": 1
      }
    ]
  },
  {
    "id": 3745,
    "q": "معنى قوله: {ثَانِيَ عِطْفِهِ} أي:",
    "level": 2,
    "link": "https://dorar.net/tafseer/22/4",
    "section": "al-hajj",
    "answers": [
      {
        "answer": "ثَنَى إزارَه الَّذي يَلبسُه",
        "t": 0
      },
      {
        "answer": "رافِعًا حاجِبَيْهِ تَعَجُّبًا",
        "t": 0
      },
      {
        "answer": "لاوِيًا عُنُقَه تَكَبُّرًا",
        "t": 1
      }
    ]
  },
  {
    "id": 3743,
    "q": "كانت بدايةُ خلقِ آدمَ عَليهِ السَّلامُ مِنْ: ",
    "level": 2,
    "link": "https://dorar.net/tafseer/22/3",
    "section": "al-hajj",
    "answers": [
      {
        "answer": "نُطْفَةٍ",
        "t": 0
      },
      {
        "answer": "تُرابٍ",
        "t": 1
      },
      {
        "answer": "طِينٍ",
        "t": 0
      }
    ]
  },
  {
    "id": 3752,
    "q": "المُرادُ من قَولِه تَعالَى: {وَلْيُوفُوا نُذُورَهُمْ}:",
    "level": 2,
    "link": "https://www.dorar.net/tafseer/22/10",
    "section": "al-hajj",
    "answers": [
      {
        "answer": "ولْيُوفِ الحُجَّاجُ بما أوجَبوهُ على أنفُسِهم في الحَجِّ",
        "t": 1
      },
      {
        "answer": "وليوفِ الحُجَّاجُ بما عَاهَدوا عليه آبَاءَهُمْ",
        "t": 0
      },
      {
        "answer": "وليوفِ الحُجَّاجُ بِما أوجب رَبُّهُم عَليهِم",
        "t": 0
      }
    ]
  },
  {
    "id": 3754,
    "q": "يُؤخَذُ من قَولِه تَعالَى: {وَأَذِّنْ فِي النَّاسِ بِالْحَجِّ يَأْتُوكَ رِجَالًا وَعَلَى كُلِّ ضَامِرٍ}:",
    "level": 2,
    "link": "https://www.dorar.net/tafseer/22/10",
    "section": "al-hajj",
    "answers": [
      {
        "answer": "أنَّ أَفضلَ الحَجِّ ما كان على الخَيلِ المُضمَّرةِ ",
        "t": 0
      },
      {
        "answer": "عدمُ صحَّة حجِّ الماشي",
        "t": 0
      },
      {
        "answer": "جوازُ المَشيِ والرُّكوبِ في الحَجِّ",
        "t": 1
      }
    ]
  },
  {
    "id": 3755,
    "q": "الفاء في قَولِه تَعالَى: {فَاجْتَنِبُوا}: ",
    "level": 2,
    "link": "https://www.dorar.net/tafseer/22/11",
    "section": "al-hajj",
    "answers": [
      {
        "answer": "للسَّببيَّة",
        "t": 0
      },
      {
        "answer": "لِلاسْتِئْنَافِ",
        "t": 0
      },
      {
        "answer": "للتَّفريعِ",
        "t": 1
      }
    ]
  },
  {
    "id": 3760,
    "q": "المُرادُ من قَولِه تَعالَى: {الْقَانِعَ}:",
    "level": 2,
    "link": "https://www.dorar.net/tafseer/22/13",
    "section": "al-hajj",
    "answers": [
      {
        "answer": "الفقيرُ الذي لا يسألُ النَّاسَ شيئًا",
        "t": 0
      },
      {
        "answer": "الجارُ الغنيُّ",
        "t": 0
      },
      {
        "answer": "السَّائِلُ الذي يَتعرَّضُ لِما في أيدِي النَّاسِ",
        "t": 1
      }
    ]
  },
  {
    "id": 3757,
    "q": "في قَولِه تَعالَى: {وَلِكُلِّ أُمَّةٍ جَعَلْنَا مَنْسَكًا لِيَذْكُرُوا اسْمَ اللَّهِ عَلَى مَا رَزَقَهُمْ مِنْ بَهِيمَةِ الْأَنْعَامِ فَإِلَهُكُمْ إِلَهٌ وَاحِدٌ فَلَهُ أَسْلِمُوا} دليلٌ عَلَى:",
    "level": 2,
    "link": "https://www.dorar.net/tafseer/22/12",
    "section": "al-hajj",
    "answers": [
      {
        "answer": "أنَّه لا يجوزُ في الأُضحِيَةِ إلا البَهائمِ فقط",
        "t": 0
      },
      {
        "answer": "أن ذِكرَ اللهِ عندَ ذَبحِ الأُضحِيَةِ شَرطٌ لا يَحِلُّ الذَّبحُ إلَّا به؛ ولا يَسقُط بالسَّهوِ",
        "t": 0
      },
      {
        "answer": "أنَّ ذَبْحَ الأُضحِيَّةِ وذِكْرَ اسمِ اللهِ عليها عِبادةٌ مَقصودةٌ بذاتِها، وأنَّها مِن توحيدِ اللهِ وتمامِ الاستِسلامِ له",
        "t": 1
      }
    ]
  },
  {
    "id": 3749,
    "q": "نَزَل قَولُه تَعالَى: {هَذَانِ خَصْمَانِ اخْتَصَمُوا فِي رَبِّهِمْ} في:",
    "level": 2,
    "link": "https://dorar.net/tafseer/22/8",
    "section": "al-hajj",
    "answers": [
      {
        "answer": "الذين تبارَزوا يومَ بَدرٍ",
        "t": 1
      },
      {
        "answer": "بِلالِ بن رَباحٍ رضي الله عنه، وأُمَيَّةَ بنِ خَلَفٍ",
        "t": 0
      },
      {
        "answer": "أَهلِ الأَحزابِ",
        "t": 0
      }
    ]
  },
  {
    "id": 3742,
    "q": "يُستفاد من قَولِه تَعالَى: {وَتَرَى النَّاسَ سُكَارَى وَمَا هُمْ بِسُكَارَى} أنَّ سَبَبَ السُّكرِ:",
    "level": 2,
    "link": "https://www.dorar.net/tafseer/22/1",
    "section": "al-hajj",
    "answers": [
      {
        "answer": "يكونُ منَ اللذَّة كما يكونُ مِن الخَمرِ",
        "t": 0
      },
      {
        "answer": "قد يكونُ مِن الأَلَم، كما يكونُ من اللَّذَّةِ",
        "t": 1
      },
      {
        "answer": "لا يكونُ إلَّا مِن الألمِ ",
        "t": 0
      }
    ]
  }
]