[
  {
    "id": 3733,
    "q": "معنى الحَميمِ في قَولِه تَعالَى: {يُصَبُّ مِنْ فَوْقِ رُءُوسِهِمُ الْحَمِيمُ}: ",
    "level": 1,
    "link": "https://dorar.net/tafseer/22/8",
    "section": "al-hajj",
    "answers": [
      {
        "answer": "الحَدِيدُ المُنصَهِر",
        "t": 0
      },
      {
        "answer": "النُّحاسُ المُذابُ",
        "t": 0
      },
      {
        "answer": "الماءُ الشَّديدُ الحَرارةِ",
        "t": 1
      }
    ]
  },
  {
    "id": 3737,
    "q": "في قَولِه تَعالَى: {وَيَذْكُرُوا اسْمَ اللَّهِ فِي أَيَّامٍ مَعْلُومَاتٍ} إشارةٌ إلى:",
    "level": 1,
    "link": "https://www.dorar.net/tafseer/22/10",
    "section": "al-hajj",
    "answers": [
      {
        "answer": "استحبابِ الذِّكْر في هذِه الأيَّامِ دون غيرِها",
        "t": 0
      },
      {
        "answer": "أنَّ العِلمَ مُفتاحُ الخَشيَة؛ لقوله: \"أَيَّامٍ مَعْلُومَاتٍ\"",
        "t": 0
      },
      {
        "answer": "أنَّ المرادَ به الإكثارُ؛ إذ مُطلَقُ الذِّكرِ مَندوبٌ إليه في كُلِّ وَقتٍ",
        "t": 1
      }
    ]
  },
  {
    "id": 3734,
    "q": "يُستفادُ من قَولِه تَعالَى: {وَمَنْ يُرِدْ فِيهِ بِإِلْحَادٍ بِظُلْمٍ نُذِقْهُ مِنْ عَذَابٍ أَلِيمٍ} أنَّ: ",
    "level": 1,
    "link": "https://dorar.net/tafseer/22/9",
    "section": "al-hajj",
    "answers": [
      {
        "answer": "الأعمالَ بالنيَّاتِ، والأُمورَ بمقاصدِها",
        "t": 1
      },
      {
        "answer": "الأعمالَ بالخواتيمِ، والأمورَ بنهايتِها",
        "t": 0
      },
      {
        "answer": "الأعمالَ وإن كانت صَغيرةً فحِسابُها عَسيرٌ",
        "t": 0
      }
    ]
  },
  {
    "id": 3729,
    "q": "مَعنَى قَولِه تَعالَى: {انْقَلَبَ عَلَى وَجْهِهِ}: ",
    "level": 1,
    "link": "https://dorar.net/tafseer/22/5",
    "section": "al-hajj",
    "answers": [
      {
        "answer": "تحوَّل إلى الجهةِ الأُخرى",
        "t": 0
      },
      {
        "answer": "سَقَطَ عَلى وجهِه ",
        "t": 0
      },
      {
        "answer": "ارتَدَّ ورجَعَ عن دينِه إلى الكُفرِ",
        "t": 1
      }
    ]
  },
  {
    "id": 3730,
    "q": "يُستفاد من قَولِه تَعالَى: {وَمِنَ النَّاسِ مَنْ يَعْبُدُ اللَّهَ عَلَى حَرْفٍ فَإِنْ أَصَابَهُ خَيْرٌ اطْمَأَنَّ بِهِ وَإِنْ أَصَابَتْهُ فِتْنَةٌ انْقَلَبَ عَلَى وَجْهِهِ} أن الرَّاسِخَ في إيمانِه:",
    "level": 1,
    "link": "https://dorar.net/tafseer/22/5",
    "section": "al-hajj",
    "answers": [
      {
        "answer": "لا يَشْعُرُ بما أصابهُ مِن سرَّاءَ أو ضرَّاء",
        "t": 0
      },
      {
        "answer": "إن أصابَتْه سَرَّاءُ أو ضَرَّاءُ شَكَرَ",
        "t": 0
      },
      {
        "answer": "إن أصابَتْه سَرَّاءُ شكَر، وإنْ أصابَتْه ضَرَّاءُ حَمِدَ وصَبَر",
        "t": 1
      }
    ]
  },
  {
    "id": 3721,
    "q": "كم سَجدةً في سورةِ الحجِّ؟",
    "level": 1,
    "link": "https://www.dorar.net/tafseer/22",
    "section": "al-hajj",
    "answers": [
      {
        "answer": "سَجدتانِ",
        "t": 1
      },
      {
        "answer": "ثَلاثُ سَجدات",
        "t": 0
      },
      {
        "answer": "سَجدةٌ واحِدةٌ",
        "t": 0
      }
    ]
  },
  {
    "id": 3740,
    "q": "وَصَف اللهُ تَعالَى عبادَه المُخبتين بالخوفِ والوجَلِ عند ذكره في قَولِه تَعالَى: {الَّذِينَ إِذَا ذُكِرَ اللَّهُ وَجِلَتْ قُلُوبُهُمْ} للدَّلالةِ على:",
    "level": 1,
    "link": "https://www.dorar.net/tafseer/22/12",
    "section": "al-hajj",
    "answers": [
      {
        "answer": "استِعدَادِهم للحَياةِ الآخِرَة",
        "t": 0
      },
      {
        "answer": "قُوَّةِ يَقينِهم، ومُراعاتِهم لرَبِّهم، وكأنَّهم بينَ يَدَيه",
        "t": 1
      },
      {
        "answer": "أنَّ الخَوفَ والوَجَلَ ممَّا يُصلِح القُلوبَ ويُداوِي أَمراضَها",
        "t": 0
      }
    ]
  },
  {
    "id": 3736,
    "q": "ينبغي للإنسانِ أنْ يَستَحضِرَ أنَّه في مجيئِه إلى مكَّةَ وإحرامِه، أنَّه إنما يفعَلُ ذلك: ",
    "level": 1,
    "link": "https://www.dorar.net/tafseer/22/10",
    "section": "al-hajj",
    "answers": [
      {
        "answer": "هِجرَةً مِن بَلدِه إلى الله",
        "t": 0
      },
      {
        "answer": "رَغبةً في الحجِّ",
        "t": 0
      },
      {
        "answer": "تلبيةً لدُعاءِ الله",
        "t": 1
      }
    ]
  },
  {
    "id": 3728,
    "q": "في قَولِه تَعالَى: {وَمِنَ النَّاسِ مَنْ يَعْبُدُ اللهَ عَلَى حَرْفٍ} معنى {عَلَى حَرْفٍ}:",
    "level": 1,
    "link": "https://dorar.net/tafseer/22/5",
    "section": "al-hajj",
    "answers": [
      {
        "answer": "على شَكٍّ",
        "t": 1
      },
      {
        "answer": "على استِحيَاءٍ",
        "t": 0
      },
      {
        "answer": "على خَوفٍ ووَجَلٍ",
        "t": 0
      }
    ]
  },
  {
    "id": 3723,
    "q": "أمَر اللهُ عزَّ وجلَّ النَّاسَ أن يتَّقوهُ، ومِن أهمِّ مظاهرِ التَّقوى:",
    "level": 1,
    "link": "https://www.dorar.net/tafseer/22/1",
    "section": "al-hajj",
    "answers": [
      {
        "answer": "القَناعَةُ عمَّا في أَيدِي الناسِ",
        "t": 0
      },
      {
        "answer": "تركُ الشِّركِ والفُسوقِ والعصيانِ",
        "t": 1
      },
      {
        "answer": "الزُّهدُ في المُباحاتِ",
        "t": 0
      }
    ]
  },
  {
    "id": 3724,
    "q": "مِن أسماءِ نارِ جَهنَّمَ",
    "level": 1,
    "link": "https://www.dorar.net/tafseer/22/2",
    "section": "al-hajj",
    "answers": [
      {
        "answer": "السَّعير",
        "t": 1
      },
      {
        "answer": "السُّعُور",
        "t": 0
      },
      {
        "answer": "السَّوداءُ",
        "t": 0
      }
    ]
  },
  {
    "id": 3731,
    "q": "إذا كانت كُلُّ أُمَّةٍ تَدَّعي أنَّها على الحَقِّ وغَيرَها على الباطِلِ، وتجادِلُ في ذلك فإنَّ الفصْلَ بينهم: ",
    "level": 1,
    "link": "https://dorar.net/tafseer/22/6",
    "section": "al-hajj",
    "answers": [
      {
        "answer": "بما في القُرآنِ مِن حُجَجٍ دامِغَةٍ",
        "t": 0
      },
      {
        "answer": "المباهلة",
        "t": 0
      },
      {
        "answer": "يومَ القيامةِ إذ لم تُفِدْهمُ الحُجَجُ في الدُّنيا",
        "t": 1
      }
    ]
  },
  {
    "id": 3725,
    "q": "جِدَال المُسْلِم مَعَ غيرِه مِن أهلِ البِدَع والمُشْرِكين في اللهِ:",
    "level": 1,
    "link": "https://www.dorar.net/tafseer/22/2",
    "section": "al-hajj",
    "answers": [
      {
        "answer": "يَجُوز ولكنَّه مَكرُوه",
        "t": 0
      },
      {
        "answer": "لا يَجوزُ مُطلَقًا",
        "t": 0
      },
      {
        "answer": "جائزٌ إذا كان بعِلمٍ",
        "t": 1
      }
    ]
  },
  {
    "id": 3738,
    "q": "ما مَعنَى \"شَعَائِر\":",
    "level": 1,
    "link": "https://www.dorar.net/tafseer/22/11",
    "section": "al-hajj",
    "answers": [
      {
        "answer": "أُصُولُ الدِّينِ وأَركانُه",
        "t": 0
      },
      {
        "answer": "ما جعَله اللهُ تعالى عَلَمًا لطاعتِه",
        "t": 1
      },
      {
        "answer": "جمْعُ شَعيرَةٍ؛ والمرادُ بها الصَّلواتُ الخَمسِ",
        "t": 0
      }
    ]
  },
  {
    "id": 3739,
    "q": "المُرادُ من قَولِه تَعالَى: {وَجِلَتْ قُلُوبُهُمْ}:",
    "level": 1,
    "link": "https://www.dorar.net/tafseer/22/12",
    "section": "al-hajj",
    "answers": [
      {
        "answer": "خَافَتْ",
        "t": 1
      },
      {
        "answer": "صَقَلَتْ",
        "t": 0
      },
      {
        "answer": "فَرِحَت",
        "t": 0
      }
    ]
  },
  {
    "id": 3726,
    "q": "مَعنَى أرذلِ العُمُر:",
    "level": 1,
    "link": "https://dorar.net/tafseer/22/3",
    "section": "al-hajj",
    "answers": [
      {
        "answer": "أَرْدَأُ العُمُر",
        "t": 1
      },
      {
        "answer": "آخِرُ العُمُر",
        "t": 0
      },
      {
        "answer": "أَنفَعُ العُمُر",
        "t": 0
      }
    ]
  },
  {
    "id": 3732,
    "q": "إذا غَرَبتِ الشَّمسُ فإنها:",
    "level": 1,
    "link": "https://dorar.net/tafseer/22/7",
    "section": "al-hajj",
    "answers": [
      {
        "answer": "تَشتَكِي إلى رَبِّها ممَّن سَجدُوا لها مِن دُونِ الله",
        "t": 0
      },
      {
        "answer": "تذهَبُ حتى تسجُدَ تحتَ العَرشِ",
        "t": 1
      },
      {
        "answer": "تَذهَبُ للبَيتِ المَعمُورِ فتَطوفُ بِه",
        "t": 0
      }
    ]
  },
  {
    "id": 3735,
    "q": "في قَولِه تَعالَى: {وَعَلَى كُلِّ ضَامِرٍ} الضَّامِرُ هُوَ:",
    "level": 1,
    "link": "https://dorar.net/tafseer/22/10",
    "section": "al-hajj",
    "answers": [
      {
        "answer": "السَّحابُ الذي يَحمِلُ المَطَرَ",
        "t": 0
      },
      {
        "answer": "كُلُّ ما أُضْمِرَ في النَّفْسِ",
        "t": 0
      },
      {
        "answer": "البَعيرُ المهزولُ الَّذي أتْعَبه السَّفرُ",
        "t": 1
      }
    ]
  },
  {
    "id": 3727,
    "q": "المقصود من قوله تعالى: {ثَانِيَ عِطْفِهِ}:",
    "level": 1,
    "link": "https://dorar.net/tafseer/22/4",
    "section": "al-hajj",
    "answers": [
      {
        "answer": "الفَخرُ",
        "t": 0
      },
      {
        "answer": "الرِّياءُ",
        "t": 0
      },
      {
        "answer": "التَّكَبُّر",
        "t": 1
      }
    ]
  },
  {
    "id": 3722,
    "q": "كان رَسولُ اللهِ ﷺ يَرْجُو أَنْ يكونَ المُسلمُونَ",
    "level": 1,
    "link": "https://www.dorar.net/tafseer/22/1",
    "section": "al-hajj",
    "answers": [
      {
        "answer": "رُبعَ أهلِ الجنَّةِ",
        "t": 0
      },
      {
        "answer": "ثُمنَ أهلِ الجنَّةِ",
        "t": 0
      },
      {
        "answer": "نِصفَ أهلِ الجنَّةِ",
        "t": 1
      }
    ]
  }
]