[
  {
    "id": 736,
    "q": "قَوله تَعالَى: {وَالْمَلَائِكَةُ يَدْخُلُونَ عَلَيْهِمْ مِنْ كُلِّ بَابٍ * سَلَامٌ عَلَيْكُمْ بِمَا صَبَرْتُمْ}، إشارةٌ إلى أنَّ مِنَ المَلائِكة مَلائِكةً:",
    "level": 1,
    "link": "https://dorar.net/tafseer/13/6",
    "section": "ar-rad",
    "answers": [
      {
        "answer": "يُوالونَ أهلَ الجَنَّة",
        "t": 0
      },
      {
        "answer": "مُوكَّلينَ بتَحيةِ أهلِ الجَنَّة",
        "t": 1
      },
      {
        "answer": "سَيَّاحونَ في الجَنَّة",
        "t": 0
      }
    ]
  },
  {
    "id": 731,
    "q": "مَعنَى (يَدْرَؤُون) في قوله: {وَيَدْرَؤُونَ بِالْحَسَنَةِ السَّيِّئَةَ}:",
    "level": 1,
    "link": "https://dorar.net/tafseer/13/6",
    "section": "ar-rad",
    "answers": [
      {
        "answer": "يَعمَلُون",
        "t": 0
      },
      {
        "answer": "يَدفَعونَ",
        "t": 1
      },
      {
        "answer": "يُرسِلونَ",
        "t": 0
      }
    ]
  },
  {
    "id": 721,
    "q": "معنى قَولِه تَعالَى: {وَهُوَ الَّذِي مَدَّ الْأَرْضَ}:",
    "level": 1,
    "link": "https://dorar.net/tafseer/13/1",
    "section": "ar-rad",
    "answers": [
      {
        "answer": "واللَّه هو الَّذي بَسَطَ لَكم الأرضَ طُولًا وعَرضًا، فَخَلَقَها مُتَّسِعة الأرجاء؛ لِتَنتَفِعوا بها",
        "t": 1
      },
      {
        "answer": "واللَّه هو الَّذي جَعَلَ في الأرضِ سماءً مَمدُودَةً",
        "t": 0
      },
      {
        "answer": "واللَّه هو الَّذي خَلَقَ الأرضَ",
        "t": 0
      }
    ]
  },
  {
    "id": 733,
    "q": "مَعنَى {عُقْبَى الدَّارِ}:",
    "level": 1,
    "link": "https://dorar.net/tafseer/13/6",
    "section": "ar-rad",
    "answers": [
      {
        "answer": "النَّصر",
        "t": 0
      },
      {
        "answer": "الجَنَّة",
        "t": 1
      },
      {
        "answer": "الشَّهادة",
        "t": 0
      }
    ]
  },
  {
    "id": 722,
    "q": "في قَولِه تَعالَى: {وَإِنْ تَعْجَبْ فَعَجَبٌ قَوْلُهُمْ أَإِذَا كُنَّا تُرَابًا أَإِنَّا لَفِي خَلْقٍ جَدِيدٍ أُولَئِكَ الَّذِينَ كَفَرُوا بِرَبِّهِمْ}، دِلالةٌ على:",
    "level": 1,
    "link": "https://dorar.net/tafseer/13/2",
    "section": "ar-rad",
    "answers": [
      {
        "answer": "أنَّهم لا يَعقِلونَ؛ فَإنَّ الَّذي بَدَأهم -وهو اللَّه تعالى- قادِرٌ على إعادَتِهِم",
        "t": 0
      },
      {
        "answer": "أنَّ مَن أنكَرَ المَعاد، فَإنَّه كافِرٌ برَبِّ العالَمينَ، وإنْ زَعَمَ أنَّه مُقِرٌّ بهِ",
        "t": 1
      },
      {
        "answer": "أنَّ اللَّهَ عَزَّ وجَلَّ أقامَ عَلَيهمُ الحُجَّة؛ فَلا عُذرَ لَهم في الآخِرة",
        "t": 0
      }
    ]
  },
  {
    "id": 734,
    "q": "قَول اللَّه تَعالَى: {سَلَامٌ عَلَيْكُمْ بِمَا صَبَرْتُمْ}، فيه إشارةٌ إلى أنَّ عِمادَ الدِّينِ كُلِّه هو:",
    "level": 1,
    "link": "https://dorar.net/tafseer/13/6",
    "section": "ar-rad",
    "answers": [
      {
        "answer": "الصَّبر",
        "t": 1
      },
      {
        "answer": "السَّلام",
        "t": 0
      },
      {
        "answer": "القُرآن",
        "t": 0
      }
    ]
  },
  {
    "id": 730,
    "q": "مَعنَى (الألباب):",
    "level": 1,
    "link": "https://dorar.net/tafseer/13/6",
    "section": "ar-rad",
    "answers": [
      {
        "answer": "القُلوب",
        "t": 0
      },
      {
        "answer": "العُقول الذَّكية",
        "t": 1
      },
      {
        "answer": "الأجسادِ",
        "t": 0
      }
    ]
  },
  {
    "id": 735,
    "q": "قَوله تَعالَى: {وَالَّذِينَ صَبَرُوا ابْتِغَاءَ وَجْهِ رَبِّهِمْ}، فيه إثبات صِفة:",
    "level": 1,
    "link": "https://dorar.net/tafseer/13/6",
    "section": "ar-rad",
    "answers": [
      {
        "answer": "الوَجْه لِلَّه عَزَّ وجَلَّ",
        "t": 1
      },
      {
        "answer": "العَين لِلَّه عَزَّ وجَلَّ",
        "t": 0
      },
      {
        "answer": "اليَدِ لِلَّه عَزَّ وجَلَّ",
        "t": 0
      }
    ]
  },
  {
    "id": 740,
    "q": "قَوله تَعالَى: {وَيَقُولُ الَّذِينَ كَفَرُوا لَوْلَا أُنْزِلَ عَلَيْهِ آيَةٌ مِنْ رَبِّهِ}، يَعنونَ بذلك:",
    "level": 1,
    "link": "https://dorar.net/tafseer/13/7",
    "section": "ar-rad",
    "answers": [
      {
        "answer": "نوحًا عليه السَّلامُ",
        "t": 0
      },
      {
        "answer": "مُحَمَّدًا ﷺ",
        "t": 1
      },
      {
        "answer": "إبراهيمَ عليه السَّلامُ",
        "t": 0
      }
    ]
  },
  {
    "id": 739,
    "q": "قالَ رَسولُ اللَّه ﷺ: الدُّنيا مَتاع، وخَير مَتاع الدُّنيا:",
    "level": 1,
    "link": "https://dorar.net/tafseer/13/7",
    "section": "ar-rad",
    "answers": [
      {
        "answer": "المَرأة الصَّالِحة",
        "t": 1
      },
      {
        "answer": "الطَّعام الطَّيِّب",
        "t": 0
      },
      {
        "answer": "المَسكَن الواسِع",
        "t": 0
      }
    ]
  },
  {
    "id": 728,
    "q": "قَوله تَعالَى: {وَمَا دُعَاءُ الْكَافِرِينَ إِلَّا فِي ضَلَالٍ}، أي:",
    "level": 1,
    "link": "https://dorar.net/tafseer/13/4#tt7",
    "section": "ar-rad",
    "answers": [
      {
        "answer": "ودُعاء الكافِرينَ لِآلِهَتِهم يَعلَمونَ أنَّه لا يَنفَعُهم",
        "t": 0
      },
      {
        "answer": "وَما دُعاء الكافِرينَ لِآلِهَتِهم إلَّا في ضَياع وخَسار",
        "t": 1
      },
      {
        "answer": "وَما دُعاء الكافِرينَ لِآلِهَتِهم إلَّا بالضَّلالِ",
        "t": 0
      }
    ]
  },
  {
    "id": 725,
    "q": "قَوله تَعالَى: {يَحْفَظُونَهُ مِنْ أَمْرِ اللَّهِ}، أي:",
    "level": 1,
    "link": "https://dorar.net/tafseer/13/3",
    "section": "ar-rad",
    "answers": [
      {
        "answer": "لِلعَبدِ مَلائِكة يَحفَظونَه ويَحرُسونَه بأمْرِ اللَّه تعالى وإذْنِه",
        "t": 1
      },
      {
        "answer": "الأعمال الصَّالِحة سَبَب لِحِفظِ العَبدِ مِنَ السُّوءِ",
        "t": 0
      },
      {
        "answer": "المَلائِكة يَحفَظونَ النَّبيَّ ﷺ بأمْر اللَّه تعالى",
        "t": 0
      }
    ]
  },
  {
    "id": 729,
    "q": "تَنكير (شَيء) في قَولِهِ تَعالَى: {وَالَّذِينَ يَدْعُونَ مِنْ دُونِهِ لَا يَسْتَجِيبُونَ لَهُمْ بِشَيْءٍ}:",
    "level": 1,
    "link": "https://dorar.net/tafseer/13/4#tt7",
    "section": "ar-rad",
    "answers": [
      {
        "answer": "لِلتَّأكيدِ",
        "t": 0
      },
      {
        "answer": "لِلتَّحقيرِ",
        "t": 1
      },
      {
        "answer": "لِلتَّعميمِ",
        "t": 0
      }
    ]
  },
  {
    "id": 726,
    "q": "الصَّواعِق: جَمْعُ صاعِقة، وهي:",
    "level": 1,
    "link": "https://dorar.net/tafseer/13/4",
    "section": "ar-rad",
    "answers": [
      {
        "answer": "النَّار الَّتي تَنزِلُ مِنَ السَّماءِ عِندَ اشتِدادِ الرَّعدِ",
        "t": 1
      },
      {
        "answer": "صَوتُ الرَّعدِ عند تَضارُب السُّحُبِ بَعضِها ببَعضٍ",
        "t": 0
      },
      {
        "answer": "الرِّيحُ الشَّديدةُ التي تَختلِعُ الأشجارَ مِن جُذورِها",
        "t": 0
      }
    ]
  },
  {
    "id": 727,
    "q": "في الحَديثِ: (يا أبا القاسِم، إنَّا نَسألُك عَن خَمسة أشياءَ، فَإن أنبَأتَنا بهِنَّ، عَرَفنا أنَّك نَبيٌّ واتَّبَعناكَ...) من القائِل:",
    "level": 1,
    "link": "https://dorar.net/tafseer/13/4#tt7",
    "section": "ar-rad",
    "answers": [
      {
        "answer": "كُفَّار قُرَيش",
        "t": 0
      },
      {
        "answer": "اليَهود",
        "t": 1
      },
      {
        "answer": "النَّصارَى",
        "t": 0
      }
    ]
  },
  {
    "id": 723,
    "q": "في قَولِه تَعالَى: {أَإِذَا كُنَّا تُرَابًا أَإِنَّا لَفِي خَلْقٍ جَدِيدٍ}، هذا لا يَقولُه إلَّا:",
    "level": 1,
    "link": "https://dorar.net/tafseer/13/2#tt7",
    "section": "ar-rad",
    "answers": [
      {
        "answer": "كافِر باللَّهِ",
        "t": 1
      },
      {
        "answer": "فاسِق",
        "t": 0
      },
      {
        "answer": "جاهِل",
        "t": 0
      }
    ]
  },
  {
    "id": 724,
    "q": "قالَ رَسولُ اللَّه ﷺ: إنَّ أحَدَكم يُجمَعُ في بَطنِ أُمِّه:",
    "level": 1,
    "link": "https://dorar.net/tafseer/13/3",
    "section": "ar-rad",
    "answers": [
      {
        "answer": "خَمسينَ يَومًا",
        "t": 0
      },
      {
        "answer": "ثَلاثينَ يَومًا",
        "t": 0
      },
      {
        "answer": "أربَعينَ يَومًا",
        "t": 1
      }
    ]
  },
  {
    "id": 732,
    "q": "مَعنَى {عَدْنٍ} في قوله: {جَنَّاتُ عَدْنٍ يَدْخُلُونَهَا}:",
    "level": 1,
    "link": "https://dorar.net/tafseer/13/6",
    "section": "ar-rad",
    "answers": [
      {
        "answer": "دائِمة النِّعَم",
        "t": 0
      },
      {
        "answer": "مُترَفَة",
        "t": 0
      },
      {
        "answer": "إقامة واستِقرار",
        "t": 1
      }
    ]
  },
  {
    "id": 738,
    "q": "قالَ رَسول اللَّه ﷺ: واللَّه ما الدُّنيا في الآخِرة إلَّا مِثلَما يَجعَلُ أحَدُكم إصبَعَه هذه في:",
    "level": 1,
    "link": "https://dorar.net/tafseer/13/7",
    "section": "ar-rad",
    "answers": [
      {
        "answer": "الماء",
        "t": 0
      },
      {
        "answer": "اليَمِّ",
        "t": 1
      },
      {
        "answer": "النَّهر",
        "t": 0
      }
    ]
  },
  {
    "id": 737,
    "q": "مَعنَى {يَبْسُطُ} في قوله: {اللَّهُ يَبْسُطُ الرِّزْقَ لِمَنْ يَشَاءُ}:",
    "level": 1,
    "link": "https://dorar.net/tafseer/13/7",
    "section": "ar-rad",
    "answers": [
      {
        "answer": "يُوسِّعُ",
        "t": 1
      },
      {
        "answer": "يَنشُرُ",
        "t": 0
      },
      {
        "answer": "يُعطي",
        "t": 0
      }
    ]
  }
]