[
  {
    "id": 775,
    "q": "قَوله تَعالَى: {أُولَئِكَ لَهُمُ اللَّعْنَةُ وَلَهُمْ سُوءُ الدَّارِ}، فيه تَكرار (لَهم)؛ وذلك:",
    "level": 3,
    "link": "https://dorar.net/tafseer/13/7",
    "section": "ar-rad",
    "answers": [
      {
        "answer": "لِلتَّأكيدِ",
        "t": 1
      },
      {
        "answer": "لِلتَّعريفِ",
        "t": 0
      },
      {
        "answer": "لِلتَّحذيرِ",
        "t": 0
      }
    ]
  },
  {
    "id": 776,
    "q": "قَوله تَعالَى: {وَمِنَ الْأَحْزَابِ مَنْ يُنْكِرُ بَعْضَهُ} المَقصُود بالأحزابِ:",
    "level": 3,
    "link": "https://dorar.net/tafseer/13/11",
    "section": "ar-rad",
    "answers": [
      {
        "answer": "وَفْد نَجْران",
        "t": 0
      },
      {
        "answer": "المَجُوس والذين أَشرَكُو",
        "t": 0
      },
      {
        "answer": "أهلُ المِلَل والأديان المُتَحَزِّبونَ عَلى النبيِّ ﷺ",
        "t": 1
      }
    ]
  },
  {
    "id": 772,
    "q": "قَوله تَعالَى: {الَّذِينَ يُوفُونَ بِعَهْدِ اللَّهِ وَلَا يَنْقُضُونَ الْمِيثَاقَ}، جُملة {وَلَا يَنْقُضُونَ الْمِيثَاقَ}:",
    "level": 3,
    "link": "https://dorar.net/tafseer/13/6",
    "section": "ar-rad",
    "answers": [
      {
        "answer": "وَصفيَّة",
        "t": 0
      },
      {
        "answer": "تَوكيديَّة",
        "t": 1
      },
      {
        "answer": "تخصيصيَّة",
        "t": 0
      }
    ]
  },
  {
    "id": 774,
    "q": "قَوله تَعالَى: {فَنِعْمَ عُقْبَى الدَّارِ}. التَّقدير:",
    "level": 3,
    "link": "https://dorar.net/tafseer/13/6",
    "section": "ar-rad",
    "answers": [
      {
        "answer": "فَنِعْمَ عُقبَى دارِكم في دارُكم الدنيا",
        "t": 0
      },
      {
        "answer": "فَنِعْمَ عُقبَى الدَّارِ لَكم",
        "t": 0
      },
      {
        "answer": "فَنِعْمَ عُقبَى الدَّارِ دار عُقباكم",
        "t": 1
      }
    ]
  },
  {
    "id": 773,
    "q": "قَوله تَعالَى: {وَيَدْرَءُونَ بِالْحَسَنَةِ السَّيِّئَةَ}، فيه تَقديم المَجرور (بالحَسَنة) على المَنصوبِ (السَّيِّئة)؛ وذلك:",
    "level": 3,
    "link": "https://dorar.net/tafseer/13/6",
    "section": "ar-rad",
    "answers": [
      {
        "answer": "لِأنَّها المُطالَبُ بها هُنا أوَّلًا",
        "t": 0
      },
      {
        "answer": "لرِعايَة الرُّتبَة",
        "t": 0
      },
      {
        "answer": "لِإظهار كَمال العِناية بالحَسَنة",
        "t": 1
      }
    ]
  },
  {
    "id": 769,
    "q": "قَوله تَعالَى: {وَهُمْ يُجَادِلُونَ فِي اللَّهِ} فيه:",
    "level": 3,
    "link": "https://dorar.net/tafseer/13/4#tt7",
    "section": "ar-rad",
    "answers": [
      {
        "answer": "التِفاتٌ من الخِطابِ إلى الغَيبة",
        "t": 1
      },
      {
        "answer": "التأكيدُ بالحَصرِ الإلزامِي",
        "t": 0
      },
      {
        "answer": "استِئنافٌ لتَشنِيعِ الخِطاب",
        "t": 0
      }
    ]
  },
  {
    "id": 766,
    "q": "قَوله تَعالَى: {إِنَّ اللَّهَ لَا يُغَيِّرُ مَا بِقَوْمٍ حَتَّى يُغَيِّرُوا مَا بِأَنْفُسِهِمْ} في كَلمةِ (ما):",
    "level": 3,
    "link": "https://dorar.net/tafseer/13/3",
    "section": "ar-rad",
    "answers": [
      {
        "answer": "تَخصِيص",
        "t": 0
      },
      {
        "answer": "إِبهام",
        "t": 1
      },
      {
        "answer": "عُموم",
        "t": 0
      }
    ]
  },
  {
    "id": 765,
    "q": "مَعنَى {تَغِيضُ} في قوله: {وَمَا تَغِيضُ الْأَرْحَامُ}:",
    "level": 3,
    "link": "https://dorar.net/tafseer/13/3",
    "section": "ar-rad",
    "answers": [
      {
        "answer": "تَنقُصُ",
        "t": 1
      },
      {
        "answer": "تَحمِلُ",
        "t": 0
      },
      {
        "answer": "تَزيدُ",
        "t": 0
      }
    ]
  },
  {
    "id": 767,
    "q": "قَوله تَعالَى: {هُوَ الَّذِي يُرِيكُمُ الْبَرْقَ خَوْفًا وَطَمَعًا} أي:",
    "level": 3,
    "link": "https://dorar.net/tafseer/13/4#tt7",
    "section": "ar-rad",
    "answers": [
      {
        "answer": "اللَّه يَجعَلُكم تَرَوْنَ البَرقَ لِتَعلَموا قُدرَتَه فَتوحِّدوه",
        "t": 0
      },
      {
        "answer": "اللَّه هو الَّذي يُريكم البَرق ليُخَوِّفكم مِنه سُبحانَه ويُطمِعَكُم في رَحمتِه",
        "t": 0
      },
      {
        "answer": "اللَّه هو الَّذي يُريكم البَرق خَوفًا مِنَ الصَّواعِقِ، وطَمَعًا في الِانتِفاعِ بالمَطَرِ",
        "t": 1
      }
    ]
  },
  {
    "id": 777,
    "q": "قَوله تَعالَى: {إِلَيْهِ أَدْعُو} فيه تَقديم الجارِّ والمَجرور:",
    "level": 3,
    "link": "https://dorar.net/tafseer/13/11",
    "section": "ar-rad",
    "answers": [
      {
        "answer": "للتأكيدِ",
        "t": 0
      },
      {
        "answer": "لِلعُمومِ",
        "t": 0
      },
      {
        "answer": "لِلتَّخصيصِ",
        "t": 1
      }
    ]
  },
  {
    "id": 763,
    "q": "قَوله تَعالَى: {وَيَقُولُ الَّذِينَ كَفَرُوا لَوْلَا أُنْزِلَ عَلَيْهِ آيَةٌ مِنْ رَبِّهِ}، المَقصُود هُم:",
    "level": 3,
    "link": "https://dorar.net/tafseer/13/2",
    "section": "ar-rad",
    "answers": [
      {
        "answer": "النَّصارى",
        "t": 0
      },
      {
        "answer": "اليهودُ",
        "t": 0
      },
      {
        "answer": "مُشرِكُو قُريشٍ",
        "t": 1
      }
    ]
  },
  {
    "id": 770,
    "q": "عُطِفَ قَولُه تَعالَى: {وَمَا دُعَاءُ الْكَافِرِينَ إِلَّا فِي ضَلَالٍ} على جُملة {وَالَّذِينَ يَدْعُونَ مِنْ دُونِهِ لَا يَسْتَجِيبُونَ لَهُمْ بِشَيْءٍ}؛ وذلك:",
    "level": 3,
    "link": "https://dorar.net/tafseer/13/4#tt7",
    "section": "ar-rad",
    "answers": [
      {
        "answer": "لإِظهارِ التَّمادِي في حالةِ الغَفلَة",
        "t": 0
      },
      {
        "answer": "لِاستيعابِ حالِ المَدعُوِّ وحالِ الدَّاعي",
        "t": 1
      },
      {
        "answer": "للدلالةِ على الاستِمرارِ والتَّجدُّد",
        "t": 0
      }
    ]
  },
  {
    "id": 780,
    "q": "قَوله تَعالَى: {إِلَّا بِإِذْنِ اللَّهِ} فيه",
    "level": 3,
    "link": "https://dorar.net/tafseer/13/12",
    "section": "ar-rad",
    "answers": [
      {
        "answer": "تَخصِيص",
        "t": 0
      },
      {
        "answer": "طَيٌّ ونَشْر",
        "t": 0
      },
      {
        "answer": "التِفات",
        "t": 1
      }
    ]
  },
  {
    "id": 762,
    "q": "في قَوله تَعالَى: {وَيَسْتَعْجِلُونَكَ بِالسَّيِّئَةِ قَبْلَ الْحَسَنَةِ}، دليلٌ على:",
    "level": 3,
    "link": "https://dorar.net/tafseer/13/2",
    "section": "ar-rad",
    "answers": [
      {
        "answer": "شِدَّة كُفرِ مُشرِكي قُريشٍ وتَكذيبِهم وعِنادِهِم",
        "t": 1
      },
      {
        "answer": "أنَّ السَّيِّئَة إذا تَبِعتَها الحَسنةُ مَحَتْهَا",
        "t": 0
      },
      {
        "answer": "أنَّ الإنسانَ خُلِقَ مِن عَجَلٍ فهو دائمُ العَجَلَة",
        "t": 0
      }
    ]
  },
  {
    "id": 771,
    "q": "قَوله تَعالَى: {إِنَّمَا يَتَذَكَّرُ أُولُو الْأَلْبَابِ} فيه قَصْر بـ (إنَّما)، وهو قَصْر:",
    "level": 3,
    "link": "https://dorar.net/tafseer/13/6",
    "section": "ar-rad",
    "answers": [
      {
        "answer": "إضافيٌّ",
        "t": 1
      },
      {
        "answer": "حَقيقيٌّ",
        "t": 0
      },
      {
        "answer": "تَأكيديٌّ",
        "t": 0
      }
    ]
  },
  {
    "id": 779,
    "q": "قَوله تَعالَى: {وَمَا كَانَ لِرَسُولٍ أَنْ يَأْتِيَ بِآيَةٍ إِلَّا بِإِذْنِ اللَّهِ} تَركيب (ما كانَ) يَدُلُّ على:",
    "level": 3,
    "link": "https://dorar.net/tafseer/13/12",
    "section": "ar-rad",
    "answers": [
      {
        "answer": "التَّهويلِ التَّفخِيمي",
        "t": 0
      },
      {
        "answer": "الحَصرِ والقَصرِ",
        "t": 0
      },
      {
        "answer": "المُبالَغة في النَّفيِ",
        "t": 1
      }
    ]
  },
  {
    "id": 764,
    "q": "قَوله تَعالَى: {وَإِنْ تَعْجَبْ فَعَجَبٌ قَوْلُهُمْ أَإِذَا كُنَّا تُرَابًا} صِيغ بصِيغَة:",
    "level": 3,
    "link": "https://dorar.net/tafseer/13/2#tt7",
    "section": "ar-rad",
    "answers": [
      {
        "answer": "التَّحضِيض",
        "t": 0
      },
      {
        "answer": "التَّعَجُّب",
        "t": 1
      },
      {
        "answer": "القَصْر",
        "t": 0
      }
    ]
  },
  {
    "id": 768,
    "q": "قالَ رَسولُ اللَّه ﷺ: إنَّ اللَّهَ يُنشِئُ السَّحابَ، فَيَنطِقُ أحسَنَ المَنطِقِ،",
    "level": 3,
    "link": "https://dorar.net/tafseer/13/4#tt7",
    "section": "ar-rad",
    "answers": [
      {
        "answer": "وَيَضحَكُ أحسَنَ الضَّحِكِ",
        "t": 1
      },
      {
        "answer": "وَيَضرِبُ بَعضَه ببَعضٍ",
        "t": 0
      },
      {
        "answer": "وَيُحَدِّثُ الرَّعد",
        "t": 0
      }
    ]
  },
  {
    "id": 778,
    "q": "في قَولِه تَعالَى: {مَا لَكَ مِنَ اللَّهِ مِنْ وَلِيٍّ وَلَا وَاقٍ}، أدخَلَ على المَعطوفِ حَرف النَّفيِ (لا):",
    "level": 3,
    "link": "https://dorar.net/tafseer/13/11",
    "section": "ar-rad",
    "answers": [
      {
        "answer": "لِلتَّأكيدِ",
        "t": 1
      },
      {
        "answer": "لِلتَّمييزِ",
        "t": 0
      },
      {
        "answer": "لِلتَّخصيصِ",
        "t": 0
      }
    ]
  },
  {
    "id": 761,
    "q": "قَولُه تَعالَى: {اللَّهُ الَّذِي رَفَعَ السَّمَوَاتِ بِغَيْرِ عَمَدٍ تَرَوْنَهَا}، إعراب (تَرَوْنَها):",
    "level": 3,
    "link": "https://dorar.net/tafseer/13/1",
    "section": "ar-rad",
    "answers": [
      {
        "answer": "في مَوضِعِ نَصْب تَمييز",
        "t": 0
      },
      {
        "answer": "في مَوضِعِ نَصب حال ثانية",
        "t": 1
      },
      {
        "answer": "في مَوضِعِ نَصب مَفعول به",
        "t": 0
      }
    ]
  }
]