[
  {
    "id": 749,
    "q": "قال اليهودُ للنبي ﷺ: أخبِرْنا ما الرَّعد؟ فقالَ ﷺ: مَلَكٌ مِن مَلائِكة اللَّه عَزَّ وجَلَّ مُوكَّلٌ بالسَّحابِ، في يَدِه:",
    "level": 2,
    "link": "https://dorar.net/tafseer/13/4#tt7",
    "section": "ar-rad",
    "answers": [
      {
        "answer": "مِخراق مِن نار",
        "t": 1
      },
      {
        "answer": "سَرَقَة مِن حَرِير",
        "t": 0
      },
      {
        "answer": "عَصًا مِن حَديد",
        "t": 0
      }
    ]
  },
  {
    "id": 742,
    "q": "قَوله تَعالَى: {اللَّهُ الَّذِي رَفَعَ السَّمَوَاتِ بِغَيْرِ عَمَدٍ تَرَوْنَهَا} هذه الآية تَدُلُّ على أنَّ:",
    "level": 2,
    "link": "dorar.net/tafseer/13/1",
    "section": "ar-rad",
    "answers": [
      {
        "answer": "اللَّه هو الَّذي رَفَعَ بقُدرَتِه العَظيمة السَّمَواتِ السَّبعَ بلا أعمِدة، كَما تَروْنَها",
        "t": 1
      },
      {
        "answer": "أنَّ السماءَ مرفوعةٌ مِثل الأرضِ",
        "t": 0
      },
      {
        "answer": "اللَّه هو الَّذي رَفَعَ السَّمَواتِ السَّبعَ بعَمدٍ لَكِن لا يُريها إلَّا لِمَن يَشاءُ",
        "t": 0
      }
    ]
  },
  {
    "id": 746,
    "q": "معنى {مُعَقِّبَاتٌ} في قَوله تَعالَى: {لَهُ مُعَقِّبَاتٌ مِنْ بَيْنِ يَدَيْهِ وَمِنْ خَلْفِهِ}:",
    "level": 2,
    "link": "https://dorar.net/tafseer/13/3",
    "section": "ar-rad",
    "answers": [
      {
        "answer": "لِلعَبدِ مَلائِكة يَتَعاقَبونَ عليه",
        "t": 1
      },
      {
        "answer": "لِلعَبدِ أعمال مُتَعاقِبة",
        "t": 0
      },
      {
        "answer": "العَبد يُعاقَبُ على أخطائِه",
        "t": 0
      }
    ]
  },
  {
    "id": 753,
    "q": "أوَّل مَن يَدخُلُ الجَنَّة مِن خَلقِ اللَّهِ تعالى:",
    "level": 2,
    "link": "https://dorar.net/tafseer/13/6",
    "section": "ar-rad",
    "answers": [
      {
        "answer": "الفُقَراءُ المُهاجِرونَ",
        "t": 1
      },
      {
        "answer": "مُقيمو الصَّلاة",
        "t": 0
      },
      {
        "answer": "المُجاهِدونَ",
        "t": 0
      }
    ]
  },
  {
    "id": 757,
    "q": "قَوله تَعالَى: {وَالَّذِينَ يَنْقُضُونَ عَهْدَ اللَّهِ مِنْ بَعْدِ مِيثَاقِهِ}، زيادة (مِن بَعدِ ميثاقِهِ):",
    "level": 2,
    "link": "https://dorar.net/tafseer/13/7",
    "section": "ar-rad",
    "answers": [
      {
        "answer": "لِتَأكيد ضَلالهم",
        "t": 0
      },
      {
        "answer": "لِلزِّيادة في تَشنيع النَّقض",
        "t": 1
      },
      {
        "answer": "لإظهارِ تَعمُّدِهم في النَّقضِ",
        "t": 0
      }
    ]
  },
  {
    "id": 744,
    "q": "الِاستِفهام في قَولِه تَعالَى: {أَإِذَا كُنَّا تُرَابًا} استِفهام:",
    "level": 2,
    "link": "https://dorar.net/tafseer/13/2#tt7",
    "section": "ar-rad",
    "answers": [
      {
        "answer": "تَفسيريٌّ",
        "t": 0
      },
      {
        "answer": "تَقريريٌّ",
        "t": 0
      },
      {
        "answer": "إنكاريٌّ",
        "t": 1
      }
    ]
  },
  {
    "id": 747,
    "q": "الإرادةُ في قَولِه تَعالَى: {وَإِذَا أَرَادَ اللَّهُ بِقَوْمٍ سُوءًا فَلَا مَرَدَّ لَهُ} إرادةٌ:",
    "level": 2,
    "link": "https://dorar.net/tafseer/13/3",
    "section": "ar-rad",
    "answers": [
      {
        "answer": "دينية",
        "t": 0
      },
      {
        "answer": "شَرعية",
        "t": 0
      },
      {
        "answer": "كَونية",
        "t": 1
      }
    ]
  },
  {
    "id": 745,
    "q": "قالَ اللَّه تَعالَى: {وَإِنَّ رَبَّكَ لَذُو مَغْفِرَةٍ لِلنَّاسِ عَلَى ظُلْمِهِمْ وَإِنَّ رَبَّكَ لَشَدِيدُ الْعِقَابِ}، جُمِعَ بَينَ الوَعدِ والوَعيدِ:",
    "level": 2,
    "link": "https://dorar.net/tafseer/13/2#tt7",
    "section": "ar-rad",
    "answers": [
      {
        "answer": "لِلتَّمييزِ بَينَ المَغفِرةِ والعِقابِ ومَن يَستَحِقُّ أيًّا مِنهُما",
        "t": 0
      },
      {
        "answer": "لِتَبيينِ حالِ المُطيعِ والعاصي",
        "t": 0
      },
      {
        "answer": "ليعظُم رَجاءُ النَّاسِ في فَضلِه، ويَشتَدَّ خَوفُهم مِن عِقابِه",
        "t": 1
      }
    ]
  },
  {
    "id": 743,
    "q": "مَعنَى {الْمَثُلَاتُ} في قوله: {وَقَدْ خَلَتْ مِنْ قَبْلِهِمُ الْمَثُلَاتُ}:",
    "level": 2,
    "link": "https://dorar.net/tafseer/13/2",
    "section": "ar-rad",
    "answers": [
      {
        "answer": "الأُمَم الكَثيرَة",
        "t": 0
      },
      {
        "answer": "العُقوبات النَّازِلة على أمثالِهم مِنَ المُكَذِّبينَ",
        "t": 1
      },
      {
        "answer": "العِبَر والعِظات",
        "t": 0
      }
    ]
  },
  {
    "id": 750,
    "q": "قَوله تَعالَى: {وَيُسَبِّحُ الرَّعْدُ بِحَمْدِهِ وَالْمَلَائِكَةُ مِنْ خِيفَتِهِ} فيه عَطْف الرَّعد على ذِكرِ البَرقِ والسَّحابِ؛ لِأنَّه:",
    "level": 2,
    "link": "https://dorar.net/tafseer/13/4#tt7",
    "section": "ar-rad",
    "answers": [
      {
        "answer": "لا يَفترِقان أبدًا",
        "t": 0
      },
      {
        "answer": "عَطف لِلبَيانِ",
        "t": 0
      },
      {
        "answer": "مُقارِنُهما في كَثيرٍ مِنَ الأحوالِ",
        "t": 1
      }
    ]
  },
  {
    "id": 760,
    "q": "حَرَكات أهل الجَنَّة لا تَنتَهي إلى سُكونٍ دائِمٍ. دَليلُه مِنَ القُرآنِ:",
    "level": 2,
    "link": "https://dorar.net/tafseer/13/11",
    "section": "ar-rad",
    "answers": [
      {
        "answer": "{وَظِلٍّ مَمْدُودٍ}",
        "t": 0
      },
      {
        "answer": "{أُكُلُهَا دَائِمٌ}",
        "t": 1
      },
      {
        "answer": "{فَإِنَّ الْجَنَّةَ هِيَ الْمَأْوَى}",
        "t": 0
      }
    ]
  },
  {
    "id": 748,
    "q": "مَعنَى {الْمِحَالِ} في قوله: {وَهُوَ شَدِيدُ الْمِحَالِ}:",
    "level": 2,
    "link": "https://dorar.net/tafseer/13/4",
    "section": "ar-rad",
    "answers": [
      {
        "answer": "العِقاب",
        "t": 0
      },
      {
        "answer": "العَذاب",
        "t": 0
      },
      {
        "answer": "القُوَّة والبَطْش",
        "t": 1
      }
    ]
  },
  {
    "id": 752,
    "q": "سَجداتُ التِّلاوة في سورة الرَّعدِ:",
    "level": 2,
    "link": "https://dorar.net/tafseer/13/5",
    "section": "ar-rad",
    "answers": [
      {
        "answer": "لا تُوجَدُ",
        "t": 0
      },
      {
        "answer": "سَجدة واحِدة",
        "t": 1
      },
      {
        "answer": "سَجدَتانِ",
        "t": 0
      }
    ]
  },
  {
    "id": 755,
    "q": "قَوله تَعالَى: {جَنَّاتُ عَدْنٍ يَدْخُلُونَهَا}، {يَدْخُلُونَهَا} جُملة:",
    "level": 2,
    "link": "https://dorar.net/tafseer/13/6",
    "section": "ar-rad",
    "answers": [
      {
        "answer": "لِلصِّفة",
        "t": 0
      },
      {
        "answer": "حالِيَّة",
        "t": 1
      },
      {
        "answer": "لِلتَّمييزِ",
        "t": 0
      }
    ]
  },
  {
    "id": 741,
    "q": "مَعنَى {صِنْوَانٌ} في قوله: {وَزَرْعٌ وَنَخِيلٌ صِنْوَانٌ وَغَيْرُ صِنْوَانٍ}:",
    "level": 2,
    "link": "https://dorar.net/tafseer/13/1",
    "section": "ar-rad",
    "answers": [
      {
        "answer": "طَويل",
        "t": 0
      },
      {
        "answer": "ناضِج",
        "t": 0
      },
      {
        "answer": "مُجتَمِع",
        "t": 1
      }
    ]
  },
  {
    "id": 756,
    "q": "قَوله تَعالَى: {سَلَامٌ عَلَيْكُمْ بِمَا صَبَرْتُمْ} عَبَّرَ بالجُملة الِاسميةِ ليدُلَّ على:",
    "level": 2,
    "link": "https://dorar.net/tafseer/13/6",
    "section": "ar-rad",
    "answers": [
      {
        "answer": "أنَّ الأصلَ هو السَّلامة",
        "t": 0
      },
      {
        "answer": "حَصْرِ السَّلامِ على أهلِ الجَنَّة",
        "t": 0
      },
      {
        "answer": "دَوام السَّلامة",
        "t": 1
      }
    ]
  },
  {
    "id": 758,
    "q": "قَوله تَعالَى: {مَثَلُ الْجَنَّةِ الَّتِي وُعِدَ الْمُتَّقُونَ تَجْرِي مِنْ تَحْتِهَا الْأَنْهَارُ أُكُلُهَا دَائِمٌ وَظِلُّهَا}، قَوله: مَثَلُ الْجَنَّةِ} يُعرَبُ:",
    "level": 2,
    "link": "https://dorar.net/tafseer/13/11",
    "section": "ar-rad",
    "answers": [
      {
        "answer": "مَثَل: مُبتَدَأ، والخَبَر مَحذوف، والتَّقدير: فيما يُتلَى عَلَيكم مَثَل الجَنَّة",
        "t": 1
      },
      {
        "answer": "مَثَل: مُبتَدَأ، وخَبَره: أُكُلُها",
        "t": 0
      },
      {
        "answer": "مَثَلُ: خَبَرٌ لِمُبتَدَأٍ مَحذوفٍ، تَقديره هَذا",
        "t": 0
      }
    ]
  },
  {
    "id": 751,
    "q": "قَوله تَعالَى: {لَهُ دَعْوَةُ الْحَقِّ} فيه تَقديم الجارِّ والمَجرور على المُبتَدَأ؛ لِإفادة:",
    "level": 2,
    "link": "https://dorar.net/tafseer/13/4#tt7",
    "section": "ar-rad",
    "answers": [
      {
        "answer": "العُموم",
        "t": 0
      },
      {
        "answer": "التَّأكيد",
        "t": 0
      },
      {
        "answer": "التَّخصيص",
        "t": 1
      }
    ]
  },
  {
    "id": 759,
    "q": "قَولُه تَعالَى: {أُكُلُهَا دَائِمٌ وَظِلُّهَا} فيه دِلالة على:",
    "level": 2,
    "link": "https://dorar.net/tafseer/13/11",
    "section": "ar-rad",
    "answers": [
      {
        "answer": "بَقاء نَعيمِ الجَنَّة",
        "t": 1
      },
      {
        "answer": "أنَّ طَعامَ الجنَّة مِن الشَّجرِ فقط",
        "t": 0
      },
      {
        "answer": "أن الجنَّة كلُّها ظِلال",
        "t": 0
      }
    ]
  },
  {
    "id": 754,
    "q": "قَوله تَعالَى: {لَهُمْ عُقْبَى الدَّارِ}، قَدَّمَ المَجرور على المُبتَدَأِ؛ لِلدَّلالة على:",
    "level": 2,
    "link": "https://dorar.net/tafseer/13/6",
    "section": "ar-rad",
    "answers": [
      {
        "answer": "القَصْر",
        "t": 1
      },
      {
        "answer": "التَّعظيمِ",
        "t": 0
      },
      {
        "answer": "التَّأكيد",
        "t": 0
      }
    ]
  }
]