[
  {
    "id": 6714,
    "q": "(طالوتُ) اسمُ عَلَمٍ، وهو مُعرَّبٌ مِن اللغة:",
    "level": 3,
    "link": "https://dorar.net/arabia/5082",
    "section": "al-tareeb",
    "answers": [
      {
        "answer": "الفارِسِيَّةِ",
        "t": 0
      },
      {
        "answer": "العِبْريَّةِ",
        "t": 1
      },
      {
        "answer": "الإِغريِقِيَّةِ",
        "t": 0
      }
    ]
  },
  {
    "id": 6702,
    "q": "مِن طُرُق التَّعْريبِ:",
    "level": 3,
    "link": "https://dorar.net/arabia/5009",
    "section": "al-tareeb",
    "answers": [
      {
        "answer": "الدَّمْجُ الاشتِقاقيُّ",
        "t": 0
      },
      {
        "answer": "النَّحتُ والتَّركِيبُ والتَّقلِيبُ",
        "t": 0
      },
      {
        "answer": "الاعْتِناءُ بآخِرِ اللَّفْظِ المُعرَّبِ",
        "t": 1
      }
    ]
  },
  {
    "id": 6706,
    "q": "كانَ الخَليلُ يَسْتعمِلُ للكَلِمةِ الدَّخيلةِ مُصْطلَحَ:",
    "level": 3,
    "link": "https://dorar.net/arabia/5015",
    "section": "al-tareeb",
    "answers": [
      {
        "answer": "مُختَلَقَة ومُفتَعَلَة",
        "t": 0
      },
      {
        "answer": "مَدخُولَة ودَخْلاء",
        "t": 0
      },
      {
        "answer": "مُحدَثة أو مُبْتدَعة",
        "t": 1
      }
    ]
  },
  {
    "id": 6708,
    "q": "تُطبَّقُ قَواعِدُ كِتابةِ الأعْلامِ الأجْنَبيَّةِ على الأسْماءِ العِلميَّةِ المُعرَّبةِ؛ لأنَّها:",
    "level": 3,
    "link": "https://dorar.net/arabia/5051",
    "section": "al-tareeb",
    "answers": [
      {
        "answer": "مُفردَة",
        "t": 0
      },
      {
        "answer": "بمَنزِلةِ الأعلامِ",
        "t": 1
      },
      {
        "answer": "مِن المُشتَقَّاتِ",
        "t": 0
      }
    ]
  },
  {
    "id": 6705,
    "q": "إذا وَقَعَ في الكَلِمةِ الَّتي يُرادُ تَعْريبُها حَرْفٌ مِن الحُروفِ الأعْجَميَّةِ:",
    "level": 3,
    "link": "https://dorar.net/arabia/5009",
    "section": "al-tareeb",
    "answers": [
      {
        "answer": "وَجَبَ كَسرُ حَرفِ المُضارَعَةِ عندَ التَّعريبِ",
        "t": 0
      },
      {
        "answer": "وجِبُ إخْضاعَ اللَّفْظِ المُعرَّبِ للأوْزانِ العَربيَّةِ",
        "t": 0
      },
      {
        "answer": "وَجَبَ على المُعرِّبِ إبْدالُه حَرْفًا مِن الحُروفِ العَربيَّةِ",
        "t": 1
      }
    ]
  },
  {
    "id": 6707,
    "q": "مُعظَمَ الكَلِماتِ الدَّخيلةِ في اللُّغةِ العَربيَّةِ دَخَلَتْ إليها مِن:",
    "level": 3,
    "link": "https://dorar.net/arabia/5022",
    "section": "al-tareeb",
    "answers": [
      {
        "answer": "الهِندِيَّةِ",
        "t": 0
      },
      {
        "answer": "الفارِسيَّةِ",
        "t": 1
      },
      {
        "answer": "العِبرِيَّةِ",
        "t": 0
      }
    ]
  },
  {
    "id": 6711,
    "q": "من مَذاهِب المُعرِّبينَ في تَعْريبِ الألْفاظِ الأعْجَميَّةِ:",
    "level": 3,
    "link": "https://dorar.net/arabia/5036",
    "section": "al-tareeb",
    "answers": [
      {
        "answer": "إهمالُ ماخْتَلَفَ العُلَماءُ في أصْلِه",
        "t": 0
      },
      {
        "answer": "إخْضاعُ الأسْماءِ الأعْجَميَّةِ للأوْزانِ العَربيَّةِ",
        "t": 1
      },
      {
        "answer": "تَقلِيبُ الأَعلامِ",
        "t": 0
      }
    ]
  },
  {
    "id": 6703,
    "q": "من مَعايير الحُكْمِ بأعْجَميَّةِ اللَّفْظِ:",
    "level": 3,
    "link": "https://dorar.net/arabia/5005",
    "section": "al-tareeb",
    "answers": [
      {
        "answer": "الخُروجُ عن الأوْزانِ العَربيَّةِ",
        "t": 1
      },
      {
        "answer": "استِحالَةُ الكِتابَةِ بالحُروفِ العَربيَّةِ",
        "t": 0
      },
      {
        "answer": "الجُمودُ وعَدمُ الاشتِقاقِ",
        "t": 0
      }
    ]
  },
  {
    "id": 6718,
    "q": "(قيراطٌ) مِقْياسٌ كانوا يَزِنونَ به الذَّهَبَ قَديمًا، واللَّفْظُ مُعرَّبٌ مِن:",
    "level": 3,
    "link": "https://dorar.net/arabia/5133",
    "section": "al-tareeb",
    "answers": [
      {
        "answer": "البَابِلِيَّةِ",
        "t": 0
      },
      {
        "answer": "اليونانيَّةِ",
        "t": 1
      },
      {
        "answer": "الصِّينِيَّةِ",
        "t": 0
      }
    ]
  },
  {
    "id": 6710,
    "q": "اللُّغةُ اليونانيَّةُ مِن أُسْرةِ اللُّغاتِ:",
    "level": 3,
    "link": "https://dorar.net/arabia/5028",
    "section": "al-tareeb",
    "answers": [
      {
        "answer": "الكَنْعَانِيَّةِ الآشُورِيَّةِ",
        "t": 0
      },
      {
        "answer": "الهِنْديَّةِ الأوْروبِّيَّةِ",
        "t": 1
      },
      {
        "answer": "البِيزَنْطِيَّةِ",
        "t": 0
      }
    ]
  },
  {
    "id": 6701,
    "q": "يُشترَطُ في المُعرَّبِ:",
    "level": 3,
    "link": "https://dorar.net/arabia/5001",
    "section": "al-tareeb",
    "answers": [
      {
        "answer": "أن يكونَ مِن نَفسِ الجَذرِ اللُّغويِّ ",
        "t": 0
      },
      {
        "answer": "أن يكونُ على مُسْتوى المُفرَداتِ",
        "t": 0
      },
      {
        "answer": "أن تكونَ العَربُ قد تَكلَّمَتْ به",
        "t": 1
      }
    ]
  },
  {
    "id": 6712,
    "q": "اعْتَنى القُدامى بما عُرِّبَ مِن الفارِسيَّةِ أكْثَرَ مِن غيْرِها، لأنَّ:",
    "level": 3,
    "link": "https://dorar.net/arabia/5022",
    "section": "al-tareeb",
    "answers": [
      {
        "answer": "الفارِسيَّةَ يُمكِنُ أن تُكتَبَ بالحُروفِ العَربيَّةِ",
        "t": 1
      },
      {
        "answer": "لُغتَهُم مِن اللُّغاتِ السَّامِيَّةِ المُشتَقَّةِ مِن العَربيَّةِ",
        "t": 0
      },
      {
        "answer": "مُعظَمَ الفُتُوحاتِ الإسلامِيَّةِ كانت داخِلَ بِلادِ فارِس",
        "t": 0
      }
    ]
  },
  {
    "id": 6709,
    "q": "اللُّغةُ الآراميَّةُ هي إحدى اللُّغاتِ:",
    "level": 3,
    "link": "https://dorar.net/arabia/5024",
    "section": "al-tareeb",
    "answers": [
      {
        "answer": "البائِدَةِ",
        "t": 0
      },
      {
        "answer": "الفارِسِيَّةِ",
        "t": 0
      },
      {
        "answer": "السَّاميَّةِ",
        "t": 1
      }
    ]
  },
  {
    "id": 6717,
    "q": "كَلِمةٌ مُعرَّبةٌ مِن الفارِسيَّةِ مِن مَعانِيها؛ وَصْفُ الحُجَّةُ إذا كانَت غيْرَ بالِغةٍ:",
    "level": 3,
    "link": "https://dorar.net/arabia/5121",
    "section": "al-tareeb",
    "answers": [
      {
        "answer": "ساذَجٌ",
        "t": 1
      },
      {
        "answer": "طِلَّسْمٌ",
        "t": 0
      },
      {
        "answer": "عُمْروسٌ",
        "t": 0
      }
    ]
  },
  {
    "id": 6715,
    "q": "لَفْظٌ مُعرَّبٌ مِن الفارِسيَّةِ، ومن مَعانيه: الأرْضُ المالِحةُ الَّتي لا تَكادُ تُنبِتُ:",
    "level": 3,
    "link": "https://dorar.net/arabia/5168",
    "section": "al-tareeb",
    "answers": [
      {
        "answer": "جَرْدَاوَة",
        "t": 0
      },
      {
        "answer": "زَرَجُون",
        "t": 0
      },
      {
        "answer": "سَبْخة",
        "t": 1
      }
    ]
  },
  {
    "id": 6716,
    "q": "(التِّرْياقُ) ما يُسْتعمَلُ لدَفْعِ الضَّرَرِ الناشِئِ عن السُّمِّ؛ وهو مُعرَّبٌ مِن:",
    "level": 3,
    "link": "https://dorar.net/arabia/5109",
    "section": "al-tareeb",
    "answers": [
      {
        "answer": "الهِنْدِيَّةِ",
        "t": 0
      },
      {
        "answer": "اليونانيَّةِ",
        "t": 1
      },
      {
        "answer": "الإِيطالِيَّةِ",
        "t": 0
      }
    ]
  },
  {
    "id": 6720,
    "q": "لفظ بلغة أهْلِ فَرْغانةَ ومعناه: مَلِكُ المُلوكِ:",
    "level": 3,
    "link": "https://dorar.net/arabia/5146",
    "section": "al-tareeb",
    "answers": [
      {
        "answer": "جُلَّنار",
        "t": 0
      },
      {
        "answer": "الإخْشِيد",
        "t": 1
      },
      {
        "answer": "شَاهِنْشَاه",
        "t": 0
      }
    ]
  },
  {
    "id": 6704,
    "q": "كَلِمةُ (إسْتَبْرَق) مُعرَّبةٌ مِن الفارِسيَّةِ، ومعناها:",
    "level": 3,
    "link": "https://dorar.net/arabia/5005",
    "section": "al-tareeb",
    "answers": [
      {
        "answer": "الأجْرةُ أو العَطاءُ",
        "t": 0
      },
      {
        "answer": "الدِّيباجِ الغَليظُ",
        "t": 1
      },
      {
        "answer": "الحِجارةُ",
        "t": 0
      }
    ]
  },
  {
    "id": 6719,
    "q": "لَفظُ (نامُوس) مُعرَّبٌ مِن اليونانيَّةِ، ومِن مَعانِيه:",
    "level": 3,
    "link": "https://dorar.net/arabia/5139",
    "section": "al-tareeb",
    "answers": [
      {
        "answer": "الشَّريعةُ",
        "t": 1
      },
      {
        "answer": "الحَديدُ المُنقَّى مِن الخَبَثِ",
        "t": 0
      },
      {
        "answer": "طينٌ أو شَمْعٌ يُسْتعمَلُ في الخَتْمِ",
        "t": 0
      }
    ]
  },
  {
    "id": 6713,
    "q": "كَلِمةُ مُعرَّبةٌ مِن الفارِسيَّةِ مَعْناها: السَّلاسةُ والجَرَيانُ:",
    "level": 3,
    "link": "https://dorar.net/arabia/5076",
    "section": "al-tareeb",
    "answers": [
      {
        "answer": "رَوْزَنٌ",
        "t": 0
      },
      {
        "answer": "سَلْسَبيلُ",
        "t": 1
      },
      {
        "answer": "رَهْوانٌ",
        "t": 0
      }
    ]
  }
]