[
  {
    "id": 6685,
    "q": "كَلِمةُ (الجِبْتُ) مَنْقولةٌ مِن الحَبَشيَّةِ ومِن مَعانِيها:",
    "level": 2,
    "link": "https://dorar.net/arabia/5066",
    "section": "al-tareeb",
    "answers": [
      {
        "answer": "الشَّريعَة أو المَنهَج",
        "t": 0
      },
      {
        "answer": "الحَربُ والسِّلاحُ والقِتالُ",
        "t": 0
      },
      {
        "answer": "الصَّنَمُ والكاهِنُ والسَّاحِرُ",
        "t": 1
      }
    ]
  },
  {
    "id": 6684,
    "q": "جالوتُ: اسمُ عَلَمٍ:",
    "level": 2,
    "link": "https://dorar.net/arabia/5066",
    "section": "al-tareeb",
    "answers": [
      {
        "answer": "مُشتَق",
        "t": 0
      },
      {
        "answer": "أعْجَمي",
        "t": 1
      },
      {
        "answer": "جامِد",
        "t": 0
      }
    ]
  },
  {
    "id": 6699,
    "q": "كَلِمةٌ مُعرَّبةٌ مِن الفارِسيَّةِ بمَعْنى المُعلِّمِ والماهِرِ بصَنْعتِه:",
    "level": 2,
    "link": "https://dorar.net/arabia/5146",
    "section": "al-tareeb",
    "answers": [
      {
        "answer": "الأُسْتاذ",
        "t": 1
      },
      {
        "answer": "الرُّبَّانُ",
        "t": 0
      },
      {
        "answer": "النَّجِيبُ",
        "t": 0
      }
    ]
  },
  {
    "id": 6698,
    "q": "(آذارُ) الشَّهْرُ الثَّالِثُ مِن السَّنةِ الشَّمْسيَّةِ، واللَّفْظُ مِن اللغة: ",
    "level": 2,
    "link": "https://dorar.net/arabia/5146",
    "section": "al-tareeb",
    "answers": [
      {
        "answer": "الكَنْعانِيَّةِ",
        "t": 0
      },
      {
        "answer": "العِبرِيَّةِ",
        "t": 0
      },
      {
        "answer": "البابِليَّةِ",
        "t": 1
      }
    ]
  },
  {
    "id": 6691,
    "q": "كَلِمة مَنْقولة مِن الفارِسيَّةِ، ومِن مَعانِيها: الطِّيبُ:",
    "level": 2,
    "link": "https://dorar.net/arabia/5090",
    "section": "al-tareeb",
    "answers": [
      {
        "answer": "كافُور",
        "t": 1
      },
      {
        "answer": "ديباجٌ",
        "t": 0
      },
      {
        "answer": "بُرْنُسٌ",
        "t": 0
      }
    ]
  },
  {
    "id": 6696,
    "q": "يطلق على مَن يَدخُلُ بيْنَ البائِعِ والمُشْتَري مُتَوسِّطًا لإمْضاءِ البَيْعِ",
    "level": 2,
    "link": "https://dorar.net/arabia/5121",
    "section": "al-tareeb",
    "answers": [
      {
        "answer": "سِمْسارٌ",
        "t": 1
      },
      {
        "answer": "سَنْدَار",
        "t": 0
      },
      {
        "answer": "شَهْبَنْدَر",
        "t": 0
      }
    ]
  },
  {
    "id": 6693,
    "q": "عَلَمٌ مَنْقولٌ مِن اللُّغةِ المِصْريَّةِ القَديمةِ:",
    "level": 2,
    "link": "https://dorar.net/arabia/5098",
    "section": "al-tareeb",
    "answers": [
      {
        "answer": "قابِيل",
        "t": 0
      },
      {
        "answer": "هامانُ",
        "t": 1
      },
      {
        "answer": "طَهْمان",
        "t": 0
      }
    ]
  },
  {
    "id": 6682,
    "q": "يُطلَقُ لَفْظُ الدَّخيلِ في الاصْطِلاحِ على:",
    "level": 2,
    "link": "https://dorar.net/arabia/5001",
    "section": "al-tareeb",
    "answers": [
      {
        "answer": "كلِّ اسمٍ دَخلَت عليه (ال) التَّعريف",
        "t": 0
      },
      {
        "answer": "كلِّ فَعلٍ ثُلاثيٍّ يَنتهِي بحَرفِ عِلَّةٍ ",
        "t": 0
      },
      {
        "answer": "كلِّ كَلِمةٍ دَخَلَتِ اللُّغةَ العَربيَّةَ مِن الكَلامِ الأعْجَميِّ",
        "t": 1
      }
    ]
  },
  {
    "id": 6687,
    "q": "كَلِمةُ (دَراهِم) قِيلَ: إن أَصلَها مِن اللُّغةِ:  ",
    "level": 2,
    "link": "https://dorar.net/arabia/5070",
    "section": "al-tareeb",
    "answers": [
      {
        "answer": "العِبرِيَّةِ",
        "t": 0
      },
      {
        "answer": "الإِيطالِيَّةِ",
        "t": 0
      },
      {
        "answer": "اليُونانِيَّةِ",
        "t": 1
      }
    ]
  },
  {
    "id": 6692,
    "q": "اسمُ عَلَمٍ للمَلَكِ المُوكَّلِ بالمَطَرِ والنَّباتِ مَنْقولٌ مِن اللغة العِبْريَّةِ:",
    "level": 2,
    "link": "https://dorar.net/arabia/5094",
    "section": "al-tareeb",
    "answers": [
      {
        "answer": "جِبرائِيل",
        "t": 0
      },
      {
        "answer": "مِيكائِيل",
        "t": 1
      },
      {
        "answer": "عِزرائِيل",
        "t": 0
      }
    ]
  },
  {
    "id": 6689,
    "q": "لَّفْظُ مَنْقولٌ مِن اليونانيَّةِ وهي الصَّحيفةُ الَّتي يُكتَبُ فيها:",
    "level": 2,
    "link": "https://dorar.net/arabia/5088",
    "section": "al-tareeb",
    "answers": [
      {
        "answer": "النَّهْرَوانُ",
        "t": 0
      },
      {
        "answer": "القِرْطاسُ",
        "t": 1
      },
      {
        "answer": "النَّيْزَكُ",
        "t": 0
      }
    ]
  },
  {
    "id": 6683,
    "q": "مِن الأَسماءِ التي عُرِّبَت مِن اللُّغةِ العِبْريَّةِ:",
    "level": 2,
    "link": "https://dorar.net/arabia/5034",
    "section": "al-tareeb",
    "answers": [
      {
        "answer": "إسماعيل ومُوسى",
        "t": 1
      },
      {
        "answer": "فِرعَون وهامان",
        "t": 0
      },
      {
        "answer": "عَمْواس",
        "t": 0
      }
    ]
  },
  {
    "id": 6694,
    "q": "لَفظٌ مُعرَّبٌ مِن اللَّاتينيَّةِ ويُستَعملُ في المِكْيال:",
    "level": 2,
    "link": "https://dorar.net/arabia/5105",
    "section": "al-tareeb",
    "answers": [
      {
        "answer": "الأوْقِيَّةُ",
        "t": 1
      },
      {
        "answer": "المِغْلاقُ",
        "t": 0
      },
      {
        "answer": "السَّطلُ",
        "t": 0
      }
    ]
  },
  {
    "id": 6690,
    "q": "كلمة (القِسْطاس) أي: أقْوَمُ المَوازينِ وأعْدَلُها، وهي مُعرَّبةٌ مِن:",
    "level": 2,
    "link": "https://dorar.net/arabia/5088",
    "section": "al-tareeb",
    "answers": [
      {
        "answer": "الهِندِيَّةِ",
        "t": 0
      },
      {
        "answer": "الرُّوميَّةِ",
        "t": 1
      },
      {
        "answer": "الفارِسِيَّةِ",
        "t": 0
      }
    ]
  },
  {
    "id": 6688,
    "q": "كَلِمةُ مُعرَّبةٌ مِن الفارِسيَّةِ؛ ومَعْناها شِدَّةُ البَرْدِ:",
    "level": 2,
    "link": "https://dorar.net/arabia/5074",
    "section": "al-tareeb",
    "answers": [
      {
        "answer": "الزَّمْهَريرُ",
        "t": 1
      },
      {
        "answer": "البَرْدِشِيرُ",
        "t": 0
      },
      {
        "answer": "الجُلْمُودُ",
        "t": 0
      }
    ]
  },
  {
    "id": 6695,
    "q": "(الزِّنْبيلُ) هو الوِعاءُ الَّذي يُحمَلُ فيه، وهو مُعرَّبٌ من:",
    "level": 2,
    "link": "https://dorar.net/arabia/5119",
    "section": "al-tareeb",
    "answers": [
      {
        "answer": "الآرامِيَّةِ",
        "t": 0
      },
      {
        "answer": "اللَّاتِينِيَّةِ",
        "t": 0
      },
      {
        "answer": "الفارِسِيَّةِ",
        "t": 1
      }
    ]
  },
  {
    "id": 6700,
    "q": "كَلِمةُ (إكْسير) مَعناها: شَرابٌ كانَ يُعْتقَدُ أنَّه يُطيلُ الحَياةَ، وهي مُعَرَّبَةٌ مِن:",
    "level": 2,
    "link": "https://dorar.net/arabia/5146",
    "section": "al-tareeb",
    "answers": [
      {
        "answer": "التُّركِيَّةِ",
        "t": 0
      },
      {
        "answer": "اليونانيَّةِ",
        "t": 1
      },
      {
        "answer": "الفارِسِيَّةِ",
        "t": 0
      }
    ]
  },
  {
    "id": 6686,
    "q": "كَلِمةُ (الحَواريُّونَ) اخْتُلِفَ في أصْلِها عَربيَّة أم أَعجمِيَّة؛ ومَعناها: ",
    "level": 2,
    "link": "https://dorar.net/arabia/5068",
    "section": "al-tareeb",
    "answers": [
      {
        "answer": "المُهاجِرُون",
        "t": 0
      },
      {
        "answer": "الأنْصارُ، وهُمْ خاصَّةُ الأصْحابِ",
        "t": 1
      },
      {
        "answer": "المُؤمِنُونَ الخُلَّص",
        "t": 0
      }
    ]
  },
  {
    "id": 6697,
    "q": "\"إبْراهيمُ\" مُعرَّبٌ عن العِبْريَّةِ ومَعْناه: أبو الأمَمِ؛ وقد قُرِئ أيضًا: ",
    "level": 2,
    "link": "https://dorar.net/arabia/5060",
    "section": "al-tareeb",
    "answers": [
      {
        "answer": "إِبْرَهْم",
        "t": 0
      },
      {
        "answer": "إِبراهُوم",
        "t": 0
      },
      {
        "answer": "أبْراهام",
        "t": 1
      }
    ]
  },
  {
    "id": 6681,
    "q": "المُعرَّبُ، هو",
    "level": 2,
    "link": "https://dorar.net/arabia/5001",
    "section": "al-tareeb",
    "answers": [
      {
        "answer": "اللَّفظُ العَربيُّ الأَصيلُ المُشتَقُّ مِن الثُّلاثيِّ المُجرَّدِ ",
        "t": 0
      },
      {
        "answer": "اللَّفظُ الذي له أَصلٌ في العَربيَّةِ ويُنطَقُ في لُغاتٍ أُخرَى بطَريقَةٍ أُخرَى",
        "t": 0
      },
      {
        "answer": "اللَّفْظُ الأعْجَميُّ المَنْقولُ إلى العَربيَّةِ",
        "t": 1
      }
    ]
  }
]