[
  {
    "id": 6661,
    "q": "اسمُ نَبيٍّ مَنْقول مِن اللُّغة العِبْريَّةِ:",
    "level": 1,
    "link": "https://dorar.net/arabia/5060",
    "section": "al-tareeb",
    "answers": [
      {
        "answer": "إلْياسُ",
        "t": 1
      },
      {
        "answer": "ذُو الكِفْلِ",
        "t": 0
      },
      {
        "answer": "نُوحٌ",
        "t": 0
      }
    ]
  },
  {
    "id": 6665,
    "q": "الألْماسٌ حَجَرٌ مِن الجَواهِرِ؛ وهو لَفظٌ مَنقُولٌ مِن:",
    "level": 1,
    "link": "https://dorar.net/arabia/5146",
    "section": "al-tareeb",
    "answers": [
      {
        "answer": "العِبرِيَّةِ",
        "t": 0
      },
      {
        "answer": "اليونانيَّةِ",
        "t": 1
      },
      {
        "answer": "الآرامِيَّةِ",
        "t": 0
      }
    ]
  },
  {
    "id": 6678,
    "q": "(الطَّرْبوشُ) غِطاءٌ للرَّأسِ، لَوْنُه أحْمَرُ، وأصل اللفظة من اللغة:",
    "level": 1,
    "link": "https://dorar.net/arabia/5174",
    "section": "al-tareeb",
    "answers": [
      {
        "answer": "الإِيطالِيَّةِ",
        "t": 0
      },
      {
        "answer": "الإِنجلِيزِيَّةِ",
        "t": 0
      },
      {
        "answer": "الفارِسيَّةِ",
        "t": 1
      }
    ]
  },
  {
    "id": 6664,
    "q": "لفظ مَنْقولٌ مِن العِبْريَّةِ واسمُ عَلَمٍ على نَبيِّ:",
    "level": 1,
    "link": "https://dorar.net/arabia/5102",
    "section": "al-tareeb",
    "answers": [
      {
        "answer": "يَعْقوبُ",
        "t": 1
      },
      {
        "answer": "تُبَّعُ",
        "t": 0
      },
      {
        "answer": "الخَضِرُ",
        "t": 0
      }
    ]
  },
  {
    "id": 6673,
    "q": "(البَلَكُونةُ) كَلِمة إيطالِيَّة تُستَخدَمُ في العَربيَّة؛ ومَعناها:",
    "level": 1,
    "link": "https://dorar.net/arabia/5148",
    "section": "al-tareeb",
    "answers": [
      {
        "answer": "المَوقِدُ",
        "t": 0
      },
      {
        "answer": "الشُّرْفةُ والنَّافِذةُ",
        "t": 1
      },
      {
        "answer": "الدُّكَّانُ أو الحانَةُ",
        "t": 0
      }
    ]
  },
  {
    "id": 6663,
    "q": "كَلِمةُ مُعرَّبةٌ مِن اليونانيَّةِ معناها: صِغارُ اللُّؤْلُؤِ:",
    "level": 1,
    "link": "https://dorar.net/arabia/5094",
    "section": "al-tareeb",
    "answers": [
      {
        "answer": "المَرْجانُ",
        "t": 1
      },
      {
        "answer": "الصَّفاءُ",
        "t": 0
      },
      {
        "answer": "الوَردُ",
        "t": 0
      }
    ]
  },
  {
    "id": 6680,
    "q": "كَلِمةُ (فَيروس) كائِناتٌ دَقيقةٌ جدًّا لا تُرى بالعَيْنِ المُجرَّدةِ، واللفظة مَأخُوذَةٌ مِن اللُّغةِ:",
    "level": 1,
    "link": "https://dorar.net/arabia/5180",
    "section": "al-tareeb",
    "answers": [
      {
        "answer": "الهِندِيَّةِ",
        "t": 0
      },
      {
        "answer": "الأَشُورِيَّة",
        "t": 0
      },
      {
        "answer": "الإِنجلِيزِيَّةِ",
        "t": 1
      }
    ]
  },
  {
    "id": 6676,
    "q": "كَلِمةُ (خَواجة) لَقَبٌ أُطلِقَ على الأجْنَبيِّ المُسْتَعمِرِ؛ وهو مُعرَّبٌ مِن:",
    "level": 1,
    "link": "https://dorar.net/arabia/5158",
    "section": "al-tareeb",
    "answers": [
      {
        "answer": "الهِندِيَّةِ",
        "t": 0
      },
      {
        "answer": "الفارِسيَّةِ",
        "t": 1
      },
      {
        "answer": "التُّركِيَّةِ",
        "t": 0
      }
    ]
  },
  {
    "id": 6672,
    "q": "كَلِمةُ (بَقْشِيش) ما يُعْطاه خَدَمُ الفَنادِقِ والمَطاعِمِ مِن نُقودٍ؛ وأَصلُها مِن اللُّغةِ:",
    "level": 1,
    "link": "https://dorar.net/arabia/5148",
    "section": "al-tareeb",
    "answers": [
      {
        "answer": "البابِلِيَّةِ",
        "t": 0
      },
      {
        "answer": "الهِندِيَّةِ",
        "t": 0
      },
      {
        "answer": "الفارِسيَّةِ",
        "t": 1
      }
    ]
  },
  {
    "id": 6669,
    "q": "لفظ (بُرْكانٌ) مُعرَّبٌ من: ",
    "level": 1,
    "link": "https://dorar.net/arabia/5148",
    "section": "al-tareeb",
    "answers": [
      {
        "answer": "اليونانيَّةِ",
        "t": 1
      },
      {
        "answer": "الهِندِيَّةِ",
        "t": 0
      },
      {
        "answer": "الإيطاليَّةِ",
        "t": 0
      }
    ]
  },
  {
    "id": 6662,
    "q": "اسمُ عَلَمٍ مِن أسْماءِ النَّارِ الَّتي يُعذِّبُ اللهُ بها عِبادَه:",
    "level": 1,
    "link": "https://dorar.net/arabia/5066",
    "section": "al-tareeb",
    "answers": [
      {
        "answer": "رَعدٌ",
        "t": 0
      },
      {
        "answer": "جَهَنَّمُ",
        "t": 1
      },
      {
        "answer": "صِنوانٌ",
        "t": 0
      }
    ]
  },
  {
    "id": 6670,
    "q": "الضِّيقُ يَقَعُ على النَّائِمِ فيُحبَسُ نفَسُه، وهو مُعرَّبٌ مِن السُّرْيانيَّةِ:",
    "level": 1,
    "link": "https://dorar.net/arabia/5184",
    "section": "al-tareeb",
    "answers": [
      {
        "answer": "جاسُوس",
        "t": 0
      },
      {
        "answer": "خانْقَاة",
        "t": 0
      },
      {
        "answer": "كابُوس",
        "t": 1
      }
    ]
  },
  {
    "id": 6677,
    "q": "كَلِمةُ (خُوذة) كَلِمةٌ مُعرَّبةٌ مِن الفارِسيَّةِ، ومَعناها:",
    "level": 1,
    "link": "https://dorar.net/arabia/5158",
    "section": "al-tareeb",
    "answers": [
      {
        "answer": "الخُبزُ المُجفَّفُ الذي يُنقَعُ في زَيتِ الزَّيتُونِ",
        "t": 0
      },
      {
        "answer": "ما يُلبَسُ على الرَّأسِ في الحَرْبِ كوِقايةٍ مِن الضَّرَباتِ",
        "t": 1
      },
      {
        "answer": "الدَّابَّةُ أو المَرْكَبُ",
        "t": 0
      }
    ]
  },
  {
    "id": 6671,
    "q": "كَلِمةُ (بُقْسُماط) قد تكونُ مُعرَّبَةً مِن الفارِسِيَّةِ؛ ومَعناها: ",
    "level": 1,
    "link": "https://dorar.net/arabia/5148",
    "section": "al-tareeb",
    "answers": [
      {
        "answer": "قائِدُ الجُيُوشِ عندَ الفُرسِ",
        "t": 0
      },
      {
        "answer": "نَوْعٌ مِن الخُبْزِ يُخبَزُ ويُجَفَّفُ",
        "t": 1
      },
      {
        "answer": "الفِيلُ الضَّخمُ",
        "t": 0
      }
    ]
  },
  {
    "id": 6668,
    "q": "البَبْغاءِ طائِرٌ حَسَنُ الصُّورةِ، واللَّفْظُ مِن:",
    "level": 1,
    "link": "https://dorar.net/arabia/5148",
    "section": "al-tareeb",
    "answers": [
      {
        "answer": "السُّرْيانيَّةِ",
        "t": 0
      },
      {
        "answer": "الفارِسيَّةِ",
        "t": 1
      },
      {
        "answer": "العِبريَّةِ",
        "t": 0
      }
    ]
  },
  {
    "id": 6674,
    "q": "(البُوصْلةُ) جِهازُ الإبْرةِ المِغْناطيسيَّةِ المُسْتعمَلُ في تَحْديدِ الجِهاتِ، واللَّفْظُ مُعرَّبٌ مِن اللغة: ",
    "level": 1,
    "link": "https://dorar.net/arabia/5148",
    "section": "al-tareeb",
    "answers": [
      {
        "answer": "التُّرْكيَّةِ",
        "t": 1
      },
      {
        "answer": "الأَلمانِيَّةِ",
        "t": 0
      },
      {
        "answer": "الفارِسِيَّةِ",
        "t": 0
      }
    ]
  },
  {
    "id": 6679,
    "q": "لَفظٌ مُعرَّبٌ مِن اليونانيَّةِ؛ مَعناهُ: مِصْباحٌ يَتِمُّ نَصْبُه على بِناءٍ داخِلَ البَحْرِ:",
    "level": 1,
    "link": "https://dorar.net/arabia/5180",
    "section": "al-tareeb",
    "answers": [
      {
        "answer": "مَحَّارٌ",
        "t": 0
      },
      {
        "answer": "قُبْطانٌ",
        "t": 0
      },
      {
        "answer": "فَنارٌ",
        "t": 1
      }
    ]
  },
  {
    "id": 6667,
    "q": "البارِجةُ: السَّفينةُ الكَبيرةُ مِن السُّفُنِ الحَرْبيَّةِ؛ واللَّفْظُ مُعرَّبٌ مِن:",
    "level": 1,
    "link": "https://dorar.net/arabia/5148",
    "section": "al-tareeb",
    "answers": [
      {
        "answer": "الإيطاليَّةِ",
        "t": 1
      },
      {
        "answer": "الإِسبانِيَّةِ",
        "t": 0
      },
      {
        "answer": "الفِرنسِيَّةِ",
        "t": 0
      }
    ]
  },
  {
    "id": 6675,
    "q": "(تِشْرينُ) شَهْرٌ مِن شُهورِ السَّنَةِ الشَّمْسيَّةِ؛ قيلَ: أصْلُه روميٌّ؛ ومَعناهُ:  ",
    "level": 1,
    "link": "https://dorar.net/arabia/5150",
    "section": "al-tareeb",
    "answers": [
      {
        "answer": "سُطوعُ الشَّمسِ",
        "t": 0
      },
      {
        "answer": "شَهرُ الثِّمارِ",
        "t": 0
      },
      {
        "answer": "البَدْءُ والشُّروعُ",
        "t": 1
      }
    ]
  },
  {
    "id": 6666,
    "q": "الأتُرُجُّ: ثَمَرٌ مِن جِنْسِ اللَّيْمونِ؛ وهو لَفظٌ مَنقُولٌ مِن:",
    "level": 1,
    "link": "https://dorar.net/arabia/5146",
    "section": "al-tareeb",
    "answers": [
      {
        "answer": "السُّرْيانيَّةِ",
        "t": 1
      },
      {
        "answer": "الآشُورِيَّةِ",
        "t": 0
      },
      {
        "answer": "الهِندِيَّةِ",
        "t": 0
      }
    ]
  }
]