[
  {
    "id": 1155,
    "q": "قَولُه تَعالَى: {وَنَزَّلْنَا عَلَيْكُمُ الْمَنَّ وَالسَّلْوَى} أصْلُ «مَنَن»:",
    "level": 1,
    "link": "https://dorar.net/tafseer/20/10",
    "section": "taahaa",
    "answers": [
      {
        "answer": "ما يَنبُت في الأَرضِ",
        "t": 0
      },
      {
        "answer": "اصطِناعُ خَيْرٍ",
        "t": 1
      },
      {
        "answer": "تَذكيرُ الغَيرِ النِّعمةَ",
        "t": 0
      }
    ]
  },
  {
    "id": 1152,
    "q": "قَولُه تَعالَى: {وَيْلَكُمْ لَا تَفْتَرُوا عَلَى اللَّهِ كَذِبًا فَيُسْحِتَكُمْ بِعَذَابٍ وَقَدْ خَابَ مَنِ افْتَرَى} هذه الكَلِمةُ أثَّرت تأثيرًا عظيمًا {فَتَنَازَعُوا أَمْرَهُمْ بَيْنَهُمْ}، وسَبَبُ ذلك:",
    "level": 1,
    "link": "https://dorar.net/tafseer/20/7",
    "section": "taahaa",
    "answers": [
      {
        "answer": "أنَّ عُقوبَةَ اللهِ نَزلَت بهِم حالًا ومَآلًا",
        "t": 0
      },
      {
        "answer": "أنَّهُم كانُوا قُساةَ القُلوبِ",
        "t": 0
      },
      {
        "answer": "أنَّها صَدَرت من إنسانٍ مُخلِصٍ، يُريدُ أن يَهديَ غَيرَه للحَقِّ",
        "t": 1
      }
    ]
  },
  {
    "id": 1142,
    "q": "في قَولِه تَعالَى: {وَاتَّبَعَ هَوَاهُ فَتَرْدَى} مَعنَى {فَتَرْدَى}",
    "level": 1,
    "link": "https://dorar.net/tafseer/20/2",
    "section": "taahaa",
    "answers": [
      {
        "answer": "تَتَحَيَّرُ",
        "t": 0
      },
      {
        "answer": "تَهلِكُ",
        "t": 1
      },
      {
        "answer": "تُنْسَى",
        "t": 0
      }
    ]
  },
  {
    "id": 1148,
    "q": "في قَولِه تَعالَى: {وَاصْطَنَعْتُكَ لِنَفْسِي} مَعنَى {وَاصْطَنَعْتُكَ} هو:",
    "level": 1,
    "link": "https://dorar.net/tafseer/20/5",
    "section": "taahaa",
    "answers": [
      {
        "answer": "بالَغتُ في إصلاحِكَ",
        "t": 0
      },
      {
        "answer": "خَلقَتُكَ مِن طِينٍ",
        "t": 0
      },
      {
        "answer": "اصطَفَيتُكَ، واختَرتُكَ",
        "t": 1
      }
    ]
  },
  {
    "id": 1160,
    "q": "مَعنَى قَولِه تَعالَى: {وَسَبِّحْ بِحَمْدِ رَبِّكَ}",
    "level": 1,
    "link": "https://dorar.net/tafseer/20/19",
    "section": "taahaa",
    "answers": [
      {
        "answer": "ونزِّه -يا محمَّدُ- ربَّك عن كلِّ نَقصٍ، حامدًا له بإثباتِ كُلِّ كَمالٍ مع محبَّتِه وتَعظيمِه",
        "t": 1
      },
      {
        "answer": "جَمِّلْ رَبَّك واحْمَدْه على هذا الجَمالِ",
        "t": 0
      },
      {
        "answer": "واحْمَدْ رَبَّك على كلِّ تِلك النِّعَمِ",
        "t": 0
      }
    ]
  },
  {
    "id": 1147,
    "q": "في قَولِه تَعالَى: {وَاجْعَلْ لِي وَزِيرًا مِنْ أَهْلِي} أصلُ الوِزارةِ مِنَ",
    "level": 1,
    "link": "https://dorar.net/tafseer/20/4",
    "section": "taahaa",
    "answers": [
      {
        "answer": "الوِزْرِ",
        "t": 1
      },
      {
        "answer": "الشَّرَفِ",
        "t": 0
      },
      {
        "answer": "المَنصِبِ",
        "t": 0
      }
    ]
  },
  {
    "id": 1157,
    "q": "قَولُه تَعالَى: {فَلَا يَخَافُ ظُلْمًا وَلَا هَضْمًا} مَعنَى {هَضْمًا}",
    "level": 1,
    "link": "https://dorar.net/tafseer/20/16",
    "section": "taahaa",
    "answers": [
      {
        "answer": "عَداءٌ",
        "t": 0
      },
      {
        "answer": "نَقصٌ",
        "t": 1
      },
      {
        "answer": "تَكذِيبٌ",
        "t": 0
      }
    ]
  },
  {
    "id": 1153,
    "q": "قَولُه تَعالَى: {وَلَأُصَلِّبَنَّكُمْ فِي جُذُوعِ النَّخْلِ} الصَّلبُ هو:",
    "level": 1,
    "link": "https://dorar.net/tafseer/20/8",
    "section": "taahaa",
    "answers": [
      {
        "answer": "تَعليقُ الإنسانِ للقَتلِ",
        "t": 1
      },
      {
        "answer": "تَعليقُ الإنسانِ للجَلدِ",
        "t": 0
      },
      {
        "answer": "تَعليقُ الإنسانِ للحَدِّ",
        "t": 0
      }
    ]
  },
  {
    "id": 1150,
    "q": "قولُه تَعالَى: {وَالسَّلَامُ عَلَى مَنِ اتَّبَعَ الْهُدَى} هل يَجوزُ السَّلامُ على المُسلِمِ بهذا القَولِ:",
    "level": 1,
    "link": "https://dorar.net/tafseer/20/6",
    "section": "taahaa",
    "answers": [
      {
        "answer": "يَجوزُ للمُسلِم العاصِي فقط",
        "t": 0
      },
      {
        "answer": "نَعَم يَجوزُ ولا حرَجَ فيه",
        "t": 0
      },
      {
        "answer": "لا يَجوزُ لأنَّه ما صَدَر إلَّا في سَلامِ الكُفَّارِ",
        "t": 1
      }
    ]
  },
  {
    "id": 1151,
    "q": "قولُ اللهِ تَعالَى: {قَالَ فَمَنْ رَبُّكُمَا يَا مُوسَى} يُستفادُ منه:",
    "level": 1,
    "link": "https://dorar.net/tafseer/20/6",
    "section": "taahaa",
    "answers": [
      {
        "answer": "جَوازُ السُّؤالِ عن ذَاتِ الله عزَّ وجلَّ للتَعلُّم",
        "t": 0
      },
      {
        "answer": "أنَّه يَجوزُ حِكايةُ كَلامِ المُبطِلِ؛ لأنَّه تَعالَى حَكى كَلامَ فِرعَونَ في إنكارِه الإلهَ",
        "t": 1
      },
      {
        "answer": "أنَّه لا يجوزُ حِكايةُ كَلامِ المُبطِلِ",
        "t": 0
      }
    ]
  },
  {
    "id": 1154,
    "q": "قَولُه تَعالَى: {لَا تَخَافُ دَرَكًا وَلَا تَخْشَى} مَعنَى {دَرَكًا}",
    "level": 1,
    "link": "https://dorar.net/tafseer/20/9",
    "section": "taahaa",
    "answers": [
      {
        "answer": "غَرَقًا",
        "t": 0
      },
      {
        "answer": "تَبِعةٌ أو لَحاقٌ",
        "t": 1
      },
      {
        "answer": "جاهًا ولا سُلطانًا",
        "t": 0
      }
    ]
  },
  {
    "id": 1141,
    "q": "أسلَمَ عُمَرُ بنُ الخَطَّابِ رَضِيَ اللهُ عنه بَعدَ سَماعِه آياتٍ من سورةِ:",
    "level": 1,
    "link": "https://dorar.net/tafseer/20",
    "section": "taahaa",
    "answers": [
      {
        "answer": "يس",
        "t": 0
      },
      {
        "answer": "طه",
        "t": 1
      },
      {
        "answer": "ص",
        "t": 0
      }
    ]
  },
  {
    "id": 1158,
    "q": "قَولُه تَعالَى في هذه الآيةِ الكَريمةِ: {وَلَمْ نَجِدْ لَهُ عَزْمًا} يدُلُّ على أنَّ أبانا آدَمَ عَليهِ السَّلامُ ليس من الرُّسُلِ الذين قال اللهُ فيهم: {فَاصْبِرْ كَمَا صَبَرَ أُولُو الْعَزْمِ مِنَ الرُّسُلِ}، وهم",
    "level": 1,
    "link": "https://dorar.net/tafseer/20/17",
    "section": "taahaa",
    "answers": [
      {
        "answer": "نوحٌ، وإسماعيلُ، وإسحاقُ، وعِيسَى، ومُحمَّدٌ عليهم الصلاةُ والسلامُ",
        "t": 0
      },
      {
        "answer": "نوحٌ، وإبراهيمُ، ومُوسَى، وعِيسَى، ومُحمَّدٌ عليهم الصلاةُ والسلامُ",
        "t": 1
      },
      {
        "answer": "نوحٌ، وإبراهيمُ، ويَعقوبُ، ويُوسفُ، ومُحمَّدٌ عليهم الصلاةُ والسلامُ",
        "t": 0
      }
    ]
  },
  {
    "id": 1156,
    "q": "قَولُه تَعالَى: {وَلَمْ تَرْقُبْ} مَعنَى {تَرْقُبْ}",
    "level": 1,
    "link": "https://dorar.net/tafseer/20/12",
    "section": "taahaa",
    "answers": [
      {
        "answer": "تَعلَمُ وتَعرِفُ",
        "t": 0
      },
      {
        "answer": "تُرْاعِي وتحفَظُ",
        "t": 1
      },
      {
        "answer": "تُرسِلُ مَن يُراقِبُ",
        "t": 0
      }
    ]
  },
  {
    "id": 1146,
    "q": "قولُ اللهِ تَعالَى: {وَمَا تِلْكَ بِيَمِينِكَ يَا مُوسَى * قَالَ هِيَ عَصَايَ أَتَوَكَّأُ عَلَيْهَا وَأَهُشُّ بِهَا عَلَى غَنَمِي وَلِيَ فِيهَا مَآَرِبُ أُخْرَى} يُستفادُ منه:",
    "level": 1,
    "link": "https://dorar.net/tafseer/20/3",
    "section": "taahaa",
    "answers": [
      {
        "answer": "أنَّ التَّوَكُّؤَ كان مِن سُنَنِ الأَنبِياءِ",
        "t": 0
      },
      {
        "answer": "جَوازُ الزِّيادةِ في الجَوابِ على ما في السُّؤالِ",
        "t": 1
      },
      {
        "answer": "أن للعَصاةِ فَوائِدَ كَثيرةً",
        "t": 0
      }
    ]
  },
  {
    "id": 1149,
    "q": "في قَولِه تَعالَى: {وَقَتَلْتَ نَفْسًا} المَقتُولُ هُنا هو:",
    "level": 1,
    "link": "https://dorar.net/tafseer/20/5",
    "section": "taahaa",
    "answers": [
      {
        "answer": "الرَّجُلُ القبطيُّ من آلِ فِرعَونَ",
        "t": 1
      },
      {
        "answer": "ساحِرٌ مِن بَنِي إِسرائِيلَ",
        "t": 0
      },
      {
        "answer": "رَجُلٌ مِن أَهلِ مَدْينَ",
        "t": 0
      }
    ]
  },
  {
    "id": 1143,
    "q": "قَولُه تَعالَى: {إِذْ رَأَى نَارًا فَقَالَ لِأَهْلِهِ امْكُثُوا إِنِّي آَنَسْتُ نَارًا} سافَرَ مُوسَى عَليهِ السَّلامُ في لَيلةٍ بارِدةٍ ظَلْماءَ من:",
    "level": 1,
    "link": "https://dorar.net/tafseer/20/2",
    "section": "taahaa",
    "answers": [
      {
        "answer": "مَدْينَ إلى بَيتِ المَقدِسِ",
        "t": 0
      },
      {
        "answer": "مَدْينَ إلى مِصرَ",
        "t": 1
      },
      {
        "answer": "نِينَوى إلى العِراقِ",
        "t": 0
      }
    ]
  },
  {
    "id": 1159,
    "q": "قَولُه تَعالَى: {وَكَذَلِكَ الْيَوْمَ تُنْسَى} مَعنَى {تُنسَى}",
    "level": 1,
    "link": "https://dorar.net/tafseer/20/18",
    "section": "taahaa",
    "answers": [
      {
        "answer": "تُترَكُ في العَذابِ",
        "t": 1
      },
      {
        "answer": "لا تُعرَف",
        "t": 0
      },
      {
        "answer": "تُمنَع مِن الكلامِ",
        "t": 0
      }
    ]
  },
  {
    "id": 1144,
    "q": "قال اللهُ تَعاَلى: {وَأَنَا اخْتَرْتُكَ فَاسْتَمِعْ لِمَا يُوحَى}. قال سُفيانُ بنُ عُيَينةَ: أوَّلُ العِلمِ:",
    "level": 1,
    "link": "https://dorar.net/tafseer/20/2",
    "section": "taahaa",
    "answers": [
      {
        "answer": "الصَّمتُ",
        "t": 0
      },
      {
        "answer": "الوَحيُ",
        "t": 0
      },
      {
        "answer": "الاستِماعُ",
        "t": 1
      }
    ]
  },
  {
    "id": 1145,
    "q": "قال اللهُ تَعاَلى: {إِنَّنِي أَنَا اللَّهُ لَا إِلَهَ إِلَّا أَنَا} أوَّلُ واجبٍ على المُكَلَّفينَ",
    "level": 1,
    "link": "https://dorar.net/tafseer/20/2",
    "section": "taahaa",
    "answers": [
      {
        "answer": "الصَّلاةُ",
        "t": 0
      },
      {
        "answer": "أنْ يَعلَموا أنَّه لا إلهَ إلا اللهُ وَحْدَه لا شَريكَ له",
        "t": 1
      },
      {
        "answer": "تَعلُّمُ أَحكامِ الحَلالِ والحَرامِ",
        "t": 0
      }
    ]
  }
]