[
  {
    "id": 1186,
    "q": "قولُه تَعالَى: {وَلِيَ فِيهَا مَآرِبُ أُخْرَى} لم يَقُل: «أُخَرُ»",
    "level": 3,
    "link": "https://dorar.net/tafseer/20/3",
    "section": "taahaa",
    "answers": [
      {
        "answer": "مُراعاةً لِلفَواصِلِ",
        "t": 1
      },
      {
        "answer": "لأنَّها مُؤنَّثٌ",
        "t": 0
      },
      {
        "answer": "اتِّباعًا لِلُغةِ بَنِي إِسرائِيلَ",
        "t": 0
      }
    ]
  },
  {
    "id": 1184,
    "q": "في قَولِه تَعالَى: {فَلَمَّا أَتَاهَا نُودِيَ يَا مُوسَى * إِنِّي أَنَا رَبُّكَ فَاخْلَعْ نَعْلَيْكَ إِنَّكَ بِالْوَادِ الْمُقَدَّسِ طُوًى} حُجةٌ على مَن يقولُ:",
    "level": 3,
    "link": "https://dorar.net/tafseer/20/2",
    "section": "taahaa",
    "answers": [
      {
        "answer": "بخَلْقِ القُرآنِ، ويَزعُمُ أنَّ اللهَ لا يَجوزُ عَليهِ الكَلامُ",
        "t": 1
      },
      {
        "answer": "بإمامةِ عَليٍّ وأنَّه أَوْلى بالخِلافةِ من أبي بَكرٍ",
        "t": 0
      },
      {
        "answer": "بأنْ لا قَدرَ وأنَّ الأمْرَ أُنُفٌ",
        "t": 0
      }
    ]
  },
  {
    "id": 1185,
    "q": "قولُه تَعالَى: {وَهَلْ أَتَاكَ حَدِيثُ مُوسَى} (هل) في الاستِفهامِ تُفيدُ مَعنَى:",
    "level": 3,
    "link": "https://dorar.net/tafseer/20/2",
    "section": "taahaa",
    "answers": [
      {
        "answer": "النَّفيِ",
        "t": 0
      },
      {
        "answer": "التَّحقيقِ",
        "t": 1
      },
      {
        "answer": "التَّقريرِ",
        "t": 0
      }
    ]
  },
  {
    "id": 1190,
    "q": "في قَولِه تَعالَى: {اذْهَبَا إِلَى فِرْعَوْنَ إِنَّهُ طَغَى * فَقُولَا لَهُ قَوْلًا لَيِّنًا لَعَلَّهُ يَتَذَكَّرُ أَوْ يَخْشَى}:",
    "level": 3,
    "link": "https://dorar.net/tafseer/20/6",
    "section": "taahaa",
    "answers": [
      {
        "answer": "تَحذِيرٌ مِن الغَفلَةِ التي تُودِي بصَاحِبِها إلى مُعارَضَةِ سُنَنِ الله في خَلقِه",
        "t": 0
      },
      {
        "answer": "تَنبيهٌ على نِهايةِ تَعظيمِ حَقِّ الأبَوينِ لأنَّه عليه السلامُ كان قد ربَّاه فِرعَونُ، فأمَره أن يُخاطِبَه بالرِّفقِ؛ رِعايةً لتِلك الحُقوقِ",
        "t": 1
      },
      {
        "answer": "إِشارةٌ إلى الصَّبرِ الجَميلِ على الأَذَى في سَبيلِ دِينِ الله عزَّ وجلَّ",
        "t": 0
      }
    ]
  },
  {
    "id": 1182,
    "q": "قال تَعالَى: {الرَّحْمَنُ عَلَى الْعَرْشِ اسْتَوَى} ولم يَقُل: «استَوَى عَلى العَرشِ»:",
    "level": 3,
    "link": "https://dorar.net/tafseer/20/1",
    "section": "taahaa",
    "answers": [
      {
        "answer": "لإظهارِ عُلُوِّ العَرشِ",
        "t": 0
      },
      {
        "answer": "لإفادةِ الحَصرِ والتَّخصيصِ",
        "t": 1
      },
      {
        "answer": "للتَّأكيدِ على فِعلِ الاستِواءِ",
        "t": 0
      }
    ]
  },
  {
    "id": 1181,
    "q": "قَولُه تَعالَى: {تَنْزِيلًا مِمَّنْ خَلَقَ الْأَرْضَ وَالسَّمَاوَاتِ الْعُلَا} تَمَّ تَقديمُ الأرضِ في الذِّكرِ لكَونِها:",
    "level": 3,
    "link": "https://dorar.net/tafseer/20/1",
    "section": "taahaa",
    "answers": [
      {
        "answer": "أَكثرَ إِبداعًا للمُتَأَمِّلِ",
        "t": 0
      },
      {
        "answer": "خُلِقَت أوَّلًا",
        "t": 0
      },
      {
        "answer": "أقرَبَ إلى الحِسِّ",
        "t": 1
      }
    ]
  },
  {
    "id": 1192,
    "q": "قال تَعالَى: {فَأُلْقِيَ السَّحَرَةُ سُجَّدًا} ولم يَقُل: (فسَجَدوا):",
    "level": 3,
    "link": "https://dorar.net/tafseer/20/8",
    "section": "taahaa",
    "answers": [
      {
        "answer": "لأنَّ التَّعبيرِ بفِعلِ الإلقاءِ ثم السُّجودِ آكَدُ في الفِعلِيَّة مِن التعبيرِ بالسُّجودِ وَحدَه",
        "t": 0
      },
      {
        "answer": "لإظهارِ الحالِ المُعَبِّرَةِ عن صِدقِ السُّجودِ",
        "t": 0
      },
      {
        "answer": "أُسنِدَ الفِعلُ إلى المجهولِ؛ لأنَّهم لا مُلْقيَ لهم إلَّا أنفُسُهم",
        "t": 1
      }
    ]
  },
  {
    "id": 1197,
    "q": "قَولُه تَعالَى: {وَعَنَتِ الْوُجُوهُ لِلْحَيِّ الْقَيُّومِ} مَعنَى {الْقَيُّومِ}",
    "level": 3,
    "link": "https://dorar.net/tafseer/20/16",
    "section": "taahaa",
    "answers": [
      {
        "answer": "مَالِكُ يَومِ القِيامَةِ ومَليكُه",
        "t": 0
      },
      {
        "answer": "القائمُ بنَفسِه، المُقيمُ لِكُلِّ مَا سِوَاهُ",
        "t": 1
      },
      {
        "answer": "الذي لا يَغِيبُ عن مُلكِه شَيءٌ",
        "t": 0
      }
    ]
  },
  {
    "id": 1188,
    "q": "قولُه تَعالَى: {إِذْ أَوْحَيْنَا إِلَى أُمِّكَ مَا يُوحَى * أَنِ اقْذِفِيهِ فِي التَّابُوتِ فَاقْذِفِيهِ فِي الْيَمِّ} أبْهَم في أوَّلِ الأمرِ ثُمَّ فَصَّلَه في الآيةِ بَعدَها والغَرَضُ من ذلك:",
    "level": 3,
    "link": "https://dorar.net/tafseer/20/5",
    "section": "taahaa",
    "answers": [
      {
        "answer": "لتَفخيمِ أمْرِ المُبهَمِ وإعظامِه",
        "t": 1
      },
      {
        "answer": "للتَّخصِيصِ والحَصرِ",
        "t": 0
      },
      {
        "answer": "للتَّشوِيقِ إلى المَآلِ",
        "t": 0
      }
    ]
  },
  {
    "id": 1194,
    "q": "زِيادةُ {رَبِّ} في قولِه تَعالَى: {وَعَجِلْتُ إِلَيْكَ رَبِّ لِتَرْضَى}",
    "level": 3,
    "link": "https://dorar.net/tafseer/20/11",
    "section": "taahaa",
    "answers": [
      {
        "answer": "للاستِئناسِ بجانِبِ الرُّبُوبِيَّة",
        "t": 0
      },
      {
        "answer": "لأنَّه اسمُ اللهِ الأَعظَم الذي إذا دُعِيَ به أَجابَ وإذا سُئِلَ به أَعطَى",
        "t": 0
      },
      {
        "answer": "لمَزيدِ الضَّراعةِ والابتهالِ رغبةً في قَبولِ العُذْرِ",
        "t": 1
      }
    ]
  },
  {
    "id": 1191,
    "q": "مَعنَى قَولِه تعالى: {وَأَسَرُّوا النَّجْوَى}:",
    "level": 3,
    "link": "https://dorar.net/tafseer/20/7",
    "section": "taahaa",
    "answers": [
      {
        "answer": "أَصَرُّوا على كُفرِهِم وعِنادِهِم",
        "t": 0
      },
      {
        "answer": "تَجاذَبوا الحديثَ سِرًّا فيما بينَهم، وبالَغوا في إخفائِه مِن فِرعَونَ",
        "t": 1
      },
      {
        "answer": "أَشارَ بَعضُهم إلى بَعضٍ سِرًّ: أنِ انْجوا بأَنفُسِكُم",
        "t": 0
      }
    ]
  },
  {
    "id": 1199,
    "q": "قَولُه تَعالَى: {لَآيَاتٍ لِأُولِي النُّهَى} النُّهَى جمعٌ، مفردُه",
    "level": 3,
    "link": "https://dorar.net/tafseer/20/19",
    "section": "taahaa",
    "answers": [
      {
        "answer": "نُهاةٌ",
        "t": 0
      },
      {
        "answer": "نَاهِيَةٌ",
        "t": 0
      },
      {
        "answer": "نُهْيَةٌ",
        "t": 1
      }
    ]
  },
  {
    "id": 1183,
    "q": "في قَولِه تعالى: {وَهَلْ أَتَاكَ حَدِيثُ مُوسَى} بَدَأ بمُوسَى عَليهِ السَّلامُ مع أنَّه سيَذكُرُ له أنبياءَ آخَرين:",
    "level": 3,
    "link": "https://dorar.net/tafseer/20/2",
    "section": "taahaa",
    "answers": [
      {
        "answer": "لأنَّ المِحنةَ والفِتنةَ الحاصِلةَ له كانت أعظَمَ",
        "t": 1
      },
      {
        "answer": "لأنَّ أَخبار بني إِسرائِيلَ كانت أَشهَرَ عندَ العَربِ",
        "t": 0
      },
      {
        "answer": "لأنَّه أَقدَمُ المَذكُورِينَ وُجُودًا",
        "t": 0
      }
    ]
  },
  {
    "id": 1198,
    "q": "(تضمَّن اللهُ لِمَن قرأَ القُرآنَ، واتَّبعَ ما فيه ألَّا يَضِلَّ في الدُّنيا، ولا يَشقَى في الآخرةِ)، ثم تَلا هذه الآيةَ: {فَمَنِ اتَّبَعَ هُدَايَ فَلَا يَضِلُّ وَلَا يَشْقَى}). قائلُ هذه العِبارةِ هو:",
    "level": 3,
    "link": "https://dorar.net/tafseer/20/17",
    "section": "taahaa",
    "answers": [
      {
        "answer": "ابنُ عبَّاسٍ",
        "t": 1
      },
      {
        "answer": "أبو سَعيدٍ الخُدرِيُّ",
        "t": 0
      },
      {
        "answer": "ابنُ مَسعودٍ",
        "t": 0
      }
    ]
  },
  {
    "id": 1187,
    "q": "في قَولِه تَعالَى: {وَأَشْرِكْهُ فِي أَمْرِي} جاءَت قراءة: {وَأُشْرِكْهُ} بضَمِّ الهَمزةِ؛ وذلك على وَجْهِ:",
    "level": 3,
    "link": "https://dorar.net/tafseer/20/4",
    "section": "taahaa",
    "answers": [
      {
        "answer": "الطَّلَب",
        "t": 0
      },
      {
        "answer": "الدُّعاءِ",
        "t": 0
      },
      {
        "answer": "الإخبارِ",
        "t": 1
      }
    ]
  },
  {
    "id": 1196,
    "q": "قَولُه تَعالَى: {يَتَخَافَتُونَ بَيْنَهُمْ إِنْ لَبِثْتُمْ إِلَّا عَشْرًا} إذا ذُكِرَ العددُ دونَ مَعدودِه المُذَكَّرِ",
    "level": 3,
    "link": "https://dorar.net/tafseer/20/14",
    "section": "taahaa",
    "answers": [
      {
        "answer": "حُذِفَت منه التَّاءُ",
        "t": 0
      },
      {
        "answer": "جاز فيه الوَجهانِ؛ حَذفُ التَّاءِ، وذِكرُها",
        "t": 1
      },
      {
        "answer": "أُثبِتَت فيه التَّاءُ",
        "t": 0
      }
    ]
  },
  {
    "id": 1193,
    "q": "قَاله تَعالَى: {وَأَضَلَّ فِرْعَوْنُ قَوْمَهُ وَمَا هَدَى}\n- قولُه تَعالَى: {وَمَا هَدَى} تَقريرٌ لإضلالِه، وتأكيدٌ له:",
    "level": 3,
    "link": "https://dorar.net/tafseer/20/9",
    "section": "taahaa",
    "answers": [
      {
        "answer": "لإِظهارِ إِصرارِهِ على الإفسادِ في الأَرضِ وعَدمِ الإِصلاحِ",
        "t": 0
      },
      {
        "answer": "تَأكيدًا بُرهانِيًّا بمزَيدٍ مِن الأَدِلَّةِ والحُجَجِ",
        "t": 0
      },
      {
        "answer": "تأكيدًا لَفظيًّا بالمُرادِفِ، مُؤكِّدًا لنَفْيِ الهُدى عن فِرعونَ لقومِه",
        "t": 1
      }
    ]
  },
  {
    "id": 1189,
    "q": "في قَولِه تَعالَى: {قَالَ فَمَا بَالُ الْقُرُونِ الْأُولَى} عارَضَ فِرعَونُ الحُجَّةَ الَّتي قالها مُوسَى بـ:",
    "level": 3,
    "link": "https://dorar.net/tafseer/20/6",
    "section": "taahaa",
    "answers": [
      {
        "answer": "الدَّليلِ",
        "t": 0
      },
      {
        "answer": "التَّقليدِ",
        "t": 1
      },
      {
        "answer": "العَقلِ",
        "t": 0
      }
    ]
  },
  {
    "id": 1195,
    "q": "قَولُ اللهِ تَعالَى: {أَلَّا تَتَّبِعَنِ أَفَعَصَيْتَ أَمْرِي} هذه الآيةُ الكريمةُ تدلُّ على اقتضاءِ الأمرِ",
    "level": 3,
    "link": "https://dorar.net/tafseer/20/12",
    "section": "taahaa",
    "answers": [
      {
        "answer": "للإباحةِ",
        "t": 0
      },
      {
        "answer": "للنَّدبِ",
        "t": 0
      },
      {
        "answer": "للوُجوبِ",
        "t": 1
      }
    ]
  },
  {
    "id": 1200,
    "q": "قولُه تَعالَى: {أَوَلَمْ تَأْتِهِمْ بَيِّنَةُ مَا فِي الصُّحُفِ الْأُولَى} الاستِفهامُ",
    "level": 3,
    "link": "https://dorar.net/tafseer/20/20",
    "section": "taahaa",
    "answers": [
      {
        "answer": "حَقيقيٌّ",
        "t": 0
      },
      {
        "answer": "تَوبيخٌ لهم وإنكارٌ",
        "t": 1
      },
      {
        "answer": "تَقريريٌّ",
        "t": 0
      }
    ]
  }
]