[
  {
    "id": 1174,
    "q": "في قَولِه تَعالَى: {فَأَوْجَسَ فِي نَفْسِهِ خِيفَةً مُوسَى} الوَجْسُ هو:",
    "level": 2,
    "link": "https://dorar.net/tafseer/20/8",
    "section": "taahaa",
    "answers": [
      {
        "answer": "التَّرَدُّد والحِيرَةُ",
        "t": 0
      },
      {
        "answer": "الفَزَعُ",
        "t": 0
      },
      {
        "answer": "الصوت الخفي",
        "t": 1
      }
    ]
  },
  {
    "id": 1164,
    "q": "تَقديمُ المَجرورِ في قولِه تَعالَى: {لَهُ الْأَسْمَاءُ الْحُسْنَى}",
    "level": 2,
    "link": "https://dorar.net/tafseer/20/1",
    "section": "taahaa",
    "answers": [
      {
        "answer": "للاختِصاصِ",
        "t": 1
      },
      {
        "answer": "للعُمومِ",
        "t": 0
      },
      {
        "answer": "للتَّقريرِ",
        "t": 0
      }
    ]
  },
  {
    "id": 1165,
    "q": "قولُ اللهِ تَعالَى: {فَلَا يَصُدَّنَّكَ عَنْهَا مَنْ لَا يُؤْمِنُ بِهَا وَاتَّبَعَ هَوَاهُ فَتَرْدَى} فيه إشارةٌ إلى:",
    "level": 2,
    "link": "https://dorar.net/tafseer/20/2",
    "section": "taahaa",
    "answers": [
      {
        "answer": "أنَّ الباعِثَ الوَحيدَ على الكُفرِ هو الهَوَى",
        "t": 0
      },
      {
        "answer": "أنَّ كلَّ صَدٍّ عن سَبيلِ الله فهو مِن إِبليسَ",
        "t": 0
      },
      {
        "answer": "أنَّ مَن ترَكَ المُراقبةَ لَحظةً حادَ عنِ الدَّليلِ، ومَن حادَ عنِ الدَّليلِ هَلَك",
        "t": 1
      }
    ]
  },
  {
    "id": 1173,
    "q": "قال اللهُ تَعاَلى: {قَالَ مَوْعِدُكُمْ يَوْمُ الزِّينَةِ وَأَنْ يُحْشَرَ النَّاسُ ضُحًى} إنَّما واعَدَهم ذلك اليَومَ",
    "level": 2,
    "link": "https://dorar.net/tafseer/20/7",
    "section": "taahaa",
    "answers": [
      {
        "answer": "لأنَّه كان اليومُ الذي لا يَخرُج فيه فِرعونُ، فأرادَ كَيْدَهُ بإخْراجِهِ",
        "t": 0
      },
      {
        "answer": "لِيَكونَ عُلُوُّ كلمةِ اللهِ، وظُهورُ دينِه،  على رُؤوسِ الأشهادِ",
        "t": 1
      },
      {
        "answer": "لأنَّه يومُ خُلُوِّ الجَميعِ مِن أَعمالِهم",
        "t": 0
      }
    ]
  },
  {
    "id": 1163,
    "q": "قولُه تَعالَى: {وَإِنْ تَجْهَرْ بِالْقَوْلِ فَإِنَّهُ يَعْلَمُ السِّرَّ وَأَخْفَى} طابَقَ الجَزاءُ الشَّرطَ",
    "level": 2,
    "link": "https://dorar.net/tafseer/20/1",
    "section": "taahaa",
    "answers": [
      {
        "answer": "نهْيًا عن الجَهْرِ",
        "t": 1
      },
      {
        "answer": "للرِّعايَةِ على الفاصِلَةِ",
        "t": 0
      },
      {
        "answer": "تَرغِيبًا في الجَزاءِ",
        "t": 0
      }
    ]
  },
  {
    "id": 1179,
    "q": "قال تَعالَى: {وَقَدْ آَتَيْنَاكَ مِنْ لَدُنَّا ذِكْرًا} سُمِّيَ القُرآنُ بالذِّكرِ لأنَّه:",
    "level": 2,
    "link": "https://dorar.net/tafseer/20/14",
    "section": "taahaa",
    "answers": [
      {
        "answer": "كِتابٌ ذَاكِرٌ؛ بمعنَى مَذكُور أي: مَتلُو",
        "t": 0
      },
      {
        "answer": "يَذكُرُ حَالَ المُؤمِنينَ وحَالَ الكافِرينَ في الدُّنيا ومَآلَهُم جَميعًا في الآخِرَةِ",
        "t": 0
      },
      {
        "answer": "يُذَكِّرُ أنواعَ آلاءِ اللهِ تَعالَى ونَعمائِه؛ ففيه التَّذكيرُ والمواعِظُ",
        "t": 1
      }
    ]
  },
  {
    "id": 1180,
    "q": "قَولُه تَعالَى: {فَيَذَرُهَا قَاعًا صَفْصَفًا} مَعنَى {قَاعًا}",
    "level": 2,
    "link": "https://dorar.net/tafseer/20/15",
    "section": "taahaa",
    "answers": [
      {
        "answer": "صَلبَةٌ",
        "t": 0
      },
      {
        "answer": "سَهلةٌ مُستويةٌ",
        "t": 1
      },
      {
        "answer": "عَميقةٌ كقاعِ البِحارِ",
        "t": 0
      }
    ]
  },
  {
    "id": 1168,
    "q": "قولُه تَعالَى: {كَيْ نُسَبِّحَكَ كَثِيرًا * وَنَذْكُرَكَ كَثِيرًا} قَدَّمَ التَّسبيحَ",
    "level": 2,
    "link": "https://dorar.net/tafseer/20/4",
    "section": "taahaa",
    "answers": [
      {
        "answer": "لأنَّ التسبيحَ لما كان ذِكرًا خاصًّا؛ لكونِه بالتَّنزيهِ الذي أعْلاه التَّوحيدُ؛ أتبعَه العامَّ",
        "t": 1
      },
      {
        "answer": "لإثباتِ الارتِقاءِ مِن العالِي إلى الأَعلَى",
        "t": 0
      },
      {
        "answer": "لأنَّه تَنزيهُه تَعالَى أَحَبُّ إليه مِن التَّسبِيحِ",
        "t": 0
      }
    ]
  },
  {
    "id": 1161,
    "q": "عنِ ابنِ مسعودٍ رَضيَ اللهُ عنه، قَالَ: (بَني إسرائيلَ، والكهفُ، ومريمُ، وطه، والأنبياءُ: هنَّ مِن العِتاقِ الأُوَلِ) مَعنَى العِتاقِ الأُوَلِ:",
    "level": 2,
    "link": "https://dorar.net/tafseer/20",
    "section": "taahaa",
    "answers": [
      {
        "answer": "من أواخِرِ ما نَزَل منَ القُرآنِ",
        "t": 0
      },
      {
        "answer": "من أوسَطِ ما نَزَل منَ القُرآنِ",
        "t": 0
      },
      {
        "answer": "مِن السُّوَرِ المتقدِّمِ نُزولُها",
        "t": 1
      }
    ]
  },
  {
    "id": 1176,
    "q": "مِن أعجَبِ ما ظاهِرُه الرَّجاءُ وهو شَديدُ التَّخويفِ، قولُه تَعالَى: {وَإِنِّي لَغَفَّارٌ لِمَنْ تَابَ وَآمَنَ وَعَمِلَ صَالِحًا ثُمَّ اهْتَدَى} :",
    "level": 2,
    "link": "https://dorar.net/tafseer/20/10",
    "section": "taahaa",
    "answers": [
      {
        "answer": "لأنَّ الاهتِداءَ لا يكونُ إلَّا للأَنبياءِ ومَن نَحَى نَحوَهُم؛ وهُم قَلِيلٌ",
        "t": 0
      },
      {
        "answer": "لأنَّه علَّق المغفرةَ على أربعةِ شُروطٍ، يَصعُبُ تَصحيحُها",
        "t": 1
      },
      {
        "answer": "لأنَّه أضمَرَ العَذابَ في داخِلِ المَغفِرةِ",
        "t": 0
      }
    ]
  },
  {
    "id": 1169,
    "q": "وفي قولِه تَعالَى: {وَأَلْقَيْتُ عَلَيْكَ مَحَبَّةً مِنِّي} نكَّرَ المحبَّةَ وأسْنَدَها إليه سُبحانَه لـ:",
    "level": 2,
    "link": "https://dorar.net/tafseer/20/5",
    "section": "taahaa",
    "answers": [
      {
        "answer": "ما في التَّنكيرِ منَ الفَخامةِ الذَّاتيَّةِ",
        "t": 0
      },
      {
        "answer": "ما في إسنادِها إليه منَ الفَخامةِ الإضافيَّةِ",
        "t": 0
      },
      {
        "answer": "جَميعُ ما سَبَق",
        "t": 1
      }
    ]
  },
  {
    "id": 1170,
    "q": "مَعنَى قَولِه تَعالَى: {أَعْطَى كُلَّ شَيْءٍ خَلْقَهُ}:",
    "level": 2,
    "link": "https://dorar.net/tafseer/20/6",
    "section": "taahaa",
    "answers": [
      {
        "answer": "أَعطَى أَنبِياءَهُ ورُسُلَهُ ما يُثبِتُ صِدْقَ دَعوتِهم",
        "t": 0
      },
      {
        "answer": "أعْطى خَليقتَه كلَّ شيءٍ يَحتاجونَ إليه",
        "t": 1
      },
      {
        "answer": "أَعطَى خَلقَه كُلَّهم رِزقَهُم؛ مُؤمِنَهم وكافِرَهم، إِنْسَهُم وجِنَّهُم",
        "t": 0
      }
    ]
  },
  {
    "id": 1175,
    "q": "قولُه تَعالَى: {فَغَشِيَهُمْ مِنَ الْيَمِّ مَا غَشِيَهُمْ} فيه إبهامٌ؛ والتَّعبيرُ بالاسمِ المُبهَم الذي هو المَوصولُ يدُلُّ على",
    "level": 2,
    "link": "https://dorar.net/tafseer/20/9",
    "section": "taahaa",
    "answers": [
      {
        "answer": "تَحقيرِ الأمرِ، ودَحْضِ شأنِه",
        "t": 0
      },
      {
        "answer": "تَعظيمِ الأمرِ، وتَفخيمِ شأنِه",
        "t": 1
      },
      {
        "answer": "التَّأكيدُ على فِعلِ الغَشَيانِ",
        "t": 0
      }
    ]
  },
  {
    "id": 1162,
    "q": "قَولُه تَعالَى: {تَنْزِيلًا مِمَّنْ خَلَقَ الْأَرْضَ وَالسَّمَاوَاتِ الْعُلَى} يُستفادُ منه:",
    "level": 2,
    "link": "https://dorar.net/tafseer/20/1",
    "section": "taahaa",
    "answers": [
      {
        "answer": "أنَّ \"العُلَى\" صِفَةٌ من صِفاتِ الله عزَّ وجلَّ ويُقصَدُ بها العُلُوُّ",
        "t": 0
      },
      {
        "answer": "تَفخيمٌ وتعظيمٌ لشأْنِ القُرآنِ",
        "t": 1
      },
      {
        "answer": "أنَّ الأرضَ بُنِيَت قبلَ السَّماواتِ",
        "t": 0
      }
    ]
  },
  {
    "id": 1177,
    "q": "في قَولِه تَعالَى: {أَفَلَا يَرَوْنَ أَلَّا يَرْجِعُ إِلَيْهِمْ قَوْلًا وَلَا يَمْلِكُ لَهُمْ ضَرًّا وَلَا نَفْعًا} دَليلٌ عَقليٌّ سَمعيٌّ على أنَّ:",
    "level": 2,
    "link": "https://dorar.net/tafseer/20/11",
    "section": "taahaa",
    "answers": [
      {
        "answer": "الإلهَ لا بُدَّ أن يَملِكَ لعابِدِه الضَّرَّ والنَّفعَ",
        "t": 0
      },
      {
        "answer": "الإلهَ لا بُدَّ أن يُكَلَّمَ ويتكَلَّمَ",
        "t": 0
      },
      {
        "answer": "جَميعُ ما سَبَق",
        "t": 1
      }
    ]
  },
  {
    "id": 1166,
    "q": "مَعنَى {مَآرِبُ} في قَولِه تَعالَى: {وَلِيَ فِيهَا مَآرِبُ أُخْرَى}:",
    "level": 2,
    "link": "https://dorar.net/tafseer/20/3",
    "section": "taahaa",
    "answers": [
      {
        "answer": "أسرارٌ",
        "t": 0
      },
      {
        "answer": "أَحوالٌ",
        "t": 0
      },
      {
        "answer": "حاجاتٌ",
        "t": 1
      }
    ]
  },
  {
    "id": 1171,
    "q": "قولُ اللهِ تَعالَى: {إِنَّنِي مَعَكُمَا أَسْمَعُ وَأَرَى} السَّمعُ والرُّؤيةُ هنا",
    "level": 2,
    "link": "https://dorar.net/tafseer/20/6",
    "section": "taahaa",
    "answers": [
      {
        "answer": "المَقصُود بهِما القُدرَةُ",
        "t": 0
      },
      {
        "answer": "سَمْعٌ ورؤيةٌ خاصَّانِ يَقتَضِيانِ النَّصرَ والتَّأييدَ والحِمايةَ مِن فِرعَونَ",
        "t": 1
      },
      {
        "answer": "سَمْعٌ ورؤيةٌ عامَّةٌ لجَميعِ الخَلقِ",
        "t": 0
      }
    ]
  },
  {
    "id": 1172,
    "q": "في قَولِه تَعالَى: {لَا تَخَافَا إِنَّنِي مَعَكُمَا أَسْمَعُ وَأَرَى} حُجَّةٌ على",
    "level": 2,
    "link": "https://dorar.net/tafseer/20/6",
    "section": "taahaa",
    "answers": [
      {
        "answer": "الحَدَّاديَّةِ والسُّروريَّةِ في تَأويلِهم صِفَتَيِ السَّمعِ والبَصَرِ",
        "t": 0
      },
      {
        "answer": "المُعتَزِلةِ والجهميَّةِ في تَأويلِهم صِفَتَيِ السَّمعِ والبَصَرِ",
        "t": 1
      },
      {
        "answer": "الشِّيعةِ والخَوارجِ في تَأويلِهم صِفَتَيِ السَّمعِ والبَصَرِ",
        "t": 0
      }
    ]
  },
  {
    "id": 1178,
    "q": "مَعنَى قَولِه تَعالَى: {فَإِنَّ لَكَ فِي الْحَيَاةِ أَنْ تَقُولَ ‌لَا ‌مِسَاسَ}:",
    "level": 2,
    "link": "https://dorar.net/tafseer/20/13",
    "section": "taahaa",
    "answers": [
      {
        "answer": "تَموتَ بمَرضِ المَسَاسِ؛ وهو مَرضٌ يُصِيبُ العَقلَ بالخَبَلِ",
        "t": 0
      },
      {
        "answer": "لا تَمسُّ النَّاسَ ولا يمَسُّونَك",
        "t": 1
      },
      {
        "answer": "أي: يَعلَقُ لِسانُه ولا يَمَسُّ حَلقَهُ فلا يَتكَلَّم",
        "t": 0
      }
    ]
  },
  {
    "id": 1167,
    "q": "قولُه تَعالَى: {وَلِيَ فِيهَا مَآَرِبُ أُخْرَى} الإيجازُ في هذه العِبارةِ هو من:",
    "level": 2,
    "link": "https://dorar.net/tafseer/20/3",
    "section": "taahaa",
    "answers": [
      {
        "answer": "نَظْمِ القُرآنِ لا مِن كَلامِ مُوسى عليه السَّلامُ",
        "t": 0
      },
      {
        "answer": "قَولِ مُوسى",
        "t": 0
      },
      {
        "answer": "كِلا القَولَينِ مُحتَمَلٌ",
        "t": 1
      }
    ]
  }
]