[
  {
    "id": 6933,
    "q": "كَلِمةُ (أولات) لا مُفرَدَ لها مِن لَفْظِها: وتُلحَق بــ:",
    "level": 2,
    "link": "https://dorar.net/arabia/64",
    "section": "al-nhw",
    "answers": [
      {
        "answer": "المُثَنَّى",
        "t": 0
      },
      {
        "answer": "جَمعِ المؤنَّثِ السَّالمِ",
        "t": 1
      },
      {
        "answer": "جَمعِ التَّكسيرِ",
        "t": 0
      }
    ]
  },
  {
    "id": 6930,
    "q": "هو ما دَلَّ على اثنَينِ أو اثنتَينِ بزيادةٍ في آخرهِ:",
    "level": 2,
    "link": "https://dorar.net/arabia/37",
    "section": "al-nhw",
    "answers": [
      {
        "answer": "جَمعُ التَّكسيرِ",
        "t": 0
      },
      {
        "answer": "الاسمُ المُؤنَّث",
        "t": 0
      },
      {
        "answer": "المُثنَّى",
        "t": 1
      }
    ]
  },
  {
    "id": 6926,
    "q": "جاءَ في تَعريفِ الحَرفِ أنَّه:",
    "level": 2,
    "link": "https://dorar.net/arabia/25",
    "section": "al-nhw",
    "answers": [
      {
        "answer": "ما يَلحَقُ بغَيرِه ولا يكونُ مُفردًا",
        "t": 0
      },
      {
        "answer": "كلُّ مَنطُوقٍ مُجرَّدٍ عن التَّوابِع",
        "t": 0
      },
      {
        "answer": "ما لا يَدُلُّ على معنًى في نفسِه ويَدُلُّ على معنًى في غيرِه",
        "t": 1
      }
    ]
  },
  {
    "id": 6938,
    "q": "مِن شُروطِ وُجوبِ تقدُّمِ المُبتَدَأِ على الخَبَرِ لَفظًا",
    "level": 2,
    "link": "https://dorar.net/arabia/290",
    "section": "al-nhw",
    "answers": [
      {
        "answer": "إذا كان المُبتدأُ مَقرُونًا بحَرفِ عِلَّةٍ",
        "t": 0
      },
      {
        "answer": "إذا كان المُبتدأُ غيرَ مُضافٍ",
        "t": 0
      },
      {
        "answer": "إذا كان كلٌّ مِن المُبتدأِ والخَبرِ مَعرِفتين",
        "t": 1
      }
    ]
  },
  {
    "id": 6935,
    "q": "الاسمُ المعْرَبُ المختومُ بألِفٍ لازِمةٍ؛ هو:",
    "level": 2,
    "link": "https://dorar.net/arabia/215",
    "section": "al-nhw",
    "answers": [
      {
        "answer": "المَقصُور",
        "t": 1
      },
      {
        "answer": "المَمْدُود",
        "t": 0
      },
      {
        "answer": "المُنادَى",
        "t": 0
      }
    ]
  },
  {
    "id": 6932,
    "q": "ينقَسِمُ جمْعُ التكسيرِ إلى:",
    "level": 2,
    "link": "https://dorar.net/arabia/46",
    "section": "al-nhw",
    "answers": [
      {
        "answer": "جَمعٍ صَريحٍ، وجَمعٍ مُؤَوَّلٍ ",
        "t": 0
      },
      {
        "answer": "جَمعِ مُذكَّرٍ، وجَمعِ مُؤنَّثٍ",
        "t": 0
      },
      {
        "answer": "جَمعِ قِلَّةٍ، وجَمعِ كَثرَةٍ",
        "t": 1
      }
    ]
  },
  {
    "id": 6929,
    "q": "يَنقسِمُ الاسمُ من حيثُ العدَدُ الدَّالُّ عليه، إلى:",
    "level": 2,
    "link": "https://dorar.net/arabia/32",
    "section": "al-nhw",
    "answers": [
      {
        "answer": "مُفردٍ وجُملَةٍ وشِبهِ جُملَةٍ",
        "t": 0
      },
      {
        "answer": "مُفرَدٍ ومُركَّبٍ ومَزيجٍ",
        "t": 0
      },
      {
        "answer": "مُفرَدٍ ومُثنَّى وجمْعٍ",
        "t": 1
      }
    ]
  },
  {
    "id": 6923,
    "q": "مِن مَعاني السِّين وسَوف التي تَدخُلُ على الفِعلِ المُضارِع:",
    "level": 2,
    "link": "https://dorar.net/arabia/22",
    "section": "al-nhw",
    "answers": [
      {
        "answer": "الاستِدلالُ",
        "t": 0
      },
      {
        "answer": "الاستِقبالُ",
        "t": 1
      },
      {
        "answer": "الإِكثارُ",
        "t": 0
      }
    ]
  },
  {
    "id": 6939,
    "q": "مِن شُروطِ حَذفِ الخَبرِ وُجوبًا:",
    "level": 2,
    "link": "https://dorar.net/arabia/299",
    "section": "al-nhw",
    "answers": [
      {
        "answer": "أن يكونَ المُبتدأُ نصًّا صَريحًا في القسَم",
        "t": 1
      },
      {
        "answer": "أنَّ يكونَ الخَبرُ مَجزُومًا بجازِمٍ مَحذُوفٍ",
        "t": 0
      },
      {
        "answer": "أنْ يكونَ المُبتدأُ مَعرِفةً",
        "t": 0
      }
    ]
  },
  {
    "id": 6940,
    "q": "تنوينُ المقابَلةِ هو:",
    "level": 2,
    "link": "https://dorar.net/arabia/15",
    "section": "al-nhw",
    "answers": [
      {
        "answer": "الذي يلْحَقُ جمْعَ المؤنَّثِ السَّالمَ",
        "t": 1
      },
      {
        "answer": "كلُّ تَنوينٍ جاءَ بعدَ مَحذُوفٍ",
        "t": 0
      },
      {
        "answer": "ما كانت فيهِ مُقابَلَةٌ بينَ نُونَيْنِ ساكِنَتَيْنِ",
        "t": 0
      }
    ]
  },
  {
    "id": 6925,
    "q": "تختصُّ ياءُ المخاطَبةِ بالدُّخولِ على:",
    "level": 2,
    "link": "https://dorar.net/arabia/22",
    "section": "al-nhw",
    "answers": [
      {
        "answer": "الفِعْلِ المضارعِ وفِعلِ الأمرِ",
        "t": 1
      },
      {
        "answer": "جَمعِ المُذَكَّرِ السَّالم",
        "t": 0
      },
      {
        "answer": "الأسماءِ الخَمسَة",
        "t": 0
      }
    ]
  },
  {
    "id": 6928,
    "q": "مِن أَقسامِ الحُروفِ التي تَشترِكُ فيها الأسماءُ والأَفعالُ:",
    "level": 2,
    "link": "https://dorar.net/arabia/27",
    "section": "al-nhw",
    "answers": [
      {
        "answer": "الحُروفُ المُتشابِهَةِ",
        "t": 0
      },
      {
        "answer": "حُروفُ القَسَمِ",
        "t": 0
      },
      {
        "answer": "حُروفُ العَطفِ",
        "t": 1
      }
    ]
  },
  {
    "id": 6936,
    "q": "سَببُ مَنعِ كَلمةِ (حَضْرَمَوت) مِن الصَّرفِ:",
    "level": 2,
    "link": "https://dorar.net/arabia/244",
    "section": "al-nhw",
    "answers": [
      {
        "answer": "الوَصْفِيَّة مع الوَزنِ",
        "t": 0
      },
      {
        "answer": "التَّأنِيثُ والعُجمَى",
        "t": 0
      },
      {
        "answer": "العَلَمِيَّة مع التَّركيبِ",
        "t": 1
      }
    ]
  },
  {
    "id": 6922,
    "q": "مِن عَلاماتِ الفِعْلِ دُخولُ (السِّين وسَوف) عليه؛ وهُما:",
    "level": 2,
    "link": "https://dorar.net/arabia/22",
    "section": "al-nhw",
    "answers": [
      {
        "answer": "تَختَصَّانِ بالفِعْلِ المُضارعِ المثْبَتِ",
        "t": 1
      },
      {
        "answer": "تَختَصَّانِ بفِعْلِ الأَمْرِ",
        "t": 0
      },
      {
        "answer": "تَختَصَّانِ بالفِعْلِ الماضي",
        "t": 0
      }
    ]
  },
  {
    "id": 6924,
    "q": "نونُ التوكيدِ تَلحَقُ بــ:",
    "level": 2,
    "link": "https://dorar.net/arabia/22",
    "section": "al-nhw",
    "answers": [
      {
        "answer": "المُضارعِ والأمرِ",
        "t": 1
      },
      {
        "answer": "الماضِي",
        "t": 0
      },
      {
        "answer": "جَمعِ التَّكسِير",
        "t": 0
      }
    ]
  },
  {
    "id": 6934,
    "q": "الإعرابُ هو:",
    "level": 2,
    "link": "https://dorar.net/arabia/129",
    "section": "al-nhw",
    "answers": [
      {
        "answer": "حَذفُ حُروفِ العِلَّة عند دُخولِ جازِمٍ أو ناصِبٍ على الكَلِم",
        "t": 0
      },
      {
        "answer": "تغييرُ أحوالِ أواخرِ الكَلِم لفظًا أو تقْديرًا",
        "t": 1
      },
      {
        "answer": "ضَبطُ مَباني الكَلِم بالحَركاتِ المُبيِّنَةِ للمَعنَى",
        "t": 0
      }
    ]
  },
  {
    "id": 6937,
    "q": "الجُملةُ التَّعليليَّةُ:",
    "level": 2,
    "link": "https://dorar.net/arabia/258",
    "section": "al-nhw",
    "answers": [
      {
        "answer": "هي التي تَقعُ في أثناءِ الكلامِ تعليلًا لِما قبلَها",
        "t": 1
      },
      {
        "answer": "هي ما كانت دَلالتُها لِعِلَّةٍ خَفِيَّة",
        "t": 0
      },
      {
        "answer": "هي التي تَبدأُ بحُروفِ العِلَّة",
        "t": 0
      }
    ]
  },
  {
    "id": 6921,
    "q": "مِن مَعاني (قد) التي تَدخُل على الفِعْل",
    "level": 2,
    "link": "https://dorar.net/arabia/22",
    "section": "al-nhw",
    "answers": [
      {
        "answer": "المُتابَعَة",
        "t": 0
      },
      {
        "answer": "الجَزْم",
        "t": 0
      },
      {
        "answer": "التَّقلِيل",
        "t": 1
      }
    ]
  },
  {
    "id": 6931,
    "q": "ينقَسِمُ الجمعُ السَّالمُ إلى:",
    "level": 2,
    "link": "https://dorar.net/arabia/46",
    "section": "al-nhw",
    "answers": [
      {
        "answer": "مُذكَّرٍ ومُؤنَّثٍ",
        "t": 1
      },
      {
        "answer": "جُملَةٍ وشِبهِ جُملَةٍ",
        "t": 0
      },
      {
        "answer": "اسْمٍ وفِعلٍ",
        "t": 0
      }
    ]
  },
  {
    "id": 6927,
    "q": "مِن أَقسامِ الحُروفِ المُختصَّةِ بالأفعالِ:",
    "level": 2,
    "link": "https://dorar.net/arabia/27",
    "section": "al-nhw",
    "answers": [
      {
        "answer": "حُروفُ الجَزمِ",
        "t": 1
      },
      {
        "answer": "حُروفُ الجَرِّ",
        "t": 0
      },
      {
        "answer": "حُروفُ النِّداءِ",
        "t": 0
      }
    ]
  }
]