[
  {
    "id": 6905,
    "q": "يَنْقَسِمُ الْكَلَامُ فِي اللُّغَةِ الْعَرَبِيَّةِ إلَى:",
    "level": 1,
    "link": "https://dorar.net/arabia/10",
    "section": "al-nhw",
    "answers": [
      {
        "answer": "مُفرَدٍ، ومُرَكَّبٍ",
        "t": 0
      },
      {
        "answer": "اسْمٍ، وَفِعلٍ، وَحرْفٍ",
        "t": 1
      },
      {
        "answer": "نَكِرَةٍ، ومَعرِفَةٍ، ومَزِيجٍ",
        "t": 0
      }
    ]
  },
  {
    "id": 6919,
    "q": "من المُلْحقات بالمُثَنَّى",
    "level": 1,
    "link": "https://dorar.net/arabia/41",
    "section": "al-nhw",
    "answers": [
      {
        "answer": "إِسْراء وصَحراء",
        "t": 0
      },
      {
        "answer": "غَيايا وسَجايا",
        "t": 0
      },
      {
        "answer": "كِلا وكِلْتا",
        "t": 1
      }
    ]
  },
  {
    "id": 6911,
    "q": "ما لا يتغَيَّرُ آخِرُه بتغيُّرِ العوامِلِ الدَّاخِلةِ عليه",
    "level": 1,
    "link": "https://dorar.net/arabia/129",
    "section": "al-nhw",
    "answers": [
      {
        "answer": "المُثَنَّى",
        "t": 0
      },
      {
        "answer": "المَبنِي",
        "t": 1
      },
      {
        "answer": "المُعرَب",
        "t": 0
      }
    ]
  },
  {
    "id": 6901,
    "q": "عِلمُ النَّحْو",
    "level": 1,
    "link": "https://dorar.net/arabia/4",
    "section": "al-nhw",
    "answers": [
      {
        "answer": "أُصولٌ يُتوصَّلُ بها لمَعرِفَة أَحوالِ أواخِرِ الكَلِمِ",
        "t": 1
      },
      {
        "answer": "عِلمٌ يُتوصَّلُ به لمَعرِفَة القَوافي",
        "t": 0
      },
      {
        "answer": "قَواعِدُ يُتوصَّلُ بها لمَعرِفَة مَعانِي الكَلامِ",
        "t": 0
      }
    ]
  },
  {
    "id": 6902,
    "q": "مِن ثَمراتِ عِلمِ النَّحْو",
    "level": 1,
    "link": "https://dorar.net/arabia/4",
    "section": "al-nhw",
    "answers": [
      {
        "answer": "تَحسِينُ الخَطِّ العَربيِّ",
        "t": 0
      },
      {
        "answer": "مَعرِفةُ القِراءَةِ والكِتابَةِ",
        "t": 0
      },
      {
        "answer": "صِيانةُ اللِّسانِ عن اللَّحْنِ والخَطَأِ ",
        "t": 1
      }
    ]
  },
  {
    "id": 6903,
    "q": "أوَّلُ مَن وَضَعَ قَواعِدَ عِلمِ النَّحْو",
    "level": 1,
    "link": "https://dorar.net/arabia/4",
    "section": "al-nhw",
    "answers": [
      {
        "answer": "أبو الأسوَدِ الدُّؤَليُّ",
        "t": 1
      },
      {
        "answer": "الخَليلُ بنُ أَحمدَ  الفَراهيديُّ",
        "t": 0
      },
      {
        "answer": "أبو عَمرِو بنُ العَلاءِ",
        "t": 0
      }
    ]
  },
  {
    "id": 6913,
    "q": "هي ما تألَّفت مِن مُبتَدَأٍ وخَبَرٍ",
    "level": 1,
    "link": "https://dorar.net/arabia/249",
    "section": "al-nhw",
    "answers": [
      {
        "answer": "الجُملَةُ التي لا مَحلَّ لها مِن الإِعرابِ",
        "t": 0
      },
      {
        "answer": "الجُمْلةُ الاسميَّةُ",
        "t": 1
      },
      {
        "answer": "الجُملَةُ الصُّغرَى",
        "t": 0
      }
    ]
  },
  {
    "id": 6904,
    "q": "تَعريفُ الكَلامِ اصطِلاحًا",
    "level": 1,
    "link": "https://dorar.net/arabia/7",
    "section": "al-nhw",
    "answers": [
      {
        "answer": "هو اللَّفظُ المركَّبُ المفيدُ بالوَضْعِ",
        "t": 1
      },
      {
        "answer": "هو المَعنَى الظَّاهِرُ الذي يَقصِدُه المُتكَلِّمُ",
        "t": 0
      },
      {
        "answer": "هو الحُروفُ والجُمَلُ التي يُستَغنَى بها عن الإِشارَةِ",
        "t": 0
      }
    ]
  },
  {
    "id": 6915,
    "q": "الجُملةُ الابتِدائيَّةُ",
    "level": 1,
    "link": "https://dorar.net/arabia/258",
    "section": "al-nhw",
    "answers": [
      {
        "answer": "هي التي تَبدأُ بحُروفِ القَسَمِ",
        "t": 0
      },
      {
        "answer": "هي ما اشتَملَت على مُبتدَأٍ وخَبرٍ",
        "t": 0
      },
      {
        "answer": "هي التي تكونُ في مُفتَتَحِ الكَلامِ",
        "t": 1
      }
    ]
  },
  {
    "id": 6909,
    "q": "تدخُلُ علامةُ: (قد) على",
    "level": 1,
    "link": "https://dorar.net/arabia/22",
    "section": "al-nhw",
    "answers": [
      {
        "answer": "الماضي والمضارِعِ",
        "t": 1
      },
      {
        "answer": "المُنادَى",
        "t": 0
      },
      {
        "answer": "فِعل الأمْر",
        "t": 0
      }
    ]
  },
  {
    "id": 6907,
    "q": "مِن عَلاماتِ الاسمِ",
    "level": 1,
    "link": "https://dorar.net/arabia/15",
    "section": "al-nhw",
    "answers": [
      {
        "answer": "الجَرُّ والتَّنوِينُ",
        "t": 1
      },
      {
        "answer": "قَبولُه لزِيادَةِ الواوِ والنُّونِ",
        "t": 0
      },
      {
        "answer": "دُخولُ حُروفِ الجَزْمِ عليهِ ",
        "t": 0
      }
    ]
  },
  {
    "id": 6914,
    "q": "كلمة رَمَضان وشَعْبان ممنوعة من الصرف لأنها:",
    "level": 1,
    "link": "https://dorar.net/arabia/244",
    "section": "al-nhw",
    "answers": [
      {
        "answer": "أشهر متتابعة",
        "t": 0
      },
      {
        "answer": "تنتهي بحرف النون",
        "t": 0
      },
      {
        "answer": "عَلَمِيَّة مع زيادةِ الأَلِفِ والنُّونِ",
        "t": 1
      }
    ]
  },
  {
    "id": 6912,
    "q": "تعريفُ الجُمْلةِ",
    "level": 1,
    "link": "https://dorar.net/arabia/247",
    "section": "al-nhw",
    "answers": [
      {
        "answer": "كلُّ لَفظٍ خُوطِبَ به آدمِيٌّ",
        "t": 0
      },
      {
        "answer": "الكَلامُ المُفيدُ في لَفظِه ومَعناهُ",
        "t": 0
      },
      {
        "answer": "كُلُّ كَلامٍ مُفِيدٍ مُسْتَقِلٍّ بِنَفسِهِ",
        "t": 1
      }
    ]
  },
  {
    "id": 6908,
    "q": "تَعريفُ الفِعْلِ",
    "level": 1,
    "link": "https://dorar.net/arabia/18",
    "section": "al-nhw",
    "answers": [
      {
        "answer": "كلُّ لَفظٍ دَلَّ على اثْنَينِ أو أَكثَر ",
        "t": 0
      },
      {
        "answer": "كلُّ لفظٍ دلَّ على مَكانٍ أو زَمانٍ أو حَالٍ",
        "t": 0
      },
      {
        "answer": "كلُّ لفظٍ دلَّ على معنًى فِي نَفسِه مُقترِنٍ بِزَمَان",
        "t": 1
      }
    ]
  },
  {
    "id": 6918,
    "q": "تنْوينُ العِوَضِ ",
    "level": 1,
    "link": "https://dorar.net/arabia/15",
    "section": "al-nhw",
    "answers": [
      {
        "answer": "هو ما يكونُ عِوَضًا عن التَّاءِ المَحذُوفَةِ في جمَع ِالمُؤنَّثِ السَّالمِ",
        "t": 0
      },
      {
        "answer": "هو ما يكونَ عِوَضًا عن حرْفٍ مَحْذوفٍ، أو كَلِمَةٍ، أو جُملَةٍ",
        "t": 1
      },
      {
        "answer": "هو ما يُعوَّضُ عن (ال) التَّعريف في الأَعلامِ والصِّفاتِ والأَحوالِ",
        "t": 0
      }
    ]
  },
  {
    "id": 6920,
    "q": "الاسمُ النَّكِرةِ هو:",
    "level": 1,
    "link": "https://dorar.net/arabia/69",
    "section": "al-nhw",
    "answers": [
      {
        "answer": "الاسمُ الشَّائعُ في جِنسِه ولا يَخُص واحِدًا بعينِه",
        "t": 1
      },
      {
        "answer": "الاسمُ الخالِي مِن أَنواعِ التَّعريفِ الثَّلاثَة",
        "t": 0
      },
      {
        "answer": "الاسمُ المُستَنكَرُ في لَفظِه أو مَعناهُ",
        "t": 0
      }
    ]
  },
  {
    "id": 6916,
    "q": "معنى الخبر اصطلاحا",
    "level": 1,
    "link": "https://dorar.net/arabia/276",
    "section": "al-nhw",
    "answers": [
      {
        "answer": "هو الجُزءُ الَّذي تتمُّ أو تحصُلُ به الفائدةُ مع المُبتَدَأِ",
        "t": 1
      },
      {
        "answer": "الخبر الصحيح",
        "t": 0
      },
      {
        "answer": "هو الكلام المسبوق بالنداء",
        "t": 0
      }
    ]
  },
  {
    "id": 6906,
    "q": "تَعريفُ الاسمِ اصطِلاحًا",
    "level": 1,
    "link": "https://dorar.net/arabia/13",
    "section": "al-nhw",
    "answers": [
      {
        "answer": "كَلِمةٌ دلَّت على معنًى في نفسِها ولم تقترِنْ بزمانٍ",
        "t": 1
      },
      {
        "answer": "العَلَمُ الظَّاهِرُ المُجرَّدُ مِن الوَصْفِ",
        "t": 0
      },
      {
        "answer": "ما دَلَّ على كَلامٍ مُفيدٍ",
        "t": 0
      }
    ]
  },
  {
    "id": 6910,
    "q": "أقسامُ الفِعلِ",
    "level": 1,
    "link": "https://dorar.net/arabia/20",
    "section": "al-nhw",
    "answers": [
      {
        "answer": "فِعْل أَصغَر، وفِعْل أَكبَر",
        "t": 0
      },
      {
        "answer": "ماضٍ، ومُضارِع، وأَمْر",
        "t": 1
      },
      {
        "answer": "مُفرَد، ومُركَّب، وجَمْع",
        "t": 0
      }
    ]
  },
  {
    "id": 6917,
    "q": "مِن أنواعُ الخَبَرِ",
    "level": 1,
    "link": "https://dorar.net/arabia/279",
    "section": "al-nhw",
    "answers": [
      {
        "answer": "الخَبرُ الصَّحيحُ",
        "t": 0
      },
      {
        "answer": "الخَبرُ الجُملَة",
        "t": 1
      },
      {
        "answer": "الخَبرُ المُقارَن",
        "t": 0
      }
    ]
  }
]