[
  {
    "id": 6950,
    "q": "مِن شُروطِ إعرابِ الأَسماءِ السِّتَّة بالحُروفِ:",
    "level": 3,
    "link": "https://dorar.net/arabia/181",
    "section": "al-nhw",
    "answers": [
      {
        "answer": "أن تكونَ على وَزنِ فُعَل",
        "t": 0
      },
      {
        "answer": "أن تكونَ مُعتلَّةَ الآخِرِ",
        "t": 0
      },
      {
        "answer": "أن تُضافَ إلى غيِر ياءِ المتكَلِّمِ",
        "t": 1
      }
    ]
  },
  {
    "id": 6952,
    "q": "مِن أَنواعِ المَمنُوعِ مِن الصَّرفِ:",
    "level": 3,
    "link": "https://dorar.net/arabia/244",
    "section": "al-nhw",
    "answers": [
      {
        "answer": "الأَفعالُ الجامِدَة",
        "t": 0
      },
      {
        "answer": "المُثَنَّى اللَّازِمُ غير المُتعَدِّي",
        "t": 0
      },
      {
        "answer": "العَلَمُ الأعجَمِيُّ الزَّائِدُ عن ثلاثةِ أحرُفٍ",
        "t": 1
      }
    ]
  },
  {
    "id": 6944,
    "q": "يَنقسِمُ الإِعرابُ إلى: ",
    "level": 3,
    "link": "https://dorar.net/arabia/170",
    "section": "al-nhw",
    "answers": [
      {
        "answer": "لَفْظيٍّ وتَقديريٍّ ومَحَلِّيٍّ",
        "t": 1
      },
      {
        "answer": "ظاهِرٍ ومُستَترٍ",
        "t": 0
      },
      {
        "answer": "مُتَّصلٍ ومُنفَصلٍ",
        "t": 0
      }
    ]
  },
  {
    "id": 6954,
    "q": "الاسمُ الصَّريحُ نَوعانِ:",
    "level": 3,
    "link": "https://dorar.net/arabia/264",
    "section": "al-nhw",
    "answers": [
      {
        "answer": "ظاهِرٌ، وضَميرٌ",
        "t": 1
      },
      {
        "answer": "جُملَةٌ، وشِبهُ جُملَةٍ",
        "t": 0
      },
      {
        "answer": "مُفردٌ، ومُضافٌ",
        "t": 0
      }
    ]
  },
  {
    "id": 6943,
    "q": "(أل) العَهْديَّةُ تنقَسِمُ إلى:",
    "level": 3,
    "link": "https://dorar.net/arabia/119",
    "section": "al-nhw",
    "answers": [
      {
        "answer": "العَهدِ الذِّكْريِّ، والعَهدِ الذِّهنيِّ، والعَهدِ الحُضوريِّ",
        "t": 1
      },
      {
        "answer": "العَهدِ المَكانِيِّ، والعَهدِ الزَّمانيِّ، والعَهدِ العُرفي",
        "t": 0
      },
      {
        "answer": "مُفردَةٍ، ومُركَّبَةٍ، ومَشمُولةٍ",
        "t": 0
      }
    ]
  },
  {
    "id": 6959,
    "q": "الجُملةُ الكُبرى هي:",
    "level": 3,
    "link": "https://dorar.net/arabia/251",
    "section": "al-nhw",
    "answers": [
      {
        "answer": "الجُملَةُ الاسميَّةُ التي خَبَرُها جُملةٌ",
        "t": 1
      },
      {
        "answer": "الجُملَةُ التي يُعطَفَ عليها بنَكِرة مَوصُوفَة",
        "t": 0
      },
      {
        "answer": "الجُملَةُ التي جَمعَت بين جُمَلةٍ اسمِيَّة وجُمَلةٍ فِعلِيَّة في مُبتَدأٍ وخَبرٍ",
        "t": 0
      }
    ]
  },
  {
    "id": 6946,
    "q": "مِن معاني (أل) الجِنسيَّة:",
    "level": 3,
    "link": "https://dorar.net/arabia/119",
    "section": "al-nhw",
    "answers": [
      {
        "answer": "أن تَشمَلَ طِباقًا يُبرِزُ المَعنى",
        "t": 0
      },
      {
        "answer": "أن تَدُلَّ على العَددِ لا المَعدُودِ",
        "t": 0
      },
      {
        "answer": "أن تكونَ لاستغراقِ جميعِ أفرادِ الجِنسِ",
        "t": 1
      }
    ]
  },
  {
    "id": 6947,
    "q": "مَعنى العَهدِ الذِّكْريِّ: ",
    "level": 3,
    "link": "https://dorar.net/arabia/119",
    "section": "al-nhw",
    "answers": [
      {
        "answer": "أنَّ الكَلِمةَ تُذكَرُ في الكلامِ مرَّةً نكرةً ومرةً معْرِفةً",
        "t": 1
      },
      {
        "answer": "أن يكونَ التّعريفُ والتَّنكِيرُ في السِّياقِ سَواءٌ",
        "t": 0
      },
      {
        "answer": "أن يكونَ المُعرَّفُ المَصحُوبُ بـ (أل) جامِدًا غيرَ مُشتَقٍّ",
        "t": 0
      }
    ]
  },
  {
    "id": 6948,
    "q": "الإعراب المَحَلِّيُّ هو:",
    "level": 3,
    "link": "https://dorar.net/arabia/176",
    "section": "al-nhw",
    "answers": [
      {
        "answer": "الإعرابُ التَّقدِيريُّ للجُمَلِ التي لا مَحَلَّ لها مِن الإعرابِ",
        "t": 0
      },
      {
        "answer": "تغيُّرٌ اعتباريٌّ فلا يكونُ ظاهِرًا ولا مُقَدَّرًا",
        "t": 1
      },
      {
        "answer": "ما يُسَلَّطَ عليه عامِلٌ مِن لَفْظِه",
        "t": 0
      }
    ]
  },
  {
    "id": 6960,
    "q": "(أل) التعريفيَّة: تدخُلُ على النَّكِرةِ فتُفيدُها:",
    "level": 3,
    "link": "https://dorar.net/arabia/119",
    "section": "al-nhw",
    "answers": [
      {
        "answer": "التَّوكيدَ",
        "t": 0
      },
      {
        "answer": "الاختِصاصَ",
        "t": 0
      },
      {
        "answer": "التَّعريفَ",
        "t": 1
      }
    ]
  },
  {
    "id": 6955,
    "q": "مِن مَواضِعِ حَذفِ المُبتَدَأِ جوازًا:",
    "level": 3,
    "link": "https://dorar.net/arabia/271",
    "section": "al-nhw",
    "answers": [
      {
        "answer": "بعد تمام المعنى",
        "t": 0
      },
      {
        "answer": "إذا كانت في محل جار ومجرور",
        "t": 0
      },
      {
        "answer": "في جوابِ الاستفهامِ",
        "t": 1
      }
    ]
  },
  {
    "id": 6956,
    "q": "ينقَسِمُ الخَبَرُ شِبهُ الجُملةِ إلى نوعَينِ:",
    "level": 3,
    "link": "https://dorar.net/arabia/285",
    "section": "al-nhw",
    "answers": [
      {
        "answer": "الظَّرف والجار والمَجرُور",
        "t": 1
      },
      {
        "answer": "الجامِد والمُشتَق",
        "t": 0
      },
      {
        "answer": "الظَّاهِر والمُستَتِر",
        "t": 0
      }
    ]
  },
  {
    "id": 6945,
    "q": "الاسمُ المقصورُ يجَب تنوينُه إذا: ",
    "level": 3,
    "link": "https://dorar.net/arabia/219",
    "section": "al-nhw",
    "answers": [
      {
        "answer": "كان آخِرُه مَكسورًا",
        "t": 0
      },
      {
        "answer": "كان في حالةِ وَصْلٍ",
        "t": 0
      },
      {
        "answer": "كان مجرَّدًا من (أل) والإضافةِ",
        "t": 1
      }
    ]
  },
  {
    "id": 6949,
    "q": "مِن أنواعُ الممنوعِ مِنَ الصَّرفِ:",
    "level": 3,
    "link": "https://dorar.net/arabia/242",
    "section": "al-nhw",
    "answers": [
      {
        "answer": "الأسماءُ المَوصولَة",
        "t": 0
      },
      {
        "answer": "كلُّ ما انتهَى بواوٍ ونُونٍ، أو ياءٍ ونُونٍ",
        "t": 0
      },
      {
        "answer": "صِيغةُ مُنْتهى الجُموعِ؛ وهو جمعُ التكسيرِ",
        "t": 1
      }
    ]
  },
  {
    "id": 6957,
    "q": "مِن مُسَوِّغاتِ الابتداءِ بالنَّكِرةِ:",
    "level": 3,
    "link": "https://dorar.net/arabia/266",
    "section": "al-nhw",
    "answers": [
      {
        "answer": "أن تكونَ النَّكِرةُ مُضافةً",
        "t": 1
      },
      {
        "answer": "أن تَقعَ بينَ عَلمَينِ",
        "t": 0
      },
      {
        "answer": "أن تكونَ نَكِرَةً أَعجَمِيَّة",
        "t": 0
      }
    ]
  },
  {
    "id": 6942,
    "q": "ينقَسِمُ الضَّميرُ المتَّصِلُ إلى",
    "level": 3,
    "link": "https://dorar.net/arabia/87",
    "section": "al-nhw",
    "answers": [
      {
        "answer": "المستَتِرُ وُجوبًا، والمستَتِرُ جَوازًا",
        "t": 1
      },
      {
        "answer": "مفرد وجمع",
        "t": 0
      },
      {
        "answer": "معرب ومبني",
        "t": 0
      }
    ]
  },
  {
    "id": 6941,
    "q": "ينقَسِمُ الضَّميرُ إلى: ",
    "level": 3,
    "link": "https://dorar.net/arabia/79",
    "section": "al-nhw",
    "answers": [
      {
        "answer": "ضَميرِ المتكلِّمِ والمُخاطَب والغائِبِ",
        "t": 1
      },
      {
        "answer": "ضَميرِ مُشتَقٍّ وغيرِ مُشتَقٍّ وجامِدٍ",
        "t": 0
      },
      {
        "answer": "ضَميرِ عاقِلٍ وغيرِ عاقلٍ",
        "t": 0
      }
    ]
  },
  {
    "id": 6951,
    "q": "يَلحَقُ تَنوينُ التَّمْكينِ بـ:",
    "level": 3,
    "link": "https://dorar.net/arabia/4019",
    "section": "al-nhw",
    "answers": [
      {
        "answer": "الأَسماءِ المُعْرَبةِ",
        "t": 1
      },
      {
        "answer": "جَمْعِ المؤنَّثِ السَّالمِ",
        "t": 0
      },
      {
        "answer": "الأَسماءِ المبنيَّةِ",
        "t": 0
      }
    ]
  },
  {
    "id": 6953,
    "q": "مِن الجُمَلِ الَّتي لا مَحَلَّ لَها مِنَ الإعرابِ:",
    "level": 3,
    "link": "https://dorar.net/arabia/258",
    "section": "al-nhw",
    "answers": [
      {
        "answer": "الجُملَةُ النَّاقِصَةُ",
        "t": 0
      },
      {
        "answer": "الجُملَةُ التَعبِيريَّةُ",
        "t": 0
      },
      {
        "answer": "الجُملَةُ الاستِئنافيَّةُ",
        "t": 1
      }
    ]
  },
  {
    "id": 6958,
    "q": "الجُملةُ الاعتراضيَّةُ هي:",
    "level": 3,
    "link": "https://dorar.net/arabia/4092",
    "section": "al-nhw",
    "answers": [
      {
        "answer": "هي الجُملَةُ التي تَعترِضُ بيْن شيئينِ مُتلازِمَينِ",
        "t": 1
      },
      {
        "answer": "الجُملَةُ التي تُعارِضُ ما سَبقَها مِن الجُمَلِ",
        "t": 0
      },
      {
        "answer": "الجُملَةُ التي تَعتَرِضُ بين المُضافِ والمُضافِ إليه لإِفادَةِ الاختِصاصِ",
        "t": 0
      }
    ]
  }
]