[
  {
    "id": 1806,
    "q": "أكلُ لَحمِ البَغلِ",
    "level": 1,
    "link": "https://www.dorar.net/feqhia/3467/الفرع-الثاني:-البغل",
    "section": "figh-atema",
    "answers": [
      {
        "answer": "مَكروهٌ",
        "t": 0
      },
      {
        "answer": "مُحرَّمٌ",
        "t": 1
      },
      {
        "answer": "حَلالٌ",
        "t": 0
      }
    ]
  },
  {
    "id": 1801,
    "q": "الأصلُ في جَميعِ الأشرِبةِ",
    "level": 1,
    "link": "https://www.dorar.net/feqhia/3355",
    "section": "figh-atema",
    "answers": [
      {
        "answer": "ليس هناك أصلٌ في الأشرِبةِ",
        "t": 0
      },
      {
        "answer": "الحِلُّ إلَّا ما وَرَد الدَّليلُ بحُرمَتِه",
        "t": 1
      },
      {
        "answer": "الحُرمةُ إلَّا ما وَرَد الأصلُ بحِلِّه",
        "t": 0
      }
    ]
  },
  {
    "id": 1813,
    "q": "شُربُ لبَنِ الأتانِ الأهليَّةِ",
    "level": 1,
    "link": "https://www.dorar.net/feqhia/3469",
    "section": "figh-atema",
    "answers": [
      {
        "answer": "مُحرَّمٌ",
        "t": 1
      },
      {
        "answer": "مَكروهٌ",
        "t": 0
      },
      {
        "answer": "حَلالٌ",
        "t": 0
      }
    ]
  },
  {
    "id": 1804,
    "q": "أكلُ لَحمِ الخِنزيرِ",
    "level": 1,
    "link": "https://www.dorar.net/feqhia/3460",
    "section": "figh-atema",
    "answers": [
      {
        "answer": "مُباح",
        "t": 0
      },
      {
        "answer": "مَكروهٌ",
        "t": 0
      },
      {
        "answer": "مُحرَّمٌ بالإجماعِ",
        "t": 1
      }
    ]
  },
  {
    "id": 1818,
    "q": "صَيدُ الحرَمِ النَّبَويِّ",
    "level": 1,
    "link": "https://www.dorar.net/feqhia/3516",
    "section": "figh-atema",
    "answers": [
      {
        "answer": "يُكرَهُ الصَّيدُ ولا يُكرَهُ الأكْلُ",
        "t": 0
      },
      {
        "answer": "يَحرُمُ الأكْلُ والصَّيدُ",
        "t": 1
      },
      {
        "answer": "يَحِلُّ الصَّيدُ ويُكرَهُ الأكْلُ",
        "t": 0
      }
    ]
  },
  {
    "id": 1814,
    "q": "غُرابُ الزَّرعِ",
    "level": 1,
    "link": "https://www.dorar.net/feqhia/3483",
    "section": "figh-atema",
    "answers": [
      {
        "answer": "يَحرُمُ أكْلُه",
        "t": 0
      },
      {
        "answer": "يُكرَهُ أكْلُه",
        "t": 0
      },
      {
        "answer": "يَجوزُ أكْلُه",
        "t": 1
      }
    ]
  },
  {
    "id": 1803,
    "q": "الخَمرُ المُتَّخَذةُ منَ العِنَبِ",
    "level": 1,
    "link": "https://www.dorar.net/feqhia/3362",
    "section": "figh-atema",
    "answers": [
      {
        "answer": "ما أسكَرَ كَثيرُها فحَرامٌ دونَ قَليلِها",
        "t": 0
      },
      {
        "answer": "قَليلُها وكَثيرُها حَرامٌ بالإجماعِ",
        "t": 1
      },
      {
        "answer": "قَليلُها وكَثيرُها مَكرُوهَة على الرَّاجِحِ",
        "t": 0
      }
    ]
  },
  {
    "id": 1808,
    "q": "أكلُ لَحمِ الدَّجاجِ",
    "level": 1,
    "link": "https://www.dorar.net/feqhia/3474/المطلب-الأول:-الدجاج",
    "section": "figh-atema",
    "answers": [
      {
        "answer": "مَكروهٌ",
        "t": 0
      },
      {
        "answer": "حَلالٌ بالإجماعِ",
        "t": 1
      },
      {
        "answer": "مُختَلَفٌ فيه",
        "t": 0
      }
    ]
  },
  {
    "id": 1807,
    "q": "أكلُ لَحمِ الثَّعلَبِ",
    "level": 1,
    "link": "https://www.dorar.net/feqhia/3471/المطلب-الرابع:-الثعلب",
    "section": "figh-atema",
    "answers": [
      {
        "answer": "مَكروهٌ",
        "t": 0
      },
      {
        "answer": "مُحرَّمٌ",
        "t": 1
      },
      {
        "answer": "حَلالٌ",
        "t": 0
      }
    ]
  },
  {
    "id": 1805,
    "q": "لَحمُ الحِمارِ الأهليِّ",
    "level": 1,
    "link": "https://www.dorar.net/feqhia/3465",
    "section": "figh-atema",
    "answers": [
      {
        "answer": "مَكروهٌ",
        "t": 0
      },
      {
        "answer": "مُحرَّمٌ",
        "t": 1
      },
      {
        "answer": "حَلالٌ",
        "t": 0
      }
    ]
  },
  {
    "id": 1815,
    "q": "أكْلُ ما لا دَمَ له مِنَ الحَشَراتِ",
    "level": 1,
    "link": "https://www.dorar.net/feqhia/3488",
    "section": "figh-atema",
    "answers": [
      {
        "answer": "يَحرُم أكْلُه",
        "t": 1
      },
      {
        "answer": "يُكرَه أكْلُه",
        "t": 0
      },
      {
        "answer": "يَجوز أكْلُه",
        "t": 0
      }
    ]
  },
  {
    "id": 1812,
    "q": "أكْلُ اليَربوعِ",
    "level": 1,
    "link": "https://www.dorar.net/feqhia/3451",
    "section": "figh-atema",
    "answers": [
      {
        "answer": "حَلالٌ",
        "t": 1
      },
      {
        "answer": "مُحرَّمٌ",
        "t": 0
      },
      {
        "answer": "مَكروهٌ",
        "t": 0
      }
    ]
  },
  {
    "id": 1820,
    "q": "الأطعِمةُ الطَّاهِرةُ غَيرُ المُضِرَّةِ",
    "level": 1,
    "link": "https://www.dorar.net/feqhia/3558",
    "section": "figh-atema",
    "answers": [
      {
        "answer": "يَجوزُ أكلُها",
        "t": 1
      },
      {
        "answer": "يَحرُم أَكلُها",
        "t": 0
      },
      {
        "answer": "يُكرَه أَكلُها",
        "t": 0
      }
    ]
  },
  {
    "id": 1802,
    "q": "الأصلُ في الأطعِمةِ",
    "level": 1,
    "link": "https://www.dorar.net/feqhia/3428",
    "section": "figh-atema",
    "answers": [
      {
        "answer": "لا أصْلَ في الأطعِمةِ؛ بل وَرَد الشَّرعُ بتَفصيلِ كلِّ الأطعِمةِ وأنواعِها",
        "t": 0
      },
      {
        "answer": "الحُرمةُ حتَّى يَقومَ دَليلٌ على الحِلِّ",
        "t": 0
      },
      {
        "answer": "الحِلُّ حتَّى يَقومَ الدَّليلُ على الحُرمةِ",
        "t": 1
      }
    ]
  },
  {
    "id": 1816,
    "q": "أكْلُ الوَزَغِ",
    "level": 1,
    "link": "https://www.dorar.net/feqhia/3499",
    "section": "figh-atema",
    "answers": [
      {
        "answer": "يَحرُمُ",
        "t": 1
      },
      {
        "answer": "يُكرَهُ",
        "t": 0
      },
      {
        "answer": "يَجوزُ",
        "t": 0
      }
    ]
  },
  {
    "id": 1809,
    "q": "أكْلُ ذَبائحِ بَهيمةِ الأنعامِ",
    "level": 1,
    "link": "https://www.dorar.net/feqhia/3435/المطلب-الأول:-أكل-بهيمة-الأنعام",
    "section": "figh-atema",
    "answers": [
      {
        "answer": "مَكروهٌ",
        "t": 0
      },
      {
        "answer": "جائزٌ",
        "t": 1
      },
      {
        "answer": "مُحرَّمٌ",
        "t": 0
      }
    ]
  },
  {
    "id": 1817,
    "q": "أكْلُ بَيضِ الجَلَّالةِ",
    "level": 1,
    "link": "https://www.dorar.net/feqhia/3507",
    "section": "figh-atema",
    "answers": [
      {
        "answer": "مُحرَّمٌ",
        "t": 1
      },
      {
        "answer": "جائزٌ",
        "t": 0
      },
      {
        "answer": "مَكروهٌ",
        "t": 0
      }
    ]
  },
  {
    "id": 1819,
    "q": "أكلُ الأرنَبِ",
    "level": 1,
    "link": "https://www.dorar.net/feqhia/3449",
    "section": "figh-atema",
    "answers": [
      {
        "answer": "حَرامٌ",
        "t": 0
      },
      {
        "answer": "حَلالٌ بالإجماعِ",
        "t": 1
      },
      {
        "answer": "مَكروهٌ",
        "t": 0
      }
    ]
  },
  {
    "id": 1811,
    "q": "الحِمارُ الوَحشيُّ إذا تَأنَّسَ",
    "level": 1,
    "link": "https://www.dorar.net/feqhia/3447",
    "section": "figh-atema",
    "answers": [
      {
        "answer": "كُرِه أكْلُه للشَّكِّ",
        "t": 0
      },
      {
        "answer": "يُباح أكْلُه",
        "t": 1
      },
      {
        "answer": "حَرُم أكلُه",
        "t": 0
      }
    ]
  },
  {
    "id": 1810,
    "q": "أكلُ البَطِّ والإوَزِّ والعَصافيرِ والحَمامِ",
    "level": 1,
    "link": "https://www.dorar.net/feqhia/3476",
    "section": "figh-atema",
    "answers": [
      {
        "answer": "يُكرَهُ العَصافيرُ دون البَطِّ والإوَزِّ والحَمامِ",
        "t": 0
      },
      {
        "answer": "يُكرَهُ البَطُّ والإوَزُّ، ولا يُكرَهُ العَصافيرُ والحَمامُ",
        "t": 0
      },
      {
        "answer": "حَلالٌ بالإجماعِ",
        "t": 1
      }
    ]
  }
]