[
  {
    "id": 1844,
    "q": "زَوالُ التَّحريمِ عنِ الجَلَّالةِ",
    "level": 3,
    "link": "https://www.dorar.net/feqhia/3509",
    "section": "figh-atema",
    "answers": [
      {
        "answer": "بعد ذَبحِها بشَهرٍ",
        "t": 0
      },
      {
        "answer": "إذا حُبِسَت عنِ النَّجاسةِ وأُطعِمَت منَ الطَّاهِرِ",
        "t": 1
      },
      {
        "answer": "لا يَزولُ الحُكمُ",
        "t": 0
      }
    ]
  },
  {
    "id": 1856,
    "q": "التَّداوي بعِلاجٍ فيه نِسبةٌ منَ الكُحُولِ",
    "level": 3,
    "link": "https://www.dorar.net/feqhia/3411/المطلب-الثاني:-التداوي-بأدوية-مشتملة-على-نسبة-من-الكحول",
    "section": "figh-atema",
    "answers": [
      {
        "answer": "مُحرَّمٌ",
        "t": 0
      },
      {
        "answer": "جائزٌ بشَرطِ أن تَكونَ النِّسبةُ قَليلةً وألَّا يَظهَرَ أثَرُه فيها",
        "t": 1
      },
      {
        "answer": "جائزٌ مطلقًا",
        "t": 0
      }
    ]
  },
  {
    "id": 1847,
    "q": "العُضوُ المَقطوعُ من مَأكولِ اللَّحمِ بأداةِ الصَّيدِ",
    "level": 3,
    "link": "https://www.dorar.net/feqhia/3525",
    "section": "figh-atema",
    "answers": [
      {
        "answer": "يَحرُمُ أكلُه",
        "t": 1
      },
      {
        "answer": "يُكرَهُ",
        "t": 0
      },
      {
        "answer": "يَحِلُّ أكلُه",
        "t": 0
      }
    ]
  },
  {
    "id": 1845,
    "q": "العُضوُ المَقطوعُ من مَأكولِ اللَّحمِ حالَ حَياتِه",
    "level": 3,
    "link": "https://www.dorar.net/feqhia/3519",
    "section": "figh-atema",
    "answers": [
      {
        "answer": "يَحِلُّ أكلُه بالإجماعِ",
        "t": 0
      },
      {
        "answer": "يَحرُمُ أكلُه بالإجماعِ",
        "t": 1
      },
      {
        "answer": "يَحِلُّ أكلُه إذا كان شَيئًا يَسيرًا",
        "t": 0
      }
    ]
  },
  {
    "id": 1855,
    "q": "حُكمُ مَضغِ القاتِ",
    "level": 3,
    "link": "https://www.dorar.net/feqhia/3405/المطلب-الثالث:-حكم-تناول-القات",
    "section": "figh-atema",
    "answers": [
      {
        "answer": "مُحرَّمٌ",
        "t": 1
      },
      {
        "answer": "مَكروهٌ",
        "t": 0
      },
      {
        "answer": "مُباحٌ",
        "t": 0
      }
    ]
  },
  {
    "id": 1848,
    "q": "أكلُ حَيوانِ البَحرِ الذي لا يَعيشُ إلَّا فيه",
    "level": 3,
    "link": "https://www.dorar.net/feqhia/3528",
    "section": "figh-atema",
    "answers": [
      {
        "answer": "يَجوزُ",
        "t": 1
      },
      {
        "answer": "يَجوزُ أكلُه إلَّا الحوتَ والقِرشَ",
        "t": 0
      },
      {
        "answer": "يَحرُمُ",
        "t": 0
      }
    ]
  },
  {
    "id": 1843,
    "q": "أكلُ الجَلَّالةِ وشُربُ لَبَنِها",
    "level": 3,
    "link": "https://www.dorar.net/feqhia/3505",
    "section": "figh-atema",
    "answers": [
      {
        "answer": "يَحرُمُ أكلُها وشُربُ لَبَنِها",
        "t": 1
      },
      {
        "answer": "يَجوزُ شُربُ لَبَنِها ولا يجوزُ أَكلُ لَحمِها",
        "t": 0
      },
      {
        "answer": "يَجوزُ أكلُ اللَّحمِ دونَ الدُّهنِ واللبَنِ",
        "t": 0
      }
    ]
  },
  {
    "id": 1858,
    "q": "التَّداوي بالأنْسولينِ الإنسانيِّ والبَقَريِّ",
    "level": 3,
    "link": "https://www.dorar.net/feqhia/3419/المبحث-الأول:-الأنسولين-الإنساني-والبقري",
    "section": "figh-atema",
    "answers": [
      {
        "answer": "مَكروهٌ",
        "t": 0
      },
      {
        "answer": "جائزٌ",
        "t": 1
      },
      {
        "answer": "مُحرَّمٌ",
        "t": 0
      }
    ]
  },
  {
    "id": 1846,
    "q": "أكلُ ما انفَصَل عنِ الحَيَوانِ بعد ذَبْحِه قبْلَ خُروجِ الرُّوحِ",
    "level": 3,
    "link": "https://www.dorar.net/feqhia/3521",
    "section": "figh-atema",
    "answers": [
      {
        "answer": "يَحرُمُ",
        "t": 0
      },
      {
        "answer": "يُكرَهُ",
        "t": 0
      },
      {
        "answer": "يَجوزُ",
        "t": 1
      }
    ]
  },
  {
    "id": 1859,
    "q": "التَّداوي بالأنْسولينِ المُستخلَصِ من حَيَوانِ الخِنزيرِ",
    "level": 3,
    "link": "https://www.dorar.net/feqhia/3421/المبحث-الثاني:-الأنسولين-الخنزيري",
    "section": "figh-atema",
    "answers": [
      {
        "answer": "جائزٌ مُطلَقًا",
        "t": 0
      },
      {
        "answer": "جائزٌ للضَّرورةِ، وبشَرطِ ألَّا يَكونَ هُناك دَواءٌ غَيرُه يَقومُ مَقامُه",
        "t": 1
      },
      {
        "answer": "مُحرَّمٌ مطلقًا",
        "t": 0
      }
    ]
  },
  {
    "id": 1849,
    "q": "السَّمَكُ إذا شُوِيَ حيًّا",
    "level": 3,
    "link": "https://www.dorar.net/feqhia/3530",
    "section": "figh-atema",
    "answers": [
      {
        "answer": "حَرُمَ أكلُه",
        "t": 0
      },
      {
        "answer": "كُرِه أكلُه",
        "t": 0
      },
      {
        "answer": "جازَ أكلُه",
        "t": 1
      }
    ]
  },
  {
    "id": 1852,
    "q": "أكلُ السُّلَحفاةِ",
    "level": 3,
    "link": "https://www.dorar.net/feqhia/3548",
    "section": "figh-atema",
    "answers": [
      {
        "answer": "مَكروهٌ",
        "t": 0
      },
      {
        "answer": "حَرامٌ",
        "t": 0
      },
      {
        "answer": "مُباحٌ",
        "t": 1
      }
    ]
  },
  {
    "id": 1860,
    "q": "شُربُ الدَّمِ المَسفوحِ وأكلُه",
    "level": 3,
    "link": "https://www.dorar.net/feqhia/3423/الفصل-الثاني:-الدم",
    "section": "figh-atema",
    "answers": [
      {
        "answer": "مُحرَّمٌ",
        "t": 1
      },
      {
        "answer": "مَكروهٌ",
        "t": 0
      },
      {
        "answer": "جائزٌ",
        "t": 0
      }
    ]
  },
  {
    "id": 1853,
    "q": "شُربُ الخَمرِ المُتَّخَذةِ من غَيرِ العِنَبِ",
    "level": 3,
    "link": "https://www.dorar.net/feqhia/3364",
    "section": "figh-atema",
    "answers": [
      {
        "answer": "مُباحٌ",
        "t": 0
      },
      {
        "answer": "حَرامٌ",
        "t": 1
      },
      {
        "answer": "مَكروهٌ",
        "t": 0
      }
    ]
  },
  {
    "id": 1851,
    "q": "أكلُ مَيتةِ السَّمَكِ غيرِ الطَّافي",
    "level": 3,
    "link": "https://www.dorar.net/feqhia/3535",
    "section": "figh-atema",
    "answers": [
      {
        "answer": "مُباحٌ بالإجماعِ",
        "t": 1
      },
      {
        "answer": "يَجوزُ أكلُه بشَرطِ حَداثةِ مَوتِه",
        "t": 0
      },
      {
        "answer": "لا يَجوزُ أكلُه",
        "t": 0
      }
    ]
  },
  {
    "id": 1857,
    "q": "التَّداوي بأدوِيةٍ مُشتَمِلةٍ على مَوادَّ مُخَدِّرةٍ",
    "level": 3,
    "link": "https://www.dorar.net/feqhia/3413/المطلب-الثالث:-التداوي-بأدوية-مشتملة-على-مواد-مخدرة",
    "section": "figh-atema",
    "answers": [
      {
        "answer": "مُحرَّمٌ",
        "t": 0
      },
      {
        "answer": "جائزٌ للضَّرورةِ",
        "t": 1
      },
      {
        "answer": "مَكروهٌ",
        "t": 0
      }
    ]
  },
  {
    "id": 1854,
    "q": "شُربُ الخَلِّ المُنقَلِبِ بنَفسِه عنِ الخَمرِ",
    "level": 3,
    "link": "https://www.dorar.net/feqhia/3377",
    "section": "figh-atema",
    "answers": [
      {
        "answer": "حَرامٌ بالإجماعِ",
        "t": 0
      },
      {
        "answer": "مَكروهٌ",
        "t": 0
      },
      {
        "answer": "مُباحٌ بالإجماعِ",
        "t": 1
      }
    ]
  },
  {
    "id": 1850,
    "q": "أكلُ ما قُطِعَ منَ السَّمَكِ وهو حَيٌّ",
    "level": 3,
    "link": "https://www.dorar.net/feqhia/3532",
    "section": "figh-atema",
    "answers": [
      {
        "answer": "مَكروهٌ",
        "t": 0
      },
      {
        "answer": "حَرامٌ",
        "t": 0
      },
      {
        "answer": "جائزٌ",
        "t": 1
      }
    ]
  },
  {
    "id": 1841,
    "q": "أكلُ مَيتةِ الجَرادِ",
    "level": 3,
    "link": "https://www.dorar.net/feqhia/3492",
    "section": "figh-atema",
    "answers": [
      {
        "answer": "يُكرَهُ",
        "t": 0
      },
      {
        "answer": "لا يَجوزُ أكلُه ميِّتًا أو مَذبوحًا",
        "t": 0
      },
      {
        "answer": "يَجوزُ وإنْ مات حَتفَ أنفِه",
        "t": 1
      }
    ]
  },
  {
    "id": 1842,
    "q": "أكلُ الدُّودِ المُتَوَلِّدِ في الطَّعامِ",
    "level": 3,
    "link": "https://www.dorar.net/feqhia/3497",
    "section": "figh-atema",
    "answers": [
      {
        "answer": "يَجوزُ",
        "t": 1
      },
      {
        "answer": "يُكرَهُ",
        "t": 0
      },
      {
        "answer": "يَحرُمُ",
        "t": 0
      }
    ]
  }
]