[
  {
    "id": 819,
    "q": "كانت دَعوةُ إبراهيمَ عليه السَّلامُ:",
    "level": 2,
    "link": " \nhttps://www.dorar.net/tafseer/14/10",
    "section": "ibraheem",
    "answers": [
      {
        "answer": "أن يُصلِحَ اللهُ أباهُ آزَرَ",
        "t": 0
      },
      {
        "answer": "أنْ يُنجِّي اللهُ أَهلَه مِن الوادي القَفرِ",
        "t": 0
      },
      {
        "answer": "أن يُجنِّبَه اللهُ وأهلَه الأصنامَ",
        "t": 1
      }
    ]
  },
  {
    "id": 811,
    "q": "مَعنى (اجتُثَّت) في قولِه تعالَى: {اجْتُثَّتْ مِنْ فَوْقِ الْأَرْضِ}:",
    "level": 2,
    "link": "https://www.dorar.net/tafseer/14/7",
    "section": "ibraheem",
    "answers": [
      {
        "answer": "استُؤصِلَت وقُطِعَت",
        "t": 1
      },
      {
        "answer": "أنْبَتَت واخْضرَّت",
        "t": 0
      },
      {
        "answer": "أوقعت ثمراتها فوق الأرض",
        "t": 0
      }
    ]
  },
  {
    "id": 808,
    "q": "أفاد قولُه تعالَى: {أَلَمْ تَرَ أَنَّ اللَّهَ خَلَقَ السَّمَوَاتِ وَالْأَرْضَ بِالْحَقِّ إِنْ يَشَأْ يُذْهِبْكُمْ وَيَأْتِ بِخَلْقٍ جَدِيدٍ}:",
    "level": 2,
    "link": "https://www.dorar.net/tafseer/14/5",
    "section": "ibraheem",
    "answers": [
      {
        "answer": "أنهَّ تعالَى ما خلَقَ هذا العالَمَ إلَّا لداعيةِ الحِكمةِ والصَّوابِ",
        "t": 1
      },
      {
        "answer": "أنَّ خَلْقَ السماواتِ والأرضِ كان قبلَ خَلْقِ الإنسانِ",
        "t": 0
      },
      {
        "answer": "أنَّ في الكَونِ خَلقًا جَديدًا لا يعلمُ كُنهَهُ إلَّا الله سُبحانه",
        "t": 0
      }
    ]
  },
  {
    "id": 810,
    "q": "دلَّ قولُه تعالَى: {خَالِدِينَ فِيهَا بِإِذْنِ رَبِّهِمْ تَحِيَّتُهُمْ فِيهَا سَلَامٌ} على:",
    "level": 2,
    "link": " \nhttps://www.dorar.net/tafseer/14/6",
    "section": "ibraheem",
    "answers": [
      {
        "answer": "أنَّ السَّلامَ والخُلود دائمًا مُتلازِمان في الجنَّة",
        "t": 0
      },
      {
        "answer": "أنَّ تَحيَّةَ أهلِ الجنَّةِ لبَعضٍ وتَحيَّةَ الملائكةِ لهم سَلامٌ",
        "t": 1
      },
      {
        "answer": "أنَّ لأهلِ الجنَّةِ تَحيَّةً خاصَّةً بهم",
        "t": 0
      }
    ]
  },
  {
    "id": 802,
    "q": "أنزَلَ اللهُ القرآنَ الكريمَ:",
    "level": 2,
    "link": "https://www.dorar.net/tafseer/14/1",
    "section": "ibraheem",
    "answers": [
      {
        "answer": "ليُخرِجَ الناسَ مِن ظُلماتِ الكُفرِ والمعاصي إلى نورِ الإيمانِ والطَّاعةِ",
        "t": 1
      },
      {
        "answer": "لإِعجازِ العَربِ أن يأتوا بمِثلِه",
        "t": 0
      },
      {
        "answer": "للدَّلالةِ على وَحدانِيَّتِه سُبحانه",
        "t": 0
      }
    ]
  },
  {
    "id": 801,
    "q": "من أهمِّ مَوضوعاتِ سُورةِ إبراهيمَ:",
    "level": 2,
    "link": "https://www.dorar.net/tafseer/14",
    "section": "ibraheem",
    "answers": [
      {
        "answer": "تَذكيرُ الناسِ بمآلِهِم يومَ القِيامَة",
        "t": 0
      },
      {
        "answer": "المُحاجاةُ بين الضُّعفاءِ والذين استَكْبروا",
        "t": 1
      },
      {
        "answer": "ذِكرُ غَزوةِ حُنَينٍ وما وقَعَ فيها من أحداثٍ",
        "t": 0
      }
    ]
  },
  {
    "id": 815,
    "q": "أفاد قولُه تعالَى: {قُلْ لِعِبَادِيَ الَّذِينَ آمَنُوا يُقِيمُوا الصَّلَاةَ وَيُنْفِقُوا مِمَّا رَزَقْنَاهُمْ سِرًّا وَعَلَانِيَةً مِنْ قَبْلِ أَنْ يَأْتِيَ يَوْمٌ لَا بَيْعٌ فِيهِ وَلَا خِلَالٌ}:",
    "level": 2,
    "link": " \nhttps://www.dorar.net/tafseer/14/8",
    "section": "ibraheem",
    "answers": [
      {
        "answer": "دَعوةَ المُشرِكين أن يَدخُلوا في دينِ اللهِ قبْلَ أن يُغلَقَ بابُ التَّوبةِ",
        "t": 0
      },
      {
        "answer": "نُدبةَ أولياءِ اللهِ إلى الإقبالِ عمَّا أعرَضَ عنه أعداؤه",
        "t": 1
      },
      {
        "answer": "وَصيَّةَ المؤمنينَ ألَّا يَدَّخِروا جُهدًا في الدَّعوةِ إلى اللهِ",
        "t": 0
      }
    ]
  },
  {
    "id": 807,
    "q": "مَعنى الجزَعِ في قولِه تعالَى: {سَوَاءٌ عَلَيْنَا أَجَزِعْنَا}:",
    "level": 2,
    "link": "https://www.dorar.net/tafseer/14/5",
    "section": "ibraheem",
    "answers": [
      {
        "answer": "الرضا بما قَضاهُ اللهُ",
        "t": 0
      },
      {
        "answer": "الحُزنُ الذي يَصرِفُ الإنسانَ عمَّا هو بصَددِه",
        "t": 1
      },
      {
        "answer": "السَّخطُ على قدَرِ اللهِ",
        "t": 0
      }
    ]
  },
  {
    "id": 814,
    "q": "المَقصودونُ بقولِه تعالَى: {أَلَمْ تَرَ إِلَى الَّذِينَ بَدَّلُوا نِعْمَتَ اللَّهِ كُفْرًا وَأَحَلُّوا قَوْمَهُمْ دَارَ الْبَوَارِ}:",
    "level": 2,
    "link": " \nhttps://www.dorar.net/tafseer/14/8",
    "section": "ibraheem",
    "answers": [
      {
        "answer": "اليهودُ",
        "t": 0
      },
      {
        "answer": "كُفَّارُ قُريشٍ",
        "t": 1
      },
      {
        "answer": "مُنافِقو المدينةِ",
        "t": 0
      }
    ]
  },
  {
    "id": 805,
    "q": "مَعنى (عاصف) في قولِه تعالَى: {اشْتَدَّتْ بِهِ الرِّيحُ فِي يَوْمٍ عَاصِفٍ}:",
    "level": 2,
    "link": "https://www.dorar.net/tafseer/14/4",
    "section": "ibraheem",
    "answers": [
      {
        "answer": "شَديدُ هُبوبِ الرِّيحِ",
        "t": 1
      },
      {
        "answer": "شَديدُ البَرْدِ",
        "t": 0
      },
      {
        "answer": "شَديدُ الحرارةِ",
        "t": 0
      }
    ]
  },
  {
    "id": 816,
    "q": "منَ الفَوائدِ التَّربويَّةِ التي في قولِه تعالَى: {أَلَمْ تَرَ إِلَى الَّذِينَ بَدَّلُوا نِعْمَتَ اللَّهِ كُفْرًا وَأَحَلُّوا قَوْمَهُمْ دَارَ الْبَوَارِ}:",
    "level": 2,
    "link": "https://www.dorar.net/tafseer/14/8",
    "section": "ibraheem",
    "answers": [
      {
        "answer": "إرشادُ المُؤمِنينَ إلى حُسنِ التَّوكُّلِ على اللهِ عزَّ وجلَّ",
        "t": 0
      },
      {
        "answer": "التَّحذيرُ من كُفرانِ النِّعمةِ وصَرفِها فيما لا يُرضي اللهَ",
        "t": 1
      },
      {
        "answer": "التَّنبِيهُ على خُطورةِ التَّقوَى فهي عَمودُ الدِّين",
        "t": 0
      }
    ]
  },
  {
    "id": 818,
    "q": "مَعنى (تَهْوي) في قولِه تعالَى: {فَاجْعَلْ أَفْئِدَةً مِنَ النَّاسِ تَهْوِي إِلَيْهِمْ}:",
    "level": 2,
    "link": "https://www.dorar.net/tafseer/14/10",
    "section": "ibraheem",
    "answers": [
      {
        "answer": "تُشفِق",
        "t": 0
      },
      {
        "answer": "تَميلُ",
        "t": 1
      },
      {
        "answer": "تَذهَب",
        "t": 0
      }
    ]
  },
  {
    "id": 812,
    "q": "المرادُ بالشَّجرةِ الطَّيِّبةِ:",
    "level": 2,
    "link": " \nhttps://www.dorar.net/tafseer/14/7",
    "section": "ibraheem",
    "answers": [
      {
        "answer": "الشَّجرةُ التي بايَعَ الصَّحابةُ تحتَها رَسولَ الله ﷺ",
        "t": 0
      },
      {
        "answer": "الكلامُ الذي تآلَفَ لفْظُه ومَعناه",
        "t": 0
      },
      {
        "answer": "كَلمةُ التَّوحيدِ",
        "t": 1
      }
    ]
  },
  {
    "id": 813,
    "q": "دلَّ قولُه تعالَى: {اجْتُثَّتْ مِنْ فَوْقِ الْأَرْضِ مَا لَهَا مِنْ قَرَارٍ} على أنَّ الكفْرَ:",
    "level": 2,
    "link": " \nhttps://www.dorar.net/tafseer/14/7",
    "section": "ibraheem",
    "answers": [
      {
        "answer": "لا يَثبُتُ ثُبوتًا نافعًا في قَلبِ صاحبهِ",
        "t": 1
      },
      {
        "answer": "يَجتَثُّ الكافرِينَ مِن الجنَّة فيَقذِفهُم في النَّار",
        "t": 0
      },
      {
        "answer": "مثله مثل ورق الشجر اليابس لا يثبت فوق الشجر",
        "t": 0
      }
    ]
  },
  {
    "id": 809,
    "q": "مُناسبةُ قولِه تعالَى: {وَقَالَ الشَّيْطَانُ لَمَّا قُضِيَ الْأَمْرُ}:",
    "level": 2,
    "link": " \nhttps://www.dorar.net/tafseer/14/6",
    "section": "ibraheem",
    "answers": [
      {
        "answer": "أنَّه تعالَى لمَّا تكلَّم عنِ النَّعيمِ الذي يَلقاهُ المؤمنون في الجنَّةِ، أعقَبَه بذِكرِ حالِ الكافرينَ مِن بابِ المُقابَلةِ",
        "t": 0
      },
      {
        "answer": "أنَّ اللهَ لمَّا أخبَرَ في الآيةِ السَّابقةِ عن حالِ الكافِرين في الدُّنيا، أعقَبَه بذِكرِ حالِهم في النارِ",
        "t": 0
      },
      {
        "answer": "أنَّ اللهَ تعالى لَمَّا ذكَرَ مُحاورةَ الأتباعِ لرُؤسائِهم الكَفَرةِ، ذكَرَ مُحاورةَ الشَّيطانِ وأتباعِه منَ الإنسِ",
        "t": 1
      }
    ]
  },
  {
    "id": 820,
    "q": "مَعنى (مُهطِعين) في قولِه تعالَى: {مُهْطِعِينَ مُقْنِعِي رُءُوسِهِمْ}:",
    "level": 2,
    "link": "https://www.dorar.net/tafseer/14/11",
    "section": "ibraheem",
    "answers": [
      {
        "answer": "واقِفين",
        "t": 0
      },
      {
        "answer": "مُسرِعين",
        "t": 1
      },
      {
        "answer": "خائِفِين",
        "t": 0
      }
    ]
  },
  {
    "id": 804,
    "q": "أشار قولُه تعالَى: {جَاءَتْهُمْ رُسُلُهُمْ بِالْبَيِّنَاتِ} أنَّ اللهَ أرسَلَ رُسلَه بالمُعجِزاتِ:",
    "level": 2,
    "link": " \nhttps://www.dorar.net/tafseer/14/3",
    "section": "ibraheem",
    "answers": [
      {
        "answer": "للدَّلالةِ على صِدقِ الرُّسلِ وصِحَّةِ دَعوتِهمُ الناسَ إلى تَوحيدِ اللهِ",
        "t": 1
      },
      {
        "answer": "لإظهارِ تَفضيلِ رُسلِه -عليهم السلامُ- على الناسِ",
        "t": 0
      },
      {
        "answer": "لبَيانِ عَظيمِ قُدرتِه سبحانه",
        "t": 0
      }
    ]
  },
  {
    "id": 817,
    "q": "دلَّ قولُه تعالَى: {إِنَّ الْإِنْسَانَ لَظَلُومٌ كَفَّارٌ} على  أنَّ الإنسانَ:",
    "level": 2,
    "link": "https://www.dorar.net/tafseer/14/9",
    "section": "ibraheem",
    "answers": [
      {
        "answer": "مَطبوعٌ على حُبِّ نَفسِه",
        "t": 0
      },
      {
        "answer": "عَظيمُ الظُّلمِ لنَفْسِه",
        "t": 1
      },
      {
        "answer": "جُبِلَ على الحِقدِ والحَسَد",
        "t": 0
      }
    ]
  },
  {
    "id": 803,
    "q": "مَعنى (يَسْتحيُون) في قولِه تعالَى: {وَيَسْتَحْيُونَ نِسَاءَكُمْ}:",
    "level": 2,
    "link": "https://www.dorar.net/tafseer/14/2",
    "section": "ibraheem",
    "answers": [
      {
        "answer": "يَذبَحون",
        "t": 0
      },
      {
        "answer": "يَقتُلون",
        "t": 0
      },
      {
        "answer": "يَسْتبْقُونَهنَّ أحياءً",
        "t": 1
      }
    ]
  },
  {
    "id": 806,
    "q": "شبَّه اللهُ تعالَى أعمالَ الكافرِ بالرَّماِد في:",
    "level": 2,
    "link": "https://www.dorar.net/tafseer/14/4",
    "section": "ibraheem",
    "answers": [
      {
        "answer": "تَفريقِه وطَيَرانِه في الرِّيحِ",
        "t": 1
      },
      {
        "answer": "عدمِ الانتفاعِ بِه",
        "t": 0
      },
      {
        "answer": "قُبحِ رِيحِه وسَوادِ قَلبِه",
        "t": 0
      }
    ]
  }
]