[
  {
    "id": 837,
    "q": "دَعا إبراهيمُ ربَّه أنْ يَجعَلَ مكَّةَ:",
    "level": 3,
    "link": "https://www.dorar.net/tafseer/14/10\n",
    "section": "ibraheem",
    "answers": [
      {
        "answer": "بلَدًا آمِنًا",
        "t": 1
      },
      {
        "answer": "بلَدًا ثَرِيًّا",
        "t": 0
      },
      {
        "answer": "بَلدًا واسعًا",
        "t": 0
      }
    ]
  },
  {
    "id": 831,
    "q": "دلَّ قولُه تعالَى: {وَيُضِلُّ اللَّهُ الظَّالِمِينَ وَيَفْعَلُ اللَّهُ مَا يَشَاءُ} على:",
    "level": 3,
    "link": "https://www.dorar.net/tafseer/14/7\n",
    "section": "ibraheem",
    "answers": [
      {
        "answer": "أنَّ أفعالَ اللهِ اختياريَّةٌ",
        "t": 1
      },
      {
        "answer": "أنَّ الله سُبحانه إذا أرادَ شَيئًا هَيَّأَ له أَسبابَ الكون",
        "t": 0
      },
      {
        "answer": "أنَّ الضَّلالَ يُؤدِّي إلى الظُّلمِ",
        "t": 0
      }
    ]
  },
  {
    "id": 822,
    "q": "تَقدَّمت صِفةُ العزيزِ في قولِه تعالَى: {وَهُوَ الْعَزِيزُ الْحَكِيمُ}:",
    "level": 3,
    "link": "https://www.dorar.net/tafseer/14/1\n",
    "section": "ibraheem",
    "answers": [
      {
        "answer": "لتَقدُّمِ ما دلَّ عليها",
        "t": 1
      },
      {
        "answer": "لانفِرادِ اللهِ تعالَى بها",
        "t": 0
      },
      {
        "answer": "لكَونِها أبلَغَ ممَّا بعدَها",
        "t": 0
      }
    ]
  },
  {
    "id": 830,
    "q": "في قولِه تعالَى: {وَمَثلُ كَلِمَةٍ خَبِيثَةٍ كَشَجَرَةٍ خَبِيثَةٍ...} من وُجوهِ البلاغةِ:",
    "level": 3,
    "link": "https://www.dorar.net/tafseer/14/7\n",
    "section": "ibraheem",
    "answers": [
      {
        "answer": "استِعارَة لَفظِيَّة",
        "t": 0
      },
      {
        "answer": "تَشبيهٌ تَمثيليٌّ",
        "t": 1
      },
      {
        "answer": "مَجازٌ عَقليٌّ",
        "t": 0
      }
    ]
  },
  {
    "id": 834,
    "q": "سَببُ تَسخيرِ الشَّمسِ والقمَرِ:",
    "level": 3,
    "link": "https://www.dorar.net/tafseer/14/9\n",
    "section": "ibraheem",
    "answers": [
      {
        "answer": "تَحقيقُ مَصالحِ العِبادِ",
        "t": 1
      },
      {
        "answer": "إظهارُ قُدرةِ اللهِ",
        "t": 0
      },
      {
        "answer": "تَخويفُ الناسِ بِهما",
        "t": 0
      }
    ]
  },
  {
    "id": 832,
    "q": "خُصِّص البَيعُ بالذِّكرِ في قولِه تعالَى: {مِنْ قَبْلِ أَنْ يَأْتِيَ يَوْمٌ لَا بَيْعٌ فِيهِ وَلَا خِلَالٌ}:",
    "level": 3,
    "link": "https://www.dorar.net/tafseer/14/8\n",
    "section": "ibraheem",
    "answers": [
      {
        "answer": "لأنَّ الحياةَ لا تَنتظِمُ إلا به",
        "t": 0
      },
      {
        "answer": "للإيجازِ، مع المُبالَغةِ في نَفيِ العَقدِ",
        "t": 1
      },
      {
        "answer": "لأنَّه أنفَعُ الأشياءِ للناسِ",
        "t": 0
      }
    ]
  },
  {
    "id": 829,
    "q": "الاستفهامُ في قولِه تعالَى: {فَهَلْ أَنْتُمْ مُغْنُونَ عَنَّا نَصِيبًا مِنَ النَّارِ}:",
    "level": 3,
    "link": "https://www.dorar.net/tafseer/14/5\n",
    "section": "ibraheem",
    "answers": [
      {
        "answer": "للتَّحضِيضِ والحَثِّ",
        "t": 0
      },
      {
        "answer": "للتَّبكيتِ والتَّوبيخِ",
        "t": 1
      },
      {
        "answer": "للتَّقريرِ",
        "t": 0
      }
    ]
  },
  {
    "id": 840,
    "q": "في قولِه تعالَى: {لَا يَرْتَدُّ إِلَيْهِمْ طَرْفُهُمْ}:",
    "level": 3,
    "link": "https://www.dorar.net/tafseer/14/11\n",
    "section": "ibraheem",
    "answers": [
      {
        "answer": "تَشبِيه تَمثِيلي لإفادَةِ التَّوبِيخ",
        "t": 0
      },
      {
        "answer": "كِنايةٌ عن هَولِ ما شاهَدوه",
        "t": 1
      },
      {
        "answer": "التِفاتٌ مِن الخِطابِ إلى الغَيْبَة",
        "t": 0
      }
    ]
  },
  {
    "id": 824,
    "q": "أشار قولُه تعالَى: {وَمَا أَرْسَلْنَا مِنْ رَسُولٍ إِلَّا بِلِسَانِ قَوْمِهِ لِيُبَيِّنَ لَهُمْ} إلى:",
    "level": 3,
    "link": "https://www.dorar.net/tafseer/14/2\n",
    "section": "ibraheem",
    "answers": [
      {
        "answer": "أنَّ جَميعَ الأَنبياءِ كانوا يَتحدَّثُون العَربيَّة فهي لُغةُ الوَحْيِ",
        "t": 0
      },
      {
        "answer": "أنَّه يَنبَغي للمُسلِمين أنْ يُترجِموا الشَّريعةَ إلى لُغةِ مَن يُخاطِبون بها؛ حتى تَتِمَّ الحُجةُ",
        "t": 1
      },
      {
        "answer": "أنَّ مَن لا يَتكلَّم العربيةَ لا تقومُ عليه الحُجَّة",
        "t": 0
      }
    ]
  },
  {
    "id": 821,
    "q": "دلَّ حَرفُ الظَّرفيةِ (في) في قولِه تعالَى: {فِي ضَلَالٍ بَعِيدٍ} على:",
    "level": 3,
    "link": "https://www.dorar.net/tafseer/14/1\n",
    "section": "ibraheem",
    "answers": [
      {
        "answer": "أنَّ الضَّلالَ مُحيطٌ بالكافِرين وجَلْبَبَهم بسَوادِه",
        "t": 1
      },
      {
        "answer": "ضَعْفِ قُلوبِ الكافرين وقِلَّةِ يَقينِهم",
        "t": 0
      },
      {
        "answer": "عدَمِ رَغبةِ الكافِرينَ فيما هُم فِيه",
        "t": 0
      }
    ]
  },
  {
    "id": 827,
    "q": "في قولِه تعالَى: {وَقَالَ الَّذِينَ كَفَرُوا لِرُسُلِهِمْ لَنُخْرِجَنَّكُمْ مِنْ أَرْضِنَا} نَسَبوا الأرضَ إلى أنفُسِهم:",
    "level": 3,
    "link": "https://www.dorar.net/tafseer/14/4\n",
    "section": "ibraheem",
    "answers": [
      {
        "answer": "لزَعمِهم أنَّ الرُّسلَ لا حقَّ لهم فيها",
        "t": 1
      },
      {
        "answer": "تَوطِئةً لإخراجِهِم الرُّسُلَ مِنها",
        "t": 0
      },
      {
        "answer": "لأنَّهم أهلُها",
        "t": 0
      }
    ]
  },
  {
    "id": 839,
    "q": "دلَّ قولُه تعالَى: {رَبَّنَا اغْفِرْ لِي وَلِوَالِدَيَّ وَلِلْمُؤْمِنِينَ يَوْمَ يَقُومُ الْحِسَابُ} على:",
    "level": 3,
    "link": "https://www.dorar.net/tafseer/14/10\n",
    "section": "ibraheem",
    "answers": [
      {
        "answer": "انتفاعِ الميِّتِ بدُعاءِ الخلْقِ",
        "t": 1
      },
      {
        "answer": "أنَّ تَمامَ المَغفِرَة يكونُ يومَ الحِسابِ لا في الدُّنيا",
        "t": 0
      },
      {
        "answer": "أنَّ بِرَّ الوالدِين مِن سُنَنِ المُرسَلينَ",
        "t": 0
      }
    ]
  },
  {
    "id": 833,
    "q": "تَقدَّمَ السِّرُّ على العَلانيةِ في قولِه تعالَى: {وَيُنْفِقُوا مِمَّا رَزَقْنَاهُمْ سِرًّا وَعَلَانِيَةً}:",
    "level": 3,
    "link": "https://www.dorar.net/tafseer/14/8\n",
    "section": "ibraheem",
    "answers": [
      {
        "answer": "لخَفائه وعدَمِ ظُهورِه",
        "t": 0
      },
      {
        "answer": "لبُعدِه عن خَواطرِ الرِّياءِ",
        "t": 1
      },
      {
        "answer": "لمُراعاةِ التَّدرُّج البَياني",
        "t": 0
      }
    ]
  },
  {
    "id": 838,
    "q": "دلَّ دُعاءُ إبراهيمَ عليه السَّلامُ: {وَاجْنُبْنِي وَبَنِيَّ أَنْ نَعْبُدَ الْأَصْنَامَ} على:",
    "level": 3,
    "link": "https://www.dorar.net/tafseer/14/10\n",
    "section": "ibraheem",
    "answers": [
      {
        "answer": "إفراطِ خَوفِه على نفْسِه مَن الشِّرك",
        "t": 1
      },
      {
        "answer": "عدَمِ مُبالاتِه بالأصنامِ وعَبَدتِها",
        "t": 0
      },
      {
        "answer": "يَقينِ إبراهيمَ أنَّه لنْ يَقرَبَ الشِّركَ",
        "t": 0
      }
    ]
  },
  {
    "id": 826,
    "q": "في قولِه تعالَى: {فَيُضِلُّ اللَّهُ مَنْ يَشَاءُ وَيَهْدِي مَنْ يَشَاءُ وَهُوَ الْعَزِيزُ الْحَكِيمُ} رَدٌّ على:",
    "level": 3,
    "link": "https://www.dorar.net/tafseer/14/2\n",
    "section": "ibraheem",
    "answers": [
      {
        "answer": "المُعتزِلةِ",
        "t": 0
      },
      {
        "answer": "الجَبرِيَّةِ",
        "t": 0
      },
      {
        "answer": "القَدَرِيَّةِ",
        "t": 1
      }
    ]
  },
  {
    "id": 823,
    "q": "دلَّ تَعليلُ إنزالِ الكتابِ بالإخراجِ منَ الظُّلماتِ إلى النُّورِ على:",
    "level": 3,
    "link": "https://www.dorar.net/tafseer/14/1\n",
    "section": "ibraheem",
    "answers": [
      {
        "answer": "أنَّ الظُّلمَ ظُلُماتٌ يومَ القِيامَة",
        "t": 0
      },
      {
        "answer": "أنَّ أصلَ الإنسانِ وُجودُه في الظُّلُماتِ ثم يَهدِيه اللهُ إلى نُورِ الحَقِّ",
        "t": 0
      },
      {
        "answer": "أنَّ الهِدايةَ هي مُرادُ اللهِ تعالَى مِن الناسِ",
        "t": 1
      }
    ]
  },
  {
    "id": 836,
    "q": "قُدِّمَ الجارُّ والمَجرورُ في قولِه تعالَى: {وَأَنْزَلَ مِنَ السَّمَاءِ مَاءً}:",
    "level": 3,
    "link": "https://www.dorar.net/tafseer/14/9\n",
    "section": "ibraheem",
    "answers": [
      {
        "answer": "للتَّشريفِ والتَّشويقِ إلى المُؤخَّرِ",
        "t": 1
      },
      {
        "answer": "للتَّخصِيصِ والحَصر",
        "t": 0
      },
      {
        "answer": "لرِعايَةِ النَّظْمِ القُرآنِي",
        "t": 0
      }
    ]
  },
  {
    "id": 828,
    "q": "دلَّ قولُه تعالَى: {ذَلِكَ لِمَنْ خَافَ مَقَامِي وَخَافَ وَعِيدِ} على:",
    "level": 3,
    "link": "https://www.dorar.net/tafseer/14/4\n",
    "section": "ibraheem",
    "answers": [
      {
        "answer": "إِثباتِ صِفَة المَقامِ لله عزَّ وجلَّ",
        "t": 0
      },
      {
        "answer": "إِرشادِ المُؤمِنينَ إلى الخَوفِ والرَّجاءِ",
        "t": 0
      },
      {
        "answer": "أنَّ الخوْفَ مِن اللهِ يَستلزِمُ فِعلَ الواجِبِ",
        "t": 1
      }
    ]
  },
  {
    "id": 835,
    "q": "أفادتْ كَلمةُ (كُل) في قولِه تعالَى: {وَآتَاكُمْ مِنْ كُلِّ مَا سَأَلْتُمُوهُ}:",
    "level": 3,
    "link": "https://www.dorar.net/tafseer/14/9\n",
    "section": "ibraheem",
    "answers": [
      {
        "answer": "التَّقليلَ",
        "t": 0
      },
      {
        "answer": "التَّكثيرَ",
        "t": 1
      },
      {
        "answer": "التَّهويلَ",
        "t": 0
      }
    ]
  },
  {
    "id": 825,
    "q": "استَدلَّ العُلماءُ بقولِه تعالَى: {وَمَا أَرْسَلْنَا مِنْ رَسُولٍ إِلَّا بِلِسَانِ قَوْمِهِ لِيُبَيِّنَ لَهُمْ} على:",
    "level": 3,
    "link": "https://www.dorar.net/tafseer/14/2\n",
    "section": "ibraheem",
    "answers": [
      {
        "answer": "عدَمِ اشتراطِ أن تَكونَ خُطبةُ الجُمعةِ بالعَرَبيَّةِ",
        "t": 1
      },
      {
        "answer": "أنَّه يُشترَطُ أن تَكونَ خُطبةُ الجُمعةِ بالعربيَّةِ",
        "t": 0
      },
      {
        "answer": "أن القُرآن لا يُتلَى بغيرِ العَربيَّة",
        "t": 0
      }
    ]
  }
]