[
  {
    "id": 786,
    "q": "مَعنى (يَسومُونَكم) في قولِه تعالَى: {وَإِذْ نَجَّيْنَاكُمْ مِنْ آلِ فِرْعَوْنَ يَسُومُونَكُمْ سُوءَ الْعَذَابِ}:",
    "level": 1,
    "link": "https://www.dorar.net/tafseer/14/2",
    "section": "ibraheem",
    "answers": [
      {
        "answer": "يُولُونَكم ويَبغونكم",
        "t": 1
      },
      {
        "answer": "يُهَدِّدُونَكم",
        "t": 0
      },
      {
        "answer": "يُخرِجونكم",
        "t": 0
      }
    ]
  },
  {
    "id": 791,
    "q": "تَفسيرُ قولِه تعالَى: {وَبَرَزُوا لِلَّهِ جَمِيعًا}:",
    "level": 1,
    "link": "https://www.dorar.net/tafseer/14/5",
    "section": "ibraheem",
    "answers": [
      {
        "answer": "ظهَرَت أعمالُهم فلمْ يَستتِرْ منها شَيءٌ",
        "t": 0
      },
      {
        "answer": "ظهَروا جَميعًا مِن قُبورِهم للهِ وحْدَه يوْمَ القيامةِ مُجتمِعين",
        "t": 1
      },
      {
        "answer": "رجَعوا إلى اللهِ كلُّهم",
        "t": 0
      }
    ]
  },
  {
    "id": 798,
    "q": "مَعنى (البَوار) في قولِه تعالَى: {وَأَحَلُّوا قَوْمَهُمْ دَارَ الْبَوَارِ}:",
    "level": 1,
    "link": "https://www.dorar.net/tafseer/14/8",
    "section": "ibraheem",
    "answers": [
      {
        "answer": "الفَناء",
        "t": 0
      },
      {
        "answer": "النَّجاةُ",
        "t": 0
      },
      {
        "answer": "الهَلاكُ",
        "t": 1
      }
    ]
  },
  {
    "id": 788,
    "q": "أشار قولُه تعالَى: {وَعَلَى اللَّهِ فَلْيَتَوَكَّلِ الْمُؤْمِنُونَ} إلى:",
    "level": 1,
    "link": "https://www.dorar.net/tafseer/14/3",
    "section": "ibraheem",
    "answers": [
      {
        "answer": "أنَّ التَّوكُّل لا يَعنِي الأخذَ بالأسبابِ",
        "t": 0
      },
      {
        "answer": "أنَّ التَّوكُّلَ على اللهِ من مُقتضياتِ الإيمانِ",
        "t": 1
      },
      {
        "answer": "أنَّ الإيمانَ مِن ثَمراتِ التَّوكُّل على الله",
        "t": 0
      }
    ]
  },
  {
    "id": 787,
    "q": "سَببُ إرسالِ الرُّسلِ بألْسنةِ أقوامِهم:",
    "level": 1,
    "link": "https://www.dorar.net/tafseer/14/2",
    "section": "ibraheem",
    "answers": [
      {
        "answer": "ليُوضِّحوا لهم أمْرَ دينِهم",
        "t": 1
      },
      {
        "answer": "إعجازُ الناسِ وبَيانُ قُدرةِ اللهِ تعالَى",
        "t": 0
      },
      {
        "answer": "إظهارُ المِنحةِ الإلهيَّةِ التي مَنَحَها اللهُ إيَّاهم",
        "t": 0
      }
    ]
  },
  {
    "id": 799,
    "q": "مَعنى (دائبَينِ) في قولِه تعالَى: {وَسَخَّرَ لَكُمُ الشَّمْسَ وَالْقَمَرَ دَائِبَيْنِ}:",
    "level": 1,
    "link": "https://www.dorar.net/tafseer/14/9",
    "section": "ibraheem",
    "answers": [
      {
        "answer": "دائمَينِ",
        "t": 1
      },
      {
        "answer": "كَبيرَينِ",
        "t": 0
      },
      {
        "answer": "مُنيرَينِ",
        "t": 0
      }
    ]
  },
  {
    "id": 794,
    "q": "في قولِه تعالَى: {وَقَالَ الشَّيْطَانُ لَمَّا قُضِيَ الْأَمْرُ}، قال الشَّيطانُ هذا الكلامَ:",
    "level": 1,
    "link": " \nhttps://www.dorar.net/tafseer/14/6",
    "section": "ibraheem",
    "answers": [
      {
        "answer": "في البَرْزخِ",
        "t": 0
      },
      {
        "answer": "في الدُّنيا",
        "t": 0
      },
      {
        "answer": "في النَّارِ",
        "t": 1
      }
    ]
  },
  {
    "id": 790,
    "q": "مَعنى (مَحيص) في قولِه تعالَى: {مَا لَنَا مِنْ مَحِيصٍ}:",
    "level": 1,
    "link": " \nhttps://www.dorar.net/tafseer/14/5",
    "section": "ibraheem",
    "answers": [
      {
        "answer": "مَهرَب",
        "t": 1
      },
      {
        "answer": "عِقاب",
        "t": 0
      },
      {
        "answer": "هَلاك",
        "t": 0
      }
    ]
  },
  {
    "id": 782,
    "q": "من أهمِّ مقاصِدِ سُورةِ إبراهيم:",
    "level": 1,
    "link": "https://www.dorar.net/tafseer/14",
    "section": "ibraheem",
    "answers": [
      {
        "answer": "التَّرغيبُ في الصِّيامِ وذِكرُ أجْرِه",
        "t": 0
      },
      {
        "answer": "التَّذكيرُ بنِعَمِ اللهِ على النَّاسِ وتَحريضُهم على شُكرِها",
        "t": 1
      },
      {
        "answer": "ذِكرُ قَصَصِ الأنبياءِ لأخذِ العِبرةِ منها",
        "t": 0
      }
    ]
  },
  {
    "id": 781,
    "q": "سورةُ إبراهيمَ:",
    "level": 1,
    "link": "https://www.dorar.net/tafseer/14",
    "section": "ibraheem",
    "answers": [
      {
        "answer": "كلُّها مَدَنيةٌ",
        "t": 0
      },
      {
        "answer": "كلُّها مكِّيةٌ",
        "t": 0
      },
      {
        "answer": "كلُّها مكِّيةٌ إلَّا آيةً أو آيتَينِ",
        "t": 1
      }
    ]
  },
  {
    "id": 800,
    "q": "مَعنى (سَرابيلهم) في قولِه تعالَى: {سَرَابِيلُهُمْ مِنْ قَطِرَانٍ}:",
    "level": 1,
    "link": "https://www.dorar.net/tafseer/14/12",
    "section": "ibraheem",
    "answers": [
      {
        "answer": "قُمُصُهم",
        "t": 1
      },
      {
        "answer": "عَمائمُهم",
        "t": 0
      },
      {
        "answer": "سَراويلُهم",
        "t": 0
      }
    ]
  },
  {
    "id": 783,
    "q": "من مَوضوعاتِ سُورةِ إبراهيم:",
    "level": 1,
    "link": "https://www.dorar.net/tafseer/14",
    "section": "ibraheem",
    "answers": [
      {
        "answer": "ذِكرُ قِصَّةِ عِيسى عليه السَّلامُ وما لَقِيَه منَ اليهودِ",
        "t": 0
      },
      {
        "answer": "ذِكرُ قِصَّةِ النَّبيِّ صلَّى اللهُ عليه وسلَّم وصاحبِه في الغارِ",
        "t": 0
      },
      {
        "answer": "ذِكرُ قِصَّةِ مُوسى عليه السَّلامُ ونِعمةِ اللهِ على قَومِه؛ إذ أنجاهم مِن آلِ فِرعونَ",
        "t": 1
      }
    ]
  },
  {
    "id": 793,
    "q": "مَعنى (مُصرِخكم) في قولِه تعالَى: {مَا أَنَا بِمُصْرِخِكُمْ}:",
    "level": 1,
    "link": "https://www.dorar.net/tafseer/14/6",
    "section": "ibraheem",
    "answers": [
      {
        "answer": "مُهلِكُكم",
        "t": 0
      },
      {
        "answer": "مُنقِذُكم",
        "t": 1
      },
      {
        "answer": "خاذِلُكم",
        "t": 0
      }
    ]
  },
  {
    "id": 796,
    "q": "الغايةُ مِن ضرْبِ اللهِ الأمثالَ للناسِ:",
    "level": 1,
    "link": " \nhttps://www.dorar.net/tafseer/14/7",
    "section": "ibraheem",
    "answers": [
      {
        "answer": "ليتَذكَّروا حُجَّةَ اللهِ عليهم",
        "t": 1
      },
      {
        "answer": "أنْ يَتحاكَوا بها في مَجالسِهم",
        "t": 0
      },
      {
        "answer": "أنْ تَشيعَ بيْنهم وتَنتشِرَ",
        "t": 0
      }
    ]
  },
  {
    "id": 792,
    "q": "في قولِه تعالَى: {قَالُوا لَوْ هَدَانَا اللَّهُ لَهَدَيْنَاكُمْ} القائلون هُم:",
    "level": 1,
    "link": "https://www.dorar.net/tafseer/14/5",
    "section": "ibraheem",
    "answers": [
      {
        "answer": "القادةُ المَتبُوعُون",
        "t": 1
      },
      {
        "answer": "الأتباعُ",
        "t": 0
      },
      {
        "answer": "عامَّةُ الناسِ",
        "t": 0
      }
    ]
  },
  {
    "id": 797,
    "q": "الكلمةُ الخبيثةُ التي في قولِه تعالى: {وَمَثَلُ كَلِمَةٍ خَبِيثَةٍ كَشَجَرَةٍ خَبِيثَةٍ} هي:",
    "level": 1,
    "link": "https://www.dorar.net/tafseer/14/7",
    "section": "ibraheem",
    "answers": [
      {
        "answer": "كَلامُ الكَذِب",
        "t": 0
      },
      {
        "answer": "كَلمةُ الكفْرِ واعتقادُ الشِّركِ",
        "t": 1
      },
      {
        "answer": "المَكرُ والخِداع",
        "t": 0
      }
    ]
  },
  {
    "id": 784,
    "q": "افتُتِحَت هذه السُّورةُ بالحروفِ المقطَّعةِ:",
    "level": 1,
    "link": "https://www.dorar.net/tafseer/14/1",
    "section": "ibraheem",
    "answers": [
      {
        "answer": "لبَيانِ صِدقِ دَعوةِ النَّبيِّ ﷺ",
        "t": 0
      },
      {
        "answer": "لتَكذيبِ المُشرِكين",
        "t": 0
      },
      {
        "answer": "لبَيانِ إعجازِ القرآنِ",
        "t": 1
      }
    ]
  },
  {
    "id": 789,
    "q": "اشتَرَطَ الذين كَفَروا على رُسلِهِم لكيْ لا يُخرِجوهم مِن قَريتِهم:",
    "level": 1,
    "link": " \nhttps://www.dorar.net/tafseer/14/4",
    "section": "ibraheem",
    "answers": [
      {
        "answer": "أنْ يَعودوا في مِلَّتِهم",
        "t": 1
      },
      {
        "answer": "ألَّا يُقيمُوا الصلاةَ عَلانِيةً أمامَ المَلأِ",
        "t": 0
      },
      {
        "answer": "أنْ تكونَ دَعوتُهم للعَبيدِ والإماءِ فقط",
        "t": 0
      }
    ]
  },
  {
    "id": 795,
    "q": "أمَرَ إبليسُ أهلَ النَّارِ أنْ يُلْقوا باللَّومِ على:",
    "level": 1,
    "link": " \nhttps://www.dorar.net/tafseer/14/6",
    "section": "ibraheem",
    "answers": [
      {
        "answer": "على أنفُسِهم",
        "t": 1
      },
      {
        "answer": "على مَرَدَةِ الجِنِّ",
        "t": 0
      },
      {
        "answer": "على الرُّسلِ",
        "t": 0
      }
    ]
  },
  {
    "id": 785,
    "q": "الغايةُ مِن إنزالِ القرآنِ على النَّبيِّ صلَّى اللهُ عليه وسلَّم:",
    "level": 1,
    "link": " \nhttps://www.dorar.net/tafseer/14/1",
    "section": "ibraheem",
    "answers": [
      {
        "answer": "تَرغيبُ النَّاسِ في السَّعيِ في الأرضِ لطَلَبِ مَعاشِهم",
        "t": 0
      },
      {
        "answer": "إخراجُ الناسِ مِن ظُلُماتِ الكفْرِ والجَهلِ والمَعاصي إلى نورِ الإيمانِ والعِلمِ والطاعةِ",
        "t": 1
      },
      {
        "answer": "لنَشرِ الإسلامِ في رُبوعِ الأرضِ",
        "t": 0
      }
    ]
  }
]