[
  {
    "id": 2798,
    "q": "من شُروطِ صَلاةِ الخَوفِ",
    "level": 3,
    "link": "https://www.dorar.net/feqhia/1558",
    "section": "salah",
    "answers": [
      {
        "answer": "أنْ يكونَ الخَوفُ مِن شَيءٍ مُباحٍ",
        "t": 0
      },
      {
        "answer": "ألَّا يكونَ القِتالُ لَيلًا",
        "t": 0
      },
      {
        "answer": "أن يَكونَ القِتالُ مُباحًا كقِتالِ الكفَّارِ الحَربيِّينَ والبُغاةِ",
        "t": 1
      }
    ]
  },
  {
    "id": 2788,
    "q": "إذا فاتَ المارُّ بين المُصلِّي وسُترتِه ولم يُدرِكْه المُصلِّي\n ",
    "level": 3,
    "link": "https://www.dorar.net/feqhia/1054",
    "section": "salah",
    "answers": [
      {
        "answer": "يَجِبُ أن يَمشيَ إليه ويَدْفَعَه",
        "t": 0
      },
      {
        "answer": "له أن يَدْفَعَه إذا مرَّ بينَ يَدَيهِ، ولا يَمشيَ إليه إذا لم يُدرِكْه مِن مَوقفِه",
        "t": 1
      },
      {
        "answer": "يُستحَبُّ له أن يُعِيدَ الصَّلاةَ",
        "t": 0
      }
    ]
  },
  {
    "id": 2791,
    "q": "صلاةُ التَّسبيحِ (التَّسابيحِ)",
    "level": 3,
    "link": "https://www.dorar.net/feqhia/1263",
    "section": "salah",
    "answers": [
      {
        "answer": "مُستحَبَّةٌ باتِّفاقِ المَذاهبِ الفِقهيَّةِ الأربعةِ",
        "t": 0
      },
      {
        "answer": "واجِبةٌ في العُمُرِ مرَّةً",
        "t": 0
      },
      {
        "answer": "لا تُشرَعُ",
        "t": 1
      }
    ]
  },
  {
    "id": 2786,
    "q": "سؤالُ الوَسيلةِ والفَضيلةِ والمقامِ المَحمودِ للنبيِّ ﷺ",
    "level": 3,
    "link": "https://www.dorar.net/feqhia/765",
    "section": "salah",
    "answers": [
      {
        "answer": "غَيرُ مَشروعةٍ",
        "t": 0
      },
      {
        "answer": "مُستحبَّةٌ باتِّفاقِ المَذاهبِ الفِقهيَّةِ الأربعةِ",
        "t": 1
      },
      {
        "answer": "واجِبةٌ",
        "t": 0
      }
    ]
  },
  {
    "id": 2803,
    "q": "حُكمُ غُسلِ الميِّتِ الباغي وقاطِعِ الطَّريقِ",
    "level": 3,
    "link": "http://host1.octal.com.sa/feqhia/1926",
    "section": "salah",
    "answers": [
      {
        "answer": "مَكروهٌ",
        "t": 0
      },
      {
        "answer": "واجِبٌ",
        "t": 1
      },
      {
        "answer": "حَرامٌ",
        "t": 0
      }
    ]
  },
  {
    "id": 2794,
    "q": "إذا تَمالَأَ أهلُ بلدٍ على ترْكِ إظهارِ صلاةِ الجَماعةِ",
    "level": 3,
    "link": "https://dorar.net/feqhia/1327",
    "section": "salah",
    "answers": [
      {
        "answer": "قُوتِلوا باتِّفاقِ المَذاهبِ الفِقهيَّةِ الأربعةِ",
        "t": 1
      },
      {
        "answer": "يُهدَّدُونَ بالعُقوبةِ",
        "t": 0
      },
      {
        "answer": "يُعاملُون مُعاملَة أَهلِ الكِتابِ",
        "t": 0
      }
    ]
  },
  {
    "id": 2802,
    "q": "نَزْعُ ثِيابِ الميِّتِ عَقِبَ مَوتِه",
    "level": 3,
    "link": "http://host1.octal.com.sa/feqhia/1908",
    "section": "salah",
    "answers": [
      {
        "answer": "حَرامٌ",
        "t": 0
      },
      {
        "answer": "مُستحَبٌّ",
        "t": 1
      },
      {
        "answer": "مَكروهٌ",
        "t": 0
      }
    ]
  },
  {
    "id": 2787,
    "q": "وقتُ قيامِ المُصلِّينَ إذا أُقيمَتِ الصَّلاةُ والإمامُ داخِلَ المسجِدِ",
    "level": 3,
    "link": "https://www.dorar.net/feqhia/798",
    "section": "salah",
    "answers": [
      {
        "answer": "للمُصلِّي القيامُ متَى شاءَ، في أوَّلِ الإقامةِ، أو في أثنائِها، أو في نِهايتِها",
        "t": 1
      },
      {
        "answer": "لا يَقومُ المُصلِّي إلَّا بعدَ الانتِهاءِ منَ الإقامةِ",
        "t": 0
      },
      {
        "answer": "يَقومُ المُصلِّي في أوَّلِ الإقامةِ قَولًا واحِدًا",
        "t": 0
      }
    ]
  },
  {
    "id": 2784,
    "q": "مَن ترَكَ الصَّلاةَ جاحدًا لوجوبِها",
    "level": 3,
    "link": "https://www.dorar.net/feqhia/682",
    "section": "salah",
    "answers": [
      {
        "answer": "كافِرٌ",
        "t": 1
      },
      {
        "answer": "فاسِقٌ",
        "t": 0
      },
      {
        "answer": "مُسلِمٌ عاصٍ",
        "t": 0
      }
    ]
  },
  {
    "id": 2789,
    "q": "مَسْحُ الوجهِ باليَدَينِ بعدَ الفراغِ من القُنوتِ",
    "level": 3,
    "link": "https://www.dorar.net/feqhia/1255",
    "section": "salah",
    "answers": [
      {
        "answer": "مَكروهٌ",
        "t": 0
      },
      {
        "answer": "لا يُشرَعُ",
        "t": 1
      },
      {
        "answer": "واجِبٌ",
        "t": 0
      }
    ]
  },
  {
    "id": 2790,
    "q": "أفضلُ وقتٍ لصَلاةِ الضُّحى",
    "level": 3,
    "link": "https://www.dorar.net/feqhia/1261",
    "section": "salah",
    "answers": [
      {
        "answer": "عندَ ارتِفاعِ الشَّمسِ قِيدَ رُمحٍ بعدَ طلوعِها",
        "t": 0
      },
      {
        "answer": "قبلَ زَوالِ الشَّمسِ مُباشرةً",
        "t": 0
      },
      {
        "answer": "إذا علَتِ الشمسُ واشتدَّ حرُّها",
        "t": 1
      }
    ]
  },
  {
    "id": 2799,
    "q": "حُكمُ خُطبةِ الجُمُعةِ\n ",
    "level": 3,
    "link": "https://www.dorar.net/feqhia/1600",
    "section": "salah",
    "answers": [
      {
        "answer": "مُستحَبَّةٌ بالإجماعِ",
        "t": 0
      },
      {
        "answer": "شَرطٌ للجُمُعةِ ولا تَصِحُّ بدونِها",
        "t": 1
      },
      {
        "answer": "مُباحةٌ باتِّفاقِ المَذاهبِ الفِقهيَّةِ الأربعةِ",
        "t": 0
      }
    ]
  },
  {
    "id": 2801,
    "q": "إذا انتَهى الكُسوفُ أوِ الخُسوفُ أثناءَ الصَّلاةِ فإنَّه:",
    "level": 3,
    "link": "https://www.dorar.net/feqhia/1808",
    "section": "salah",
    "answers": [
      {
        "answer": "يُتمُّها خَفيفةً على صِفتِها",
        "t": 1
      },
      {
        "answer": "يُصَلِّيها على هَيئَتِها ولا يُخفِّفُ",
        "t": 0
      },
      {
        "answer": "يَفرغُ مِن صَلاتِه بالتَّسليمِ ولا يُكمِلُها",
        "t": 0
      }
    ]
  },
  {
    "id": 2797,
    "q": "مَن شَكَّ في قَدْرِ المسافةِ؛ هل هي مَسافةُ قَصْرٍ في الصَّلاة أمْ لا، فإنَّه:",
    "level": 3,
    "link": "https://www.dorar.net/feqhia/1453",
    "section": "salah",
    "answers": [
      {
        "answer": "يَقصُرُ، ويُستحَبُّ له الإتمامُ",
        "t": 0
      },
      {
        "answer": "لا يَقصُرُ، ويَجِبُ عَليهِ الإتمامُ",
        "t": 1
      },
      {
        "answer": "يُكرَهُ له أن يَقصُرَ",
        "t": 0
      }
    ]
  },
  {
    "id": 2785,
    "q": "الأذانُ والإقامةُ لصَلاةِ العِيدِ",
    "level": 3,
    "link": "https://www.dorar.net/feqhia/699",
    "section": "salah",
    "answers": [
      {
        "answer": "مُستحَبٌّ",
        "t": 0
      },
      {
        "answer": "غَيرُ مَشروعٍ",
        "t": 1
      },
      {
        "answer": "فَرضُ كِفايةٍ",
        "t": 0
      }
    ]
  },
  {
    "id": 2796,
    "q": "نيَّةُ الائتمامِ في حقِّ المأمومِ",
    "level": 3,
    "link": "https://www.dorar.net/feqhia/1415",
    "section": "salah",
    "answers": [
      {
        "answer": "تُشتَرَطُ",
        "t": 1
      },
      {
        "answer": "لا تُشترَطُ باتِّفاقِ المذاهبِ الفقهيَّةِ الأربعةِ",
        "t": 0
      },
      {
        "answer": "مُستحَبَّةٌ",
        "t": 0
      }
    ]
  },
  {
    "id": 2795,
    "q": "الصَّلاةُ خَلْفَ الفاسقِ",
    "level": 3,
    "link": "https://dorar.net/feqhia/1373",
    "section": "salah",
    "answers": [
      {
        "answer": "باطِلةٌ",
        "t": 0
      },
      {
        "answer": "جائزةٌ مع الكَراهةِ",
        "t": 1
      },
      {
        "answer": "مُباحةٌ",
        "t": 0
      }
    ]
  },
  {
    "id": 2800,
    "q": "قضاءُ المَسبوقِ للتَّكبيراتِ الزَّوائدِ في صَلاةِ العِيدينِ",
    "level": 3,
    "link": "https://www.dorar.net/feqhia/1743",
    "section": "salah",
    "answers": [
      {
        "answer": "تَبطُل صَلاتُه وعليه الإعادةُ",
        "t": 0
      },
      {
        "answer": "يَقْضي المَسبوقُ ما فاتَهُ مِن التَّكبيراتِ ولا يُعيدُ الصَّلاةَ",
        "t": 0
      },
      {
        "answer": "يَسقُطُ عنه ما فاتَه ولا يَقضِيه",
        "t": 1
      }
    ]
  },
  {
    "id": 2793,
    "q": "حُكمُ الإسْرارِ في النَّافِلةِ في صَلاةِ النَّهارِ",
    "level": 3,
    "link": "https://www.dorar.net/feqhia/1301",
    "section": "salah",
    "answers": [
      {
        "answer": "واجِبٌ بالإجماعِ",
        "t": 0
      },
      {
        "answer": "سُنَّةٌ",
        "t": 1
      },
      {
        "answer": "مُباحٌ",
        "t": 0
      }
    ]
  },
  {
    "id": 2804,
    "q": "تَعزِيةُ المَرأةِ إذا كانت شابَّةً",
    "level": 3,
    "link": "http://host1.octal.com.sa/feqhia/2072",
    "section": "salah",
    "answers": [
      {
        "answer": "يُستحَبُّ أن يُعَزِّيَها مَحارِمُها فَقَط باتِّفاقِ المَذاهبِ الفِقهيَّةِ الأربعةِ",
        "t": 1
      },
      {
        "answer": "لا يُشرعُ في حَقِّها العَزاءُ",
        "t": 0
      },
      {
        "answer": "يُعَزِّيَها كلُّ أحَدٍ سَواءٌ من مَحارِمِها أو أَجنَبيٍّ",
        "t": 0
      }
    ]
  }
]