[
  {
    "id": 2763,
    "q": "إذا أصابتْ نجاسةٌ ثوبَ المُصلِّي أو بدنَه أثناءَ الصَّلاةِ، فأَزالَها ولم يَبقَ لها أثرٌ، فإنه:",
    "level": 2,
    "link": "https://www.dorar.net/feqhia/826",
    "section": "salah",
    "answers": [
      {
        "answer": "يُعيدُ الصَّلاةَ",
        "t": 0
      },
      {
        "answer": "يُستحَبُّ إعادةُ الصَّلاةِ",
        "t": 0
      },
      {
        "answer": "صَلاتُه صَحيحةٌ بالإجماعِ",
        "t": 1
      }
    ]
  },
  {
    "id": 2781,
    "q": "اعتِمادُ خطيبِ الجُمُعةِ على قَوسٍ أو عصًا",
    "level": 2,
    "link": "https://www.dorar.net/feqhia/1639",
    "section": "salah",
    "answers": [
      {
        "answer": "مُستحَبٌّ",
        "t": 1
      },
      {
        "answer": "مَكروهٌ",
        "t": 0
      },
      {
        "answer": "واجِبٌ",
        "t": 0
      }
    ]
  },
  {
    "id": 2782,
    "q": "ما تُدرَكُ به صلاةُ الجُمُعةِ:\n ",
    "level": 2,
    "link": "https://www.dorar.net/feqhia/1660",
    "section": "salah",
    "answers": [
      {
        "answer": "بإدراكِ التَّشهُّدِ",
        "t": 0
      },
      {
        "answer": "بإدراكِ التَّسليمَةِ الأُولى",
        "t": 0
      },
      {
        "answer": "بإدراكِ رُكوعِ الرَّكعةِ الثَّانيةِ",
        "t": 1
      }
    ]
  },
  {
    "id": 2779,
    "q": "حُكمُ صَلاةِ الخَوفِ\n ",
    "level": 2,
    "link": "https://www.dorar.net/feqhia/1536",
    "section": "salah",
    "answers": [
      {
        "answer": "مشروعةٌ ولم تُنسَخْ، باتِّفاقِ المذاهبِ الفقهيَّةِ الأربعةِ",
        "t": 1
      },
      {
        "answer": "مَكروهةٌ،  باتِّفاقِ المَذاهبِ الفِقهيَّةِ الأربعةِ",
        "t": 0
      },
      {
        "answer": "كانت مَشروعةً ثمَّ نُسِخَتْ بعدَ ذلك",
        "t": 0
      }
    ]
  },
  {
    "id": 2769,
    "q": "التبسُّمُ في الصَّلاةِ",
    "level": 2,
    "link": "https://www.dorar.net/feqhia/1082",
    "section": "salah",
    "answers": [
      {
        "answer": "يُبطِلُها باتِّفاقِ المَذاهبِ الفِقهيَّةِ الأربعةِ",
        "t": 0
      },
      {
        "answer": "لا يُبطِلُها باتِّفاقِ المَذاهبِ الفِقهيَّةِ الأربعةِ",
        "t": 1
      },
      {
        "answer": "يُستحَبُّ أن يُعيدَ الصَّلاةَ",
        "t": 0
      }
    ]
  },
  {
    "id": 2764,
    "q": "قضاءُ المُغمَى عليه للصَّلاةِ",
    "level": 2,
    "link": "https://www.dorar.net/feqhia/852",
    "section": "salah",
    "answers": [
      {
        "answer": "لا يَقضِي إلَّا ما تَذكَّر فَواتَه قبلَ الإغماءِ",
        "t": 0
      },
      {
        "answer": "لا قضاءَ على المُغمَى عليه فيما خرَجَ وقتُه من الفرائضِ، سواءٌ قلَّ زمَنُ الإغماءِ أم كَثُرَ",
        "t": 1
      },
      {
        "answer": "يَقضي كلَّ ما فاتَه بعدَ الإفاقةِ",
        "t": 0
      }
    ]
  },
  {
    "id": 2776,
    "q": "حُكْمُ الاقتداءِ بإمامٍ يلحَنُ في الفاتِحَةِ لحنًا  يُغَيِّرُ المعنى\n ",
    "level": 2,
    "link": "https://www.dorar.net/feqhia/1411",
    "section": "salah",
    "answers": [
      {
        "answer": "لا يَصِحُّ الِاقتداءُ به",
        "t": 1
      },
      {
        "answer": "يُباحُ الِاقتِداءُ به",
        "t": 0
      },
      {
        "answer": "يُكرَهُ الِاقتِداءُ به",
        "t": 0
      }
    ]
  },
  {
    "id": 2778,
    "q": "إذا ائتمَّ مُسافِرٌ بمُقيمٍ، فإنَّه:",
    "level": 2,
    "link": "https://www.dorar.net/feqhia/1472",
    "section": "salah",
    "answers": [
      {
        "answer": "يُستحَبُّ له القَصرُ",
        "t": 0
      },
      {
        "answer": "يُكرَهُ له الإتمامُ، باتِّفاقِ المَذاهبِ الفِقهيَّةِ الأربعةِ",
        "t": 0
      },
      {
        "answer": "يجبُ عليه الإتمامُ",
        "t": 1
      }
    ]
  },
  {
    "id": 2762,
    "q": "إذا اتَّفقَ أهلُ بلدٍ على ترْكِ الأذانِ، فإنَّهم:",
    "level": 2,
    "link": "https://www.dorar.net/feqhia/697",
    "section": "salah",
    "answers": [
      {
        "answer": "يُهدَّدُونَ بالعُقوبَة",
        "t": 0
      },
      {
        "answer": "يُنصَحونَ فَقَط",
        "t": 0
      },
      {
        "answer": "يُقاتَلونَ",
        "t": 1
      }
    ]
  },
  {
    "id": 2768,
    "q": "حُكمُ الجلوسِ للتشهُّدِ الأخيرِ\n ",
    "level": 2,
    "link": "https://www.dorar.net/feqhia/1002",
    "section": "salah",
    "answers": [
      {
        "answer": "رُكنٌ مِن أركانِ الصَّلاةِ",
        "t": 1
      },
      {
        "answer": "مِن سُنَنِ الصَّلاةِ",
        "t": 0
      },
      {
        "answer": "مُستحَبٌّ",
        "t": 0
      }
    ]
  },
  {
    "id": 2777,
    "q": "الفَتحُ على الإمامِ إذا أُرتِجَ عَليهِ أو غَلِطَ\n ",
    "level": 2,
    "link": "https://www.dorar.net/feqhia/1425",
    "section": "salah",
    "answers": [
      {
        "answer": "يُشرَعُ باتِّفاقِ المَذاهبِ الفِقهيَّةِ الأربعةِ",
        "t": 1
      },
      {
        "answer": "يَجِبُ باتِّفاقِ المَذاهبِ الفِقهيَّةِ الأربعةِ",
        "t": 0
      },
      {
        "answer": "يُكرَهُ باتِّفاقِ المَذاهبِ الفِقهيَّةِ الأربعةِ",
        "t": 0
      }
    ]
  },
  {
    "id": 2761,
    "q": "تاركُ الصَّلاةِ بالكليَّةِ تهاونًا أو كسلًا:",
    "level": 2,
    "link": "https://www.dorar.net/feqhia/684",
    "section": "salah",
    "answers": [
      {
        "answer": "كافرٌ كفرًا مُخرِجًا من الملَّةِ",
        "t": 1
      },
      {
        "answer": "مُسلمٌ عاصٍ",
        "t": 0
      },
      {
        "answer": "فاسِقٌ",
        "t": 0
      }
    ]
  },
  {
    "id": 2775,
    "q": "أَولَى النَّاسِ بالإمامةِ في المَسجِدِ",
    "level": 2,
    "link": "https://dorar.net/feqhia/1380",
    "section": "salah",
    "answers": [
      {
        "answer": "إمامُ المَسجِدِ الرَّاتبُ باتِّفاقِ المَذاهبِ الفِقهيَّةِ الأربعةِ",
        "t": 1
      },
      {
        "answer": "أَكبرُ المُصَلِّينَ سِنًّا",
        "t": 0
      },
      {
        "answer": "أَجملُ المُصَلِّينَ صَوتًا",
        "t": 0
      }
    ]
  },
  {
    "id": 2766,
    "q": "استقبالُ عينِ الكعبةِ لِمَن يُشاهِدُ البيتَ",
    "level": 2,
    "link": "https://www.dorar.net/feqhia/859",
    "section": "salah",
    "answers": [
      {
        "answer": "مُباحٌ",
        "t": 0
      },
      {
        "answer": "واجِبٌ",
        "t": 1
      },
      {
        "answer": "مُستحَبٌّ",
        "t": 0
      }
    ]
  },
  {
    "id": 2783,
    "q": "أفضلُ صِيَغِ التَّكبيرِ في العيدِ هي:",
    "level": 2,
    "link": "https://www.dorar.net/feqhia/1775",
    "section": "salah",
    "answers": [
      {
        "answer": "اللهُ أَكبرُ كَبيرًا، والحَمدُ لله كَثيرًا، وسُبحانَ اللهِ بُكرَةً وأَصيلًا",
        "t": 0
      },
      {
        "answer": "اللهُ أكبَرُ اللهُ أكبَرُ، لا إلهَ إلَّا اللهُ، واللهُ أكبَرُ اللهُ أكبَرُ، ولِلَّهِ الحَمْدُ",
        "t": 1
      },
      {
        "answer": "اللهُ أكبَرُ ولِلَّهِ الحَمْدُ، اللهُ أكبَرُ ولِلَّهِ الحَمْدُ، اللهُ أكبَرُ ولِلَّهِ الحَمْدُ",
        "t": 0
      }
    ]
  },
  {
    "id": 2767,
    "q": "حُكمُ الجَلْسةِ بينَ السَّجدتينِ\n ",
    "level": 2,
    "link": "https://www.dorar.net/feqhia/985",
    "section": "salah",
    "answers": [
      {
        "answer": "مُستحَبٌّ",
        "t": 0
      },
      {
        "answer": "رُكنٌ مِن أركانِ الصَّلاةِ",
        "t": 1
      },
      {
        "answer": "واجِبةٌ ويُستحَبُّ إعادةُ الصَّلاةِ لِمَن تَرَكها",
        "t": 0
      }
    ]
  },
  {
    "id": 2771,
    "q": "مَن تَحوَّلَ عن القِبلةِ عَمدًا لغيرِ عُذرٍ",
    "level": 2,
    "link": "https://www.dorar.net/feqhia/1117",
    "section": "salah",
    "answers": [
      {
        "answer": "بَطَلت صَلاتُه وطَهارتُه",
        "t": 0
      },
      {
        "answer": "بَطَلت صَلاتُه بالإجماعِ",
        "t": 1
      },
      {
        "answer": "يُستحَبُّ إعادةُ الصَّلاةِ",
        "t": 0
      }
    ]
  },
  {
    "id": 2772,
    "q": "حُكمُ مَن سهَا مِرارًا\n ",
    "level": 2,
    "link": "https://www.dorar.net/feqhia/1173",
    "section": "salah",
    "answers": [
      {
        "answer": "يَسجُدُ بعَددِ مرَّاتِ سَهوِه",
        "t": 0
      },
      {
        "answer": "لا يَسجُدُ للسَّهوِ وعَليهِ إعادةُ الصَّلاةِ",
        "t": 0
      },
      {
        "answer": "يَسجُدُ سَجدَتَينِ لِلسَّهوِ مرَّةً واحدةً وإنْ كثُرَ السَّهوُ",
        "t": 1
      }
    ]
  },
  {
    "id": 2774,
    "q": "حُكم حُضورِ صَلاةِ الجَماعةِ في الرِّيحِ الشَّديدةِ:",
    "level": 2,
    "link": "https://dorar.net/feqhia/1346",
    "section": "salah",
    "answers": [
      {
        "answer": "تَسقُطُ صَلاةُ الجَماعةِ إذا كانت الرِّيحُ الشَّديدةُ ليلًا باتِّفاقِ المَذاهبِ الفِقهيَّةِ الأربعةِ",
        "t": 1
      },
      {
        "answer": "لا تَسقُطُ صَلاةُ الجَماعَة سَواء كانت الرِّيحُ لَيلًا أو نَهارًا",
        "t": 0
      },
      {
        "answer": "تَسقُطُ صَلاةُ الجَماعةِ إذا كانت الرِّيحُ الشَّديدةُ نَهارًا",
        "t": 0
      }
    ]
  },
  {
    "id": 2773,
    "q": "حُكمُ صلاةِ الاستِخارةِ",
    "level": 2,
    "link": "https://www.dorar.net/feqhia/1270",
    "section": "salah",
    "answers": [
      {
        "answer": "مُباحَةٌ",
        "t": 0
      },
      {
        "answer": "سُنَّةٌ باتِّفاقِ المَذاهبِ الفِقهيَّةِ الأربعةِ",
        "t": 1
      },
      {
        "answer": "واجِبةٌ",
        "t": 0
      }
    ]
  }
]