[
  {
    "id": 2741,
    "q": "أطولُ النَّاسِ أعناقًا يومَ القِيامةِ هم:",
    "level": 1,
    "link": "https://www.dorar.net/feqhia/691",
    "section": "salah",
    "answers": [
      {
        "answer": "أصحابُ النَّبيِّ ﷺ",
        "t": 0
      },
      {
        "answer": "المُستغفِرونَ",
        "t": 0
      },
      {
        "answer": "المُؤذِّنونَ",
        "t": 1
      }
    ]
  },
  {
    "id": 2745,
    "q": "الحَيضُ علامةٌ من عَلاماتِ:",
    "level": 1,
    "link": "https://www.dorar.net/feqhia/814",
    "section": "salah",
    "answers": [
      {
        "answer": "وُجوبِ الزَّواجِ",
        "t": 0
      },
      {
        "answer": "البُلوغِ",
        "t": 1
      },
      {
        "answer": "العَقلِ",
        "t": 0
      }
    ]
  },
  {
    "id": 2751,
    "q": "حُكْمُ سَتْرِ العَورةِ في الصَّلاةِ\n ",
    "level": 1,
    "link": "https://www.dorar.net/feqhia/872",
    "section": "salah",
    "answers": [
      {
        "answer": "مُستحَبٌّ",
        "t": 0
      },
      {
        "answer": "شرطٌ لصحَّةِ الصَّلاةِ",
        "t": 1
      },
      {
        "answer": "مُباحٌ",
        "t": 0
      }
    ]
  },
  {
    "id": 2744,
    "q": "صلاةُ النَّفلِ إذا أُقيمتِ الصَّلاةُ\n ",
    "level": 1,
    "link": "https://www.dorar.net/feqhia/805",
    "section": "salah",
    "answers": [
      {
        "answer": "لا يَفتَتِحُ منَ النوافِلِ إذا أُقيمتِ الصَّلاةُ باتِّفاقِ المَذاهبِ الفِقهيَّةِ الأربعةِ",
        "t": 1
      },
      {
        "answer": "مُستَحبَّةٌ",
        "t": 0
      },
      {
        "answer": "مَكرُوهَة",
        "t": 0
      }
    ]
  },
  {
    "id": 2743,
    "q": "حُكمُ اتِّخاذِ أكثرَ  من مؤذِّنٍ في المسجدِ الواحدِ\n ",
    "level": 1,
    "link": "https://www.dorar.net/feqhia/693",
    "section": "salah",
    "answers": [
      {
        "answer": "حرامٌ",
        "t": 0
      },
      {
        "answer": "يَجوزُ",
        "t": 1
      },
      {
        "answer": "مَكروهٌ",
        "t": 0
      }
    ]
  },
  {
    "id": 2747,
    "q": "بِدايةُ وَقتِ صَلاةِ الفَجرِ",
    "level": 1,
    "link": "https://www.dorar.net/feqhia/838",
    "section": "salah",
    "answers": [
      {
        "answer": "بعدَ صَلاةِ العِشاءِ بخَمسِ ساعاتٍ",
        "t": 0
      },
      {
        "answer": "إذا طلَعَ الفجرُ الثَّاني",
        "t": 1
      },
      {
        "answer": "قبْلَ طُلوعِ الشَّمسِ قَدرَ رُمحٍ",
        "t": 0
      }
    ]
  },
  {
    "id": 2750,
    "q": "النِّيابةُ في الصَّلاةِ",
    "level": 1,
    "link": "https://www.dorar.net/feqhia/852",
    "section": "salah",
    "answers": [
      {
        "answer": "تباحُ النِّيابةُ عنِ الغَيرِ في الصَّلاةِ",
        "t": 0
      },
      {
        "answer": "لا تَجوزُ بالإجماعِ",
        "t": 1
      },
      {
        "answer": "مُستحَبَّةٌ",
        "t": 0
      }
    ]
  },
  {
    "id": 2759,
    "q": "السُّترةُ بينَ يدَيِ المُصلِّي إذا كان إمامًا أو منفرِدًا",
    "level": 1,
    "link": "https://www.dorar.net/feqhia/1036",
    "section": "salah",
    "answers": [
      {
        "answer": "واجِبةٌ، باتِّفاقِ المَذاهبِ الفِقهيَّةِ الأربعةِ",
        "t": 0
      },
      {
        "answer": "بِدعَة",
        "t": 0
      },
      {
        "answer": "سنَّةٌ مؤكَّدةٌ، باتِّفاقِ المَذاهبِ الفِقهيَّةِ الأربعةِ",
        "t": 1
      }
    ]
  },
  {
    "id": 2755,
    "q": "إذا كان المُصلِّي منفرِدًا، بعدَ الرَّفعِ منَ الرُّكوعِ؛ فإنَّه:",
    "level": 1,
    "link": "https://www.dorar.net/feqhia/954",
    "section": "salah",
    "answers": [
      {
        "answer": "يَقولُ: رَبَّنا ولكَ الحَمدُ ولا يَزيد",
        "t": 0
      },
      {
        "answer": "يَجمَعُ بينَ التَّسميعِ والتَّحميدِ",
        "t": 1
      },
      {
        "answer": "يُكبِّرُ ويَنزِلُ للسُّجودِ",
        "t": 0
      }
    ]
  },
  {
    "id": 2748,
    "q": "الإبرادُ بالظُّهرِ في شِدَّةِ الحَرِّ:",
    "level": 1,
    "link": "https://www.dorar.net/feqhia/840",
    "section": "salah",
    "answers": [
      {
        "answer": "مَكروهٌ",
        "t": 0
      },
      {
        "answer": "واجِبٌ بالإجماعِ",
        "t": 0
      },
      {
        "answer": "مُستحَبٌّ باتِّفاقِ المَذاهبِ الفِقهيَّةِ الأربعةِ",
        "t": 1
      }
    ]
  },
  {
    "id": 2757,
    "q": "الإسرارُ بالتشهُّدِ\n ",
    "level": 1,
    "link": "https://www.dorar.net/feqhia/997",
    "section": "salah",
    "answers": [
      {
        "answer": "واجِبٌ",
        "t": 0
      },
      {
        "answer": "مَكروهٌ",
        "t": 0
      },
      {
        "answer": "سُنَّةٌ بالإجماعِ",
        "t": 1
      }
    ]
  },
  {
    "id": 2758,
    "q": "الدُّعاءُ والصَّلاةِ على النبيِّ ﷺ بعدَ التشهُّدِ وقبلَ السَّلامِ",
    "level": 1,
    "link": "https://www.dorar.net/feqhia/1017",
    "section": "salah",
    "answers": [
      {
        "answer": "غَيرُ مَشروعٍ",
        "t": 0
      },
      {
        "answer": "مُستحَبٌّ",
        "t": 1
      },
      {
        "answer": "واجِبٌ",
        "t": 0
      }
    ]
  },
  {
    "id": 2746,
    "q": "من شُروطِ وُجوبِ الصَّلاةِ",
    "level": 1,
    "link": "https://www.dorar.net/feqhia/820",
    "section": "salah",
    "answers": [
      {
        "answer": "الإقامةُ",
        "t": 0
      },
      {
        "answer": "الطَّهارةُ منَ الحَيضِ والنِّفاسِ",
        "t": 1
      },
      {
        "answer": "زَوالُ الرُّخصِ",
        "t": 0
      }
    ]
  },
  {
    "id": 2754,
    "q": "حُكمُ قراءةِ الفاتحةِ للإمامِ والمنفردِ",
    "level": 1,
    "link": "https://www.dorar.net/feqhia/923",
    "section": "salah",
    "answers": [
      {
        "answer": "واجِبَةٌ على الإمامِ فَقَط",
        "t": 0
      },
      {
        "answer": "تُستَحبُّ للإمامِ وتُشرَع للمُنفَرِد",
        "t": 0
      },
      {
        "answer": "رُكنٌ مِن أركانِ الصَّلاةِ",
        "t": 1
      }
    ]
  },
  {
    "id": 2739,
    "q": "هي التعبُّدُ للهِ تَعالَى بأقوالٍ وأفعالٍ مَخصوصةٍ، مُفتَتَحةٍ بالتَّكبيرِ، مُختَتَمةٍ بالتَّسليمِ:\n ",
    "level": 1,
    "link": "https://www.dorar.net/feqhia/672",
    "section": "salah",
    "answers": [
      {
        "answer": "الصَّلاةُ",
        "t": 1
      },
      {
        "answer": "الزَّكاةُ",
        "t": 0
      },
      {
        "answer": "العُمرةُ",
        "t": 0
      }
    ]
  },
  {
    "id": 2756,
    "q": "الدُّعاءُ بالمَغفِرةِ في الجَلْسةِ بين السَّجدتينِ",
    "level": 1,
    "link": "https://www.dorar.net/feqhia/987",
    "section": "salah",
    "answers": [
      {
        "answer": "سُنَّةٌ",
        "t": 1
      },
      {
        "answer": "مُباحٌ",
        "t": 0
      },
      {
        "answer": "واجِبٌ",
        "t": 0
      }
    ]
  },
  {
    "id": 2749,
    "q": "إذا كانتِ البَلَدُ يَطولُ فيه النَّهارُ جدًّا أوِ العَكسُ، لكنْ يَتَمايزُ فيه الليلُ مِن النَّهارِ بطُلوعِ فجرٍ وغُروبِ شمسٍ خِلالَ أربعٍ وعِشرينَ ساعةً فإنَّه:",
    "level": 1,
    "link": "https://www.dorar.net/feqhia/848",
    "section": "salah",
    "answers": [
      {
        "answer": "يَجمَعونَ كلَّ الصَّلَواتِ في وَقتٍ واحِدٍ",
        "t": 0
      },
      {
        "answer": "يُستحَبُّ لأَهلِه أن يُصلُّوا الظُّهرَ والعَصرَ جَمعًا، والمَغربَ والعِشاءَ جَمعًا",
        "t": 0
      },
      {
        "answer": "يَجبُ على أهلِه أن يُصلُّوا الصَّلواتِ الخمسَ في أوقاتِها المَعروفةِ",
        "t": 1
      }
    ]
  },
  {
    "id": 2740,
    "q": "حُكمُ الصَّلاةِ:",
    "level": 1,
    "link": "https://www.dorar.net/feqhia/677",
    "section": "salah",
    "answers": [
      {
        "answer": "فَرضُ عينٍ على كلِّ مُسلمٍ مكلَّفٍ",
        "t": 1
      },
      {
        "answer": "فَرضُ كِفايةٍ",
        "t": 0
      },
      {
        "answer": "واجِبةٌ على المُستَطيعِ",
        "t": 0
      }
    ]
  },
  {
    "id": 2753,
    "q": "حُكمُ دُعاءِ الاستفتاحِ\nفي الصَّلاةِ",
    "level": 1,
    "link": "https://www.dorar.net/feqhia/917",
    "section": "salah",
    "answers": [
      {
        "answer": "بِدعةٌ لا يُشرَعُ",
        "t": 0
      },
      {
        "answer": "واجِبٌ",
        "t": 0
      },
      {
        "answer": "مِن سُنَنِ الصَّلاةِ",
        "t": 1
      }
    ]
  },
  {
    "id": 2760,
    "q": "سُجودُ السَّهوِ يَكونُ على",
    "level": 1,
    "link": "https://www.dorar.net/feqhia/1137",
    "section": "salah",
    "answers": [
      {
        "answer": "المُنفَرِدِ والإمامِ بالإجماعِ",
        "t": 1
      },
      {
        "answer": "الإمامِ فَقَط باتِّفاقِ المَذاهبِ الفِقهيَّةِ الأربعةِ",
        "t": 0
      },
      {
        "answer": "المَأمومِ فَقَط",
        "t": 0
      }
    ]
  }
]