[
  {
    "id": 5760,
    "q": "جعَل سُفيانُ بنَ عُيَينةَ سُؤالَ: أمُؤمِنٌ أنت؟",
    "level": 3,
    "link": "https://www.dorar.net/aqeeda/2598",
    "section": "eman",
    "answers": [
      {
        "answer": "كَبِيرَةً",
        "t": 0
      },
      {
        "answer": "شرِكًا",
        "t": 0
      },
      {
        "answer": "بِدعَةً",
        "t": 1
      }
    ]
  },
  {
    "id": 5744,
    "q": "حقيقةُ الإيمانِ مُرَكَّبةٌ من قَولٍ وعَمَلٍ، والقَولُ قِسمانِ:",
    "level": 3,
    "link": "https://www.dorar.net/aqeeda/2551",
    "section": "eman",
    "answers": [
      {
        "answer": "قَولُ القَلبِ، وهو الاعتقادُ، وقولُ اللِّسانِ",
        "t": 1
      },
      {
        "answer": "قَولُ القَلبِ، وهو الاعتقادُ، وقولُ الجوارحِ",
        "t": 0
      },
      {
        "answer": "قَولُ الجَوارحِ، وقَولُ اللِّسانِ",
        "t": 0
      }
    ]
  },
  {
    "id": 5758,
    "q": "كان أحدُ الأئمَّةِ يقولُ بزِيادةِ الإيمانِ؛ لأنَّه وَرَد النَّصُّ به، ويُتوقَّفُ في النُّقصانِ، ثمَّ رَجَع عنه بعدَ ذلك فمَن هو؟",
    "level": 3,
    "link": "https://www.dorar.net/aqeeda/2562",
    "section": "eman",
    "answers": [
      {
        "answer": "الإمامُ أبو حَنيفةَ",
        "t": 0
      },
      {
        "answer": "الإمامُ الشَّافعيُّ",
        "t": 0
      },
      {
        "answer": "الإمامُ مالِكُ بنُ أنسٍ",
        "t": 1
      }
    ]
  },
  {
    "id": 5743,
    "q": "ممَّن صنَّف في الإيمانِ مِن أئمَّةِ السَّلَفِ:",
    "level": 3,
    "link": "https://www.dorar.net/aqeeda/29",
    "section": "eman",
    "answers": [
      {
        "answer": "تَقِيُّ الدِّينِ الخَوارزمِيُّ",
        "t": 0
      },
      {
        "answer": "محمدُ بنُ شُراحِيلَ البَجليُّ",
        "t": 0
      },
      {
        "answer": "أبو عُبَيدٍ القاسِمُ بنُ سلَّامٍ",
        "t": 1
      }
    ]
  },
  {
    "id": 5756,
    "q": "القائلُ: «إنَّ الإيمانَ ليس بالتَّحَلِّي ولا بالتَّمَنِّي، إنَّما الإيمانُ ما وَقَر في القَلبِ، وصَدَّقه العَمَلُ»",
    "level": 3,
    "link": "https://www.dorar.net/aqeeda/2553",
    "section": "eman",
    "answers": [
      {
        "answer": "الأعمَشُ سُلَيمانُ بنُ مِهرانَ",
        "t": 0
      },
      {
        "answer": "هارونُ الرَّشيدُ",
        "t": 0
      },
      {
        "answer": "الحَسَنُ البَصريُّ",
        "t": 1
      }
    ]
  },
  {
    "id": 5757,
    "q": "«تَركَ الفَرائِضِ ليس بمَنزلةِ رُكوبِ المَحارِمِ» هذه من القَواعِدِ التي اختَلَف فيها أهلُ السُّنَّةِ والجَماعةِ مع",
    "level": 3,
    "link": "https://www.dorar.net/aqeeda/2555",
    "section": "eman",
    "answers": [
      {
        "answer": "المُرجِئةِ",
        "t": 1
      },
      {
        "answer": "الخَوارجِ",
        "t": 0
      },
      {
        "answer": "المُعتزِلةِ",
        "t": 0
      }
    ]
  },
  {
    "id": 5759,
    "q": "الإيمانُ أصلٌ له شُعَبٌ متعَدِّدةٌ، وكُلُّ شُعبةٍ منها تُسَمَّى",
    "level": 3,
    "link": "https://www.dorar.net/aqeeda/2592",
    "section": "eman",
    "answers": [
      {
        "answer": "إيمانًا",
        "t": 1
      },
      {
        "answer": "إِقرارًا",
        "t": 0
      },
      {
        "answer": "عَملًا",
        "t": 0
      }
    ]
  },
  {
    "id": 5741,
    "q": "اخْتارَ شَيخُ الإسلامِ ابنُ تَيميَّةَ والعَلَّامةُ ابنُ عُثَيمين رَحِمَهما اللهُ تَعالَى أنَّ الأجوَدَ في مَعنَى الإيمانِ في اللُّغةِ هو:",
    "level": 3,
    "link": "https://www.dorar.net/aqeeda/2520",
    "section": "eman",
    "answers": [
      {
        "answer": "الإقرارُ",
        "t": 1
      },
      {
        "answer": "التَّأمينُ",
        "t": 0
      },
      {
        "answer": "التَّصديقُ",
        "t": 0
      }
    ]
  },
  {
    "id": 5750,
    "q": "يكونُ الرَّجُلانِ مَقامُهما في الصَّفِّ واحِدًا وبينَ صلاتَيْهما كما بينَ السَّماءِ والأرضِ، لأن الأعمالَ تَتفاضَلُ:",
    "level": 3,
    "link": "https://www.dorar.net/aqeeda/2543",
    "section": "eman",
    "answers": [
      {
        "answer": "بالنِّيَّاتِ",
        "t": 0
      },
      {
        "answer": "بتفاضُلِ ما في القُلوبِ",
        "t": 1
      },
      {
        "answer": "بعَدَدِها",
        "t": 0
      }
    ]
  },
  {
    "id": 5751,
    "q": "تدخُلُ أعمالُ الجوارحِ عند السَّلَفِ في مُسَمَّى الإيمانِ دُخولًا أوَّلِيًّا، وذلك عند:",
    "level": 3,
    "link": "https://www.dorar.net/aqeeda/2551",
    "section": "eman",
    "answers": [
      {
        "answer": "اعتِبار أنَّ للقَلبِ إقرارًا وقولًا وعَملًا",
        "t": 0
      },
      {
        "answer": "استِعمالِ الأَلفاظِ الدَّالَّةِ على أَحدِهِما",
        "t": 0
      },
      {
        "answer": "إطلاقِ لَفظِ الإيمانِ أو تجريدِه",
        "t": 1
      }
    ]
  },
  {
    "id": 5753,
    "q": "مَن القائلُ: «لَقِيتُ أكثَرَ مِن ألفِ رَجُلٍ من العُلَماءِ بالأمْصارِ، فما رأيتُ أحدًا منهم يختَلِفُ في أنَّ الدِّينَ قَولٌ وعَمَلٌ»",
    "level": 3,
    "link": "https://www.dorar.net/aqeeda/2551",
    "section": "eman",
    "answers": [
      {
        "answer": "البُخاريُّ",
        "t": 1
      },
      {
        "answer": "الشَّافِعيُّ",
        "t": 0
      },
      {
        "answer": "البَغَويُّ",
        "t": 0
      }
    ]
  },
  {
    "id": 5748,
    "q": "عَملُ القَلبِ هو متعَلِّقُ التَّوحيدِ",
    "level": 3,
    "link": "https://www.dorar.net/aqeeda/2543",
    "section": "eman",
    "answers": [
      {
        "answer": "الطَّلَبيِّ الإراديِّ",
        "t": 1
      },
      {
        "answer": "الاعتِقاديِّ",
        "t": 0
      },
      {
        "answer": "الخَبَريِّ",
        "t": 0
      }
    ]
  },
  {
    "id": 5747,
    "q": "هلِ التَّقليدُ في المسائلِ العَقَديَّةِ كالتَّقليدِ في المسائِلِ العَمَليَّةِ؟",
    "level": 3,
    "link": "https://www.dorar.net/aqeeda/2531",
    "section": "eman",
    "answers": [
      {
        "answer": "يجوزُ التَّقليدُ في الأَعمالِ دُونَ العَقائدِ",
        "t": 0
      },
      {
        "answer": "يجوزُ التَّقليدُ في العَقائدِ دُونَ الأَعمالِ",
        "t": 0
      },
      {
        "answer": "لا فَرقَ، فالذي لا يَستطيعُ الوُصولَ إلى الحَقِّ بنفْسِه ففَرضُه التَّقليدُ",
        "t": 1
      }
    ]
  },
  {
    "id": 5754,
    "q": "مَن القائلُ: «كان الإجماعُ من الصَّحابةِ والتَّابعينَ مِن بَعدِهم، ومَن أدرَكْناهم، يقولونَ: الإيمانُ قَولٌ وعَمَلٌ ونِيَّةٌ، لا يُجزئُ واحِدٌ من الثَّلاثِ إلَّا بالآخَرِ» هو:",
    "level": 3,
    "link": "https://www.dorar.net/aqeeda/2551",
    "section": "eman",
    "answers": [
      {
        "answer": "البُخاريُّ",
        "t": 0
      },
      {
        "answer": "ابنُ عبدِ البَرِّ",
        "t": 0
      },
      {
        "answer": "الشَّافِعيُّ",
        "t": 1
      }
    ]
  },
  {
    "id": 5752,
    "q": "الإيمانُ قولٌ وعَملٌ، وهذا العَمَلُ يَشمَلُ عَملَ الجَوارحِ والمُرادُ بها:",
    "level": 3,
    "link": "https://www.dorar.net/aqeeda/2555",
    "section": "eman",
    "answers": [
      {
        "answer": "الإخلاصُ للهِ في جَميعِ العِباداتِ",
        "t": 0
      },
      {
        "answer": "جِنسُ العَمَلِ الصَّالحِ، أي: جِنسُ الامتِثالِ للأوامِرِ، والاجتنابِ للنَّواهي",
        "t": 1
      },
      {
        "answer": "اليَقينُ والقَبولُ",
        "t": 0
      }
    ]
  },
  {
    "id": 5746,
    "q": "المعرفةُ أو قَولُ القَلبِ التي اشتَرَطَها السَّلَفُ كرُكنٍ أصليٍّ للإيمانِ غيرُ المعرفةِ التي اشترَطَها:",
    "level": 3,
    "link": "https://www.dorar.net/aqeeda/2531",
    "section": "eman",
    "answers": [
      {
        "answer": "الشِّيعةُ",
        "t": 0
      },
      {
        "answer": "الخَوارِجُ",
        "t": 0
      },
      {
        "answer": "المُعتزِلةُ",
        "t": 1
      }
    ]
  },
  {
    "id": 5749,
    "q": "قَولُ النَّبيِّ ﷺ: «لا يدخُلُ النَّارَ مَن قال: لا إلهَ إلَّا اللهُ» ليس ذلك الثَّوابُ بمجَرَّدِ قَولِ اللِّسانِ فَقَط:",
    "level": 3,
    "link": "https://www.dorar.net/aqeeda/2543",
    "section": "eman",
    "answers": [
      {
        "answer": "لأنَّ الإقرارَ باللِّسانِ رُكنٌ مِن أَركانِ الإيمانِ",
        "t": 0
      },
      {
        "answer": "لأنَّ الحَديثَ مَنسُوخٌ بحَديثِ: \"الأَعمالُ بالنِّيَّات\"",
        "t": 0
      },
      {
        "answer": "لأنَّه لا بدَّ مِن قَولِ القَلبِ، وقَولِ اللِّسانِ",
        "t": 1
      }
    ]
  },
  {
    "id": 5742,
    "q": "قالوا: إنَّ الفاسِقَ مُؤمِنٌ كامِلُ الإيمانِ",
    "level": 3,
    "link": "https://www.dorar.net/aqeeda/2653",
    "section": "eman",
    "answers": [
      {
        "answer": "المُعتزِلةُ",
        "t": 0
      },
      {
        "answer": "المُرجِئةُ",
        "t": 1
      },
      {
        "answer": "الأشاعِرةُ",
        "t": 0
      }
    ]
  },
  {
    "id": 5755,
    "q": "قال حَربٌ الكِرمانيُّ: الإيمانُ قَولٌ وعَمَلٌ، ونِيَّةٌ، وتمسُّكٌ بالسُّنَّةِ... ومَن زعَم أنَّ الإيمانَ قَولٌ بلا عَمَلٍ؛ فهو",
    "level": 3,
    "link": "https://www.dorar.net/aqeeda/2551",
    "section": "eman",
    "answers": [
      {
        "answer": "مُرجِئٌ",
        "t": 1
      },
      {
        "answer": "مُعتزليٌّ",
        "t": 0
      },
      {
        "answer": "حَروريٌّ",
        "t": 0
      }
    ]
  },
  {
    "id": 5745,
    "q": "حقيقةُ الإيمانِ مُرَكَّبةٌ من قَولٍ وعَمَلٍ. والعَمَلُ قِسمانِ:",
    "level": 3,
    "link": "https://www.dorar.net/aqeeda/2551",
    "section": "eman",
    "answers": [
      {
        "answer": "عَمَلُ اللِّسانِ، وعَمَلُ الجوارحِ",
        "t": 0
      },
      {
        "answer": "عَمَلُ القَلبِ، وهو نيَّتُه وإخلاصُه، وعَمَلُ الجوارحِ",
        "t": 1
      },
      {
        "answer": "عَمَلُ القَلبِ؛ وهو إيمانُه، وعَمَلُ اللِّسانِ؛ وهو كَلامُه وإِقرارُه",
        "t": 0
      }
    ]
  }
]