[
  {
    "id": 5739,
    "q": "قَولُ النَّبيِّ ﷺ: «لا يَزْني الزَّاني حينَ يَزْني وهو مؤمِنٌ، ولا يَسرِقُ السَّارِقُ حين يَسرِقُ وهو مؤمِنٌ» معناهُ",
    "level": 2,
    "link": "https://www.dorar.net/aqeeda/2562",
    "section": "eman",
    "answers": [
      {
        "answer": "أنَّ مَعاصِيَه وذُنوبَه حَتمًا ستُوصِلُه للكُفرِ",
        "t": 0
      },
      {
        "answer": "لا يفعَلُ هذه المعاصيَ وهو مُؤمنٌ، بل هو كافِرٌ باتِّفاقٍ",
        "t": 0
      },
      {
        "answer": "لا يفعَلُ هذه المعاصيَ وهو كامِلُ الإيمانِ",
        "t": 1
      }
    ]
  },
  {
    "id": 5738,
    "q": "إذا قُرِن الإيمانُ بالإسْلامِ، فإنَّ الإيمانَ",
    "level": 2,
    "link": "https://www.dorar.net/aqeeda/2625",
    "section": "eman",
    "answers": [
      {
        "answer": "في الجَوارحِ",
        "t": 0
      },
      {
        "answer": "في القَلبِ",
        "t": 1
      },
      {
        "answer": "في الرُّوحِ",
        "t": 0
      }
    ]
  },
  {
    "id": 5727,
    "q": "هل يجوزُ التَّقليدُ في أبوابِ العقيدةِ، أم لا بُدَّ منَ الأخذِ بالدَّليلِ؟",
    "level": 2,
    "link": "https://www.dorar.net/aqeeda/2531",
    "section": "eman",
    "answers": [
      {
        "answer": "لا يَجوزُ التَّقليدُ، بل لا بُدَّ من النَّظَرِ والدَّليلِ كما أمَرَت آياتُ التَّفكُّرِ",
        "t": 0
      },
      {
        "answer": "يَجوزُ التَّقليدُ في العَقائدِ فيما يُمكِنُ مَعرِفتُه بالدَّليلِ",
        "t": 0
      },
      {
        "answer": "يَجوزُ التَّقليدُ في العقائِدِ ممَّا لا يُمكِنُ مَعرفتُه بالدَّليلِ",
        "t": 1
      }
    ]
  },
  {
    "id": 5724,
    "q": "إجماعُ أهلِ السُّنَّةِ على عَدَمِ التَّكفيرِ بالذَّنبِ إنَّما يرادُ به:",
    "level": 2,
    "link": "https://www.dorar.net/aqeeda/2555",
    "section": "eman",
    "answers": [
      {
        "answer": "الصَّغائِر والكَبائِر وليس الشِّرك",
        "t": 0
      },
      {
        "answer": "الذَّنبُ غير المُخرِج مِن المِلَّة",
        "t": 0
      },
      {
        "answer": "فِعلُ المعاصي لا تَرْكُ مباني الإسلامِ",
        "t": 1
      }
    ]
  },
  {
    "id": 5721,
    "q": "قولُه تعالى: {وَمَا أَنْتَ بِمُؤْمِنٍ لَّنَا وَلَوْ كُنَّا صَادِقِينَ} مَعنى «بمُؤمنٍ» أي:",
    "level": 2,
    "link": "https://www.dorar.net/aqeeda/2520",
    "section": "eman",
    "answers": [
      {
        "answer": "بمُقِرٍّ لنا",
        "t": 0
      },
      {
        "answer": "بمُؤيِّدٍ لنا",
        "t": 0
      },
      {
        "answer": "بمُصَدِّقٍ لنا",
        "t": 1
      }
    ]
  },
  {
    "id": 5725,
    "q": "التَّصديقُ بمَعْناه الخَبَريِّ -وهو مجرَّدُ أن يَقَعَ في القَلبِ نسبةُ الصِّدقِ إلى المخبِرِ والخَبَرِ من غيرِ إذعانٍ وقَبولٍ- يُساوي تمامًا عندَ السَّلَفِ والأئمَّةِ مَعنى",
    "level": 2,
    "link": "https://www.dorar.net/aqeeda/2531",
    "section": "eman",
    "answers": [
      {
        "answer": "العِلمِ أو المعرِفةِ",
        "t": 1
      },
      {
        "answer": "التَّصوُّرِ أوِ المُلاحَظةِ",
        "t": 0
      },
      {
        "answer": "الشُّعورِ أوِ المُكابَدةِ",
        "t": 0
      }
    ]
  },
  {
    "id": 5731,
    "q": "قال البَغَويُّ: إنَّ حقيقةَ الإيمانِ:",
    "level": 2,
    "link": "https://www.dorar.net/aqeeda/2531",
    "section": "eman",
    "answers": [
      {
        "answer": "التَّصديقُ بالقَلْبِ",
        "t": 1
      },
      {
        "answer": "العَملُ بالجَوارحِ",
        "t": 0
      },
      {
        "answer": "القَولُ باللِّسانِ",
        "t": 0
      }
    ]
  },
  {
    "id": 5728,
    "q": "الاعتقادُ بالقَلبِ عندَ السَّلفِ لا بُدَّ فيه من:",
    "level": 2,
    "link": "https://www.dorar.net/aqeeda/2531",
    "section": "eman",
    "answers": [
      {
        "answer": "الالتزامِ والانقيادِ والتَّسليمِ، ويُطلَقُ عليه (عَمَلُ القَلبِ)",
        "t": 0
      },
      {
        "answer": "المعرِفةِ والعِلمِ والتصديقِ، ويُطلَقُ عليه (قَولُ القَلبِ)",
        "t": 0
      },
      {
        "answer": "جَميعُ ما سَبَق معًا",
        "t": 1
      }
    ]
  },
  {
    "id": 5734,
    "q": "تظهَرُ الأنوارُ يومَ القيامةِ للنَّاسِ بأيمانِهم وبينَ أيْديهم بحسَبِ ما في قُلوبِهم من",
    "level": 2,
    "link": "https://www.dorar.net/aqeeda/2543",
    "section": "eman",
    "answers": [
      {
        "answer": "الإخلاصِ",
        "t": 0
      },
      {
        "answer": "نُورِ كلِمةِ التَّوحيدِ عِلمًا وعَمَلًا ومَعرِفةً وحالًا",
        "t": 1
      },
      {
        "answer": "تَوحيدِ الألُوهِيَّةِ وتَوحيدِ الرُّبوبِيَّةِ وتَوحيدِ الأَسماءِ والصِّفاتِ",
        "t": 0
      }
    ]
  },
  {
    "id": 5732,
    "q": "الشَّهادتانِ إذا لم يتكَلَّمْ بهما الإنسانُ مع القُدرةِ فهو",
    "level": 2,
    "link": "https://www.dorar.net/aqeeda/2625",
    "section": "eman",
    "answers": [
      {
        "answer": "كافِرٌ باتِّفاقِ المُسلِمينَ",
        "t": 1
      },
      {
        "answer": "مُنافِقٌ باتِّفاقِ المُسلِمينَ",
        "t": 0
      },
      {
        "answer": "فاسِقٌ باتِّفاقِ المُسلِمينَ",
        "t": 0
      }
    ]
  },
  {
    "id": 5723,
    "q": "الإيمانُ الشَّرعيُّ تصديقٌ مخصوصٌ، وهو ما يُسمِّيه السَّلَفُ بقَولِ القَلبِ، وهذا التصديقُ:",
    "level": 2,
    "link": "https://www.dorar.net/aqeeda/2524",
    "section": "eman",
    "answers": [
      {
        "answer": "لا يَنفَعُ وَحدَه",
        "t": 1
      },
      {
        "answer": "يَنفَعُ في الآخِرةِ ولا يَنفَعُ في الدُّنيا",
        "t": 0
      },
      {
        "answer": "يَنفَعُ وَحدَه",
        "t": 0
      }
    ]
  },
  {
    "id": 5722,
    "q": "في قَولِ النَّبيِّ ﷺ: «النُّجومُ أَمَنةُ السَّماءِ، فإذا ذهَبَتِ النُّجومُ أتى السَّماءَ ما تُوعَدُ»، مَعنى: «آمَنَةُ»",
    "level": 2,
    "link": "https://www.dorar.net/aqeeda/2520",
    "section": "eman",
    "answers": [
      {
        "answer": "جَمعُ أمانةٍ وهي عَكسُ الخِيانةِ",
        "t": 0
      },
      {
        "answer": "جمعُ أَمينٍ، وهو الحافِظُ",
        "t": 1
      },
      {
        "answer": "جَمعُ أمانٍ وهي المسؤوليةُ",
        "t": 0
      }
    ]
  },
  {
    "id": 5740,
    "q": "اختلَفَ أهلُ العِلمِ في تكفيرِ تارِكِ الأركانِ الأربعةِ التي سِوى الشَّهادَتَينِ، أو بَعضِها، معَ:",
    "level": 2,
    "link": "https://www.dorar.net/aqeeda/2616",
    "section": "eman",
    "answers": [
      {
        "answer": "نُطقِه بالشَّهادَتينِ",
        "t": 0
      },
      {
        "answer": "جُحُودِها ونُكرانِها",
        "t": 0
      },
      {
        "answer": "الإقرارِ بوُجوبِها",
        "t": 1
      }
    ]
  },
  {
    "id": 5726,
    "q": "المعرفةُ التي اشتَرَطَها المعتَزِلةُ وأمثالُهم هي أن يَعرِفَ المرءُ أُصولَ دِينِه عن طريقِ:",
    "level": 2,
    "link": "https://www.dorar.net/aqeeda/2531",
    "section": "eman",
    "answers": [
      {
        "answer": "التقليدِ",
        "t": 0
      },
      {
        "answer": "النَّظَرِ والدَّليلِ العَقليِّ وَحدَه",
        "t": 1
      },
      {
        "answer": "السَّماعِ",
        "t": 0
      }
    ]
  },
  {
    "id": 5735,
    "q": "قال الآجُريُّ: لا يصِحُّ الدِّينُ إلَّا بالتصديقِ بالقَلْبِ، والإقرارِ باللِّسانِ،",
    "level": 2,
    "link": "https://www.dorar.net/aqeeda/2553",
    "section": "eman",
    "answers": [
      {
        "answer": "والعَمَلِ بالجوارحِ",
        "t": 1
      },
      {
        "answer": "ورِضًا باللهِ ورَسولِه",
        "t": 0
      },
      {
        "answer": "والإخلاصِ في النِّيَّةِ",
        "t": 0
      }
    ]
  },
  {
    "id": 5736,
    "q": "في قَولِ اللهِ تَعالَى: {وَمَا كَانَ اللَّهُ لِيُضِيعَ إِيمَانَكُمْ} أجمَع المُفسِّرونَ على أنَّه أرادَ: صَلاتَكم إلى",
    "level": 2,
    "link": "https://www.dorar.net/aqeeda/2549",
    "section": "eman",
    "answers": [
      {
        "answer": "بَيتِ المقدِسِ",
        "t": 1
      },
      {
        "answer": "الكَعبةِ المُشرَّفةِ",
        "t": 0
      },
      {
        "answer": "المَسجِدِ النَّبويِّ",
        "t": 0
      }
    ]
  },
  {
    "id": 5737,
    "q": "قد وَرَدتِ النُّصوصُ بتَسميةِ الإيمانِ:",
    "level": 2,
    "link": "https://www.dorar.net/aqeeda/2549",
    "section": "eman",
    "answers": [
      {
        "answer": "عَمَلًا",
        "t": 1
      },
      {
        "answer": "حُكمًا",
        "t": 0
      },
      {
        "answer": "قَولًا",
        "t": 0
      }
    ]
  },
  {
    "id": 5733,
    "q": "أجهَلُ النَّاسِ بالتَّوحيدِ مَن ظَنَّ أنَّ المطلوبَ بقَولِ: لا إلهَ إلَّا اللهُ هو",
    "level": 2,
    "link": "https://www.dorar.net/aqeeda/2543",
    "section": "eman",
    "answers": [
      {
        "answer": "التلفُّظُ بها باللِّسانِ فَقَط",
        "t": 1
      },
      {
        "answer": "التلفُّظُ بها باللِّسانِ مع عَملِ الجَوارحِ والاعتِقادِ الجازِمِ",
        "t": 0
      },
      {
        "answer": "التلفُّظُ بها باللِّسانِ مع الاعتِقادِ الجازِمِ",
        "t": 0
      }
    ]
  },
  {
    "id": 5730,
    "q": "الكُفرُ منه كُفرُ إنكارٍ وجُحودٍ، ومنه كُفرُ إباءٍ وامتناعٍ، فمِثالُ الأخيرِ:",
    "level": 2,
    "link": "https://www.dorar.net/aqeeda/2535",
    "section": "eman",
    "answers": [
      {
        "answer": "كُفرُ فِرعَونَ",
        "t": 0
      },
      {
        "answer": "كُفرُ النُّمرودِ",
        "t": 0
      },
      {
        "answer": "كُفرُ إبليسَ",
        "t": 1
      }
    ]
  },
  {
    "id": 5729,
    "q": "قال اللهُ تَعالَى: {فَإِنَّهُمْ لَا يُكَذِّبُونَكَ وَلَكِنَّ الظَّالِمِينَ بِآيَاتِ اللَّهِ يَجْحَدُونَ} يُستفادُ منه أنَّ أساسَ دَعوةِ الأنبياءِ والرُّسُلِ هو",
    "level": 2,
    "link": "https://www.dorar.net/aqeeda/2535",
    "section": "eman",
    "answers": [
      {
        "answer": "التَّصديقُ والقَبولُ",
        "t": 0
      },
      {
        "answer": "المعرفةُ والعِلمُ المجَرَّدُ (أي: قَولُ القَلبِ)",
        "t": 0
      },
      {
        "answer": "الخُضوعُ والاستسلامُ والانقيادُ (عمَلُ القَلبِ والجوارحِ)",
        "t": 1
      }
    ]
  }
]