[
  {
    "id": 5714,
    "q": "اتَّفَق أهلُ السُّنَّةِ على أنَّ النُّطقَ بالشَّهادَتينِ شَرطٌ",
    "level": 1,
    "link": "https://www.dorar.net/aqeeda/2541",
    "section": "eman",
    "answers": [
      {
        "answer": "لزِيادةِ الإيمانِ",
        "t": 0
      },
      {
        "answer": "لكَماِل الإيمانِ",
        "t": 0
      },
      {
        "answer": "لصِحَّةِ الإيمانِ",
        "t": 1
      }
    ]
  },
  {
    "id": 5718,
    "q": "ما أسَرَّ أحَدٌ سَريرةً إلَّا أبْداها اللهُ على",
    "level": 1,
    "link": "https://www.dorar.net/aqeeda/2547",
    "section": "eman",
    "answers": [
      {
        "answer": "أَعمالِه في الدُّنيا",
        "t": 0
      },
      {
        "answer": "فَلَتاتِ لِسانِه",
        "t": 1
      },
      {
        "answer": "صَحيفَتِه يومَ القِيامَة",
        "t": 0
      }
    ]
  },
  {
    "id": 5706,
    "q": "قَولَ القَلبِ مُتعَلِّقُ التوحيدِ:",
    "level": 1,
    "link": "https://www.dorar.net/aqeeda/2543",
    "section": "eman",
    "answers": [
      {
        "answer": "العَملي التَّقرِيريِّ",
        "t": 0
      },
      {
        "answer": "الخَبَريِّ الاعتِقاديِّ",
        "t": 1
      },
      {
        "answer": "الطَّلِبي الإِرادِيِّ",
        "t": 0
      }
    ]
  },
  {
    "id": 5703,
    "q": "مِن تَعبيرات السّلَفِ في تقريرِ التَّلازُمِ بين الإيمانِ والعَمَلِ:",
    "level": 1,
    "link": "https://www.dorar.net/aqeeda/2553",
    "section": "eman",
    "answers": [
      {
        "answer": "القَولُ شَرطٌ والعَملُ رُكنٌ",
        "t": 0
      },
      {
        "answer": "لا يَصلُحُ قَولٌ إلَّا بعَمَلٍ",
        "t": 1
      },
      {
        "answer": "النِّيَّةُ يُصدِّقُها العَملُ",
        "t": 0
      }
    ]
  },
  {
    "id": 5715,
    "q": "إنْ عجَزَ الإنسانُ عن النُّطقِ لخَلَلٍ في لسانِه، أو لعَدَمِ التمَكُّنِ منه لمعاجَلةِ المنيَّةِ، أو لغيرِ ذلك؛ فإنَّه",
    "level": 1,
    "link": "https://www.dorar.net/aqeeda/2541",
    "section": "eman",
    "answers": [
      {
        "answer": "يكونُ مُؤمِنًا بالاعتِقادِ من غيرِ لَفظٍ",
        "t": 1
      },
      {
        "answer": "يُعامَل مُعاملَة أَهلِ الكِتابِ",
        "t": 0
      },
      {
        "answer": "لا يَكونُ مؤمنًا بالاعتقادِ من غيرِ لفظٍ",
        "t": 0
      }
    ]
  },
  {
    "id": 5710,
    "q": "الدَّليلُ على أنَّ التصديقَ بالقَلبِ لا ينفَكُّ عن الكُفرِ دونَ أن ينضَمَّ إليه الإقرارُ باللِّسانِ إذا كان مقدورًا عليه:",
    "level": 1,
    "link": "https://www.dorar.net/aqeeda/2539",
    "section": "eman",
    "answers": [
      {
        "answer": "أنَّ الشَّهادتَينِ هُما قَولُ القَلبِ؛ ولا يَصلُح قَولٌ بلا نُطقٍ",
        "t": 0
      },
      {
        "answer": "أنَّ الإِقرارَ في لُغةِ العَربِ يَرجِعُ عُرفًا إلى قَولِ اللِّسانِ",
        "t": 0
      },
      {
        "answer": "أنَّ اللهَ عزَّ وجَلَّ أمَرَ بالقَولِ، فقال: {قُولُوا آمَنَّا بِاللَّهِ}",
        "t": 1
      }
    ]
  },
  {
    "id": 5713,
    "q": "يُستَفادُ من قَولِ النَّبيِّ ﷺ: (أُمِرتُ أن أُقاتِلَ النَّاسَ حتى يقولوا: لا إلهَ إلَّا اللهُ، فإذا قالوها عَصَموا منِّي دِماءَهم وأموالَهم إلَّا بحَقِّها). أنَّ العِصمةَ المُزايِلةَ للكُفرِ تَثبُتُ:",
    "level": 1,
    "link": "https://www.dorar.net/aqeeda/2539",
    "section": "eman",
    "answers": [
      {
        "answer": "بعَملِ الجَوارحِ",
        "t": 0
      },
      {
        "answer": "بالقَولِ",
        "t": 1
      },
      {
        "answer": "باعتِقادِ القَلبِ",
        "t": 0
      }
    ]
  },
  {
    "id": 5717,
    "q": "يَتفاوَتُ قائِلو كَلِمةِ التَّوحيدِ تفاوُتًا عظيمًا بحَسَبِ تفاوُتِ",
    "level": 1,
    "link": "https://www.dorar.net/aqeeda/2543",
    "section": "eman",
    "answers": [
      {
        "answer": "ما في ألسِنَتِهم منَ قَولِ: لا إله إلا الله",
        "t": 0
      },
      {
        "answer": "ما في جَوارِحِهم منَ العَملِ",
        "t": 0
      },
      {
        "answer": "ما في قُلوبِهم منَ التَّوحيدِ",
        "t": 1
      }
    ]
  },
  {
    "id": 5716,
    "q": "تَواترتِ الأحاديثُ بأنَّه (يَحرُمُ على النَّارِ مَن قال: لا إلهَ إلَّا اللهُ، ومَن شَهِدَ أنْ لا إلهَ إلَّا اللهُ، وأنَّ محمَّدًا رسولُ اللهِ) ولكِنْ جاءَت مُقيَّدةً",
    "level": 1,
    "link": "https://www.dorar.net/aqeeda/2541",
    "section": "eman",
    "answers": [
      {
        "answer": "جَميعُ ما سَبَق",
        "t": 1
      },
      {
        "answer": "بالإخْلاصِ واليَقينِ",
        "t": 0
      },
      {
        "answer": "بمَوتٍ عليها",
        "t": 0
      }
    ]
  },
  {
    "id": 5719,
    "q": "لو تمزَّق القَلبُ بالمحبَّةِ والخَوفِ ولم يتعَبَّدْ بالأمرِ وظاهِرِ الشَّرعِ",
    "level": 1,
    "link": "https://www.dorar.net/aqeeda/2547",
    "section": "eman",
    "answers": [
      {
        "answer": "لم يُنْجِه ذلك من النَّارِ",
        "t": 1
      },
      {
        "answer": "يُنْجِيه ذلك من النَّارِ",
        "t": 0
      },
      {
        "answer": "يَنفَعُه في الآخِرةِ ولا يَنفَعُه في الدُّنيا",
        "t": 0
      }
    ]
  },
  {
    "id": 5711,
    "q": "التَّصديقَ بمعناه الخَبَريِّ يساوي تمامًا عند السَّلَفِ والأئمَّةِ معنى:",
    "level": 1,
    "link": "https://www.dorar.net/aqeeda/2531",
    "section": "eman",
    "answers": [
      {
        "answer": "الاستِسلامِ",
        "t": 0
      },
      {
        "answer": "العِلمِ أو المعرِفةِ",
        "t": 1
      },
      {
        "answer": "الإقرارِ",
        "t": 0
      }
    ]
  },
  {
    "id": 5702,
    "q": "لا بُدَّ أن يَشتمِلَ الإيمانُ في المَعنَى الاصطلاحيِّ على:",
    "level": 1,
    "link": "https://www.dorar.net/aqeeda/2522",
    "section": "eman",
    "answers": [
      {
        "answer": "الاعتِقادِ فَقَط",
        "t": 0
      },
      {
        "answer": "الاعتِقادِ والقولِ والعَمَلِ",
        "t": 1
      },
      {
        "answer": "القَولِ والاعتِقادِ فَقَط",
        "t": 0
      }
    ]
  },
  {
    "id": 5705,
    "q": "يُستَفادُ من بَعضِ آياتِ القُرآنِ أنَّ مقَرَّ الإيمانِ ومحَلَّه هو:",
    "level": 1,
    "link": "https://www.dorar.net/aqeeda/2531",
    "section": "eman",
    "answers": [
      {
        "answer": "اللِّسانُ",
        "t": 0
      },
      {
        "answer": "الجَوارحِ",
        "t": 0
      },
      {
        "answer": "القَلبُ",
        "t": 1
      }
    ]
  },
  {
    "id": 5704,
    "q": "قال ابنُ رَجَبٍ: من ترك الشَّهادتين:",
    "level": 1,
    "link": "https://www.dorar.net/aqeeda/2541",
    "section": "eman",
    "answers": [
      {
        "answer": "خَرَج من الإسلامِ",
        "t": 1
      },
      {
        "answer": "لم يُسْلِم بَعدُ",
        "t": 0
      },
      {
        "answer": "فقد أَشركَ في الألوهِيَّة",
        "t": 0
      }
    ]
  },
  {
    "id": 5709,
    "q": "خبَرُ اللهِ عن عُلَماءِ اليَهودِ أنَّهم يَعرِفونَ النَّبيَّ ﷺ، وما أُنزِلَ إليهِم كما يَعرِفونَ أبناءَهم، وفي هذا دليلٌ:",
    "level": 1,
    "link": "https://www.dorar.net/aqeeda/2535",
    "section": "eman",
    "answers": [
      {
        "answer": "أنَّ الانقيادَ والاستِسلامَ والخضوعَ همُ الأساسُ، دونَ التَّصديقِ",
        "t": 0
      },
      {
        "answer": "على أنَّ التصديقَ والمَعرِفةَ فَقَط لا تنفَعُ صاحِبَها",
        "t": 1
      },
      {
        "answer": "على أنَّ التصديقَ والمَعرِفةَ تنفَعُ صاحِبَها",
        "t": 0
      }
    ]
  },
  {
    "id": 5707,
    "q": "كُلُّ حَرَكةٍ بالجَوارِحِ لا تَكونُ إلَّا",
    "level": 1,
    "link": "https://www.dorar.net/aqeeda/2533",
    "section": "eman",
    "answers": [
      {
        "answer": "بإرادةٍ قَلبيَّةٍ",
        "t": 1
      },
      {
        "answer": "بعدَ سُكونٍ",
        "t": 0
      },
      {
        "answer": "باتِّفاقِ الجَوارحِ",
        "t": 0
      }
    ]
  },
  {
    "id": 5708,
    "q": "ألَا إنَّ في الجَسَدِ مُضغةً إذا صَلَحَت صَلَح الجَسَدُ كُلُّه، وإذا فَسَدَت فَسَد الجَسَدُ كُلُّه، ألَا وهي",
    "level": 1,
    "link": "https://www.dorar.net/aqeeda/2533",
    "section": "eman",
    "answers": [
      {
        "answer": "العَقلُ",
        "t": 0
      },
      {
        "answer": "القَلبُ",
        "t": 1
      },
      {
        "answer": "اللِّسانُ",
        "t": 0
      }
    ]
  },
  {
    "id": 5701,
    "q": "إذا استقرَّ في القَلبِ التَّصديقُ والانقيادُ حَصَل له:",
    "level": 1,
    "link": "https://www.dorar.net/aqeeda/2535",
    "section": "eman",
    "answers": [
      {
        "answer": "البِدءُ بالتَّكاليفِ",
        "t": 0
      },
      {
        "answer": "القَرارُ والطُّمَأنينةُ",
        "t": 1
      },
      {
        "answer": "الإيمانُ الخالِصُ",
        "t": 0
      }
    ]
  },
  {
    "id": 5712,
    "q": "يُستَفادُ من قَولِ النَّبيِّ ﷺ: (الإيمانُ بِضعٌ وسَبعونَ -أو بِضعٌ وسِتُّونَ- شُعبةً، فأفضَلُها قَولُ: لا إلهَ إلَّا اللهُ، وأدْناها إماطةُ الأذى عنِ الطَّريقِ، والحياءُ شُعبةٌ من الإيمانِ) أنَّ الإيمانَ الحَقَّ:",
    "level": 1,
    "link": "https://www.dorar.net/aqeeda/2539",
    "section": "eman",
    "answers": [
      {
        "answer": "هو الَّذي يتطابَقُ فيه العَقلُ والرُّوحُ على ما شَرَعه اللهُ",
        "t": 0
      },
      {
        "answer": "هو الَّذي يَتطابَقُ فيه القَلبُ واللِّسانُ والجَوارحُ على ما شَرَعه اللهُ",
        "t": 1
      },
      {
        "answer": "هو الَّذي يَتطابَقُ فيه القَلبُ والعَقلُ على ما شَرَعه اللهُ",
        "t": 0
      }
    ]
  },
  {
    "id": 5720,
    "q": "لو قامَ بظواهِرِ الإسْلامِ، وليس في باطِنِه حقيقةُ الإيمانِ",
    "level": 1,
    "link": "https://www.dorar.net/aqeeda/2547",
    "section": "eman",
    "answers": [
      {
        "answer": "يَنفَعُه في الآخِرةِ ولا يَنفَعُه في الدُّنيا",
        "t": 0
      },
      {
        "answer": "لم يُنْجِه ذلك من النَّارِ",
        "t": 1
      },
      {
        "answer": "يُنْجِيه ذلك من النَّارِ",
        "t": 0
      }
    ]
  }
]