[
  {
    "id": 6007,
    "q": "في قولِه تعالى: {أَسَاوِرَ مِنْ ذَهَبٍ وَلُؤْلُؤًا} (السِّوارُ) هو:",
    "level": 3,
    "link": "https://dorar.net/tafseer/35/8",
    "section": "fatir",
    "answers": [
      {
        "answer": "ما يُلبَسُ في المِعصَمِ مِن ذَهَبٍ",
        "t": 1
      },
      {
        "answer": "ما يُحِيطُ بالرَّقَبَةِ مِن الزِّينَةِ",
        "t": 0
      },
      {
        "answer": "ما يُعَلَّقُ في الأُذُنِ مِن الحُلِيِّ",
        "t": 0
      }
    ]
  },
  {
    "id": 6020,
    "q": "في قوله تعالى: {وَاللَّهُ خَلَقَكُمْ مِنْ تُرَابٍ ثُمَّ مِنْ نُطْفَةٍ} (النُّطفةُ) هي:",
    "level": 3,
    "link": "https://dorar.net/tafseer/35/3",
    "section": "fatir",
    "answers": [
      {
        "answer": "المَنيُّ",
        "t": 1
      },
      {
        "answer": "الطِّينُ الرَّطِب كالصَّلصالِ",
        "t": 0
      },
      {
        "answer": "العَلَقَة؛ وهي قِطعَةُ اللَّحمِ المُعَلَّقة بجِدارِ الرَّحِم",
        "t": 0
      }
    ]
  },
  {
    "id": 6011,
    "q": "في قَولِه تعالى: {وَهَذَا مِلْحٌ أُجَاجٌ} (أُجَاجٌ) أي: ",
    "level": 3,
    "link": "https://dorar.net/tafseer/35/4",
    "section": "fatir",
    "answers": [
      {
        "answer": "قَبِيحٌ ",
        "t": 0
      },
      {
        "answer": "ساخِنٌ حارٌّ يَتأَجَّجُ",
        "t": 0
      },
      {
        "answer": "مُرٌّ شَديدُ الملوحةِ",
        "t": 1
      }
    ]
  },
  {
    "id": 6008,
    "q": "قَولُ الله تعالى: {يَرْجُونَ تِجَارَةً لَنْ تَبُورَ} فيه إشارةٌ إلى:",
    "level": 3,
    "link": "https://dorar.net/tafseer/35/8",
    "section": "fatir",
    "answers": [
      {
        "answer": "الأَخْذِ بالأَسبابِ",
        "t": 0
      },
      {
        "answer": "الإخلاصِ",
        "t": 1
      },
      {
        "answer": "الخَوفِ والرَّجاءِ",
        "t": 0
      }
    ]
  },
  {
    "id": 6021,
    "q": "في قَولِه تعالى: {هَذَا عَذْبٌ فُرَاتٌ} (فُرَاتٌ) أي:",
    "level": 3,
    "link": "https://dorar.net/tafseer/35/4",
    "section": "fatir",
    "answers": [
      {
        "answer": "شَديدُ العُذوبةِ",
        "t": 1
      },
      {
        "answer": "بارِدٌ",
        "t": 0
      },
      {
        "answer": "كثَيرٌ جارٍ",
        "t": 0
      }
    ]
  },
  {
    "id": 6035,
    "q": "في قوله تعالى: {وَمَكْرُ أُولَئِكَ هُوَ يَبُورُ} (يَبُورُ) أي: ",
    "level": 3,
    "link": "https://dorar.net/tafseer/35/3",
    "section": "fatir",
    "answers": [
      {
        "answer": "يَظهَرُ قُبحُه",
        "t": 0
      },
      {
        "answer": "يَعودُ على صاحِبِه",
        "t": 0
      },
      {
        "answer": "يَبطُلُ ويَفسُدُ",
        "t": 1
      }
    ]
  },
  {
    "id": 6034,
    "q": "سورةُ فاطِرٍ ",
    "level": 3,
    "link": "https://dorar.net/tafseer/35",
    "section": "fatir",
    "answers": [
      {
        "answer": "مَدنِيَّةٌ",
        "t": 0
      },
      {
        "answer": "مُختَلَفٌ فيها",
        "t": 0
      },
      {
        "answer": "مَكِّيَّةٌ",
        "t": 1
      }
    ]
  },
  {
    "id": 6019,
    "q": "في قَولِ الله تعالى: {وَمِنْهُمْ سَابِقٌ بِالْخَيْرَاتِ بِإِذْنِ الله} قَولُه: (بِإِذْنِ الله) راجِعٌ إلى السَّابقِ إلى الخَيراتِ؛ وذلك:",
    "level": 3,
    "link": "https://dorar.net/tafseer/35/8",
    "section": "fatir",
    "answers": [
      {
        "answer": "لإِثباتِ أَفعالِ الله الاختِيارِيَّة",
        "t": 0
      },
      {
        "answer": "لِئَلَّا يَغترَّ بعَمَلِه",
        "t": 1
      },
      {
        "answer": "لعَدمِ إِغفالِ الإيمانِ بالقَدَرِ",
        "t": 0
      }
    ]
  },
  {
    "id": 6014,
    "q": "في قَولِه تعالى: {هُوَ الَّذِي جَعَلَكُمْ خَلَائِفَ فِي الْأَرْضِ} (خَلَائِفَ) أي:",
    "level": 3,
    "link": "https://dorar.net/tafseer/35/10",
    "section": "fatir",
    "answers": [
      {
        "answer": "خُلَفاءَ",
        "t": 1
      },
      {
        "answer": "عَشائِرَ",
        "t": 0
      },
      {
        "answer": "عُمَّارًا",
        "t": 0
      }
    ]
  },
  {
    "id": 6016,
    "q": "المقصود بـ(سُنَّة الْأَوَّلِينَ) في قَولِ الله تعالى: {فَهَلْ يَنْظُرُونَ إِلَّا سُنَّةَ الْأَوَّلِينَ} أي: ",
    "level": 3,
    "link": "https://dorar.net/tafseer/35/11",
    "section": "fatir",
    "answers": [
      {
        "answer": "السُّنَن التي كانت في شَريعَةِ الأَنبِياءِ مِن قَبلُ",
        "t": 0
      },
      {
        "answer": "العَذاب الَّذي نزَلَ بالكُفَّارِ",
        "t": 1
      },
      {
        "answer": "المَلائِكَة",
        "t": 0
      }
    ]
  },
  {
    "id": 6009,
    "q": "في قَولِه تعالى: {إِنَّمَا يَخْشَى اللَّهَ مِنْ عِبَادِهِ الْعُلَمَاءُ} إشارةٌ إلى عَمَلِ القَلبِ، وفي قَوله تعالى: {وَأَقَامُوا الصَّلَاةَ وَأَنْفَقُوا مِمَّا رَزَقْنَاهُمْ} إشارةٌ إلى :",
    "level": 3,
    "link": "https://dorar.net/tafseer/35/8",
    "section": "fatir",
    "answers": [
      {
        "answer": "قَولِ اللِّسانِ",
        "t": 0
      },
      {
        "answer": "إِيمانِ القَلبِ",
        "t": 0
      },
      {
        "answer": "عَمَلِ الجوارحِ",
        "t": 1
      }
    ]
  },
  {
    "id": 6013,
    "q": "في قولِه تعالى: {وَإِنْ تَدْعُ مُثْقَلَةٌ إِلَى حِمْلِهَا لَا يُحْمَلْ مِنْهُ شَيْءٌ} (مُثْقَلَةٌ) أي:",
    "level": 3,
    "link": "https://dorar.net/tafseer/35/5",
    "section": "fatir",
    "answers": [
      {
        "answer": "نفسٌ أثْقَلتْها الذُّنوبُ والأوزارُ",
        "t": 1
      },
      {
        "answer": "مِثقَالُ ذَرَّة؛ أي: وَزنُها",
        "t": 0
      },
      {
        "answer": "المَرأَةُ التي  يُثقِلُها الحَمْلُ في بَطنِها",
        "t": 0
      }
    ]
  },
  {
    "id": 6006,
    "q": "في قَولِه تعالى: {وَأَنْفَقُوا مِمَّا رَزَقْنَاهُمْ سِرًّا وَعَلَانِيَةً} قَدَّمَ السِّرِّ على العَلانيةِ  إشارةٌ إلى أنَّه أفضَلُ؛ وذلك بِسَببِ:",
    "level": 3,
    "link": "https://dorar.net/tafseer/35/8",
    "section": "fatir",
    "answers": [
      {
        "answer": "أنَّ الأَصلَ في أَعمالِ الجَوارِح هو الإِسرارُ",
        "t": 0
      },
      {
        "answer": "انقِطاعِ شائِبةِ الرِّياءِ منه",
        "t": 1
      },
      {
        "answer": "عَدمِ قَبُولِ الإِنفاقِ في العَلَنِ؛ لِمَا فيه مِن المَنِّ والأَذَى",
        "t": 0
      }
    ]
  },
  {
    "id": 6015,
    "q": "(مَقْتًا) في قَولِه تعالى: {وَلَا يَزِيدُ الْكَافِرِينَ كُفْرُهُمْ عِنْدَ رَبِّهِمْ إِلَّا مَقْتًا} أي: ",
    "level": 3,
    "link": "https://dorar.net/tafseer/35/10",
    "section": "fatir",
    "answers": [
      {
        "answer": "عَذابًا وجَحِيمًا",
        "t": 0
      },
      {
        "answer": "بُغضًا وغَضَبًا",
        "t": 1
      },
      {
        "answer": "إِمهالًا وتَأخِيرًا",
        "t": 0
      }
    ]
  },
  {
    "id": 6005,
    "q": "في قولِه تعالى: {وَمَنْ تَزَكَّى فَإِنَّمَا يَتَزَكَّى لِنَفْسِهِ} (تَزَكَّى) أي:",
    "level": 3,
    "link": "https://dorar.net/tafseer/35/5",
    "section": "fatir",
    "answers": [
      {
        "answer": "تَطهَّرَ مِن الشِّركِ والفَواحِشِ",
        "t": 1
      },
      {
        "answer": "طَابَقَ قَولُه فِعْلَه",
        "t": 0
      },
      {
        "answer": "أَخرَجَ زَكاةَ مالِه",
        "t": 0
      }
    ]
  },
  {
    "id": 6004,
    "q": "في قَولِه تعالى: {فَمِنْهُمْ ظَالِمٌ لِنَفْسِهِ وَمِنْهُمْ مُقْتَصِدٌ وَمِنْهُمْ سَابِقٌ بِالْخَيْرَاتِ} تفاضُلُ النَّاسِ في العَمَلِ؛ وفي ذلك دَليلٌ على: ",
    "level": 3,
    "link": "https://dorar.net/tafseer/35/8",
    "section": "fatir",
    "answers": [
      {
        "answer": "أنَّ الإِيمانَ يَزيدُ ويَنقُص",
        "t": 1
      },
      {
        "answer": "أنَّ العَملَ غيرُ داخِلٍ في مُسَمَّى الإِيمانِ",
        "t": 0
      },
      {
        "answer": "أنَّ التَّجافِي عن الظُّلمِ شَرطٌ في صِحَّة الإِيمانِ",
        "t": 0
      }
    ]
  },
  {
    "id": 6003,
    "q": "في قولِه تعالى: {وَلَا يَمَسُّنَا فِيهَا لُغُوبٌ} (لُغُوبٌ) أي: ",
    "level": 3,
    "link": "https://dorar.net/tafseer/35/8",
    "section": "fatir",
    "answers": [
      {
        "answer": "ضَعفٌ وإعياءٌ",
        "t": 1
      },
      {
        "answer": "حُزْنٌ",
        "t": 0
      },
      {
        "answer": "خَوفٌ وفَزَعٌ",
        "t": 0
      }
    ]
  },
  {
    "id": 6010,
    "q": "(النَّصَبُ) في قولِه تعالى: {لَا يَمَسُّنَا فِيهَا نَصَبٌ} هو: ",
    "level": 3,
    "link": "https://dorar.net/tafseer/35/8",
    "section": "fatir",
    "answers": [
      {
        "answer": "التَّعَبُ والعَناءُ",
        "t": 1
      },
      {
        "answer": "المَرَضُ المُضعِفُ للبَدَنِ",
        "t": 0
      },
      {
        "answer": "الهَمُّ والغَمُّ",
        "t": 0
      }
    ]
  },
  {
    "id": 6033,
    "q": "في قَولِه تعالى: {فَلَا تَغُرَّنَّكُمُ الْحَيَاةُ الدُّنْيَا} إشارةٌ إلى:",
    "level": 3,
    "link": "https://dorar.net/tafseer/35/2",
    "section": "fatir",
    "answers": [
      {
        "answer": "التَّحذيرِ مِن التَّهاوُن في أَمرِ الصَّلواتِ",
        "t": 0
      },
      {
        "answer": "الحَثِّ على الصَّدقَة",
        "t": 0
      },
      {
        "answer": "وُجوبِ العنايةِ بالآخرةِ",
        "t": 1
      }
    ]
  },
  {
    "id": 6012,
    "q": "في قَولِه تعالى: {يُولِجُ اللَّيْلَ فِي النَّهَارِ وَيُولِجُ النَّهَارَ فِي اللَّيْلِ} (يُولِجُ) أي:",
    "level": 3,
    "link": "https://dorar.net/tafseer/35/4",
    "section": "fatir",
    "answers": [
      {
        "answer": "يُدرِك",
        "t": 0
      },
      {
        "answer": "يُدخِلُ ",
        "t": 1
      },
      {
        "answer": "يَأتِي",
        "t": 0
      }
    ]
  }
]