[
  {
    "id": 6050,
    "q": "في قوله تعالى: {جَاءَتْهُمْ رُسُلُهُمْ بِالْبَيِّنَاتِ وَبِالزُّبُرِ وَبِالْكِتَابِ الْمُنِيرِ} (الزُّبُر): أي: ",
    "level": 1,
    "link": "https://dorar.net/tafseer/35/6",
    "section": "fatir",
    "answers": [
      {
        "answer": "المَلائِكَة",
        "t": 0
      },
      {
        "answer": "الكُتُب",
        "t": 1
      },
      {
        "answer": "المُعجِزات",
        "t": 0
      }
    ]
  },
  {
    "id": 6044,
    "q": "في قوله تعالى: {وَحُمْرٌ مُخْتَلِفٌ أَلْوَانُهَا وَغَرَابِيبُ سُودٌ} (غَرَابِيبُ): جمْعُ غِربيبٍ، وهو:",
    "level": 1,
    "link": "https://dorar.net/tafseer/35/7",
    "section": "fatir",
    "answers": [
      {
        "answer": "الشَّديدُ السَّوادِ",
        "t": 1
      },
      {
        "answer": "الحِجارَةُ الصَّغيرَةُ",
        "t": 0
      },
      {
        "answer": "الغُرابُ الأَبقَع الذي يُخالِطُ سَوادَه بَياضٌ",
        "t": 0
      }
    ]
  },
  {
    "id": 6047,
    "q": "في قَولِه تعالى: {وَالْعَمَلُ الصَّالِحُ يَرْفَعُهُ} أنَّ اللهَ عزَّ وجلَّ لا يَرفَعُ مِن الأعمالِ إلَّا ما كان صالِحًا، والعَمَلُ الصَّالحُ هو ما اشتمَلَ على:",
    "level": 1,
    "link": "https://dorar.net/tafseer/35/3",
    "section": "fatir",
    "answers": [
      {
        "answer": "مَراتِبِ الدِّينِ: الإِسلامِ، والإِيمانِ، والإِحسانِ",
        "t": 0
      },
      {
        "answer": "النِّيَّةِ، والمُداوَمَةِ",
        "t": 0
      },
      {
        "answer": "الإخلاصِ لله، والمتابَعةِ لِشَرعِه",
        "t": 1
      }
    ]
  },
  {
    "id": 6052,
    "q": "قَولُه تعالى: {هُوَ الَّذِي جَعَلَكُمْ خَلَائِفَ فِي الْأَرْضِ} فيه: ",
    "level": 1,
    "link": "https://dorar.net/tafseer/35/10",
    "section": "fatir",
    "answers": [
      {
        "answer": "تَعلِيلٌ لِوُجُودِ الخَلْقِ باستِخلافِهِم في الأَرضِ",
        "t": 0
      },
      {
        "answer": "إِظهارٌ لقُدرَةِ الله تعالى الباهِرَة",
        "t": 0
      },
      {
        "answer": "بِشارةٌ للمؤمنينَ، وإنذارٌ للكافرين",
        "t": 1
      }
    ]
  },
  {
    "id": 6041,
    "q": "في قوله تعالى: {وَأَقْسَمُوا بِاللَّهِ جَهْدَ أَيْمَانِهِمْ} (جَهْدَ أَيْمَانِهِمْ) أي: ",
    "level": 1,
    "link": "https://dorar.net/tafseer/35/11",
    "section": "fatir",
    "answers": [
      {
        "answer": "مُتَعمِّدِينَ كَذِبًا",
        "t": 0
      },
      {
        "answer": "غيرَ مُبالِينَ بالقَسَمِ",
        "t": 0
      },
      {
        "answer": "أقوى الأَيْمانِ وأغلَظَها",
        "t": 1
      }
    ]
  },
  {
    "id": 6059,
    "q": "قولُه تعالى: {جَنَّاتُ عَدْنٍ}  أي: جَنَّاتُ الخُلدِ، وأصلُ (عدن): يدُلُّ على:",
    "level": 1,
    "link": "https://dorar.net/tafseer/35/8",
    "section": "fatir",
    "answers": [
      {
        "answer": "الخُلُودِ",
        "t": 0
      },
      {
        "answer": "الإِقامَةِ",
        "t": 1
      },
      {
        "answer": "النَّعِيمِ",
        "t": 0
      }
    ]
  },
  {
    "id": 6042,
    "q": "قَولُه تعالى: {جَاعِلِ الْمَلَائِكَةِ رُسُلًا أُولِي أَجْنِحَةٍ مَثْنَى وَثُلَاثَ وَرُبَاعَ} فيه: ",
    "level": 1,
    "link": "https://dorar.net/tafseer/35/1",
    "section": "fatir",
    "answers": [
      {
        "answer": "أنَّ مِن المَلائكَةِ رُسُلًا وأَنبِياءَ مُكلَّفِين بالرِّسالَة",
        "t": 0
      },
      {
        "answer": "أنَّ المَلائكةَ يُباحُ لها التَّزَوُّجُ باثنَين وثَلاث وأَربَع مِثل بَنِي آدَمَ",
        "t": 0
      },
      {
        "answer": "إثباتُ أنَّ الملائكةَ أجسامٌ، وليسوا أرواحًا مُجرَّدةً مِن الجِسميَّةِ",
        "t": 1
      }
    ]
  },
  {
    "id": 6054,
    "q": "ما المَقصودُ بقَولِه تعالى: {وَلَا تَزِرُ وَازِرَةٌ وِزْرَ أُخْرَى}: ",
    "level": 1,
    "link": "https://dorar.net/tafseer/35/5",
    "section": "fatir",
    "answers": [
      {
        "answer": "لا تُتبِع السَّيِّئةَ بسَيِّئةٍ أُخرَى واتبَعها بحَسنَةٍ تَمحُها",
        "t": 0
      },
      {
        "answer": "لا تَستَجلِبُ الطَّاعةُ إلَّا طاعَةً مِثلَها، ولا تَستَجلِبُ المَعصِيَةُ إلَّا مَعصِيَةً مِثلَها",
        "t": 0
      },
      {
        "answer": "لا تحمِلُ آثِمةٌ إِثْمَ أُخرى غيرِها",
        "t": 1
      }
    ]
  },
  {
    "id": 6061,
    "q": "المَقصُودُ بـ(فَاطِر): في قَولِ الله تعالى: {الْحَمْدُ لِلَّهِ فَاطِرِ السَّمَاوَاتِ وَالْأَرْضِ} أي: ",
    "level": 1,
    "link": "https://dorar.net/tafseer/35/1",
    "section": "fatir",
    "answers": [
      {
        "answer": "خالِق ومُبتَدئ",
        "t": 1
      },
      {
        "answer": "قاهِر وغالِب",
        "t": 0
      },
      {
        "answer": "رازِق",
        "t": 0
      }
    ]
  },
  {
    "id": 6062,
    "q": "في قَولِه تعالى: {وَلَا يَغُرَّنَّكُمْ بِاللَّهِ الْغَرُورُ} (الْغَرُورُ): أي: الشَّديدُ التَّغريرِ والخِداعِ، والمرادُ به:",
    "level": 1,
    "link": "https://dorar.net/tafseer/35/2",
    "section": "fatir",
    "answers": [
      {
        "answer": "الإِعجابُ بالرَّأيِ",
        "t": 0
      },
      {
        "answer": "الشَّيطانُ",
        "t": 1
      },
      {
        "answer": "النَّفسُ الأمَّارةُ بالسُّوءِ",
        "t": 0
      }
    ]
  },
  {
    "id": 6065,
    "q": "سُمِّيَت سُورةُ (فاطر) بهذا الاسمِ:",
    "level": 1,
    "link": "https://dorar.net/tafseer/35",
    "section": "fatir",
    "answers": [
      {
        "answer": "لذِكرِ اسمِ (فاطِر) في طليعتِها",
        "t": 1
      },
      {
        "answer": "لأنَّ هذا الاسمَ لم يُذكَر في غَيرِها",
        "t": 0
      },
      {
        "answer": "لذِكرِها قِصَّة قَومِ فاطرٍ",
        "t": 0
      }
    ]
  },
  {
    "id": 6055,
    "q": "المَقصُودُ بـ(الْحَرُور) في قولِه تعالى: {وَلَا الظِّلُّ وَلَا الْحَرُورُ}: ",
    "level": 1,
    "link": "https://dorar.net/tafseer/35/6",
    "section": "fatir",
    "answers": [
      {
        "answer": "شِدَّةُ الحَرِّ",
        "t": 1
      },
      {
        "answer": "جَوْفُ الشَّمسُ ",
        "t": 0
      },
      {
        "answer": "الرِّياحُ البارِدَة",
        "t": 0
      }
    ]
  },
  {
    "id": 6048,
    "q": "في قوله تعالى: {وَتَرَى الْفُلْكَ فِيهِ مَوَاخِرَ} (مَوَاخِرَ) أي: ",
    "level": 1,
    "link": "https://dorar.net/tafseer/35/4",
    "section": "fatir",
    "answers": [
      {
        "answer": "جواريَ تَشُقُّ الماءَ وتَخرِقُه مع صَوتٍ",
        "t": 1
      },
      {
        "answer": "صَغيرَةَ الحَجمِ تَكادُ لا تُرَى",
        "t": 0
      },
      {
        "answer": "طافِيَةً على سَطحِ الماءِ",
        "t": 0
      }
    ]
  },
  {
    "id": 6049,
    "q": "في قولِه تعالى: {إِنَّمَا تُنْذِرُ الَّذِينَ يَخْشَوْنَ رَبَّهُمْ} (تُنْذِرُ) أي: تُعلِمُ بما تُحذِّرُ منه، وأصلُ الإنْذارِ:",
    "level": 1,
    "link": "https://dorar.net/tafseer/35/5",
    "section": "fatir",
    "answers": [
      {
        "answer": "إخبارٌ فيه تخويفٌ",
        "t": 1
      },
      {
        "answer": "إِعلامٌ بوُقُوعِ العُقوبَة",
        "t": 0
      },
      {
        "answer": "الإِمهالُ والتَّأخِيرُ",
        "t": 0
      }
    ]
  },
  {
    "id": 6060,
    "q": "قولُه تعالى: {مَنْ كَانَ يُرِيدُ الْعِزَّةَ فَلِلَّهِ الْعِزَّةُ جَمِيعًا إِلَيْهِ يَصْعَدُ الْكَلِمُ الطَّيِّبُ وَالْعَمَلُ الصَّالِحُ يَرْفَعُهُ} يُستَفادُ مِنه:",
    "level": 1,
    "link": "https://dorar.net/tafseer/35/3",
    "section": "fatir",
    "answers": [
      {
        "answer": "أنَّ كلَّ عَملٍ صالِحٍ مَقبُولٌ ولو كان قَليلًا",
        "t": 0
      },
      {
        "answer": "أنَّ المَعصِيةَ تُورِثُ الذُّلَّ",
        "t": 1
      },
      {
        "answer": "أنَّه لا عِزَّةَ في الدُّنيا مُطلقًا",
        "t": 0
      }
    ]
  },
  {
    "id": 6043,
    "q": "مَعنَى قَولِه تعالى: {فَلَا تَغُرَّنَّكُمُ الْحَيَاةُ الدُّنْيَا}:",
    "level": 1,
    "link": "https://dorar.net/tafseer/35/2",
    "section": "fatir",
    "answers": [
      {
        "answer": "لا تَخدَعَنَّكم حياتُكم الدُّنيا والتَّمَتُّعُ بمَلَذَّاتِها والانشِغالُ بها",
        "t": 1
      },
      {
        "answer": "لا تَستَعجِلُوا أَرزاقَكُم في الدُّنيا فيَحمِلكُم ذلك على أن تَطلُبوها بمَعصِيَة الله",
        "t": 0
      },
      {
        "answer": "لا تَغتَرُّوا بِكَثرةِ أَموالِكُم في الدُّنيا فالأيَّامُ دُوَلٌ",
        "t": 0
      }
    ]
  },
  {
    "id": 6053,
    "q": "في قَولِه تعالى: {سَائِغٌ شَرَابُهُ} مَعنَى (سَائِغٌ): ",
    "level": 1,
    "link": "https://dorar.net/tafseer/35/4",
    "section": "fatir",
    "answers": [
      {
        "answer": "عَذْبٌ",
        "t": 0
      },
      {
        "answer": "حُلْوٌ",
        "t": 0
      },
      {
        "answer": "سَهْلٌ",
        "t": 1
      }
    ]
  },
  {
    "id": 6056,
    "q": "قَولُ الله تعالى: {إِنَّمَا يَخْشَى اللَّهَ مِنْ عِبَادِهِ الْعُلَمَاءُ} يُستَفادُ منه:",
    "level": 1,
    "link": "https://dorar.net/tafseer/35/7",
    "section": "fatir",
    "answers": [
      {
        "answer": "أنَّ المَقصُودَ بالعُلماء هُم الأَنبياءُ والرُّسُلُ عليهم السَّلامُ",
        "t": 0
      },
      {
        "answer": "أنَّ تَمامَ الخَشيَة تكونُ مع تَمامِ العِبادَة",
        "t": 0
      },
      {
        "answer": "أنَّ العِلمَ التامَّ يَستلزِمُ الخَشيةَ",
        "t": 1
      }
    ]
  },
  {
    "id": 6051,
    "q": "في قَولِه تعالى: {وَهُمْ يَصْطَرِخُونَ فِيهَا} (يَصْطَرِخُونَ) أي:",
    "level": 1,
    "link": "https://dorar.net/tafseer/35/9",
    "section": "fatir",
    "answers": [
      {
        "answer": "يَصرُخونَ بشِدَّةٍ",
        "t": 1
      },
      {
        "answer": "يُطرَحُونَ على وُجُوهِهِم",
        "t": 0
      },
      {
        "answer": "يُقَيَّدُونَ بالسَّلاسِلِ",
        "t": 0
      }
    ]
  },
  {
    "id": 6063,
    "q": "مِن أهَمِّ مَقاصِدِ سُورةِ فاطِر:",
    "level": 1,
    "link": "https://dorar.net/tafseer/35",
    "section": "fatir",
    "answers": [
      {
        "answer": "التَّواضُعُ لله، المُستَلزِمُ لرَدِّ الأمرِ كُلِّه إليه",
        "t": 0
      },
      {
        "answer": "تحقيقُ العُبوديَّةِ، وتعظيمُ شَأنِ الرُّبوبيَّة",
        "t": 0
      },
      {
        "answer": "إثباتُ قُدرةِ اللهِ الكاملةِ، ومنها قدرتُه على البَعثِ",
        "t": 1
      }
    ]
  }
]