[
  {
    "id": 6040,
    "q": "في قَولِه تعالى: {كَذَلِكَ النُّشُورُ} (النُّشُور) هو: ",
    "level": 2,
    "link": "https://dorar.net/tafseer/35/3",
    "section": "fatir",
    "answers": [
      {
        "answer": "الحياةُ والمَرجِعُ",
        "t": 1
      },
      {
        "answer": "الخَلْقُ مِن العَدمِ",
        "t": 0
      },
      {
        "answer": "الإِنباتُ والزَّرعُ",
        "t": 0
      }
    ]
  },
  {
    "id": 6032,
    "q": "في قَولِه تعالى: {إِنَّهُ عَلِيمٌ بِذَاتِ الصُّدُورِ} المَقصُودُ (بِذَاتِ الصُّدُورِ):",
    "level": 2,
    "link": "https://dorar.net/tafseer/35/10",
    "section": "fatir",
    "answers": [
      {
        "answer": "بِما يُخفِيهِ المُنافِقُونَ في صُدُورِهِم مِن كَيْدٍ للمُسلِمينَ",
        "t": 0
      },
      {
        "answer": "بالشِّركِ الخَفِيِّ، وهو الرِّياءُ",
        "t": 0
      },
      {
        "answer": "بالضَّمائِرِ والنِّيَّاتِ والأسرارِ",
        "t": 1
      }
    ]
  },
  {
    "id": 6046,
    "q": "مِن أهَمِّ المَوضوعاتِ التي تَناوَلتَها سُورَةُ فاطِر:",
    "level": 2,
    "link": "https://dorar.net/tafseer/35",
    "section": "fatir",
    "answers": [
      {
        "answer": "التَّحذيرُ مِن الدُّنيا، ومِن الاغترارِ بوَساوِسِ الشَّيطانِ",
        "t": 1
      },
      {
        "answer": "النَّهيُ عن الفسادِ في الأرضِ التي أصلَحَها اللهُ لفائدةِ الإنسانِ",
        "t": 0
      },
      {
        "answer": "الاهتمامُ بجوانب التَّربيَةِ والإرشادِ والتَّوجيهِ للمؤمنين",
        "t": 0
      }
    ]
  },
  {
    "id": 6024,
    "q": "مَعنى قَولِه تعالى: {فَتُثِيرُ سَحَابًا}: ",
    "level": 2,
    "link": "https://dorar.net/tafseer/35/3",
    "section": "fatir",
    "answers": [
      {
        "answer": "تُحرِّكُه وتَنشُرُه وتَرفَعُه",
        "t": 1
      },
      {
        "answer": "تُخرِجُه مِن السَّماءِ إلى الأَرضِ",
        "t": 0
      },
      {
        "answer": "تُحَطِّمهُ وتُفَتِّتهُ",
        "t": 0
      }
    ]
  },
  {
    "id": 6018,
    "q": "قال الله تعالى: {مَا يَفْتَحِ اللَّهُ لِلنَّاسِ مِنْ رَحْمَةٍ فَلَا مُمْسِكَ لَهَا وَمَا يُمْسِكْ فَلَا مُرْسِلَ لَهُ مِنْ بَعْدِهِ} ذكَرَ اللهُ في هذه الآيةِ انفِرادَه بالتَّدبيرِ والعَطاءِ والمَنعِ، وهذا يُوجِبُ:",
    "level": 2,
    "link": "https://dorar.net/tafseer/35/1",
    "section": "fatir",
    "answers": [
      {
        "answer": "التَّعَلُّقَ باللهِ تعالى والافتِقارَ إليه",
        "t": 1
      },
      {
        "answer": "تَقريرَ أنَّ رَحمَةَ الله تعالى تَسَعُ المُؤمِنَ والكافِرَ",
        "t": 0
      },
      {
        "answer": "انفِرادَ الله تعالى بالأُلوهِيَّة والرُّبوبِيَّة والأَسماءِ والصِّفاتِ",
        "t": 0
      }
    ]
  },
  {
    "id": 6039,
    "q": "في قَولِه تعالى: {إِنَّ الشَّيْطَانَ لَكُمْ عَدُوٌّ فَاتَّخِذُوهُ عَدُوًّا} الأمرُ باتِّخاذِه عدوًّا فيه تَنبيهٌ على:",
    "level": 2,
    "link": "https://dorar.net/tafseer/35/2",
    "section": "fatir",
    "answers": [
      {
        "answer": "أنَّ العَدواةَ الخَفِيَّة أَعظَمُ شَرًّا مِن العَداوَةِ الظَّاهِرَة",
        "t": 0
      },
      {
        "answer": "مُجاهَدَة النَّفسِ ومُخالَفَة الهَوَى",
        "t": 0
      },
      {
        "answer": "استِفراغِ الوُسْعِ في مُجاهَدتِه",
        "t": 1
      }
    ]
  },
  {
    "id": 6022,
    "q": "في قَولِه تعالى: {لَا إِلَهَ إِلَّا هُوَ فَأَنَّى تُؤْفَكُونَ} (تُؤْفَكُونَ): أي:",
    "level": 2,
    "link": "https://dorar.net/tafseer/35/1",
    "section": "fatir",
    "answers": [
      {
        "answer": "تَكفُرُونَ ",
        "t": 0
      },
      {
        "answer": "تُصرَفونَ عن الحَقِّ",
        "t": 1
      },
      {
        "answer": "تُكَذِّبُونَ الرُّسُلَ",
        "t": 0
      }
    ]
  },
  {
    "id": 6030,
    "q": "في قوله تعالى: {يُحَلَّوْنَ فِيهَا} {يُحَلَّوْنَ}: أي: ",
    "level": 2,
    "link": "https://dorar.net/tafseer/35/8",
    "section": "fatir",
    "answers": [
      {
        "answer": "يَأكُلُونَ ما يَشتَهُونَ",
        "t": 0
      },
      {
        "answer": "يُزَيَّنون بالحُلِيِّ",
        "t": 1
      },
      {
        "answer": "يَتنَعَّمُونَ بالحَياةِ الأَبدِيَّة",
        "t": 0
      }
    ]
  },
  {
    "id": 6029,
    "q": "في قوله تعالى: {يَرْجُونَ تِجَارَةً لَنْ تَبُورَ} (تَبُور) أي: ",
    "level": 2,
    "link": "https://dorar.net/tafseer/35/8",
    "section": "fatir",
    "answers": [
      {
        "answer": "تَبطُل وتَخسَر",
        "t": 1
      },
      {
        "answer": "تَفنَى وتَبِيد",
        "t": 0
      },
      {
        "answer": "تَضمَحِل",
        "t": 0
      }
    ]
  },
  {
    "id": 6023,
    "q": "في قوله تعالى: {فَلَا تَذْهَبْ نَفْسُكَ عَلَيْهِمْ حَسَرَاتٍ} (حَسَرَاتٍ) جمعُ حَسْرةٍ، والحَسْرةُ: ",
    "level": 2,
    "link": "https://dorar.net/tafseer/35/2",
    "section": "fatir",
    "answers": [
      {
        "answer": "شدَّةُ الحزنِ",
        "t": 1
      },
      {
        "answer": "الجَزعُ وانعِدامُ الصَّبرِ",
        "t": 0
      },
      {
        "answer": "شَدِّةُ الأَلَمِ",
        "t": 0
      }
    ]
  },
  {
    "id": 6031,
    "q": "قولُه تعالى: {إِنَّ الَّذِينَ يَتْلُونَ كِتَابَ اللَّهِ وَأَقَامُوا الصَّلَاةَ وَأَنْفَقُوا مِمَّا رَزَقْنَاهُمْ سِرًّا وَعَلَانِيَةً يَرْجُونَ تِجَارَةً لَنْ تَبُورَ} يُستَفادُ مِنه: ",
    "level": 2,
    "link": "https://dorar.net/tafseer/35/8",
    "section": "fatir",
    "answers": [
      {
        "answer": "أنَّه يجوزُ أَخذُ الأُجرَةِ على تَعليمِ القُرآنِ، وسائرِ العُلومِ الشَّرعِيَّة",
        "t": 0
      },
      {
        "answer": "أنَّ لتِلاوةِ القُرآنِ حَظَّها مِن الثَّوابِ ولو لم يُصاحِبْها تَدَبُّر",
        "t": 1
      },
      {
        "answer": "وُجوبُ قِراءَةِ القُرآنِ؛ لأنها ذُكرِت مع الصَّلاةِ والزَّكاةِ وهُما فَريضَتانِ ",
        "t": 0
      }
    ]
  },
  {
    "id": 6026,
    "q": "في قولِه تعالى: {وَلَا تَزِرُ وَازِرَةٌ وِزْرَ أُخْرَى} (الوِزْرُ) هو:",
    "level": 2,
    "link": "https://dorar.net/tafseer/35/5",
    "section": "fatir",
    "answers": [
      {
        "answer": "الإثمُ والذَّنْبُ",
        "t": 1
      },
      {
        "answer": "الكُفرُ والشِّركُ",
        "t": 0
      },
      {
        "answer": "الهُمومُ والغُمومُ",
        "t": 0
      }
    ]
  },
  {
    "id": 6038,
    "q": "المَقصُود بالحِلْيَة في قولِه تعالى: {وَتَسْتَخْرِجُونَ حِلْيَةً}:",
    "level": 2,
    "link": "https://dorar.net/tafseer/35/4",
    "section": "fatir",
    "answers": [
      {
        "answer": "اللُّؤلؤ والمَرجان",
        "t": 1
      },
      {
        "answer": "الثَّيابُ",
        "t": 0
      },
      {
        "answer": "ما يُؤكَلُ مِن صَيْدِ البَحرِ",
        "t": 0
      }
    ]
  },
  {
    "id": 6027,
    "q": "ما معنى قوله تعالى: {فَكَيْفَ كَانَ نَكِيرِ}: ",
    "level": 2,
    "link": "https://dorar.net/tafseer/35/6",
    "section": "fatir",
    "answers": [
      {
        "answer": "فكيفَ كان إنكاري وعِقابي على تِلك الأُمَمِ المكَذِّبةِ ",
        "t": 1
      },
      {
        "answer": "كيف سَوَّلَت لهُم أَنفُسُهم ألَّا يَأمُرُوا بالمَعرُوفِ ويَنهَوا عن المُنكَر",
        "t": 0
      },
      {
        "answer": "فكَيفَ كَذَّبُوا رُسُلِي وأَنكَرُوا رِسالَتَهُم رغمَ ما مَعهُم مِن الآياتِ",
        "t": 0
      }
    ]
  },
  {
    "id": 6036,
    "q": "في قوله تعالى: {وَمِنَ الْجِبَالِ جُدَدٌ بِيضٌ} (جُدَدٌ) أي: ",
    "level": 2,
    "link": "https://dorar.net/tafseer/35/7",
    "section": "fatir",
    "answers": [
      {
        "answer": "جِبالٌ مِن الثَّلجِ الأَبيَض",
        "t": 0
      },
      {
        "answer": "ضِخامٌ عَمالِيق",
        "t": 0
      },
      {
        "answer": "خُطوطٌ وطَرائِقُ تكونُ في الجِبالِ",
        "t": 1
      }
    ]
  },
  {
    "id": 6017,
    "q": "(يَحِيقُ) في قَولِ الله تعالى: {وَلَا يَحِيقُ الْمَكْرُ السَّيِّئُ إِلَّا بِأَهْلِهِ} مَعناهُ:",
    "level": 2,
    "link": "https://dorar.net/tafseer/35/11",
    "section": "fatir",
    "answers": [
      {
        "answer": "يَخدَعُ",
        "t": 0
      },
      {
        "answer": "يُمهِلُ ويُؤخِّرُ",
        "t": 0
      },
      {
        "answer": "يُحيطُ ويَنزِلُ",
        "t": 1
      }
    ]
  },
  {
    "id": 6028,
    "q": "في قوله تعالى: {إِنَّمَا يَخْشَى اللَّهَ مِنْ عِبَادِهِ الْعُلَمَاءُ إِنَّ اللَّهَ عَزِيزٌ غَفُورٌ} قال: إنَّ الله عَزيزٌ غَفُورٌ بعدَ ذِكرِ الخَشيةِ: إشارةً إلى:",
    "level": 2,
    "link": "https://dorar.net/tafseer/35/7",
    "section": "fatir",
    "answers": [
      {
        "answer": "أنَّ اللهَ عزَّ وجَلَّ أهلٌ لأنْ يُخشَى؛ لأنَّه عزيزٌ",
        "t": 1
      },
      {
        "answer": "أنَّ العِلمَ يكونُ سَببًا في المَغفِرَة إذا عُمِلَ بِه ",
        "t": 0
      },
      {
        "answer": "أنَّ خَشيَةَ الله عزَّ وجلَّ عَزِيزَةٌ وقَليلٌ فاعِلُها",
        "t": 0
      }
    ]
  },
  {
    "id": 6025,
    "q": "قال تعالَى: {وَمِنْ كُلٍّ تَأْكُلُونَ لَحْمًا طَرِيًّا} وصَفَه بالطراوةِ؛ للإشعارِ بلَطافتِه والتَّنبيهِ على: ",
    "level": 2,
    "link": "https://dorar.net/tafseer/35/4",
    "section": "fatir",
    "answers": [
      {
        "answer": "أنَّه سَهلُ الأَكلِ للصَّغيرِ والكَبيرِ؛ فيكونُ غِذاءً للجَميعِ",
        "t": 0
      },
      {
        "answer": "أنَّ أَفضَلَ ما يُعالَجُ به هو الشِّواءُ",
        "t": 0
      },
      {
        "answer": "المسارعةِ إلى أكْلِه؛ لئلَّا يَتسارَعَ إليه الفَسادُ",
        "t": 1
      }
    ]
  },
  {
    "id": 6045,
    "q": "مِن أَسماءِ سُورَةِ فاطِر:",
    "level": 2,
    "link": "https://dorar.net/tafseer/35",
    "section": "fatir",
    "answers": [
      {
        "answer": "سُورَةُ المَحَاجَّة",
        "t": 0
      },
      {
        "answer": "سُورَةُ السَّموات",
        "t": 0
      },
      {
        "answer": "سُورَةُ المَلائِكَة",
        "t": 1
      }
    ]
  },
  {
    "id": 6037,
    "q": "قال اللهُ تعالَى: {إِنَّمَا تُنْذِرُ الَّذِينَ يَخْشَوْنَ رَبَّهُمْ بِالْغَيْبِ وَأَقَامُوا الصَّلَاةَ} فيه فَضيلةُ الصلاةِ؛ وأنَّها سببٌ لـ:",
    "level": 2,
    "link": "https://dorar.net/tafseer/35/5",
    "section": "fatir",
    "answers": [
      {
        "answer": "مُضاعفَةِ الأَجرِ",
        "t": 0
      },
      {
        "answer": "الكَفِّ عن الشَّهَواتِ",
        "t": 0
      },
      {
        "answer": "الانتفاعِ بإنذارِ النَّبِيِّ صلَّى الله عليه وسلَّم",
        "t": 1
      }
    ]
  }
]