[
  {
    "id": 413,
    "q": "في قولِ اللهِ تَعالَى: {وَمَا تَنقِمُ مِنَّا إِلاَّ أَنْ آمَنَّا بِآيَاتِ رَبِّنَا لَمَّا جَاءتْنَا رَبَّنَا أَفْرِغْ عَلَيْنَا صَبْرًا وَتَوَفَّنَا مُسْلِمِينَ} دليلٌ على:",
    "level": 3,
    "link": "https: //www.dorar.net/tafseer/7/25",
    "section": "al-araaf",
    "answers": [
      {
        "answer": "أنَّ الإيمانَ والإسلامَ واحدٌ",
        "t": 1
      },
      {
        "answer": "أنَّ الإسلامَ أعمُّ منَ الإيمانِ",
        "t": 0
      },
      {
        "answer": "أنَّ الإيمانَ فرَعٌ من فروع الإسلامِ",
        "t": 0
      }
    ]
  },
  {
    "id": 408,
    "q": "في قَولِه تَعالَى: {أَلاَ لَهُ الْخَلْقُ وَالأَمْرُ} ردٌّ على:",
    "level": 3,
    "link": "https: //www.dorar.net/tafseer/7/13",
    "section": "al-araaf",
    "answers": [
      {
        "answer": "القائلينَ بخَلقِ القرآنِ",
        "t": 1
      },
      {
        "answer": "الذين قالوا بحُدوثِ العالَمِ",
        "t": 0
      },
      {
        "answer": "القائلينَ بوَحْدةِ الوجودِ",
        "t": 0
      }
    ]
  },
  {
    "id": 419,
    "q": "أشارَ قَولُه تَعالَى: {أَوْ تَقُولُواْ إِنَّمَا أَشْرَكَ آبَاؤُنَا مِن قَبْلُ وَكُنَّا ذُرِّيَّةً مِّن بَعْدِهِمْ} إلى:",
    "level": 3,
    "link": "https: //www.dorar.net/tafseer/7/41",
    "section": "al-araaf",
    "answers": [
      {
        "answer": "أنَّ شأنَ الذُّرِّيَّةِ الاقتداءُ بالآباءِ",
        "t": 1
      },
      {
        "answer": "أنَّ شَرفَ النَّسَبِ لا يُغنِي عن صاحِبِه شَيئًا ما لم يَعمَل بطاعةِ  الله عزَّ وجلَّ",
        "t": 0
      },
      {
        "answer": "مُنافاةِ وَجهِ الشَّبَهِ بينَ الآباءِ والذُّرِّيَّةِ",
        "t": 0
      }
    ]
  },
  {
    "id": 403,
    "q": "استدَلَّ العلماءُ بقَولِه تَعالَى: {اسْجُدُواْ لآدَمَ}:",
    "level": 3,
    "link": "https: //www.dorar.net/tafseer/7/3",
    "section": "al-araaf",
    "answers": [
      {
        "answer": "أنَّ السُّجودَ هو أَشرفُ العِباداتِ",
        "t": 0
      },
      {
        "answer": "أنَّ الأمرَ لا يَقتَضي الوُجوبَ",
        "t": 0
      },
      {
        "answer": "أنَّ صيغةَ (افعَلْ) تأْتي في أصْلِ وَضعِها للوُجوبِ",
        "t": 1
      }
    ]
  },
  {
    "id": 404,
    "q": "ذُكِرت إقامةُ الوُجوهِ في قَولِه تَعالَى: {وَأَقِيمُواْ وُجُوهَكُمْ عِندَ كُلِّ مَسْجِدٍ}:",
    "level": 3,
    "link": "https: //www.dorar.net/tafseer/7/5",
    "section": "al-araaf",
    "answers": [
      {
        "answer": "لأنَّ الوجهَ أشرَفُ ما في الجسدِ",
        "t": 0
      },
      {
        "answer": "تمثيلًا لكمالِ الإقبالِ على اللهِ تَعالَى في مواضِعِ عبادتِه",
        "t": 1
      },
      {
        "answer": "للإشارةِ إلى دَيمومَةِ التَّعبُّدِ لله عزَّ وجلَّ",
        "t": 0
      }
    ]
  },
  {
    "id": 407,
    "q": "الغرَضُ من الاستِفهامِ في قَولِه تَعالَى: {أَهَؤُلاء الَّذِينَ أَقْسَمْتُمْ}:",
    "level": 3,
    "link": "https: //www.dorar.net/tafseer/7/11",
    "section": "al-araaf",
    "answers": [
      {
        "answer": "التَّوبيخِ",
        "t": 0
      },
      {
        "answer": "التعجُّبِ",
        "t": 0
      },
      {
        "answer": "التَّقريرِ",
        "t": 1
      }
    ]
  },
  {
    "id": 410,
    "q": "أفادَ قَولُه تَعالَى: {فَقَالَ يَا قَوْمِ اعْبُدُواْ اللَّهَ مَا لَكُم مِّنْ إِلَهٍ غَيْرُهُ}:",
    "level": 3,
    "link": "https: //www.dorar.net/tafseer/7/15",
    "section": "al-araaf",
    "answers": [
      {
        "answer": "أنَّ مِن الحِكمَةِ في الدَّعوةِ التَّنوُّعَ بين التَّبشيرِ والإنذارِ",
        "t": 0
      },
      {
        "answer": "أنَّ أوَّلَ الواجباتِ التَّوحيدُ",
        "t": 1
      },
      {
        "answer": "أنَّ العِباداتِ تَوقِيفِيَّة",
        "t": 0
      }
    ]
  },
  {
    "id": 411,
    "q": "عبَّرَ عنِ الإصابةِ بالماضي في قَولِه تَعالَى: {أَن لَّوْ نَشَاء أَصَبْنَاهُم بِذُنُوبِهِمْ}:",
    "level": 3,
    "link": "https: //www.dorar.net/tafseer/7/21",
    "section": "al-araaf",
    "answers": [
      {
        "answer": "للتَّلطُّفِ بهم وإظهارِ الرَّحمةِ",
        "t": 0
      },
      {
        "answer": "للإشارةِ إلى سُرعةِ الهَلاكِ",
        "t": 1
      },
      {
        "answer": "للدَّلالةِ على مُضيِّ الحدَثِ",
        "t": 0
      }
    ]
  },
  {
    "id": 415,
    "q": "كان جوابُ موسى بعُنفٍ وغِلظةٍ في قَولِه تَعالَى: {قَالَ إِنَّكُمْ قَوْمٌ تَجْهَلُونَ}:",
    "level": 3,
    "link": "https: //www.dorar.net/tafseer/7/29",
    "section": "al-araaf",
    "answers": [
      {
        "answer": "لأنَّ ذلك المناسبُ لحالِهم",
        "t": 1
      },
      {
        "answer": "ليَردعَهم عن فِعلِهم",
        "t": 0
      },
      {
        "answer": "لشِدَّةٍ كانت في طَبعِه",
        "t": 0
      }
    ]
  },
  {
    "id": 405,
    "q": "الاستفهامُ في قَولِه تَعالَى: {أَتَقُولُونَ عَلَى اللَّهِ مَا لاَ تَعْلَمُون}:",
    "level": 3,
    "link": "https: //www.dorar.net/tafseer/7/5",
    "section": "al-araaf",
    "answers": [
      {
        "answer": "للتعجُّبِ",
        "t": 0
      },
      {
        "answer": "للطلبِ",
        "t": 0
      },
      {
        "answer": "للإنْكارِ والتوْبيخِ",
        "t": 1
      }
    ]
  },
  {
    "id": 412,
    "q": "استدَلَّ العُلَماءُ بقَولِه تَعالَى: {أَفَأَمِنُواْ مَكْرَ اللّهِ فَلاَ يَأْمَنُ مَكْرَ اللّهِ إِلاَّ الْقَوْمُ الْخَاسِرُون} على:",
    "level": 3,
    "link": "https: //www.dorar.net/tafseer/7/21",
    "section": "al-araaf",
    "answers": [
      {
        "answer": "إثباتِ اسمِ الله القاهِر سُبحانه",
        "t": 0
      },
      {
        "answer": "أنَّ الأمنَ من مكرِ اللهِ منَ الكبائرِ",
        "t": 1
      },
      {
        "answer": "وُجوبِ الإيمان والتَّصديقِ بجميعِ أَفعالِ الله عزَّ وجلَّ",
        "t": 0
      }
    ]
  },
  {
    "id": 416,
    "q": "المرادُ بدارِ الفاسقينَ في قَولِه تَعالَى: {سَأُرِيكُمْ دَارَ الْفَاسِقِينَ}:",
    "level": 3,
    "link": "https: //www.dorar.net/tafseer/7/31",
    "section": "al-araaf",
    "answers": [
      {
        "answer": "دِيارُ قومِ لوطٍ",
        "t": 0
      },
      {
        "answer": "دِيارُ عادٍ وثمودَ وأضرابِهم منَ الكافرينَ",
        "t": 1
      },
      {
        "answer": "دِيارُ آلِ فِرعونَ",
        "t": 0
      }
    ]
  },
  {
    "id": 401,
    "q": "المقصودُ منَ النَّهيِ بعدَ الأمرِ بالاتِّباعِ في قَولِه تَعالَى: {اتَّبِعُواْ مَا أُنزِلَ إِلَيْكُم مِّن رَّبِّكُمْ وَلاَ تَتَّبِعُواْ مِن دُونِهِ أَوْلِيَاء}:",
    "level": 3,
    "link": "https: //www.dorar.net/tafseer/7/1",
    "section": "al-araaf",
    "answers": [
      {
        "answer": "تأكيدُ مُقتَضى الأمرِ باتِّباعِ ما أُنزِلَ عَليهِم",
        "t": 1
      },
      {
        "answer": "النَّهيُ عنِ الوُقوعِ في الذُّنوبِ والمعاصي",
        "t": 0
      },
      {
        "answer": "الدَّعوةُ إلى تحقيقِ العُبوديةِ للهِ",
        "t": 0
      }
    ]
  },
  {
    "id": 414,
    "q": "دلَّ قَولُه تَعالَى: {وَتَوَفَّنَا مُسْلِمِينَ} على:",
    "level": 3,
    "link": "https: //www.dorar.net/tafseer/7/25",
    "section": "al-araaf",
    "answers": [
      {
        "answer": "أنَّ الأنبياءَ ليسُوا مَعصُومِين",
        "t": 0
      },
      {
        "answer": "أنَّه لا يوجَد خُلودٌ إلَّا في الجنَّة فقط",
        "t": 0
      },
      {
        "answer": "أنَّ الدِّينَ عندَ اللهِ الإسلامُ في كلِّ زمانٍ ومكانٍ",
        "t": 1
      }
    ]
  },
  {
    "id": 406,
    "q": "أفرَدَ اللهُ تَعالَى البغيَ عنِ الإثمِ في قَولِه: {وَالإِثْمَ وَالْبَغْيَ بِغَيْرِ الْحَقِّ}:",
    "level": 3,
    "link": "https: //www.dorar.net/tafseer/7/7",
    "section": "al-araaf",
    "answers": [
      {
        "answer": "لأنَّه إِحدَى سُبُلِ الشِّركِ",
        "t": 0
      },
      {
        "answer": "لتَعاظُمِه في الإثمِ",
        "t": 0
      },
      {
        "answer": "للمُبالَغةِ في الزَّجرِ عنه",
        "t": 1
      }
    ]
  },
  {
    "id": 418,
    "q": "دلَّ قَولُه تَعالَى: {واَسْأَلْهُمْ عَنِ الْقَرْيَةِ الَّتِي كَانَتْ حَاضِرَةَ الْبَحْرِ...} على:",
    "level": 3,
    "link": "https: //www.dorar.net/tafseer/7/39",
    "section": "al-araaf",
    "answers": [
      {
        "answer": "أنَّ المَشَقَّة تَجلِبُ التَّيسِيرَ",
        "t": 0
      },
      {
        "answer": "أنَّ الحِيَلَ في تحليلِ الأمورِ التي حرَّمها الشَّرعُ محرَّمةٌ",
        "t": 1
      },
      {
        "answer": "أنَّ كَثرةَ النِّعَمِ قد تكونُ ابتلاءً مِن الله لعِبادِه",
        "t": 0
      }
    ]
  },
  {
    "id": 402,
    "q": "يُستفادُ من قَولِه تَعالَى: {وَلَقَدْ خَلَقْنَاكُمْ ثُمَّ صَوَّرْنَاكُمْ ثُمَّ قُلْنَا لِلْمَلآئِكَةِ}:",
    "level": 3,
    "link": "https: //www.dorar.net/tafseer/7/3",
    "section": "al-araaf",
    "answers": [
      {
        "answer": "التَّأكيدُ على ضَعفِ الإنسانِ بتَذكيرهِ بمراحِل خَلقِه",
        "t": 0
      },
      {
        "answer": "إثباتُ الصفاتِ الاختياريةِ للهِ كصفةِ الكلامِ هنا",
        "t": 1
      },
      {
        "answer": "إظهار التَّدرجِ في خَلقِ بني آدمَ إشارةً إلى كَراهَةِ العَجَلَة",
        "t": 0
      }
    ]
  },
  {
    "id": 420,
    "q": "مَعنى تُنظِرونِ في قَولِه تَعالَى: {قُلِ ادْعُواْ شُرَكَاءكُمْ ثُمَّ كِيدُونِ فَلاَ تُنظِرُونِ}:",
    "level": 3,
    "link": "https: //www.dorar.net/tafseer/7/47",
    "section": "al-araaf",
    "answers": [
      {
        "answer": "تُبصرونِي",
        "t": 0
      },
      {
        "answer": "تَنتصِرُون عليَّ",
        "t": 0
      },
      {
        "answer": "تؤخِّرونِي",
        "t": 1
      }
    ]
  },
  {
    "id": 409,
    "q": "دلَّ قَولُه تَعالَى: {ثُمَّ اسْتَوَى عَلَى الْعَرْشِ} على:",
    "level": 3,
    "link": "https: //www.dorar.net/tafseer/7/13",
    "section": "al-araaf",
    "answers": [
      {
        "answer": "أنَّ الاستواءَ بمَعنى الاستيلاءِ",
        "t": 0
      },
      {
        "answer": "أنَّ اللهَ سُبحانه خَلقَ العَرشَ قبلَ الأرضِ",
        "t": 0
      },
      {
        "answer": "بُطلانِ تأويلِ الاستواءِ بمَعنى المُلكِ",
        "t": 1
      }
    ]
  },
  {
    "id": 417,
    "q": "الغرَضُ منَ النِّداءِ في قَولِه تَعالَى: {قَالَ يَا مُوسَى إِنِّي اصْطَفَيْتُكَ عَلَى النَّاسِ}:",
    "level": 3,
    "link": "https: //www.dorar.net/tafseer/7/31",
    "section": "al-araaf",
    "answers": [
      {
        "answer": "للتَّنبيهِ",
        "t": 0
      },
      {
        "answer": "لطَلَبِ الإقْبالِ",
        "t": 0
      },
      {
        "answer": "للتَّأْنيسِ وإزالةِ الرَّوْعِ",
        "t": 1
      }
    ]
  }
]