[
  {
    "id": 362,
    "q": "من مقاصِدِ سورةِ الأعرافِ:",
    "level": 1,
    "link": "https: //www.dorar.net/tafseer/7",
    "section": "al-araaf",
    "answers": [
      {
        "answer": "إنذارُ مَن أعرَضَ عمَّا دَعا إليه الكتابُ في السُّوَرِ الماضيةِ",
        "t": 1
      },
      {
        "answer": "الأمرُ بالاجتماعِ والنهيُ عن التفرُّقِ",
        "t": 0
      },
      {
        "answer": "الدعوةُ إلى إصْلاحِ ذاتِ البَينِ",
        "t": 0
      }
    ]
  },
  {
    "id": 364,
    "q": "مَعنى (الصَّاغِرينَ) في قَولِه تَعالَى: {فَاخْرُجْ إِنَّكَ مِنَ الصَّاغِرِين}:",
    "level": 1,
    "link": "https: //www.dorar.net/tafseer/7/3د",
    "section": "al-araaf",
    "answers": [
      {
        "answer": "المُهانينَ",
        "t": 1
      },
      {
        "answer": "المعذَّبينَ",
        "t": 0
      },
      {
        "answer": "المَطرُودِين",
        "t": 0
      }
    ]
  },
  {
    "id": 361,
    "q": "سورةُ الأعرافِ:",
    "level": 1,
    "link": "https: //www.dorar.net/tafseer/7",
    "section": "al-araaf",
    "answers": [
      {
        "answer": "مَدنِيَّة",
        "t": 0
      },
      {
        "answer": "مُختلَفٌ فيها",
        "t": 0
      },
      {
        "answer": "مَكِّيَّةٌ",
        "t": 1
      }
    ]
  },
  {
    "id": 375,
    "q": "مَعنى القُمَّلِ في قَولِه تَعالَى: {فَأَرْسَلْنَا عَلَيْهِمُ الطُّوفَانَ وَالْجَرَادَ وَالْقُمَّلَ}:",
    "level": 1,
    "link": "https: //www.dorar.net/tafseer/7/27",
    "section": "al-araaf",
    "answers": [
      {
        "answer": "الحشَرةُ الصغيرةُ التي تُصيبُ الرأسِ",
        "t": 0
      },
      {
        "answer": "السُّوسُ الذي يقَعُ في الحِنْطةِ",
        "t": 1
      },
      {
        "answer": "الجَرادُ الكَثيفُ الذي يُهلِكُ الزرعَ",
        "t": 0
      }
    ]
  },
  {
    "id": 363,
    "q": "مَعنى الحرَجِ في قَولِه تَعالَى: {فَلاَ يَكُن فِي صَدْرِكَ حَرَجٌ مِّنْهُ}:",
    "level": 1,
    "link": "https: //www.dorar.net/tafseer/7/1",
    "section": "al-araaf",
    "answers": [
      {
        "answer": "الضِّيقُ",
        "t": 1
      },
      {
        "answer": "اليَأسُ",
        "t": 0
      },
      {
        "answer": "الحُزنُ",
        "t": 0
      }
    ]
  },
  {
    "id": 376,
    "q": "مَعنى إصْرَهم في قَولِه تَعالَى: {وَيَضَعُ عَنْهُمْ إِصْرَهُمْ}:",
    "level": 1,
    "link": "https: //www.dorar.net/tafseer/7/35",
    "section": "al-araaf",
    "answers": [
      {
        "answer": "ما كان قبلَ إسلامِهم",
        "t": 0
      },
      {
        "answer": "ما عَمِلوا منَ السُّوءِ",
        "t": 0
      },
      {
        "answer": "ما عُقِدَ من عَقْدٍ ثقيلٍ عليهم",
        "t": 1
      }
    ]
  },
  {
    "id": 372,
    "q": "يُستفادُ من قَولِه تَعالَى: {قَالَ يَا قَوْمِ اعْبُدُواْ اللَّهَ مَا لَكُم مِّنْ إِلَهٍ غَيْرُهُ}:",
    "level": 1,
    "link": "https: //www.dorar.net/tafseer/7/17",
    "section": "al-araaf",
    "answers": [
      {
        "answer": "أنَّ تَحْقيقَ الفرائضِ أعظَمُ أجرًا من تجريدِ التَّوحيدِ للهِ",
        "t": 0
      },
      {
        "answer": "أنَّ التوحيدَ أولُ دعوةِ الرسُلِ",
        "t": 1
      },
      {
        "answer": "أنَّ أولَ ما دَعا إليه الرُّسُلُ هو العباداتُ",
        "t": 0
      }
    ]
  },
  {
    "id": 379,
    "q": "مَعنى (نَتَقْنَا) في قَولِه تَعالَى: {وَإِذ نَتَقْنَا الْجَبَلَ فَوْقَهُمْ}:",
    "level": 1,
    "link": "https: //www.dorar.net/tafseer/7/41",
    "section": "al-araaf",
    "answers": [
      {
        "answer": "قلَعْناه من أصْلِه",
        "t": 1
      },
      {
        "answer": "هَدَمْنا",
        "t": 0
      },
      {
        "answer": "أَسقَطنا عليهِم",
        "t": 0
      }
    ]
  },
  {
    "id": 377,
    "q": "دلَّ قَولُه تَعالَى: {وَمِن قَوْمِ مُوسَى أُمَّةٌ يَهْدُونَ بِالْحَقِّ وَبِهِ يَعْدِلُون}:",
    "level": 1,
    "link": "https: //www.dorar.net/tafseer/7/37",
    "section": "al-araaf",
    "answers": [
      {
        "answer": "أنَّ نَبِيَّ الله موسى عليه السلامُ أُرسِلَ إلى أُمَمٍ كثيرةٍ غير بني إسرائيلَ",
        "t": 0
      },
      {
        "answer": "أنَّ الحقَّ سَبيلُ العَدلِ ومَنُوطٌ بِه",
        "t": 0
      },
      {
        "answer": "أنَّ الأُممَ العَظيمةَ لا تَخْلو من أهْلِ الحقِّ والعدلِ",
        "t": 1
      }
    ]
  },
  {
    "id": 368,
    "q": "تضمَّنَ قَولُه تَعالَى: {قُلْ إِنَّمَا حَرَّمَ رَبِّيَ الْفَوَاحِشَ مَا ظَهَرَ مِنْهَا وَمَا بَطَنَ}:",
    "level": 1,
    "link": "https: //www.dorar.net/tafseer/7/7",
    "section": "al-araaf",
    "answers": [
      {
        "answer": "أنَّ النظرَ إلى العَوْراتِ حرامٌ",
        "t": 1
      },
      {
        "answer": "أنَّ الفَواحِشَ أَنواع وأَشدُّها حُرمةً أَشدُّها ظُهورًا",
        "t": 0
      },
      {
        "answer": "أنَّ الفواحشَ الباطنةَ أشدُّ حُرمةً منَ الظاهِرةِ",
        "t": 0
      }
    ]
  },
  {
    "id": 371,
    "q": "مَعنى الملأِ في قَولِه تَعالَى: {قَالَ الْمَلأُ مِن قَوْمِهِ}:",
    "level": 1,
    "link": "https: //www.dorar.net/tafseer/7/17",
    "section": "al-araaf",
    "answers": [
      {
        "answer": "أشْرافُ الناسِ ووُجوهُهم",
        "t": 1
      },
      {
        "answer": "عامَّةُ الناسِ",
        "t": 0
      },
      {
        "answer": "أراذِلُ الناسِ",
        "t": 0
      }
    ]
  },
  {
    "id": 369,
    "q": "مَعنى يلِجَ في قَولِه تَعالَى: {حَتَّى يَلِجَ الْجَمَلُ فِي سَمِّ الْخِيَاطِ}",
    "level": 1,
    "link": "https: //www.dorar.net/tafseer/7/9",
    "section": "al-araaf",
    "answers": [
      {
        "answer": "يدخُلَ",
        "t": 1
      },
      {
        "answer": "يخرُجَ",
        "t": 0
      },
      {
        "answer": "يُعقَدَ",
        "t": 0
      }
    ]
  },
  {
    "id": 365,
    "q": "في قَولِه تَعالَى: {قَالَ أَنَاْ خَيْرٌ مِّنْهُ خَلَقْتَنِي مِن نَّارٍ وَخَلَقْتَهُ مِن طِين...} حجةٌ على:",
    "level": 1,
    "link": "https: //www.dorar.net/tafseer/7/3",
    "section": "al-araaf",
    "answers": [
      {
        "answer": "الطَّبائِعيِّين",
        "t": 0
      },
      {
        "answer": "مَن يَفخَرون بأنْسابِهم",
        "t": 1
      },
      {
        "answer": "مَن يقولُ بأنَّ أصلَ الإنسانِ قِردٌ",
        "t": 0
      }
    ]
  },
  {
    "id": 374,
    "q": "يُستفادُ من قَولِه تَعالَى: {وَلَوْ أَنَّ أَهْلَ الْقُرَى آمَنُواْ وَاتَّقَواْ لَفَتَحْنَا عَلَيْهِم بَرَكَاتٍ مِّنَ السَّمَاء وَالأَرْضِ...}:",
    "level": 1,
    "link": "https: //www.dorar.net/tafseer/7/21",
    "section": "al-araaf",
    "answers": [
      {
        "answer": "أنَّ التَّقوى نوعان: عامَّةٌ وخاصَّة",
        "t": 0
      },
      {
        "answer": "أنَّ المعاصيَ تمحَقُ بركةَ الدِّينِ والدُّنيا",
        "t": 1
      },
      {
        "answer": "أنَّ العقابَ على المعاصي يكونُ في الآخِرةِ فقط",
        "t": 0
      }
    ]
  },
  {
    "id": 380,
    "q": "أفادَ قَولُه تَعالَى: {لَهُمْ قُلُوبٌ لَا يَفْقَهُونَ بِهَا وَلَهُمْ أَعْيُنٌ لَا يُبْصِرُونَ بِهَا وَلَهُمْ آذَانٌ لَا يَسْمَعُونَ بِهَا}:",
    "level": 1,
    "link": "https: //www.dorar.net/tafseer/7/43",
    "section": "al-araaf",
    "answers": [
      {
        "answer": "أنَّ الحَواسَ قد تَتوقَّف عن العَملِ حِسِّيًّا ومَعنَويًّا",
        "t": 0
      },
      {
        "answer": "أنَّ الغَفلةَ من أعظمِ الأسْبابِ التي يُحرَمُ بها العبدُ خيرَ الدُّنيا والآخِرةِ",
        "t": 1
      },
      {
        "answer": "التَّحذيرَ مِن مُوالاةِ أَهلِ الكتابِ أو التَّشبُّهِ بهِم",
        "t": 0
      }
    ]
  },
  {
    "id": 373,
    "q": "مَعنى تَبخَسوا في قَولِه تَعالَى: {وَلَا تَبْخَسُواْ النَّاسَ أَشْيَاءهُمْ}:",
    "level": 1,
    "link": "https: //www.dorar.net/tafseer/7/19",
    "section": "al-araaf",
    "answers": [
      {
        "answer": "تَخدَعُوا وتَمكُرُوا",
        "t": 0
      },
      {
        "answer": "تَحسُدُوا وتَحقِدُوا",
        "t": 0
      },
      {
        "answer": "تَنقُصوا وتَظلِموا",
        "t": 1
      }
    ]
  },
  {
    "id": 378,
    "q": "أفادَ قَولُه تَعالَى: {فَلَمَّا نَسُواْ مَا ذُكِّرُواْ بِهِ أَنجَيْنَا الَّذِينَ يَنْهَوْنَ عَنِ السُّوءِ وَأَخَذْنَا الَّذِينَ ظَلَمُواْ بِعَذَابٍ بَئِيسٍ بِمَا كَانُواْ يَفْسُقُون}:",
    "level": 1,
    "link": "https: //www.dorar.net/tafseer/7/39",
    "section": "al-araaf",
    "answers": [
      {
        "answer": "أنَّ اللهَ إذا أنزَلَ العذابَ لا يَنْجو منه أحدٌ أبدًا",
        "t": 0
      },
      {
        "answer": "أنَّ العقوبةَ إذا نزلَتْ نجَا منها الآمِرونَ بالمعروفِ والناهونَ عنِ المنكَرِ",
        "t": 1
      },
      {
        "answer": "أنَّ اللهَ يَعْفو عنِ المُذنبينَ بسببِ مُجاوَرَتِهمُ الصالحينَ",
        "t": 0
      }
    ]
  },
  {
    "id": 366,
    "q": "تَضمَّنَ قَولُه تَعالَى: {وَلِبَاسُ التَّقْوَى ذَلِكَ خَيْرٌ}:",
    "level": 1,
    "link": "https: //www.dorar.net/tafseer/7/5",
    "section": "al-araaf",
    "answers": [
      {
        "answer": "إشارةً لطيفةً إلى إخلاصِ العَملِ لله عزَّ وجلَّ",
        "t": 0
      },
      {
        "answer": "إيماءً إلى عُلوِّ رُتبةِ لِباسِ التَّقْوى وحُسنِ عاقبتِه",
        "t": 1
      },
      {
        "answer": "تَشبِيهًا بَليغًا؛ لتَشبِيه التَّقوى بالثِّياب",
        "t": 0
      }
    ]
  },
  {
    "id": 367,
    "q": "دلَّ قَولُه تَعالَى: {يَا بَنِي آدَمَ قَدْ أَنزَلْنَا عَلَيْكُمْ لِبَاسًا يُوَارِي سَوْءَاتِكُمْ وَرِيشًا} على:",
    "level": 1,
    "link": "https: //www.dorar.net/tafseer/7/5",
    "section": "al-araaf",
    "answers": [
      {
        "answer": "أنَّ من دَلائلِ الإيمانِ الاهتمامَ بالباطِنِ دونَ الظَّاهِر",
        "t": 0
      },
      {
        "answer": "امتِنانِ اللهِ على بَني آدَمَ بلُبسِ الزينةِ فيدُلُّ على استِحْبابِها",
        "t": 1
      },
      {
        "answer": "كَراهيةِ الإسرافِ في اللِّباسِ",
        "t": 0
      }
    ]
  },
  {
    "id": 370,
    "q": "معنى قَولِه تَعالَى: {لَمْ يَدْخُلُوهَا وَهُمْ يَطْمَعُونَ}:",
    "level": 1,
    "link": "https: //www.dorar.net/tafseer/7/11",
    "section": "al-araaf",
    "answers": [
      {
        "answer": "أنَّ أهلَ الأعْرافِ لم يَدْخُلوا الجنَّةَ بعدُ، ولكنَّهم يَطمَعونَ في دُخولِها",
        "t": 1
      },
      {
        "answer": "أنَّ أهلَ الأعرافِ دخَلوا الجنَّةَ بسببِ عدمِ طَمَعِهم",
        "t": 0
      },
      {
        "answer": "أنَّ الجنَّةَ محرَّمةٌ على مَن يطمَعُ في الدُّنيا",
        "t": 0
      }
    ]
  }
]