[
  {
    "id": 392,
    "q": "دلَّ قَولُه تَعالَى: {ذَلِكُمْ خَيْرٌ لَّكُمْ إِن كُنتُم مُّؤْمِنِين} على:",
    "level": 2,
    "link": "https: //www.dorar.net/tafseer/7/19",
    "section": "al-araaf",
    "answers": [
      {
        "answer": "أنَّ التوحيدَ واجتنابَ نَزَعاتِ الشركِ ترفَعُ قَدرَ الإنسانِ وتُطهِّرُ عقلَه ونفْسَه من الخُرافاتِ والأوْهامِ",
        "t": 1
      },
      {
        "answer": "أنَّ الخيرَ مِن مُقتضَياتِ الإيمانِ لقَولِه: (إِن كُنتُم مُّؤْمِنِين)",
        "t": 0
      },
      {
        "answer": "أنَّ مِن ثَمراتِ الإيمان فِعلَ الخيراتِ وتَركَ المُنكراتِ",
        "t": 0
      }
    ]
  },
  {
    "id": 390,
    "q": "استدَلَّ العلماءُ بقَولِه تَعالَى: {اتَّبِعُواْ مَا أُنزِلَ إِلَيْكُم مِّن رَّبِّكُمْ} على:",
    "level": 2,
    "link": "https: //www.dorar.net/tafseer/7/1",
    "section": "al-araaf",
    "answers": [
      {
        "answer": "أنَّ المباحَ ليس من خطابِ الشرعِ",
        "t": 0
      },
      {
        "answer": "أنَّ الأحْكامَ التَّكليفيةَ تَقتَصِرُ على الفِعلِ والتَّركِ فقط",
        "t": 0
      },
      {
        "answer": "أنَّ المباحَ مأمورٌ به لأنَّه من جملةِ ما أنزَلَ اللهُ",
        "t": 1
      }
    ]
  },
  {
    "id": 393,
    "q": "في قَوله تَعالَى: {وَهُوَ خَيْرُ الْحَاكِمِينَ}:",
    "level": 2,
    "link": "https: //www.dorar.net/tafseer/7/19",
    "section": "al-araaf",
    "answers": [
      {
        "answer": "رَدٌّ على القَدريَّة الذين يقُولُون: لا قَدَرَ",
        "t": 0
      },
      {
        "answer": "أنَّه تَعالَى قد يُسمِّي بعضَ الأشْخاصِ حاكمًا لكنَّ الحاكمَ في الحقيقةِ هو اللهُ",
        "t": 1
      },
      {
        "answer": "إشارةٌ لطيفةٌ إلى إخلاصِ العِبادَةِ لله سُبحانه",
        "t": 0
      }
    ]
  },
  {
    "id": 396,
    "q": "الحكمةُ منَ البَدءِ في قصةِ مُوسَى عَليهِ السَّلامُ بذِكرِ نَتيجتِها في قَولِه تَعالَى: {ثُمَّ بَعَثْنَا مِن بَعْدِهِم مُّوسَى بِآيَاتِنَا إِلَى فِرْعَوْنَ وَمَلَئِهِ فَظَلَمُواْ بِهَا فَانظُرْ كَيْفَ كَانَ عَاقِبَةُ الْمُفْسِدِينَ}:",
    "level": 2,
    "link": "https: //www.dorar.net/tafseer/7/23",
    "section": "al-araaf",
    "answers": [
      {
        "answer": "ذِكرُ المُقَدَّم والتَّشويقُ إلى المُؤَخَّر على سَبيلِ الالتِفاتِ",
        "t": 0
      },
      {
        "answer": "أنْ تكونَ متصِلةً بما يُناسِبُها منَ العِبَرِ في القصصِ التي قبلَها",
        "t": 1
      },
      {
        "answer": "إظهارُ التَّفنُّن في أَنواعِ البَلاغةِ القُرآنيَّة",
        "t": 0
      }
    ]
  },
  {
    "id": 387,
    "q": "دلَّ قَولُه تَعالَى: {وَإِذَا صُرِفَتْ أَبْصَارُهُمْ تِلْقَاءَ أَصْحَابِ النَّارِ} على:",
    "level": 2,
    "link": " \nhttps: //www.dorar.net/tafseer/7/11",
    "section": "al-araaf",
    "answers": [
      {
        "answer": "أنَّ أصحابَ الأعرافِ بموضِعٍ قريبٍ من أهلِ الجنَّةِ",
        "t": 0
      },
      {
        "answer": "أنَّ أصحابَ الأعرافِ بمكانٍ مرتفعٍ بينَ الجنَّةِ والنارِ",
        "t": 1
      },
      {
        "answer": "أنَّ أصحابَ الأعرافِ بموضِعٍ قريبٍ من أهلِ النارِ",
        "t": 0
      }
    ]
  },
  {
    "id": 384,
    "q": "دلَّ قَولُه تَعالَى: {إِنَّا جَعَلْنَا الشَّيَاطِينَ أَوْلِيَاءَ لِلَّذِينَ لاَ يُؤْمِنُونَ} على:",
    "level": 2,
    "link": " \nhttps: //www.dorar.net/tafseer/7/5",
    "section": "al-araaf",
    "answers": [
      {
        "answer": "أنَّ الشيطانَ أضعَفُ من أنْ يُغويَ المشركينَ والعُصاةَ ولكنَّهم استَسلَمُوا له",
        "t": 0
      },
      {
        "answer": "أنَّ سببَ وقوعِ الإنسانِ في كيدِ الشيطانِ هو انشِغالُه بالدُّنيا",
        "t": 0
      },
      {
        "answer": "أنَّ عدمَ الإيمانِ هو الموجِبُ لعقدِ الوِلايةِ بينَ الشيطانِ والإنْسانِ",
        "t": 1
      }
    ]
  },
  {
    "id": 389,
    "q": "فائدةُ حرفِ الترَجِّي في قَولِه تَعالَى: {وَلَعَلَّكُمْ تُرْحَمُونَ}:",
    "level": 2,
    "link": " \nhttps: //www.dorar.net/tafseer/7/15",
    "section": "al-araaf",
    "answers": [
      {
        "answer": "أنَّ الرحمةَ واجبةٌ في حقِّ اللهِ",
        "t": 0
      },
      {
        "answer": "التَّنبيهُ على أنَّ الرحمةَ منَ اللهِ تَعالَى محضُ تفضُّلٍ",
        "t": 1
      },
      {
        "answer": "إِشارةً إلى عِظَمِ مَنزِلَةِ الدُّعاءِ",
        "t": 0
      }
    ]
  },
  {
    "id": 381,
    "q": "من أبرَزِ موضوعاتِ سورةِ الأعرافِ:",
    "level": 2,
    "link": "https: //www.dorar.net/tafseer/7",
    "section": "al-araaf",
    "answers": [
      {
        "answer": "ذِكرُ أصْحابِ الأعرافِ والتذكيرُ بالبَعثِ",
        "t": 1
      },
      {
        "answer": "قصةُ سدِّ مأرِبَ وما فعَلَه اللهُ بأهلِ سبأٍ",
        "t": 0
      },
      {
        "answer": "الدعوةُ إلى التحلِّي بالصبرِ",
        "t": 0
      }
    ]
  },
  {
    "id": 395,
    "q": "أفادَ قَولُه تَعالَى: {وَمَا أَرْسَلْنَا فِي قَرْيَةٍ مِّن نَّبِيٍّ إِلاَّ أَخَذْنَا أَهْلَهَا بِالْبَأْسَاء وَالضَّرَّاء لَعَلَّهُمْ يَضَّرَّعُونَ}:",
    "level": 2,
    "link": " \nhttps: //www.dorar.net/tafseer/7/21",
    "section": "al-araaf",
    "answers": [
      {
        "answer": "أنَّ جميعَ الأنبياءِ قد تَعرَّضُوا للأذَى مِن قَومِهم",
        "t": 0
      },
      {
        "answer": "أنَّ الشدائدَ والمصائب تُبعِدُ الإنسانَ عن اللهِ",
        "t": 0
      },
      {
        "answer": "أنَّ الشدائدَ وَمضايقَ الأمورِ ممَّا يُربِّي الناسَ",
        "t": 1
      }
    ]
  },
  {
    "id": 382,
    "q": "قال تَعالَى: {ٱتَّبِعُواْ مَآ أُنزِلَ إِلَيۡكُم مِّن رَّبِّكُمۡ} معَ أنه أُنزلَ إلى النبَّيِّ:",
    "level": 2,
    "link": "https: //www.dorar.net/tafseer/7/1",
    "section": "al-araaf",
    "answers": [
      {
        "answer": "للدَّلالةِ على وُجوبِ الاتِّباعِ",
        "t": 0
      },
      {
        "answer": "إشارةً إلى وُجوبِ تَبليغِ النبيِّ ﷺ لرسالةِ ربِّه عزَّ وجلَّ",
        "t": 0
      },
      {
        "answer": "ليُفيدَ أنه مُنزَّلٌ على الكلِّ بمعنى أنه خطابٌ للكلِّ",
        "t": 1
      }
    ]
  },
  {
    "id": 383,
    "q": "مَعنى جاثمينَ في قَولِه تَعالَى: {فَأَصْبَحُواْ فِي دَارِهِمْ جَاثِمِينَ}:",
    "level": 2,
    "link": "https: //www.dorar.net/tafseer/7/17",
    "section": "al-araaf",
    "answers": [
      {
        "answer": "جامِدينَ ميِّتينَ",
        "t": 1
      },
      {
        "answer": "مَغْلوبينَ",
        "t": 0
      },
      {
        "answer": "نائمينَ",
        "t": 0
      }
    ]
  },
  {
    "id": 400,
    "q": "دلَّ قَولُه تَعالَى: {أَلَمْ يَرَوْاْ أَنَّهُ لاَ يُكَلِّمُهُمْ} على:",
    "level": 2,
    "link": "https: //www.dorar.net/tafseer/7/33",
    "section": "al-araaf",
    "answers": [
      {
        "answer": "تَمعُّنِ بني إسرائيلَ في الكُفرِ لعِبادتهِم العِجلَ",
        "t": 0
      },
      {
        "answer": "أنَّ مَن أنكَرَ كلامَ اللهِ؛ فقد أنكَرَ خصائصَ إلهيةِ اللهِ عزَّ وجلَّ",
        "t": 1
      },
      {
        "answer": "أنَّ إثباتَ صفةِ الكلامِ للهِ فيه تشبيهٌ بالخَلقِ",
        "t": 0
      }
    ]
  },
  {
    "id": 394,
    "q": "مَعنى السَّراءِ في قَولِه تَعالَى: {وَّقَالُواْ قَدْ مَسَّ آبَاءنَا الضَّرَّاء وَالسَّرَّاء}:",
    "level": 2,
    "link": "https: //www.dorar.net/tafseer/7/21",
    "section": "al-araaf",
    "answers": [
      {
        "answer": "حزنُ النفْسِ وضيقُ العَيشِ",
        "t": 0
      },
      {
        "answer": "ما يُسِرُّه الإنسانُ في نفْسِه",
        "t": 0
      },
      {
        "answer": "السرورُ والفرحُ ورخاءُ العيشِ",
        "t": 1
      }
    ]
  },
  {
    "id": 388,
    "q": "مَعنى حثيثًا في قَولِه تَعالَى:\n{يُغْشِي اللَّيْلَ النَّهَارَ يَطْلُبُهُ حَثِيثًا}:",
    "level": 2,
    "link": " \nhttps: //www.dorar.net/tafseer/7/13",
    "section": "al-araaf",
    "answers": [
      {
        "answer": "سريعًا",
        "t": 1
      },
      {
        "answer": "بطيئًا",
        "t": 0
      },
      {
        "answer": "قريبًا",
        "t": 0
      }
    ]
  },
  {
    "id": 386,
    "q": "ذُكِرتِ الساعةُ في قَولِه تَعالَى: {وَلِكُلِّ أُمَّةٍ أَجَلٌ فَإِذَا جَاء أَجَلُهُمْ لَا يَسْتَأْخِرُونَ سَاعَةً وَلَا يَسْتَقْدِمُونَ} وإن كان دونَها كذلك:",
    "level": 2,
    "link": " \nhttps: //www.dorar.net/tafseer/7/7",
    "section": "al-araaf",
    "answers": [
      {
        "answer": "لأنَّها كانت أقلَّ اسمٍ للأوْقاتِ في العُرفِ",
        "t": 1
      },
      {
        "answer": "لأنَّ مِن عادةِ العربِ أنَّ ما كان أقَلُّ مِن الساعةِ فلا يُعبَأُ بِه",
        "t": 0
      },
      {
        "answer": "إشارةً إلى يومِ القِيامَة",
        "t": 0
      }
    ]
  },
  {
    "id": 385,
    "q": "سببُ تحريمِ الأشياءِ التي ذكَرَها اللهُ تَعالَى في قَولِه: {قُلْ إِنَّمَا حَرَّمَ رَبِّيَ الْفَوَاحِشَ مَا ظَهَرَ مِنْهَا وَمَا بَطَنَ...}",
    "level": 2,
    "link": "https: //www.dorar.net/tafseer/7/7",
    "section": "al-araaf",
    "answers": [
      {
        "answer": "لشدَّةِ ضرَرِها بالإنسانِ",
        "t": 0
      },
      {
        "answer": "لضررٍ ثابتٍ لازمٍ لها",
        "t": 1
      },
      {
        "answer": "لعلَّةٍ عارضةٍ عليها",
        "t": 0
      }
    ]
  },
  {
    "id": 399,
    "q": "مَعنى (مُتَبَّرٌ) في قَولِه تَعالَى: {إِنَّ هَؤُلاء مُتَبَّرٌ مَّا هُمْ فِيهِ وَبَاطِلٌ مَّا كَانُواْ يَعْمَلُونَ}:",
    "level": 2,
    "link": "https: //www.dorar.net/tafseer/7/29",
    "section": "al-araaf",
    "answers": [
      {
        "answer": "مقطوع",
        "t": 0
      },
      {
        "answer": "هالكٌ",
        "t": 1
      },
      {
        "answer": "مُتبَرَّؤٌ مِنه",
        "t": 0
      }
    ]
  },
  {
    "id": 398,
    "q": "حُكِمَ بنَفيِ العلمِ عن أكثَرِ آلِ فِرعونَ في قَولِه تَعالَى: {وَلَكِنَّ أَكْثَرَهُمْ لاَ يَعْلَمُونَ}:",
    "level": 2,
    "link": "https: //www.dorar.net/tafseer/7/27",
    "section": "al-araaf",
    "answers": [
      {
        "answer": "لبَيانِ شُيوعِ الجَهلِ فيهِم",
        "t": 0
      },
      {
        "answer": "للدَّلالةِ على شِدَّة غَفلتِهم",
        "t": 0
      },
      {
        "answer": "لأنَّ القليلَ منهم علِمَ كمؤمنِ آلِ فِرعونَ وآسيةَ امرأةِ فِرعونَ",
        "t": 1
      }
    ]
  },
  {
    "id": 391,
    "q": "سببُ عطفِ النهيِ على الفسادِ في الأرضِ على الأمرِ بذِكرِ آلاءِ اللهِ في قَولِه تَعالَى: {فَاذْكُرُواْ آلاءَ اللَّهِ وَلَا تَعْثَوْا فِي الأَرْضِ مُفْسِدِينَ}:",
    "level": 2,
    "link": "https: //www.dorar.net/tafseer/7/17",
    "section": "al-araaf",
    "answers": [
      {
        "answer": "الإرشادُ إلى أنَّ تذكُّرَ الآلاءِ يبعَثُ على الشكرِ والطاعةِ وتَركِ الفسادِ",
        "t": 1
      },
      {
        "answer": "لأنَّ النِّعمَ تزيدُ بالشُّكرِ",
        "t": 0
      },
      {
        "answer": "للمُبالغةِ في النهيِ عنِ الإفْسادِ في الأرضِ",
        "t": 0
      }
    ]
  },
  {
    "id": 397,
    "q": "لم يُذكَرِ الفاعلُ في قَولِه تَعالَى: {فَغُلِبُواْ هُنَالِكَ وَانقَلَبُواْ صَاغِرِينَ} ولم يَقُلْ: فغلَبَهم مُوسَى:",
    "level": 2,
    "link": "https: //www.dorar.net/tafseer/7/25",
    "section": "al-araaf",
    "answers": [
      {
        "answer": "لأنَّ ذلك لم يكُنْ بكَسبِ مُوسَى عَليهِ السَّلامُ",
        "t": 1
      },
      {
        "answer": "لأنَّ موسى كان قد اعتَزلهُم حين عَبدُوا العِجلَ ولم يكُ معهُم",
        "t": 0
      },
      {
        "answer": "لأنَّهم قَومُه ومِنهم أَهلُه وعَشيرتُه فلم تُنسَب له الغَلبَة تَلطُّفًا به",
        "t": 0
      }
    ]
  }
]