[
  {
    "id": 197,
    "q": "قولُه تعالى: {مُحْصِنِينَ غَيْرَ مُسَافِحِينَ}. في الآيةِ دَلالَةٌ على:",
    "level": 1,
    "link": "https://dorar.net/tafseer/4/8#tt17",
    "section": "an-nisaa",
    "answers": [
      {
        "answer": "كَراهِيةِ المُتعةِ",
        "t": 0
      },
      {
        "answer": "تَحرِيمِ المُتعةِ",
        "t": 1
      },
      {
        "answer": "جَوازِ المُتعةِ",
        "t": 0
      }
    ]
  },
  {
    "id": 182,
    "q": "قولُه تعالى: {وَلَا تَأْكُلُوا أَمْوَالَهُمْ إِلَى أَمْوَالِكُمْ إِنَّهُ كَانَ حُوبًا كَبِيرًا} المقصودُ بـ (حُوبًا):",
    "level": 1,
    "link": "https://dorar.net/tafseer/4/2#tt7",
    "section": "an-nisaa",
    "answers": [
      {
        "answer": "الإثْم",
        "t": 1
      },
      {
        "answer": "الشِّرْك",
        "t": 0
      },
      {
        "answer": "المُصِيبَة",
        "t": 0
      }
    ]
  },
  {
    "id": 184,
    "q": "قولُه تعالى: {وَلَا تُؤْتُوا السُّفَهَاءَ أَمْوَالَكُمُ الَّتِي جَعَلَ اللَّهُ لَكُمْ قِيَامًا}، المقصودُ بالسُّفَهاءِ:",
    "level": 1,
    "link": "https://dorar.net/tafseer/4/2#tt9",
    "section": "an-nisaa",
    "answers": [
      {
        "answer": "الأطفالُ دونَ سِنِّ السابِعَة",
        "t": 0
      },
      {
        "answer": "المَجانِينُ",
        "t": 0
      },
      {
        "answer": "مَن لا يُحسِنُ التصرُّفَ في المالِ",
        "t": 1
      }
    ]
  },
  {
    "id": 189,
    "q": "إذا كان للمُتوفَّى وَلدٌ فنَصِيبُ الوَالِدانِ مِن التَّرِكةِ:",
    "level": 1,
    "link": "https://dorar.net/tafseer/4/4#tt9",
    "section": "an-nisaa",
    "answers": [
      {
        "answer": "النِّصفُ",
        "t": 0
      },
      {
        "answer": "الثُّلُثُ",
        "t": 0
      },
      {
        "answer": "السُّدُسُ",
        "t": 1
      }
    ]
  },
  {
    "id": 199,
    "q": "سَألَ اليَهودُ مُوسى أن يُرِيَهمُ اللهَ عِيانًا، فعُوقِبُوا بـ:",
    "level": 1,
    "link": "https://dorar.net/tafseer/4/41#tt9",
    "section": "an-nisaa",
    "answers": [
      {
        "answer": "الطُّوفانِ",
        "t": 0
      },
      {
        "answer": "الجَراد",
        "t": 0
      },
      {
        "answer": "الصَّاعِقةِ",
        "t": 1
      }
    ]
  },
  {
    "id": 187,
    "q": "إنْ كانتِ البَناتُ زائداتٍ على اثنَتَينِ، وليس مَعهُنَّ ذَكَرٌ، فنَصِيبُهُنَّ مِنَ الميراثِ:",
    "level": 1,
    "link": "https://dorar.net/tafseer/4/4#tt9",
    "section": "an-nisaa",
    "answers": [
      {
        "answer": "نِصفُ ما تَركَ المُتوفَّى",
        "t": 0
      },
      {
        "answer": "ثُلُثَا ما تَركَ المُتوفَّى",
        "t": 1
      },
      {
        "answer": "ثُلُثُ ما تَركَ المُتوفَّى",
        "t": 0
      }
    ]
  },
  {
    "id": 185,
    "q": "بم تَوعَّد اللهُ الذين يَأكُلونَ أموالَ الأيتامِ بغيرِ حقٍّ؟\n \n \n ",
    "level": 1,
    "link": "https://dorar.net/tafseer/4/3#tt9",
    "section": "an-nisaa",
    "answers": [
      {
        "answer": "بأكْلِ الزَّقُّومِ يومَ القِيامةِ\n ",
        "t": 0
      },
      {
        "answer": "بالدَّركِ الأسفلِ منَ النارِ",
        "t": 0
      },
      {
        "answer": "بأنَّهُم يَأكُلونَ في بُطونِهم نارًا يومَ القِيامةِ",
        "t": 1
      }
    ]
  },
  {
    "id": 194,
    "q": "يَقبَلُ اللهُ التَّوبةَ ممَّن يقَعُ منهمُ الذنبُ عن جَهالةٍ منهم، ثم يَتُوبونَ بشَرطِ أن تكونَ التَّوبةُ:",
    "level": 1,
    "link": "https://dorar.net/tafseer/4/5#tt9",
    "section": "an-nisaa",
    "answers": [
      {
        "answer": "قبلَ أن يأتي عامٌ قابِلٌ",
        "t": 0
      },
      {
        "answer": "بعدَ ارتِكابِ المَعصِيةِ مُباشَرةً",
        "t": 0
      },
      {
        "answer": "قبلَ مُعايَنتِهمُ المَوتَ",
        "t": 1
      }
    ]
  },
  {
    "id": 192,
    "q": "قولُه تعالى: {وَاللَّذَانِ يَأْتِيَانِهَا مِنْكُمْ فَآذُوهُمَا}. المَقصُودُ بالأَذَى في الآيَةِ:",
    "level": 1,
    "link": "https://dorar.net/tafseer/4/5#tt9",
    "section": "an-nisaa",
    "answers": [
      {
        "answer": "السَّبُّ والشَّتْمُ",
        "t": 1
      },
      {
        "answer": "الجَلْدُ",
        "t": 0
      },
      {
        "answer": "الضَّربُ",
        "t": 0
      }
    ]
  },
  {
    "id": 181,
    "q": "قولُه تعالى: {يَا أَيُّهَا النَّاسُ اتَّقُوا رَبَّكُمُ الَّذِي خَلَقَكُمْ مِنْ نَفْسٍ وَاحِدَةٍ} المَقصودُ بـ (نَفْسٍ وَاحِدَةٍ):",
    "level": 1,
    "link": "https://dorar.net/tafseer/4/1#tt9",
    "section": "an-nisaa",
    "answers": [
      {
        "answer": "رُوح واحِدَة",
        "t": 0
      },
      {
        "answer": "طِينَةٍ واحِدَة",
        "t": 0
      },
      {
        "answer": "أَبوهُم آدَمُ عليه السلامُ",
        "t": 1
      }
    ]
  },
  {
    "id": 188,
    "q": "إذا كان للمُتوفَّى بِنتٌ واحِدَةٌ فقطْ؛ فنَصِيبُها مِنَ الوِرْثِ:",
    "level": 1,
    "link": "https://dorar.net/tafseer/4/4#tt9",
    "section": "an-nisaa",
    "answers": [
      {
        "answer": "النِّصفُ",
        "t": 1
      },
      {
        "answer": "السُّدُسُ",
        "t": 0
      },
      {
        "answer": "الثُّلُثُ",
        "t": 0
      }
    ]
  },
  {
    "id": 196,
    "q": "قولُه تعالى: {غَيْرَ مُسَافِحَاتٍ وَلَا مُتَّخِذَاتِ أَخْدَانٍ}. المَقصُودُ بـ(أَخْدَانٍ):\n \n ",
    "level": 1,
    "link": "https://dorar.net/tafseer/4/8#tt7",
    "section": "an-nisaa",
    "answers": [
      {
        "answer": "صَدِيقاتٌ يُظهِرن الفاحِشةَ",
        "t": 0
      },
      {
        "answer": "الرَّاياتُ الحُمرُ التي كانت تُرفَع فوقَ بُيوتِ الزَّانيات",
        "t": 0
      },
      {
        "answer": "زَوانٍ سِرًّا، أو أَصدِقاءُ",
        "t": 1
      }
    ]
  },
  {
    "id": 190,
    "q": "إذا لم يكُنْ للمُتوفَّى وَلدٌ، ووَرِثَه أبواهُ:",
    "level": 1,
    "link": "https://dorar.net/tafseer/4/4#tt9",
    "section": "an-nisaa",
    "answers": [
      {
        "answer": "فلأُمِّه النِّصفُ ولأَبِيه ما تَبقَّى مِنَ المالِ",
        "t": 0
      },
      {
        "answer": "فلأُمِّه الثُّلُثُ ولأَبِيه ما تَبقَّى مِنَ التَّرِكةِ",
        "t": 1
      },
      {
        "answer": "فلأُمِّه الثُّلُثُ ولأبِيه النِّصفُ",
        "t": 0
      }
    ]
  },
  {
    "id": 193,
    "q": "قبلَ تَشريعِ حَدِّ الزِّنا أمرَ اللهُ تعالى عِبادَه بعُقوبةِ مَن يَقعْنَ في الزِّنا بـ:",
    "level": 1,
    "link": "https://dorar.net/tafseer/4/5#tt9",
    "section": "an-nisaa",
    "answers": [
      {
        "answer": "الرَّجْمِ",
        "t": 0
      },
      {
        "answer": "الجَلْدِ",
        "t": 0
      },
      {
        "answer": "الحَبسِ في البُيوتِ",
        "t": 1
      }
    ]
  },
  {
    "id": 200,
    "q": "المقصودُ بقولِ اللهِ تعالى: {وَأَنْزَلْنَا إِلَيْكُمْ نُورًا مُبِينًا}:",
    "level": 1,
    "link": "https://dorar.net/tafseer/4/44#tt4",
    "section": "an-nisaa",
    "answers": [
      {
        "answer": "التَّورَاةُ",
        "t": 0
      },
      {
        "answer": "القُرآنُ الكريمُ",
        "t": 1
      },
      {
        "answer": "الإِنجيلُ",
        "t": 0
      }
    ]
  },
  {
    "id": 198,
    "q": "في قولِه تعالى: {لَا تَأْكُلُوا أَمْوَالَكُمْ بَيْنَكُمْ بِالْبَاطِلِ}:",
    "level": 1,
    "link": "https://dorar.net/tafseer/4/10#tt17",
    "section": "an-nisaa",
    "answers": [
      {
        "answer": "تحريمُ التَّعامُلِ المحرَّمِ ولو كان برِضًا منَ الطَّرَفَيْنِ",
        "t": 1
      },
      {
        "answer": "جَوازُ التَّعامُلاتِ المحرَّمةِ بالمالِ إذا كانت عن رضًا منَ الطرَفينِ",
        "t": 0
      },
      {
        "answer": "كَراهِيَةُ أَكلِ المالِ بالباطِلِ",
        "t": 0
      }
    ]
  },
  {
    "id": 191,
    "q": "إنْ كان للمُتوفَّى مع الأَبَوينِ الوَارثَينِ إِخوةٌ للميِّتِ -أشِقَّاءُ، أو لأبٍ، أو لِأُمٍّ- فتَستَحِقُّ الأمُّ:\n \n \n ",
    "level": 1,
    "link": "https://dorar.net/tafseer/4/4#tt9",
    "section": "an-nisaa",
    "answers": [
      {
        "answer": "الثُّلُثَ مِن التَّرِكةِ والباقي للأشِقَّاءِ",
        "t": 0
      },
      {
        "answer": "السُّدُسَ مِنَ التَّرِكةِ، وما بَقِيَ فللأَبِ",
        "t": 1
      },
      {
        "answer": "النِّصفَ مِنَ التَّرِكةِ والباقي للأبِ",
        "t": 0
      }
    ]
  },
  {
    "id": 195,
    "q": "إذا أرادَ الأزواجُ فِراقَ أزواجِهنَّ والتَّزوُّجَ بغَيرِهنَّ، فإنَّه:",
    "level": 1,
    "link": "https://dorar.net/tafseer/4/6#tt9",
    "section": "an-nisaa",
    "answers": [
      {
        "answer": "لا يَحِلُّ للزَّوجِ أن يأخُذَ مِن مَهرِ زَوجَتِه التي يُريدُ طَلاقَها شَيئًا",
        "t": 1
      },
      {
        "answer": "يحِلُّ للزَّوجِ أن يَأخُذَ مِن مَهرِ زَوجَتِه التي يُريدُ طَلاقَها",
        "t": 0
      },
      {
        "answer": "يُكرَهُ للزَّوجِ أن يأخُذَ مِن مَهرِ زَوجتِه شَيئًا",
        "t": 0
      }
    ]
  },
  {
    "id": 186,
    "q": "نَصِيبُ الذَّكَرِ في الميراثِ مِثلُ نَصِيبِ",
    "level": 1,
    "link": "https://dorar.net/tafseer/4/4#tt9",
    "section": "an-nisaa",
    "answers": [
      {
        "answer": "أُنثَى واحِدَةٍ",
        "t": 0
      },
      {
        "answer": "الأُنثَيَيْنِ",
        "t": 1
      },
      {
        "answer": "ثَلاثِ إِناثٍ",
        "t": 0
      }
    ]
  },
  {
    "id": 183,
    "q": "قولُه تعالى: {وَلَا تَأْكُلُوا أَمْوَالَهُمْ إِلَى أَمْوَالِكُمْ}، النَهيُ في الآيةِ عن:",
    "level": 1,
    "link": "https://dorar.net/tafseer/4/2#tt9",
    "section": "an-nisaa",
    "answers": [
      {
        "answer": "الإسرافِ في أَموالِ اليَتامَى بقَصدِ إِهلاكِها",
        "t": 0
      },
      {
        "answer": "التِّجارَةِ بأموالِ اليَتامَى",
        "t": 0
      },
      {
        "answer": "ضَمِّ أموالِ الأيتامِ إلى أموالِهم؛ بقصدِ أن يأكلوها بالباطلِ",
        "t": 1
      }
    ]
  }
]