[
  {
    "id": 231,
    "q": "أوَّل الرُّسُلِ الذين أُرسِلُوا هو:",
    "level": 3,
    "link": "https://dorar.net/tafseer/4/42#tt17",
    "section": "an-nisaa",
    "answers": [
      {
        "answer": "آدمُ عليه السلامُ",
        "t": 0
      },
      {
        "answer": "نُوحٌ عليه السلامُ",
        "t": 1
      },
      {
        "answer": "إبراهيمُ عليه السلامُ",
        "t": 0
      }
    ]
  },
  {
    "id": 226,
    "q": "يُستَفادُ مِن قَولِ اللهِ تعالى: {إِنَّ الْمُنَافِقِينَ فِي الدَّرْكِ الْأَسْفَلِ مِنَ النَّارِ} أنَّ:",
    "level": 3,
    "link": "https://dorar.net/tafseer/4/39#tt17",
    "section": "an-nisaa",
    "answers": [
      {
        "answer": "المُنافِق أشَدُّ عَذابًا مِنَ الكافِرِ",
        "t": 1
      },
      {
        "answer": "الكافِر أشَدُّ عَذابًا مِنَ المُنافِقِ",
        "t": 0
      },
      {
        "answer": "المُنافِق والكافِر  في العَذابِ سَواء",
        "t": 0
      }
    ]
  },
  {
    "id": 235,
    "q": "المقصودُ بقولِ اللهِ تعالى: {رَسُولُ اللَّهِ وَكَلِمَتُهُ} هو:",
    "level": 3,
    "link": "https://dorar.net/tafseer/4/44#tt7",
    "section": "an-nisaa",
    "answers": [
      {
        "answer": "موسى عليه السلامُ",
        "t": 0
      },
      {
        "answer": "نُوحٌ عليه السلامُ",
        "t": 0
      },
      {
        "answer": "عيسى عليه السَّلامُ",
        "t": 1
      }
    ]
  },
  {
    "id": 224,
    "q": "قولُه تعالى: {أَيَبْتَغُونَ عِنْدَهُمُ الْعِزَّةَ فَإِنَّ الْعِزَّةَ لِلَّهِ جَمِيعًا} الاستفهامُ غرَضُه:",
    "level": 3,
    "link": "https://dorar.net/tafseer/4/38#tt18",
    "section": "an-nisaa",
    "answers": [
      {
        "answer": "الإِنكارُ",
        "t": 1
      },
      {
        "answer": "التقريرُ",
        "t": 0
      },
      {
        "answer": "التَّعجُّب",
        "t": 0
      }
    ]
  },
  {
    "id": 236,
    "q": "في قولِه تعالى: {وَعَمِلُوا الصَّالِحَاتِ} أضافَ سُبحانَه العَملَ إليهم، وهذا رَدٌّ على الجَبرِيَّةِ في قَولِهم:\n \n ",
    "level": 3,
    "link": "https://dorar.net/tafseer/4/44#tt17",
    "section": "an-nisaa",
    "answers": [
      {
        "answer": "إنَّ الإيمانَ قَولٌ بِلا عَمَلٍ",
        "t": 0
      },
      {
        "answer": "إنَّ العَملَ يَكفِي لدُخولِ الجنَّةِ ولو كان بلا إيمانٍ",
        "t": 0
      },
      {
        "answer": "إنَّ الإنسانَ لا يَعمَلُ، ولا يُضافُ العملُ إليه إلا مجازًا، وأنَّ عملَه ليس باختيارِه ولا بقَصدِه",
        "t": 1
      }
    ]
  },
  {
    "id": 228,
    "q": "في قولِه تعالى: {لَا يُحِبُّ اللهُ الْجَهْرَ بِالسُّوءِ مِنَ الْقَوْلِ} نَوعٌ مِن أَنواعِ البَلاغةِ؛ هو:",
    "level": 3,
    "link": "https://dorar.net/tafseer/4/40#tt18",
    "section": "an-nisaa",
    "answers": [
      {
        "answer": "إيجازٌ بالحَذْفِ",
        "t": 1
      },
      {
        "answer": "تَشبِيهٌ بَلِيغٌ",
        "t": 0
      },
      {
        "answer": "كِنايةٌ",
        "t": 0
      }
    ]
  },
  {
    "id": 233,
    "q": "قولُ اللهِ تعالى: {يَا أَيُّهَا النَّاسُ قَدْ جَاءَكُمُ الرَّسُولُ بِالْحَقِّ مِنْ رَبِّكُمْ} المقصودُ بالناسِ هنا:",
    "level": 3,
    "link": "https://dorar.net/tafseer/4/43#tt4",
    "section": "an-nisaa",
    "answers": [
      {
        "answer": "الناسُ جميعًا",
        "t": 1
      },
      {
        "answer": "المُسلِمونَ خاصَّةً",
        "t": 0
      },
      {
        "answer": "المُشرِكونَ فقطْ",
        "t": 0
      }
    ]
  },
  {
    "id": 225,
    "q": "قولُه تعالى: {يَا أَيُّهَا الَّذِينَ آمَنُوا لَا تَتَّخِذُوا الْكَافِرِينَ أَوْلِيَاءَ مِنْ دُونِ الْمُؤْمِنِينَ} فيه دَلالةٌ على:",
    "level": 3,
    "link": "https://dorar.net/tafseer/4/39#tt17",
    "section": "an-nisaa",
    "answers": [
      {
        "answer": "استِحبابِ مُوالاةِ المُؤمِنينَ",
        "t": 0
      },
      {
        "answer": "كَراهةِ مُوالاةِ الكافِرين",
        "t": 0
      },
      {
        "answer": "وُجوبِ مُوالاةِ المُؤمِنينَ ومُناصرَتِهم",
        "t": 1
      }
    ]
  },
  {
    "id": 223,
    "q": "يُستَفادُ من قولِه تعالى: {أَلَمْ نَكُنْ مَعَكُمْ} أنَّ المنافقَ:",
    "level": 3,
    "link": "https://dorar.net/tafseer/4/38#tt17",
    "section": "an-nisaa",
    "answers": [
      {
        "answer": "لا يُعطَى مِن الفَيْءِ",
        "t": 0
      },
      {
        "answer": "يُعطَى قَدرًا قليلًا حتَّى يَسكُتَ",
        "t": 0
      },
      {
        "answer": "يُعطَى مِنَ الفَيْءِ",
        "t": 1
      }
    ]
  },
  {
    "id": 222,
    "q": "الحُكمُ الشَّرعيُّ في حضورِ مجالسِ الكُفرِ والاستهانةِ بآياتِ اللهِ تعالى وأوامرِه ونواهِيهِ:",
    "level": 3,
    "link": "https://dorar.net/tafseer/4/38",
    "section": "an-nisaa",
    "answers": [
      {
        "answer": "عدمُ الجُلوسِ فيها",
        "t": 1
      },
      {
        "answer": "يجوزُ مع الكَراهةِ وتَركُها أولَى",
        "t": 0
      },
      {
        "answer": "جَوازُ الجُلوسِ بشَرطِ عدمِ الاستِماعِ للحَديثِ",
        "t": 0
      }
    ]
  },
  {
    "id": 232,
    "q": "قولُه تعالى: {لَا يُحِبُّ اللهُ الْجَهْرَ بِالسُّوءِ مِنَ الْقَوْلِ إِلَّا مَنْ ظُلِمَ} فيه:",
    "level": 3,
    "link": "https://dorar.net/tafseer/4/40",
    "section": "an-nisaa",
    "answers": [
      {
        "answer": "أنَّ المظلومَ ليس له الجهرُ بالسوءِ",
        "t": 0
      },
      {
        "answer": "أنَّ المظلومَ يجِبُ عليه الجهرُ بالسوءِ",
        "t": 0
      },
      {
        "answer": "إباحةُ الجهرِ بالسُّوءِ للمظلومِ",
        "t": 1
      }
    ]
  },
  {
    "id": 229,
    "q": "قولُه تعالى: {فَأَخَذَتْهُمُ الصَّاعِقَةُ}، من معاني الصاعقةِ في اللغةِ:",
    "level": 3,
    "link": "https://dorar.net/tafseer/4/41#tt7",
    "section": "an-nisaa",
    "answers": [
      {
        "answer": "الحِجارَةُ الصَّغيرةُ المُشتعِلةُ نارًا",
        "t": 0
      },
      {
        "answer": "النَّارُ التي تَنزِلُ مِنَ السَّماءِ عندَ اشتدادِ الرَّعدِ",
        "t": 1
      },
      {
        "answer": "الرِّيحُ الشَّديدةُ التي تَقتَلِعُ الأشجارَ مِن جُذورِها",
        "t": 0
      }
    ]
  },
  {
    "id": 230,
    "q": "الزَّبُورُ هو الكِتابُ المُنزَّلُ على:",
    "level": 3,
    "link": "https://dorar.net/tafseer/4/42#tt7",
    "section": "an-nisaa",
    "answers": [
      {
        "answer": "عيسى عليه السلامُ",
        "t": 0
      },
      {
        "answer": "إِلياسَ عليه السلامُ",
        "t": 0
      },
      {
        "answer": "داودَ عليه السلامُ",
        "t": 1
      }
    ]
  },
  {
    "id": 239,
    "q": "قولُه تعالى: {وَإِنْ كَانَ رَجُلٌ يُورَثُ كَلَالَةً}. المَقصُودُ بالكَلالَةِ:",
    "level": 3,
    "link": "https://dorar.net/tafseer/4/4#tt7",
    "section": "an-nisaa",
    "answers": [
      {
        "answer": "الذي يَمُوتُ ولم يَترُكْ تَرِكَةً",
        "t": 0
      },
      {
        "answer": "الذي يَمُوتُ ولا وَلدَ له ولا والِدَ",
        "t": 1
      },
      {
        "answer": "الذي يَمُوتُ ولا إِخوَةَ لَديهِ",
        "t": 0
      }
    ]
  },
  {
    "id": 221,
    "q": "يُستَفادُ من قولِه تعالى: {شُهَدَاءَ لِلَّهِ وَلَوْ عَلَى أَنْفُسِكُمْ أَوِ الْوَالِدَيْنِ وَالأقْرَبِينَ}، أنَّ حُكمَ شَهادَةِ الوَلدِ على والِدَيْه:",
    "level": 3,
    "link": "https://dorar.net/tafseer/4/37#tt17",
    "section": "an-nisaa",
    "answers": [
      {
        "answer": "تُقبَلُ",
        "t": 1
      },
      {
        "answer": "لا تُقبَلُ إلَّا برِضَا الوالِدِ",
        "t": 0
      },
      {
        "answer": "لا تُقبَلُ مُطلقًا",
        "t": 0
      }
    ]
  },
  {
    "id": 240,
    "q": "حُكمُ الزَّواجِ ببِنتِ الزَّوجةِ قبلَ الدُّخولِ بها:",
    "level": 3,
    "link": "https://dorar.net/tafseer/4/7#tt9",
    "section": "an-nisaa",
    "answers": [
      {
        "answer": "يُكرَهُ نِكاحُ بِنتِ الزَّوجةِ ولا يَحرُم",
        "t": 0
      },
      {
        "answer": "لا يجوزُ نِكاحُ بِنتِ الزَّوجةِ",
        "t": 0
      },
      {
        "answer": "يَجوزُ نِكاحُ بِنتِ الزَّوجةِ قبلَ الدُّخولِ بالأُمِّ وبعدَ فِراقِ أُمِّها",
        "t": 1
      }
    ]
  },
  {
    "id": 234,
    "q": "قولُ اللهِ تعالى: {يَا أَيُّها النَّاسُ قَدْ جَاءَكُمُ الرَّسُولُ بِالْحَقِّ مِنْ رَبِّكُمْ}، فيه:",
    "level": 3,
    "link": "https://dorar.net/tafseer/4/43#tt17",
    "section": "an-nisaa",
    "answers": [
      {
        "answer": "أنَّ الحقَّ المَقصُود هنا هو القُرآن فقطْ، دونَ السُّنةِ",
        "t": 0
      },
      {
        "answer": "أنَّ ما جاء به الرسولُ عليه الصَّلاةُ والسَّلامُ هو الحقُّ",
        "t": 1
      },
      {
        "answer": "أنَّ كلَّ ما يُنسَبُ للرَّسولِ حقٌّ\n ",
        "t": 0
      }
    ]
  },
  {
    "id": 238,
    "q": "قولُه تعالى: {فَإِذَا دَفَعْتُمْ إِلَيْهِمْ أَمْوَالَهُمْ} فيه تَكرارٌ لقولِه: {فَادْفَعُوا إِلَيْهِمْ أَمْوَالَهُمْ}.  التَّكرارُ يُفيدُ:",
    "level": 3,
    "link": "https://dorar.net/tafseer/4/2#tt18",
    "section": "an-nisaa",
    "answers": [
      {
        "answer": "تَأكِيدَ الأَمرِ",
        "t": 1
      },
      {
        "answer": "التَّنبِيهَ",
        "t": 0
      },
      {
        "answer": "التقليلَ",
        "t": 0
      }
    ]
  },
  {
    "id": 237,
    "q": "قولُه: {قُلِ اللهُ يُفْتِيكُمْ} فيه تقديمُ المسنَدِ إليه (اللهُ) تعالى؛ والغرضُ منه:",
    "level": 3,
    "link": "https://dorar.net/tafseer/4/45#tt9",
    "section": "an-nisaa",
    "answers": [
      {
        "answer": "الاهتمامِ والقَصرِ",
        "t": 0
      },
      {
        "answer": "القصرُ فقطْ",
        "t": 0
      },
      {
        "answer": "الاهتمامِ، لا القَصرِ",
        "t": 1
      }
    ]
  },
  {
    "id": 227,
    "q": "المَقصُودُ بقَولِه تعالى: {وَيُرِيدُونَ أَنْ يُفَرِّقُوا بَيْنَ اللهِ وَرُسُلِهِ}:",
    "level": 3,
    "link": "https://dorar.net/tafseer/4/40#tt4",
    "section": "an-nisaa",
    "answers": [
      {
        "answer": "أي: يُريدُونَ أن يُؤمِنُوا ببَعضِ الرُّسُلِ ويَكفُروا ببَعضٍ",
        "t": 0
      },
      {
        "answer": "أي: يُريدُونَ ألَّا يُؤمِنُوا لا باللهِ تعالى، ولا برَسولِه",
        "t": 0
      },
      {
        "answer": "أي: يُريدُونَ أن يُؤمِنُوا باللهِ تعالى ويَكفُروا برُسُلِه",
        "t": 1
      }
    ]
  }
]