[
  {
    "id": 211,
    "q": "قولُه تعالى: {بَيَّتَ طَائِفَةٌ مِنْهُمْ غَيْرَ الَّذِي تَقُولُ} المَقصُودُ بـ: (طَائِفَةٌ):",
    "level": 2,
    "link": "https://dorar.net/tafseer/4/23",
    "section": "an-nisaa",
    "answers": [
      {
        "answer": "المُنافِقون",
        "t": 1
      },
      {
        "answer": "المُشرِكون",
        "t": 0
      },
      {
        "answer": "اليَهود",
        "t": 0
      }
    ]
  },
  {
    "id": 206,
    "q": "قولُه تعالى: {وَإِذَا قِيلَ لَهُمْ تَعَالَوْا إِلَى مَا أَنْزَلَ اللَّهُ وَإِلَى الرَّسُولِ} المَقصُودُ بالآيةِ هُم:",
    "level": 2,
    "link": "https://dorar.net/tafseer/4/19#tt4",
    "section": "an-nisaa",
    "answers": [
      {
        "answer": "اليَهودُ",
        "t": 0
      },
      {
        "answer": "المُنافِقونَ",
        "t": 1
      },
      {
        "answer": "المُشرِكونَ",
        "t": 0
      }
    ]
  },
  {
    "id": 207,
    "q": "قولُه تعالى: {وَقُلْ لَهُمْ فِي أَنْفُسِهِمْ قَوْلًا بَلِيغًا} مَعناهُ:",
    "level": 2,
    "link": "https://dorar.net/tafseer/4/19#tt4",
    "section": "an-nisaa",
    "answers": [
      {
        "answer": "أي: اجمَعهُم على كَلمةٍ واحدةٍ تُوَحِّدُ صَفَّهُم",
        "t": 0
      },
      {
        "answer": "أي: انصَحْهُم سِرًّا فيما بينَكَ وبَينَهم",
        "t": 1
      },
      {
        "answer": "أي: انصَحْهُم وعِظْهُم جَهرًا",
        "t": 0
      }
    ]
  },
  {
    "id": 204,
    "q": "مَن هُم أَصحابُ السَّبتِ:",
    "level": 2,
    "link": "https://dorar.net/tafseer/4/16#tt7",
    "section": "an-nisaa",
    "answers": [
      {
        "answer": "قومٌ منَ النَّصارَى",
        "t": 0
      },
      {
        "answer": "قومٌ منَ اليَهودِ",
        "t": 1
      },
      {
        "answer": "طائفةٌ منَ المُشرِكينَ",
        "t": 0
      }
    ]
  },
  {
    "id": 212,
    "q": "يَنبَغِي على المُؤمِنينَ إذا جاءَهُم أمرٌ مُتعَلِّقٌ بأَمْنِ المُؤمِنينَ أن:",
    "level": 2,
    "link": "https://dorar.net/tafseer/4/23#tt4\n \n",
    "section": "an-nisaa",
    "answers": [
      {
        "answer": "يُرجِعوا الأمرَ قبلَ بَثِّه إلى رَسولِ اللهِ ﷺ، وإلى أُمرائِهم وعُلمائِهم",
        "t": 1
      },
      {
        "answer": "يُشيعوا الخبرَ تَحذيرًا للمُؤمِنين",
        "t": 0
      },
      {
        "answer": "يَكتُموه ولا يُبلِّغُوا بهِ أَحدًا",
        "t": 0
      }
    ]
  },
  {
    "id": 213,
    "q": "ما حُكمُ مَن لَجأَ مِنَ المنافقينَ إلى قَومٍ بينَهم وبينَ المسلمينَ مُهادَنةٌ:",
    "level": 2,
    "link": "https://dorar.net/tafseer/4/25#tt4",
    "section": "an-nisaa",
    "answers": [
      {
        "answer": "حُكْمُهم كَحُكْمِهم في حَقْنِ الدِّمَاءِ والأمْوالِ",
        "t": 1
      },
      {
        "answer": "يُقاتَلُونَ جَميعًا",
        "t": 0
      },
      {
        "answer": "يُؤسَرُ المُنافِقونَ مِن بَينِهم",
        "t": 0
      }
    ]
  },
  {
    "id": 217,
    "q": "قولُه تعالى: {وكُلًّا وَعَدَ اللَّهُ الْحُسْنَى}، فيه دَلالَةٌ على:",
    "level": 2,
    "link": "https://dorar.net/tafseer/4/27#tt4",
    "section": "an-nisaa",
    "answers": [
      {
        "answer": "أنَّ فَرضَ الجِهادِ على الكِفايةِ وليس على كلِّ واحدٍ بعَيْنِه",
        "t": 1
      },
      {
        "answer": "أنَّ الجِهادَ مُستَحبٌّ",
        "t": 0
      },
      {
        "answer": "أنَّ الجِهادَ فَرضُ عَيْنٍ",
        "t": 0
      }
    ]
  },
  {
    "id": 218,
    "q": "ما حُكمُ الهِجرةِ مِن المَوْضِعِ الَّذي لا يَتمكَّنُ المُسلمُ فيه مِن إقامةِ دِينِه:",
    "level": 2,
    "link": "https://dorar.net/tafseer/4/28#tt17",
    "section": "an-nisaa",
    "answers": [
      {
        "answer": "مُستَحبٌّ",
        "t": 0
      },
      {
        "answer": "واجِبٌ",
        "t": 1
      },
      {
        "answer": "مَكرُوهٌ",
        "t": 0
      }
    ]
  },
  {
    "id": 203,
    "q": "قولُه تعالى: {ويَقُولُونَ سَمِعْنَا وَعَصَيْنَا} المُرادُ بالآيةِ هُم:",
    "level": 2,
    "link": "https://dorar.net/tafseer/4/15#tt4",
    "section": "an-nisaa",
    "answers": [
      {
        "answer": "اليَهودُ",
        "t": 1
      },
      {
        "answer": "النَّصارَى",
        "t": 0
      },
      {
        "answer": "المُشرِكُونَ",
        "t": 0
      }
    ]
  },
  {
    "id": 210,
    "q": "قولُه تعالى: {وَإِنْ تُصِبْهُمْ سَيِّئَةٌ يَقُولُوا هَذِهِ مِنْ عِنْدِكَ} المقصودُ بـ(سَيِّئَةٌ):",
    "level": 2,
    "link": "https://dorar.net/tafseer/4/22#tt4",
    "section": "an-nisaa",
    "answers": [
      {
        "answer": "الكُفرُ والشِّرْكُ",
        "t": 0
      },
      {
        "answer": "الشَّدائِدُ والمِحَنُ",
        "t": 1
      },
      {
        "answer": "الذُّنوبُ والمَعاصِي",
        "t": 0
      }
    ]
  },
  {
    "id": 209,
    "q": "قولُه تعالى: {أَلَمْ تَرَ إِلَى الَّذِينَ قِيلَ لَهُمْ كُفُّوا أَيْدِيَكُمْ} المَقصُودُ بـ(كفُّوا أَيْدِيَكُمْ):",
    "level": 2,
    "link": "https://dorar.net/tafseer/4/22#tt9",
    "section": "an-nisaa",
    "answers": [
      {
        "answer": "أمسِكُوا عن قِتالِ المُشرِكينَ",
        "t": 1
      },
      {
        "answer": "أمسِكوا أيدِيَكُم عنِ الحَرامِ",
        "t": 0
      },
      {
        "answer": "امتَنِعُوا عن ارتِكابِ المَعاصِي",
        "t": 0
      }
    ]
  },
  {
    "id": 202,
    "q": "معنى قولِه تعالى: {صَعِيدًا طَيِّبًا}:",
    "level": 2,
    "link": "https://dorar.net/tafseer/4/14#tt7",
    "section": "an-nisaa",
    "answers": [
      {
        "answer": "مَطرًا صَيِّبًا",
        "t": 0
      },
      {
        "answer": "تُرابًا نَظيفًا",
        "t": 1
      },
      {
        "answer": "ماءً عَذبًا",
        "t": 0
      }
    ]
  },
  {
    "id": 201,
    "q": "قولُه تعالى: {إِنْ تَجْتَنِبُوا كَبَائِرَ مَا تُنْهَوْنَ عَنْهُ} فيه دَلالةٌ على أنَّ:",
    "level": 2,
    "link": "https://dorar.net/tafseer/4/10#tt17",
    "section": "an-nisaa",
    "answers": [
      {
        "answer": "فِعلَ الكَبائرِ كُفرٌ",
        "t": 0
      },
      {
        "answer": "المنهيَّ عنه منَ الذُّنوبِ الكبائرُ فقطْ",
        "t": 0
      },
      {
        "answer": "المَنهِيَّاتِ قِسمانِ: كَبائِرُ وصَغائِرُ",
        "t": 1
      }
    ]
  },
  {
    "id": 214,
    "q": "ما المقصودُ بقولِ اللهِ تعالى: {عَرَضَ الْحَيَاةِ}",
    "level": 2,
    "link": "https://dorar.net/tafseer/4/26#tt7",
    "section": "an-nisaa",
    "answers": [
      {
        "answer": "الغَنِيمةُ أو المَالُ",
        "t": 1
      },
      {
        "answer": "البُيوتُ المُترَفةُ",
        "t": 0
      },
      {
        "answer": "الطَّعامُ والشَّرابُ",
        "t": 0
      }
    ]
  },
  {
    "id": 215,
    "q": "كفَّارةُ قَتلِ المُؤمِنِ بالخَطأِ:",
    "level": 2,
    "link": "https://dorar.net/tafseer/4/26#tt4",
    "section": "an-nisaa",
    "answers": [
      {
        "answer": "صِيامُ أربعِينَ يَومًا مُتَتابِعةً",
        "t": 0
      },
      {
        "answer": "تحريرُ مؤمنٍ أو مؤمنةٍ من رِقِّ العُبوديَّةِ\nوَدِيَةٌ مُسَلَّمَةٌ إِلَى أَهْلِهِ",
        "t": 1
      },
      {
        "answer": "إِطعامُ سِتِّينَ مِسكينًا",
        "t": 0
      }
    ]
  },
  {
    "id": 220,
    "q": "المقصودُ بقولِه تعالى: {وَرَبَائِبُكُمُ}:",
    "level": 2,
    "link": "https://dorar.net/tafseer/4/7#tt7",
    "section": "an-nisaa",
    "answers": [
      {
        "answer": "بَناتُ نِسائِكم من غيرِكُم",
        "t": 1
      },
      {
        "answer": "البِنتُ مِن الرَّضاعةِ",
        "t": 0
      },
      {
        "answer": "بَناتُكم",
        "t": 0
      }
    ]
  },
  {
    "id": 205,
    "q": "المُرادُ بقَولِه تعالى: {أَلَمْ تَرَ إِلَى الَّذِينَ يُزَكُّونَ أَنْفُسَهُمْ}:",
    "level": 2,
    "link": "https://dorar.net/tafseer/4/17#tt4",
    "section": "an-nisaa",
    "answers": [
      {
        "answer": "مُشرِكُو قُريَشٍ",
        "t": 0
      },
      {
        "answer": "اليَهودُ والنَّصارَى ومَن نَحا نحوَهم",
        "t": 1
      },
      {
        "answer": "المَجُوسُ",
        "t": 0
      }
    ]
  },
  {
    "id": 216,
    "q": "إنْ كان المَقتُولُ خَطأً مِن قَومٍ كُفَّارٍ حربِيِّينَ، لكنَّه مؤمنٌ؛ فإنَّه:",
    "level": 2,
    "link": "https://dorar.net/tafseer/4/26#tt4",
    "section": "an-nisaa",
    "answers": [
      {
        "answer": "تُدفَعُ دِيَةٌ لأَهلِه فقطْ",
        "t": 0
      },
      {
        "answer": "يُطعِمُ سِتِّينَ مِسكينًا",
        "t": 0
      },
      {
        "answer": "تَسقُطُ الدِّيَةُ وعليه تحريرُ رَقبةٍ",
        "t": 1
      }
    ]
  },
  {
    "id": 219,
    "q": "يستفادُ من قولِه تعالى: {وَإِذَا كُنْتَ فِيهِمْ فَأَقَمْتَ لَهُمُ الصَّلَاةَ فَلْتَقُمْ طَائِفَةٌ مِنْهُمْ مَعَكَ...} أن صَلاةَ الجَماعةِ:",
    "level": 2,
    "link": "https://dorar.net/tafseer/4/29#tt17",
    "section": "an-nisaa",
    "answers": [
      {
        "answer": "فَرضُ عَينٍ",
        "t": 1
      },
      {
        "answer": "فَرضُ كِفايَةٍ",
        "t": 0
      },
      {
        "answer": "مُستَحَبةٌ",
        "t": 0
      }
    ]
  },
  {
    "id": 208,
    "q": "قولُه تعالى: {يَاأَيُّهَا الَّذِينَ آمَنُوا خُذُوا حِذْرَكُمْ فَانْفِرُوا ثُبَاتٍ أَوِ انْفِرُوا جَمِيعًا} مُناسَبةُ الآيةِ:",
    "level": 2,
    "link": "https://dorar.net/tafseer/4/21#tt4",
    "section": "an-nisaa",
    "answers": [
      {
        "answer": "التَّحذيرُ مِن الفِرارِ مِنَ العدوِّ",
        "t": 0
      },
      {
        "answer": "تُوجِيهُ المُؤمِنينَ للخُروجِ مِن مكَّةَ",
        "t": 0
      },
      {
        "answer": "التَّحرِيضُ على الجِهادِ",
        "t": 1
      }
    ]
  }
]