[
  {
    "id": 3438,
    "q": "\"المُشتَبِهاتُ\" هي:",
    "level": 2,
    "link": "https://dorar.net/hadith/sharh/2731",
    "section": "hadith03",
    "answers": [
      {
        "answer": "الأَحكامُ التَّكلِيفيَّة الخَمسَة وهي: الحلالُ والحرامُ والمندوبُ والمكرُوه والمُباحُ",
        "t": 0
      },
      {
        "answer": "كَبائرُ الذُّنوبِ التي تَوعَّدَ اللهُ فاعِليهَا بالعَذابِ الشَّديدِ",
        "t": 0
      },
      {
        "answer": "الأمورُ الَّتي تكونُ غيرَ واضحةِ الحُكمِ مِن حيثُ الحِلُّ والحُرمة",
        "t": 1
      }
    ]
  },
  {
    "id": 3443,
    "q": "في الحديث:  إنَّ مِنَ الشَّجَرِ شَجَرَةً لا يَسْقُطُ ورَقُها\" الشَّجرةُ هي:",
    "level": 2,
    "link": "https://www.dorar.net/hadith/sharh/7786",
    "section": "hadith03",
    "answers": [
      {
        "answer": "شَجرةُ الغَرقَد",
        "t": 0
      },
      {
        "answer": "النَّخلَةُ",
        "t": 1
      },
      {
        "answer": "شَجرةُ الزَّقُّومِ",
        "t": 0
      }
    ]
  },
  {
    "id": 3435,
    "q": "\"وإنَّ حِمى اللهِ مَحارمُه\" تعني:",
    "level": 2,
    "link": "https://dorar.net/hadith/sharh/2731",
    "section": "hadith03",
    "answers": [
      {
        "answer": "المعاصي الَّتي حرَّمها على عِبادِه",
        "t": 1
      },
      {
        "answer": "ما أحماهُ اللهُ بالنَّارِ لمن خالَفَ أَمرَه",
        "t": 0
      },
      {
        "answer": "ما حَماهُ اللهُ منَ السُّقوطِ منَ السَّماءِ إلى الأرضِ",
        "t": 0
      }
    ]
  },
  {
    "id": 3426,
    "q": "في قَولِ النبيِّ ﷺ: \"يُكَفِّرُ اللَّهُ عنْه كُلَّ سَيِّئَةٍ كانَ زَلَفَهَا\" \"زَلَفَهَا\" تعني:",
    "level": 2,
    "link": "https://dorar.net/hadith/sharh/2684",
    "section": "hadith03",
    "answers": [
      {
        "answer": "قدَّمها وعَمِلَها قبْل إسلامِه",
        "t": 1
      },
      {
        "answer": "تَزلَّفَ بها، أي تَقرَّب بها",
        "t": 0
      },
      {
        "answer": "راقَبَ اللهَ فيها",
        "t": 0
      }
    ]
  },
  {
    "id": 3444,
    "q": "النَّصيحةِ لكلِّ مُسلمٍ ومُسلمةٍ تَكونُ:",
    "level": 2,
    "link": "https://www.dorar.net/hadith/sharh/7778",
    "section": "hadith03",
    "answers": [
      {
        "answer": "بالحِرصِ على مَنفعتِهما، وإيصالِ الخيرِ إليهما، ودفْعِ الشَّرِّ عنهما",
        "t": 1
      },
      {
        "answer": "العَمَلُ على زِيادَتِهِما في الطَّاعاتِ",
        "t": 0
      },
      {
        "answer": "بالتَّعاونِ على البِرِّ والتَّقوَى دُونَ الإثمِ والعُدوانِ",
        "t": 0
      }
    ]
  },
  {
    "id": 3433,
    "q": "في الحديثِ: إِذَا أنْفَقَ الرَّجُلُ علَى أهْلِهِ يَحْتَسِبُهَا:",
    "level": 2,
    "link": "https://www.dorar.net/hadith/sharh/7770",
    "section": "hadith03",
    "answers": [
      {
        "answer": "كانت له بكُلِّ نَفقَةٍ مِثل جَبلِ أُحُدٍ",
        "t": 0
      },
      {
        "answer": "كأنَّما أَعتَقَ عَشرَ رِقابٍ مِن وَلدِ إِسماعيلَ",
        "t": 0
      },
      {
        "answer": "فَهو له صَدَقَةٌ",
        "t": 1
      }
    ]
  },
  {
    "id": 3431,
    "q": "في الحديث: الحَلَالُ بَيِّنٌ، والحَرَامُ بَيِّنٌ، وبيْنَهُما:",
    "level": 2,
    "link": "",
    "section": "hadith03",
    "answers": [
      {
        "answer": "بَيِّناتٌ",
        "t": 0
      },
      {
        "answer": "الآياتُ",
        "t": 0
      },
      {
        "answer": "مُشَبَّهَاتٌ",
        "t": 1
      }
    ]
  },
  {
    "id": 3429,
    "q": "\"الذَّرَّةُ\" هي:",
    "level": 2,
    "link": "https://www.dorar.net/hadith/sharh/4307",
    "section": "hadith03",
    "answers": [
      {
        "answer": "الواحِدَة مِن نَباتِ الذُّرَةِ",
        "t": 0
      },
      {
        "answer": "ما يُنثَرُ من رَذاذِ الماء",
        "t": 0
      },
      {
        "answer": "واحدةُ الذَّرِّ، وهو: صِغارُ النَّملِ",
        "t": 1
      }
    ]
  },
  {
    "id": 3441,
    "q": "يقول جَرِيرُ بنَ عبدِ اللَّهِ رضي الله عنه: أتَيْتُ النبيَّ ﷺ فقُلتُ: أُبَايِعُكَ علَى الإسْلَامِ، فَشَرَطَ عَلَيَّ:",
    "level": 2,
    "link": "https://www.dorar.net/hadith/sharh/7782",
    "section": "hadith03",
    "answers": [
      {
        "answer": "ألَّا أرجِعَ عن دارِ الهِجرَةِ ما بَقِيَ مِن عُمُرِي",
        "t": 0
      },
      {
        "answer": "والنُّصْحِ لِكُلِّ مُسْلِمٍ",
        "t": 1
      },
      {
        "answer": "الإيمانَ بالقَدرِ خَيرِه وشَرِّه",
        "t": 0
      }
    ]
  },
  {
    "id": 3439,
    "q": "يقول جرير رضي الله عنه: بَايَعْتُ رَسولَ اللَّهِ ﷺ علَى إقَامِ الصَّلَاةِ، وإيتَاءِ الزَّكَاةِ:",
    "level": 2,
    "link": "https://www.dorar.net/hadith/sharh/7778",
    "section": "hadith03",
    "answers": [
      {
        "answer": "والنُّصْحِ لِكُلِّ مُسْلِمٍ",
        "t": 1
      },
      {
        "answer": "وعَدَمِ الإشراكِ باللهِ",
        "t": 0
      },
      {
        "answer": "وصَومِ رَمَضانَ وحجِّ البَيتِ إنْ استَطعتُ إليه سَبيلًا",
        "t": 0
      }
    ]
  },
  {
    "id": 3437,
    "q": "في الحديث: ومَن كَانَتْ هِجْرَتُهُ لِدُنْيَا يُصِيبُهَا أوِ امْرَأَةٍ يَتَزَوَّجُهَا:",
    "level": 2,
    "link": "https://www.dorar.net/hadith/sharh/3430",
    "section": "hadith03",
    "answers": [
      {
        "answer": "فقد خَسِرَ خُسرانًا مُبينًا",
        "t": 0
      },
      {
        "answer": "فلا هِجرةَ له",
        "t": 0
      },
      {
        "answer": "فَهِجْرَتُهُ إلى ما هَاجَرَ إلَيْهِ",
        "t": 1
      }
    ]
  },
  {
    "id": 3440,
    "q": "\"الأعقابُ\" هي:",
    "level": 2,
    "link": "https://dorar.net/hadith/sharh/7786",
    "section": "hadith03",
    "answers": [
      {
        "answer": "كلُّ ما انثَنَى منَ الطَّريقِ",
        "t": 0
      },
      {
        "answer": "ما أصابَ الأرضَ مِن مُؤخَّرِ الرِّجلِ إلى مَوضعِ الشِّراكِ",
        "t": 1
      },
      {
        "answer": "جَمعُ عاقِب وهو الجَمَلُ الصَّغيرُ",
        "t": 0
      }
    ]
  },
  {
    "id": 3436,
    "q": "في الحَديثَ: \"الأعْمَالُ بالنِّيَّةِ، ولِكُلِّ امْرِئٍ:",
    "level": 2,
    "link": "https://www.dorar.net/hadith/sharh/3430",
    "section": "hadith03",
    "answers": [
      {
        "answer": "جَنَّةٌ أو نارٌ",
        "t": 0
      },
      {
        "answer": "ما نَوَى",
        "t": 1
      },
      {
        "answer": "على قَدرِ سَعْيِه",
        "t": 0
      }
    ]
  },
  {
    "id": 3442,
    "q": "في الحديث: ويْلٌ لِلْأَعْقَابِ:",
    "level": 2,
    "link": "https://dorar.net/hadith/sharh/7786",
    "section": "hadith03",
    "answers": [
      {
        "answer": "مِنَ النَّارِ",
        "t": 1
      },
      {
        "answer": "ثُمَّ وَيلٌ لهُم",
        "t": 0
      },
      {
        "answer": "ألَا يَتَّقون الله عزَّ وجلَّ",
        "t": 0
      }
    ]
  },
  {
    "id": 3445,
    "q": "في الحَديثَ: أنَّ النبيَّ ﷺ أوَّلَ ما قَدِمَ المَدِينَةَ نَزَلَ علَى:",
    "level": 2,
    "link": "https://dorar.net/hadith/sharh/5971",
    "section": "hadith03",
    "answers": [
      {
        "answer": "أخْوَالِهِ مِنَ الأنْصَارِ",
        "t": 1
      },
      {
        "answer": "بَيتِ أَعمامِة مِن بنِي عبدِ الدَّارِ",
        "t": 0
      },
      {
        "answer": "سَقيفَةِ بنِي ساعِدَة",
        "t": 0
      }
    ]
  },
  {
    "id": 3434,
    "q": "\"الحِمَى: هو:",
    "level": 2,
    "link": "https://dorar.net/hadith/sharh/2731",
    "section": "hadith03",
    "answers": [
      {
        "answer": "المكانُ الَّذي جَعَله الملِكُ لرَعْيِ مَواشِيه",
        "t": 1
      },
      {
        "answer": "الجِوارُ الذي كانت تَعتَنِقُه العَربُ مِن حِمايَةٍ وكَفالَة",
        "t": 0
      },
      {
        "answer": "المَكانُ شَديدُ الحَرارةِ",
        "t": 0
      }
    ]
  },
  {
    "id": 3432,
    "q": "يقولُ الرَّسولُ ﷺ: مَنِ اتَّقَى المُشَبَّهَاتِ:",
    "level": 2,
    "link": "https://dorar.net/hadith/sharh/2731",
    "section": "hadith03",
    "answers": [
      {
        "answer": "فقد حَقَّقَ تَقوَى الله عزَّ وجلَّ",
        "t": 0
      },
      {
        "answer": "أنَجاه اللهُ مِن النَّارِ وأَدخَلهُ الجنَّة",
        "t": 0
      },
      {
        "answer": "اسْتَبْرَأَ لِدِينِهِ وعِرْضِهِ",
        "t": 1
      }
    ]
  },
  {
    "id": 3428,
    "q": "يقول النبي ﷺ: \"يَخْرُجُ مِنَ النَّارِ مَن قالَ لا إلَهَ إلَّا اللَّهُ، وفي قَلْبِهِ:",
    "level": 2,
    "link": "https://www.dorar.net/hadith/sharh/4307",
    "section": "hadith03",
    "answers": [
      {
        "answer": "إيمانٌ باللهِ ورَسولِه",
        "t": 0
      },
      {
        "answer": "وزْنُ شَعِيرَةٍ مِن خَيْرٍ",
        "t": 1
      },
      {
        "answer": "دَغَلٌ",
        "t": 0
      }
    ]
  },
  {
    "id": 3430,
    "q": "في الحَديثَ: أنَّ رَجُلًا مِنَ اليَهُودِ قالَ له: يا أمِيرَ المُؤْمِنِينَ، آيَةٌ في كِتَابِكُمْ تَقْرَؤُونَهَا، لو عَلَيْنَا مَعْشَرَ اليَهُودِ نَزَلَتْ:",
    "level": 2,
    "link": "https://dorar.net/hadith/sharh/4308",
    "section": "hadith03",
    "answers": [
      {
        "answer": "لَاتَّخَذْنَا ذلكَ اليومَ عِيدًا",
        "t": 1
      },
      {
        "answer": "لكُنَّا بها أَفرح مِن الوالدِ بوَلدِه",
        "t": 0
      },
      {
        "answer": "لاكتَفَينا بها وما فَارَقناها",
        "t": 0
      }
    ]
  },
  {
    "id": 3427,
    "q": "يقولُ النبيُّ ﷺ: لا يَمَلُّ اللَّهُ:",
    "level": 2,
    "link": "https://dorar.net/hadith/sharh/2680",
    "section": "hadith03",
    "answers": [
      {
        "answer": "مِن الأعمالِ الصَّالحَةِ",
        "t": 0
      },
      {
        "answer": "مَسأَلتَكُم ودُعاءَكُم",
        "t": 0
      },
      {
        "answer": "حتَّى تَمَلُّوا",
        "t": 1
      }
    ]
  }
]