[
  {
    "id": 3451,
    "q": "جُملةُ: \"كان يَتخَوَّلُهم بالمَوعِظةِ\" تَعنِي:",
    "level": 3,
    "link": "https://www.dorar.net/hadith/sharh/77",
    "section": "hadith03",
    "answers": [
      {
        "answer": "يُكثِرُ المَوعِظةَ لهم",
        "t": 0
      },
      {
        "answer": "لا يَعِظُهم إلَّا قَليلًا نادِرًا حتَّى لا يَنفِرُوا",
        "t": 0
      },
      {
        "answer": "يَتعهَّدُهم بالمَوعظةِ في بعضِ الأيَّامِ دونَ بعضٍ",
        "t": 1
      }
    ]
  },
  {
    "id": 3462,
    "q": "كان رَسولُ اللَّهِ ﷺ في حَجَّةِ الوَدَاعِ واقَفًا لِلنَّاسِ يَسْأَلُونَهُ وهو في:",
    "level": 3,
    "link": "https://www.dorar.net/hadith/sharh/7945",
    "section": "hadith03",
    "answers": [
      {
        "answer": "مِنًى",
        "t": 1
      },
      {
        "answer": "عَرفَةَ",
        "t": 0
      },
      {
        "answer": "مُزدَلِفَةَ",
        "t": 0
      }
    ]
  },
  {
    "id": 3465,
    "q": "يقولُ رَسولُ الله ﷺ: إنَّ اللَّهَ لا يَقْبِضُ العِلْمَ انْتِزَاعًا يَنْتَزِعُهُ مِنَ العِبَادِ، ولَكِنْ:",
    "level": 3,
    "link": "https://www.dorar.net/hadith/sharh/7299",
    "section": "hadith03",
    "answers": [
      {
        "answer": "يَرفعُ العِلمَ مِن الصُّدورِ حتَّى لا يَبقَى عالِمٌ",
        "t": 0
      },
      {
        "answer": "يُشرِبهُم الهَوَى؛ فإذا فَعلُوا ضَلُّوا وأَضَلُّوا",
        "t": 0
      },
      {
        "answer": "يَقْبِضُ العِلْمَ بقَبْضِ العُلَمَاءِ",
        "t": 1
      }
    ]
  },
  {
    "id": 3449,
    "q": "إنَّ مِن أشْراطِ السَّاعَةِ: أنْ يُرْفَعَ العِلْمُ، ويَثْبُتَ الجَهْلُ:",
    "level": 3,
    "link": "https://www.dorar.net/hadith/sharh/151",
    "section": "hadith03",
    "answers": [
      {
        "answer": "ويَنتشِرَ الفُحشُ",
        "t": 0
      },
      {
        "answer": "ويُشْرَبَ الخَمْرُ، ويَظْهَرَ الزِّنا",
        "t": 1
      },
      {
        "answer": "ويموتُ الخيرُ في القُلوبِ",
        "t": 0
      }
    ]
  },
  {
    "id": 3452,
    "q": "في الحديث: يَسِّرُوا ولا تُعَسِّرُوا:",
    "level": 3,
    "link": "https://dorar.net/hadith/sharh/71",
    "section": "hadith03",
    "answers": [
      {
        "answer": "واعلَمُوا أنَّ الجنَّةَ تحتَ ظِلالِ السُّيوفِ",
        "t": 0
      },
      {
        "answer": "وبَشِّرُوا ولا تُنَفِّرُوا",
        "t": 1
      },
      {
        "answer": "وسَدِّدُوا وقارِبوا\n ",
        "t": 0
      }
    ]
  },
  {
    "id": 3461,
    "q": "في الحَديثِ: يقولُ رَسولُ اللَّهِ ﷺ قالَ: بيْنَا أنَا نَائِمٌ، أُتِيتُ بقَدَحِ لَبَنٍ، فَشَرِبْتُ حتَّى إنِّي لَأَرَى الرِّيَّ يَخْرُجُ:",
    "level": 3,
    "link": "https://www.dorar.net/hadith/sharh/4979",
    "section": "hadith03",
    "answers": [
      {
        "answer": "في أظْفَارِي",
        "t": 1
      },
      {
        "answer": "بينَ يَدَيَّ",
        "t": 0
      },
      {
        "answer": "مِن فَمِي",
        "t": 0
      }
    ]
  },
  {
    "id": 3459,
    "q": "كانَ نَقْشُ خاتَمِ رَسولِ الله ﷺ:",
    "level": 3,
    "link": "https://www.dorar.net/hadith/sharh/2136",
    "section": "hadith03",
    "answers": [
      {
        "answer": "مُحَمَّدٌ رَسولُ اللَّهِ",
        "t": 1
      },
      {
        "answer": "النبيُّ الأُمِّيُّ",
        "t": 0
      },
      {
        "answer": "لا إله إلا الله",
        "t": 0
      }
    ]
  },
  {
    "id": 3450,
    "q": "في الحديث: كانَ النبيُّ ﷺ يَتَخَوَّلُنا بالمَوْعِظَةِ في الأيَّامِ:",
    "level": 3,
    "link": "https://www.dorar.net/hadith/sharh/77",
    "section": "hadith03",
    "answers": [
      {
        "answer": "كَراهَةَ السَّآمَةِ عَلَيْنا",
        "t": 1
      },
      {
        "answer": "حفِظَها مَن حفِظَها، ونسِيَها مَن نسِيَها",
        "t": 0
      },
      {
        "answer": "حتَّى كَأنَّا رَأْيُ عَيْنٍ",
        "t": 0
      }
    ]
  },
  {
    "id": 3447,
    "q": "بلادُ البَحرينِ قَديمًا كانت:",
    "level": 3,
    "link": "https://www.dorar.net/hadith/sharh/2133",
    "section": "hadith03",
    "answers": [
      {
        "answer": "مَملكةً بيْن البَصرةِ وعُمَانَ تابعةً لمَملكةِ فارسَ",
        "t": 1
      },
      {
        "answer": "بلادَ ما وراءَ النَّهرِ وتَشملُ بُخارَى وخَوارزمَ وأوزبكستانَ",
        "t": 0
      },
      {
        "answer": "عاصِمةَ الخِلافَةِ العبَّاسِيَّة في العِراقِ",
        "t": 0
      }
    ]
  },
  {
    "id": 3453,
    "q": "سُمِّيتِ الخَمرُ خَمرًا لأنَّها:",
    "level": 3,
    "link": "https://www.dorar.net/hadith/sharh/151",
    "section": "hadith03",
    "answers": [
      {
        "answer": "يُوضَعُ عَلَيها خِمارٌ حتَّى تَختَمِرَ",
        "t": 0
      },
      {
        "answer": "تُغطِّي العقْلَ",
        "t": 1
      },
      {
        "answer": "تُصدِرُ صَوتَ الخَريرِ عندَ الغَلَيانِ",
        "t": 0
      }
    ]
  },
  {
    "id": 3446,
    "q": "في الحَديثَ: أنَّ رَسولَ اللَّهِ ﷺ بَعَثَ بكِتَابِهِ رَجُلًا وأَمَرَهُ أنْ يَدْفَعَهُ إلى عَظِيمِ البَحْرَيْنِ فَدَفَعَهُ عَظِيمُ البَحْرَيْنِ إلى:",
    "level": 3,
    "link": "https://www.dorar.net/hadith/sharh/2133",
    "section": "hadith03",
    "answers": [
      {
        "answer": "قَيصَر",
        "t": 0
      },
      {
        "answer": "المُقَوقِس",
        "t": 0
      },
      {
        "answer": "كِسْرَى",
        "t": 1
      }
    ]
  },
  {
    "id": 3457,
    "q": "الغِبطةُ، هي:",
    "level": 3,
    "link": "https://www.dorar.net/hadith/sharh/2123",
    "section": "hadith03",
    "answers": [
      {
        "answer": "ما يَغتَبِطُ به الناسُ مِن الأَموالِ والمَتاعِ والوِلدان",
        "t": 0
      },
      {
        "answer": "أنْ يَرى المرءُ نِعمةً عندَ غَيرِه، فيَتمنَّى مِثلَها لنَفْسِه دونَ زَوالِها عن أخيه",
        "t": 1
      },
      {
        "answer": "الفَرحُ بفَرَحِ الآخَرين والحُزنُ بحُزنِهِم",
        "t": 0
      }
    ]
  },
  {
    "id": 3460,
    "q": "\"التَّيسيرُ\" ضِدُّه",
    "level": 3,
    "link": "https://dorar.net/hadith/sharh/71",
    "section": "hadith03",
    "answers": [
      {
        "answer": "التَّعسيرُ",
        "t": 1
      },
      {
        "answer": "التَّسهيلُ",
        "t": 0
      },
      {
        "answer": "الإسرارُ",
        "t": 0
      }
    ]
  },
  {
    "id": 3455,
    "q": "يقولُ النبيُّ ﷺ: \"لَا حَسَدَ إلَّا في اثْنَتَيْنِ: رَجُلٌ آتَاهُ اللَّهُ مَالًا فَسُلِّطَ علَى هَلَكَتِهِ في الحَقِّ:",
    "level": 3,
    "link": "https://www.dorar.net/hadith/sharh/2123",
    "section": "hadith03",
    "answers": [
      {
        "answer": "ورَجُلٌ آتَاهُ اللَّهُ الحِكْمَةَ فَهو يَقْضِي بهَا ويُعَلِّمُهَا",
        "t": 1
      },
      {
        "answer": "ورجلٌ خرجَ بنفسِهِ ومالِهِ فلمْ يرجعْ مِنْ ذلكَ بشيءٍ",
        "t": 0
      },
      {
        "answer": "ورَجُلٌ ذَكَرَ اللَّهَ خَالِيًا فَفَاضَتْ عَيْنَاهُ",
        "t": 0
      }
    ]
  },
  {
    "id": 3464,
    "q": "في الحَديثِ: يُقْبَضُ العِلْمُ، ويَظْهَرُ الجَهْلُ والفِتَنُ، ويَكْثُرُ الهَرْجُ\"  الهَرْجُ هو:",
    "level": 3,
    "link": "https://www.dorar.net/hadith/sharh/2747",
    "section": "hadith03",
    "answers": [
      {
        "answer": "الرِّبا",
        "t": 0
      },
      {
        "answer": "الفَواحِشُ",
        "t": 0
      },
      {
        "answer": "القَتْلُ",
        "t": 1
      }
    ]
  },
  {
    "id": 3454,
    "q": "\"التَّبشيرُ\" عَكْسُ",
    "level": 3,
    "link": "https://dorar.net/hadith/sharh/71",
    "section": "hadith03",
    "answers": [
      {
        "answer": "التَّيسيرِ",
        "t": 0
      },
      {
        "answer": "التَّكبيرِ",
        "t": 0
      },
      {
        "answer": "النِّذارةِ",
        "t": 1
      }
    ]
  },
  {
    "id": 3458,
    "q": "عن ابنِ عبَّاسٍ رضي الله عنهُما قال: ضَمَّنِي رَسولُ اللَّهِ ﷺ وقالَ: اللَّهُمَّ عَلِّمْهُ:",
    "level": 3,
    "link": "https://www.dorar.net/hadith/sharh/129",
    "section": "hadith03",
    "answers": [
      {
        "answer": "الكِتابَ",
        "t": 1
      },
      {
        "answer": "السُّنَّة",
        "t": 0
      },
      {
        "answer": "الفِراسَة",
        "t": 0
      }
    ]
  },
  {
    "id": 3448,
    "q": "كَتَبَ النبيُّ ﷺ كِتَابًا، فقِيلَ له: إنَّهُمْ لا يَقْرَؤُونَ كِتَابًا إلَّا مَخْتُومًا، فَاتَّخَذَ:",
    "level": 3,
    "link": "https://www.dorar.net/hadith/sharh/2136",
    "section": "hadith03",
    "answers": [
      {
        "answer": "إِداوَةً وأُدُمًا وصَنعَ لنَفسِه خاتَمًا ﷺ",
        "t": 0
      },
      {
        "answer": "كاتِبًا مِن الأَنصارِ معهُ خاتَمٌ",
        "t": 0
      },
      {
        "answer": "خَاتَمًا مِن فِضَّةٍ",
        "t": 1
      }
    ]
  },
  {
    "id": 3456,
    "q": "الحَسَدُ، هو:",
    "level": 3,
    "link": "https://www.dorar.net/hadith/sharh/2123",
    "section": "hadith03",
    "answers": [
      {
        "answer": "أنْ يَتمنَّى المرءُ زَوالَ النِّعمةِ عن أخيهِ سواءٌ حصَلتْ للحاسدِ أو لا",
        "t": 1
      },
      {
        "answer": "الخَوفُ مِن الفَاقَةِ، وهي الفَقرُ",
        "t": 0
      },
      {
        "answer": "وَساوِسُ الشَّياطين",
        "t": 0
      }
    ]
  },
  {
    "id": 3463,
    "q": "قوله صلى الله عليه وسلم: \"افعَلْ ولا حرَجَ\" يَدُلُّ عَلى:",
    "level": 3,
    "link": "https://www.dorar.net/hadith/sharh/7945",
    "section": "hadith03",
    "answers": [
      {
        "answer": "البِرِّ",
        "t": 0
      },
      {
        "answer": "التَّيسيرِ",
        "t": 1
      },
      {
        "answer": "الإخلاصِ",
        "t": 0
      }
    ]
  }
]