[
  {
    "id": 3418,
    "q": "\"الغَدوةُ: هي:",
    "level": 1,
    "link": "https://dorar.net/hadith/sharh/1474",
    "section": "hadith03",
    "answers": [
      {
        "answer": "أوَّلُ النَّهارِ",
        "t": 1
      },
      {
        "answer": "وَقْتُ العَصرِ",
        "t": 0
      },
      {
        "answer": "آخِرَ اللَّيلِ",
        "t": 0
      }
    ]
  },
  {
    "id": 3409,
    "q": "في الحَديثَ: أَرْبَعٌ مَن كُنَّ فيه كانَ",
    "level": 1,
    "link": "https://www.dorar.net/hadith/sharh/5965",
    "section": "hadith03",
    "answers": [
      {
        "answer": "مُشرِكًا",
        "t": 0
      },
      {
        "answer": "مُنَافِقًا خَالِصًا",
        "t": 1
      },
      {
        "answer": "مُؤمِنًا مُقسِطًا",
        "t": 0
      }
    ]
  },
  {
    "id": 3420,
    "q": "يقولُ النبيُّ ﷺ: \"إِذَا أسْلَمَ العَبْدُ فَحَسُنَ إسْلَامُهُ:",
    "level": 1,
    "link": "https://dorar.net/hadith/sharh/2684",
    "section": "hadith03",
    "answers": [
      {
        "answer": "وُضِعَ له القَبولُ في الأَرضِ",
        "t": 0
      },
      {
        "answer": "أَعتقَ اللهُ به سَبعِينَ رَقبةً مِن أَهلِ النارِ",
        "t": 0
      },
      {
        "answer": "يُكَفِّرُ اللَّهُ عنْه كُلَّ سَيِّئَةٍ كانَ زَلَفَهَا",
        "t": 1
      }
    ]
  },
  {
    "id": 3421,
    "q": "يُصبِحُ الكَذِبُ من علاماتِ النِّفاقِ إذا:",
    "level": 1,
    "link": "https://www.dorar.net/hadith/sharh/5952",
    "section": "hadith03",
    "answers": [
      {
        "answer": "إذا لم يَتحَرَّ  الإنسانُ الصِّدقَ في نَقلِ الكَلامِ",
        "t": 0
      },
      {
        "answer": "بأنْ يَشتهِرَ ذلك الإنسانُ بالكذبِ في الحديثِ",
        "t": 1
      },
      {
        "answer": "متَى كَذَبَ الإنسانُ ولو مرَّةً",
        "t": 0
      }
    ]
  },
  {
    "id": 3411,
    "q": "قال رَسولُ الله ﷺ: مَن يَقُمْ لَيْلَةَ القَدْرِ، إيمَانًا واحْتِسَابًا:",
    "level": 1,
    "link": "https://dorar.net/hadith/sharh/1432",
    "section": "hadith03",
    "answers": [
      {
        "answer": "كُتِبَ له أَجرُ خَمسِينَ ألفِ سَنَةٍ",
        "t": 0
      },
      {
        "answer": "غُفِرَ له ما تَقَدَّمَ مِن ذَنْبِهِ",
        "t": 1
      },
      {
        "answer": "كان حَقًّا على الله أنْ يُرضِيَه",
        "t": 0
      }
    ]
  },
  {
    "id": 3412,
    "q": "قيامُ لَيلةِ القَدرِ إيمانًا واحتِسابًا، يَعنِي:",
    "level": 1,
    "link": "https://dorar.net/hadith/sharh/1432",
    "section": "hadith03",
    "answers": [
      {
        "answer": "إيمانًا بأنَّها خَيرُ لَيلةٍ، واحتِسابًا لعَددِ الرَّكعاتِ فيها",
        "t": 0
      },
      {
        "answer": "مُخلِصًا لله عزَّ وجلَّ في صِدقِ التَّوكُّلِ عليه سُبحانه",
        "t": 0
      },
      {
        "answer": "تَصديقًا بفضْلِ هذه اللَّيلةِ، وفضْلِ العملِ فيها، وابتغاءً لوجْهِ اللهِ في عِبادتِه، مُحتسِبًا جَزيلَ الأجرِ في قِيامِه",
        "t": 1
      }
    ]
  },
  {
    "id": 3425,
    "q": "قَولُه: \"اللَّهمَّ لا مانعَ لِمَا أعطيْتَ ولا مُعطِيَ لما مَنعْتَ\" يَعنِي:",
    "level": 1,
    "link": "https://dorar.net/hadith/sharh/756",
    "section": "hadith03",
    "answers": [
      {
        "answer": "لا يجودُ بالعَطاءِ إلَّا أنتَ ولا يَمنعُ العَطاءَ إلا تَأخيرًا",
        "t": 0
      },
      {
        "answer": "لا يستطيعُ أحدٌ أنْ يمنعَ ما أردْتَ إعطاءَه ولا أنْ يُعطِيَ مَن أردْتَ مَنْعَه",
        "t": 1
      },
      {
        "answer": "لا يَحبِسُ رِزقَ العِبادِ شَيءٌ ولا يَمنعُ عنهُم المَطرَ إلَّا ذُنوبُهم",
        "t": 0
      }
    ]
  },
  {
    "id": 3416,
    "q": "في قَولِ النبيِّ ﷺ \"فَسَدِّدُوا وقَارِبُوا\" التَّسديدُ يَعنِي:",
    "level": 1,
    "link": "https://dorar.net/hadith/sharh/1474",
    "section": "hadith03",
    "answers": [
      {
        "answer": "الإِخلاصُ في المَسألَةِ",
        "t": 0
      },
      {
        "answer": "العملُ بالقصدِ والتَّوسُّطُ في العِبادةِ",
        "t": 1
      },
      {
        "answer": "الاجتِهادُ في الطَّاعاتِ",
        "t": 0
      }
    ]
  },
  {
    "id": 3417,
    "q": "\"وقارِبوا\" يَعنِي:",
    "level": 1,
    "link": "https://dorar.net/hadith/sharh/1474",
    "section": "hadith03",
    "answers": [
      {
        "answer": "إنْ لم تَستطيعوا الأخْذَ بالأكملِ، فاعمَلوا بما يَقرُبُ منه",
        "t": 1
      },
      {
        "answer": "الزَمُوا قَارِبَ النَّجاةِ؛ وهي تَقوَى الله عز وجل",
        "t": 0
      },
      {
        "answer": "صِلُوا أقارِبَكم",
        "t": 0
      }
    ]
  },
  {
    "id": 3407,
    "q": "في الحديث: آيَةُ المُنَافِقِ ثَلَاثٌ: إذَا حَدَّثَ كَذَبَ، وإذَا وعَدَ أخْلَفَ:\n ",
    "level": 1,
    "link": "https://www.dorar.net/hadith/sharh/5952",
    "section": "hadith03",
    "answers": [
      {
        "answer": "وإذَا اؤْتُمِنَ خَانَ",
        "t": 1
      },
      {
        "answer": "وإذا سافَرَ أَبعَدَ",
        "t": 0
      },
      {
        "answer": "وإذا حارَبَ فَزِعَ",
        "t": 0
      }
    ]
  },
  {
    "id": 3414,
    "q": "يقولُ النبيُّ ﷺ: إنَّ الدِّينَ يُسْرٌ، ولَنْ يُشَادَّ الدِّينَ أحَدٌ إلَّا غَلَبَهُ، فَسَدِّدُوا وقَارِبُوا:",
    "level": 1,
    "link": "https://dorar.net/hadith/sharh/1474",
    "section": "hadith03",
    "answers": [
      {
        "answer": "وأَبْشِرُوا",
        "t": 1
      },
      {
        "answer": "وأَدلِجُوا",
        "t": 0
      },
      {
        "answer": "وأَحسِنُوا",
        "t": 0
      }
    ]
  },
  {
    "id": 3424,
    "q": "خَرجَ رَسولُ اللَّهِ ﷺ يُخْبِرُ المُسلِمينَ بلَيْلَةِ القَدْرِ:",
    "level": 1,
    "link": "https://dorar.net/hadith/sharh/1184",
    "section": "hadith03",
    "answers": [
      {
        "answer": "فجاءَهُ خَبرُ وَفاةِ حَمزةَ رضي الله عنه",
        "t": 0
      },
      {
        "answer": "فكَسفَتِ الشَّمسُ",
        "t": 0
      },
      {
        "answer": "فَتَلَاحَى رَجُلَانِ",
        "t": 1
      }
    ]
  },
  {
    "id": 3415,
    "q": "\"إنَّ الدِّينَ يُسْرٌ\" يَعنِي:",
    "level": 1,
    "link": "https://dorar.net/hadith/sharh/1474",
    "section": "hadith03",
    "answers": [
      {
        "answer": "واسِعٌ رِزقُه مَيسُورٌ خَيرُه",
        "t": 0
      },
      {
        "answer": "يُفرِحُ المُسلِمَ ويَسُرُّه",
        "t": 0
      },
      {
        "answer": "مُيسَّرٌ مُسهَّلٌ في عَقائدِه وأخلاقِه، وفي أفعالِه وتُروكِه",
        "t": 1
      }
    ]
  },
  {
    "id": 3410,
    "q": "الفُجورُ في الخُصومةِ، يَعنِي:",
    "level": 1,
    "link": "https://www.dorar.net/hadith/sharh/5965",
    "section": "hadith03",
    "answers": [
      {
        "answer": "التَّعيِيرُ بالآباءِ والأُمَّهاتِ والتَّنابُذ بالأَلقابِ",
        "t": 0
      },
      {
        "answer": "أنْ يَخرُجَ عنِ الحقِّ عمْدًا، حتَّى يَصيرَ الحقُّ باطلًا، والباطلُ حقًّا",
        "t": 1
      },
      {
        "answer": "المُخاصَمَة المُفضِيَة إلى السِّبابِ والتَّلاعُن",
        "t": 0
      }
    ]
  },
  {
    "id": 3419,
    "q": "الدُّلجةُ، هي:",
    "level": 1,
    "link": "https://dorar.net/hadith/sharh/1474",
    "section": "hadith03",
    "answers": [
      {
        "answer": "سَيرُ آخرِ اللَّيل",
        "t": 1
      },
      {
        "answer": "الجَريُ في السَّيرِ",
        "t": 0
      },
      {
        "answer": "العَمَلُ بإخلاصٍ",
        "t": 0
      }
    ]
  },
  {
    "id": 3423,
    "q": "جَبلُ أُحُدٍ، هو:",
    "level": 1,
    "link": "https://dorar.net/hadith/sharh/2684",
    "section": "hadith03",
    "answers": [
      {
        "answer": "الجبلُ الذي كلَّم اللهُ عليه مُوسى عليه السلامُ",
        "t": 0
      },
      {
        "answer": "أَحَدُ جِبالِ مكَّة كان النبيُّ ﷺ يَتعبَّدُ فيه",
        "t": 0
      },
      {
        "answer": "جَبَلٌ على مَشارِفِ المدينةِ مِن الجِهةِ الشَّماليَّةِ",
        "t": 1
      }
    ]
  },
  {
    "id": 3408,
    "q": "\"آيةُ المُنافِقِ\" تَعنِي:",
    "level": 1,
    "link": "https://www.dorar.net/hadith/sharh/5952",
    "section": "hadith03",
    "answers": [
      {
        "answer": "شَكْلَه",
        "t": 0
      },
      {
        "answer": "أفعالَه",
        "t": 0
      },
      {
        "answer": "عَلاماتُه",
        "t": 1
      }
    ]
  },
  {
    "id": 3406,
    "q": "في حَديثِ: \"لَمَّا نَزَلَتْ: {الَّذِينَ آمَنُوا ولَمْ يَلْبِسُوا إيمَانَهُمْ بظُلْمٍ} الظُّلمُ هو:",
    "level": 1,
    "link": "https://www.dorar.net/hadith/sharh/5937",
    "section": "hadith03",
    "answers": [
      {
        "answer": "الشِّركُ",
        "t": 1
      },
      {
        "answer": "الذُّنوبُ والمَعاصِي",
        "t": 0
      },
      {
        "answer": "ظُلمُ النَّفسِ",
        "t": 0
      }
    ]
  },
  {
    "id": 3413,
    "q": "في الحديثِ: \"مَن قَامَ رَمَضَانَ إيمَانًا واحْتِسَابًا غُفِرَ له ما تَقَدَّمَ مِن ذَنْبِهِ\" المَقصُود بقِيامِ رمضان:",
    "level": 1,
    "link": "https://dorar.net/hadith/sharh/1455",
    "section": "hadith03",
    "answers": [
      {
        "answer": "أن يَقومَ العَبدُ بما فَرضَ اللهُ عليه ويَنتهِي عمَّا نَهاهُ اللهُ عنه",
        "t": 0
      },
      {
        "answer": "القِيامُ بأَركانِ الصِّيامِ تامَّة على وَجهِها الصَّحيحِ",
        "t": 0
      },
      {
        "answer": "صَلاةُ التَّراويحِ",
        "t": 1
      }
    ]
  },
  {
    "id": 3422,
    "q": "يقول رسول الله ﷺ: مَنِ اتَّبَعَ جَنَازَةَ مُسْلِمٍ، إيمَانًا واحْتِسَابًا، وكانَ معهُ حتَّى يُصَلَّى عَلَيْهَا ويَفْرُغَ مِن دَفْنِهَا، فإنَّه يَرْجِعُ مِنَ الأجْرِ:",
    "level": 1,
    "link": "https://dorar.net/hadith/sharh/2684",
    "section": "hadith03",
    "answers": [
      {
        "answer": "بقِيرَاطَيْنِ",
        "t": 1
      },
      {
        "answer": "وقد غُفِرَ له ما تَقدَّم مِن ذَنبِه",
        "t": 0
      },
      {
        "answer": "بخيرٍ ممَّا طَلعَت عليه الشَّمسُ",
        "t": 0
      }
    ]
  }
]