[
  {
    "id": 2929,
    "q": "قُتِل من صناديدِ قُريشٍ أبو جَهلٍ، وأُميَّةُ بنُ خلفٍ، في غزوةِ",
    "level": 1,
    "link": "https://cutt.us/DQ4R2\n",
    "section": "sirah",
    "answers": [
      {
        "answer": "الأحزابِ",
        "t": 0
      },
      {
        "answer": "تَبوكَ",
        "t": 0
      },
      {
        "answer": "بدرٍ الكُبرى",
        "t": 1
      }
    ]
  },
  {
    "id": 2942,
    "q": "كان جميعُ أولادِ النبيِّ صلَّى اللهُ عليه وسلَّم من خديجةَ رَضيَ اللهُ عنها؛ ما عَدا:",
    "level": 1,
    "link": "https://cutt.us/8T01d\n",
    "section": "sirah",
    "answers": [
      {
        "answer": "القاسمَ",
        "t": 0
      },
      {
        "answer": "إبراهيمَ",
        "t": 1
      },
      {
        "answer": "عبدالله",
        "t": 0
      }
    ]
  },
  {
    "id": 2927,
    "q": "كان أوَّلَ مَن آمَنَ بالله ورسولِه ",
    "level": 1,
    "link": "https://cutt.us/zSWHg\n",
    "section": "sirah",
    "answers": [
      {
        "answer": "حفصةُ بنتُ عمرَ زوجتُه صلَّى اللهُ عليه وسلَّم",
        "t": 0
      },
      {
        "answer": "خديجةُ بنتُ خوَيلدٍ زوجتُه صلَّى اللهُ عليه وسلَّم",
        "t": 1
      },
      {
        "answer": "عائشةُ بنتُ أبي بكرٍ زوجتُه صلَّى اللهُ عليه وسلَّم",
        "t": 0
      }
    ]
  },
  {
    "id": 2931,
    "q": " انتهَزَ فرصةَ إهمالِ الرُّماةِ وصيةَ نبيِّهم لهم حين نزَلوا يحصُدونَ الغنائمَ فالْتَفَّ خلفَهم وأعمَلَ الحربَ فيهم:",
    "level": 1,
    "link": "https://cutt.us/K1JQl\n",
    "section": "sirah",
    "answers": [
      {
        "answer": "عِكرمةُ بن أبي جهلٍ",
        "t": 0
      },
      {
        "answer": "أبو سُفيانَ بنُ حربٍ",
        "t": 0
      },
      {
        "answer": " خالدُ بنُ الوليدِ",
        "t": 1
      }
    ]
  },
  {
    "id": 2943,
    "q": "سُمِّيت حَجَّةُ النبيِّ ﷺ بحَجةِ البَلاغِ:",
    "level": 1,
    "link": "https://cutt.us/TcHbr\n",
    "section": "sirah",
    "answers": [
      {
        "answer": "لأنَّه عليه السلامُ بلَّغ الناسَ شرْعَ اللهِ في الحجِّ قولًا وفعلًا",
        "t": 1
      },
      {
        "answer": "لأنَّه عليه الصلاةُ والسلامُ بلَّغَ الناسَ ببَعثتِه",
        "t": 0
      },
      {
        "answer": "لأنَّه عليه الصلاةُ والسلامُ نزَل عليه القرآنُ فيها",
        "t": 0
      }
    ]
  },
  {
    "id": 2940,
    "q": "أسلَمَ أثناءَ فتحِ مكةَ، ثم جاء إلى قومِه وصرَخ فيهم محذِّرًا لهم بألَّا قِبَلَ لهم بجيشِ محمدٍ صلَّى اللهُ عليه وسلَّم ",
    "level": 1,
    "link": "https://cutt.us/ScHmW\n",
    "section": "sirah",
    "answers": [
      {
        "answer": " أبو سُفيانَ",
        "t": 1
      },
      {
        "answer": "سُهَيلُ بنُ عمرٍو",
        "t": 0
      },
      {
        "answer": "عمرُو بنُ العاصِ",
        "t": 0
      }
    ]
  },
  {
    "id": 2944,
    "q": "بَقِيتِ الوُفودُ تَتتابعُ إلى رسولِ اللهِ صلَّى اللهُ عليه وسلَّم، وكان بينَها مَن صالَحَهم على الجزيةِ، وجعَل لهم ذمَّةً وهم",
    "level": 1,
    "link": "",
    "section": "sirah",
    "answers": [
      {
        "answer": "وفدُ عبدِ القيسِ",
        "t": 0
      },
      {
        "answer": "وفدُ الحَبشةِ",
        "t": 0
      },
      {
        "answer": "وفدُ نَصارى نَجْرانَ",
        "t": 1
      }
    ]
  },
  {
    "id": 2935,
    "q": "بعدَ صُلحِ الحُدَيبيَةِ عاد النبيُّ صلَّى اللهُ عليه وسلَّم إلى المدينةِ  ",
    "level": 1,
    "link": "https://cutt.us/bOSnm\n",
    "section": "sirah",
    "answers": [
      {
        "answer": "دونَ عُمرةٍ ودونَ قتالٍ",
        "t": 1
      },
      {
        "answer": "بعدَما قتَل سادةَ قُريشٍ",
        "t": 0
      },
      {
        "answer": "بعدَما أدَّى العُمرةَ وطاف بالبيتِ",
        "t": 0
      }
    ]
  },
  {
    "id": 2930,
    "q": "يومَ بدرٍ كانت العيرُ التي أرادَها المُسلِمون معَ",
    "level": 1,
    "link": "https://cutt.us/K1JQl\n",
    "section": "sirah",
    "answers": [
      {
        "answer": "عِكرِمةَ بنِ أبي جَهلٍ",
        "t": 0
      },
      {
        "answer": "أبي سُفيانَ",
        "t": 1
      },
      {
        "answer": "خالدِ بنِ الوليدِ",
        "t": 0
      }
    ]
  },
  {
    "id": 2928,
    "q": "لحِقَ رسولُ اللهِ صلَّى اللهُ عليه وسلَّم وأبو بكرٍ بغارٍ في جبلِ ثورٍ، فكَمَنا فيه",
    "level": 1,
    "link": "https://cutt.us/jWZoq\n",
    "section": "sirah",
    "answers": [
      {
        "answer": "عشرَ ليالٍ",
        "t": 0
      },
      {
        "answer": "سبعَ ليالٍ",
        "t": 0
      },
      {
        "answer": "ثلاثَ ليالٍ",
        "t": 1
      }
    ]
  },
  {
    "id": 2932,
    "q": "لمَّا خرَج النبيُّ صلَّى اللهُ عليه وسلَّم إلى بَني المُصطَلِقِ لغَزوِهم أقرَعَ بينَ نسائه مَن يخرُجُ معَه، فكانتِ القُرعةُ على",
    "level": 1,
    "link": "https://cutt.us/VhnPd\n",
    "section": "sirah",
    "answers": [
      {
        "answer": "أمِّ سَلَمةَ رَضيَ اللهُ عنها",
        "t": 0
      },
      {
        "answer": " زينبَ بنتِ جَحشٍ رَضيَ اللهُ عنها",
        "t": 0
      },
      {
        "answer": "عائشةَ رَضيَ اللهُ عنها ",
        "t": 1
      }
    ]
  },
  {
    "id": 2937,
    "q": "أُهديَتْ ماريَةُ إلى النبيِّ صلَّى اللهُ عليه وسلَّم من ",
    "level": 1,
    "link": "https://cutt.us/BsGMv\n",
    "section": "sirah",
    "answers": [
      {
        "answer": "كِسْرى ملكِ الفُرسِ",
        "t": 0
      },
      {
        "answer": " قَيصَرَ ملكِ الرُّومِ",
        "t": 0
      },
      {
        "answer": "المُقَوقِسِ ملكِ الإسْكندريةِ",
        "t": 1
      }
    ]
  },
  {
    "id": 2926,
    "q": "قال النبيُّ  صلَّى اللهُ عليه وسلَّمَ: ورأتْ أمِّي حينَ حمَلتْ بي أنَّه خرَج منها نورٌ أضاءَ لها ",
    "level": 1,
    "link": "https://cutt.us/lzeK4\n",
    "section": "sirah",
    "answers": [
      {
        "answer": "قصورَ الشامِ",
        "t": 1
      },
      {
        "answer": "بيتَ المقدسِ",
        "t": 0
      },
      {
        "answer": "المسجدَ الحرامَ",
        "t": 0
      }
    ]
  },
  {
    "id": 2945,
    "q": " دُفِنَ النبيُّ صلَّى اللهُ عليه وسلَّم في:",
    "level": 1,
    "link": "https://cutt.us/Nmr1P\n",
    "section": "sirah",
    "answers": [
      {
        "answer": "البَقيعِ مع أصحابه رضي الله عنهم",
        "t": 0
      },
      {
        "answer": "مكَّةَ مكان مولده صلَّى اللهُ عليه وسلَّم",
        "t": 0
      },
      {
        "answer": "مكانِ موتِه بحُجرةِ عائشةَ رَضيَ اللهُ عنها",
        "t": 1
      }
    ]
  },
  {
    "id": 2933,
    "q": "لمَّا حكَمَ على  يهودِ بَني قُرَيظةَ قال له النبيُّ صلَّى اللهُ عليه وسلَّمَ: قَضيْتَ بحُكمِ اللهِ  تعالى",
    "level": 1,
    "link": "https://cutt.us/yX8NU\n",
    "section": "sirah",
    "answers": [
      {
        "answer": "عُبادةُ بنُ الصامِتِ",
        "t": 0
      },
      {
        "answer": "سعدُ بنُ مُعاذٍ ",
        "t": 1
      },
      {
        "answer": "أبو بكرٍ الصدِّيقُ",
        "t": 0
      }
    ]
  },
  {
    "id": 2938,
    "q": " أكبرُ بنتٍ لرسولِ اللهِ صلَّى اللهُ عليه وسلَّم:",
    "level": 1,
    "link": "https://cutt.us/WUYMp\n",
    "section": "sirah",
    "answers": [
      {
        "answer": "زينبُ",
        "t": 1
      },
      {
        "answer": "فاطمةُ",
        "t": 0
      },
      {
        "answer": "أمُّ كُلثومٍ",
        "t": 0
      }
    ]
  },
  {
    "id": 2939,
    "q": "بعَث رسولُ اللهِ صلَّى اللهُ عليه وسلَّم في غزوةِ مُؤتةَ ثلاثةَ آلافِ مُقاتلٍ، فلمَّا بلَغوا مَعانَ من أرضِ الشامِ، أتاهم الخبرُ: أنَّ هِرقلَ ملكَ الرُّومِ معَه ",
    "level": 1,
    "link": "https://cutt.us/0c4sy\n",
    "section": "sirah",
    "answers": [
      {
        "answer": "عِشرون ألفًا منَ الرومِ، وعِشرون ألفًا أُخرى من يهودِ المدينةِ",
        "t": 0
      },
      {
        "answer": "مائةُ ألفٍ منَ الرومِ، ومائةُ ألفٍ أُخرى من نَصارى أهلِ الشامِ",
        "t": 1
      },
      {
        "answer": "عَشَرةُ آلافٍ منَ الرُّومِ، وعَشَرةُ آلافٍ أُخرى من مُشْركي العربِ",
        "t": 0
      }
    ]
  },
  {
    "id": 2936,
    "q": "كتَب رسولُ اللهِ صلَّى اللهُ عليه وسلَّم إلى الملوكِ يَدْعوهم إلى الإسْلامِ ",
    "level": 1,
    "link": "https://cutt.us/BsGMv\n",
    "section": "sirah",
    "answers": [
      {
        "answer": "بعدَ فَتحِ مكَّةَ",
        "t": 0
      },
      {
        "answer": "أثناءَ غَزوةِ الخَندقِ",
        "t": 0
      },
      {
        "answer": "بعدَ رُجوعِه منَ الحُدَيبيَةِ ",
        "t": 1
      }
    ]
  },
  {
    "id": 2934,
    "q": "زوجُ زينبَ بنتِ رسولِ اللهِ صلَّى اللهُ عليه وسلَّم، وأُمُّه هالةُ بنتُ خوَيلدٍ أختُ خديجةَ رَضيَ اللهُ عنها",
    "level": 1,
    "link": "https://cutt.us/gN3OV\n",
    "section": "sirah",
    "answers": [
      {
        "answer": "أبو العاصِ بنُ الربيعِ",
        "t": 1
      },
      {
        "answer": "عليُّ بنُ أبي طالبٍ",
        "t": 0
      },
      {
        "answer": "عثمانُ بنُ عفَّانَ",
        "t": 0
      }
    ]
  },
  {
    "id": 2941,
    "q": "أمرَه الرَّسولُ صلَّى اللهُ عليه وسلَّم يومَ حُنَينٍ أنْ يُناديَ الناسَ بالثباتِ حينَ حَمِيَ الوَطيسُ",
    "level": 1,
    "link": "https://cutt.us/oUGUh\n",
    "section": "sirah",
    "answers": [
      {
        "answer": "بلالُ بنُ رَباحٍ",
        "t": 0
      },
      {
        "answer": "أبو بكرٍ الصديقُ",
        "t": 0
      },
      {
        "answer": "العباسُ بنُ عبدِ المطَّلِبِ",
        "t": 1
      }
    ]
  }
]