[
  {
    "id": 2954,
    "q": "دفَع إليه النبيُّ صلَّى اللهُ عليه وسلَّم  بعصًا، وقال له: \"تخصَّرْ بها في الجنَّةِ؛ فإنَّ المتخَصِّرينَ في الجنَّةِ قليلٌ\" ",
    "level": 2,
    "link": "https://cutt.us/bMnKn\n",
    "section": "sirah",
    "answers": [
      {
        "answer": "عبدُ اللهِ بنُ أُنَيسٍ",
        "t": 1
      },
      {
        "answer": "أبو ثَعْلبةَ الخُشَنيُّ",
        "t": 0
      },
      {
        "answer": "جابرُ بنُ عبدِ اللهِ ",
        "t": 0
      }
    ]
  },
  {
    "id": 2956,
    "q": "كانت من بَينِ السبيِ فأسلَمَت وتزوَّجَها النبيُّ صلَّى اللهُ عليه وسلَّم، وأعتَقَ بتَزْويجِه إيَّاها مائةَ أهلِ بيتٍ من بَني المُصطَلِقِ، فكانت من أعظَمِ الناسِ بَرَكةً على قومِها",
    "level": 2,
    "link": "https://cutt.us/wBUGK\n",
    "section": "sirah",
    "answers": [
      {
        "answer": "صفيةُ بنتُ حُيَيٍّ ",
        "t": 0
      },
      {
        "answer": "جُوَيْريَةُ بنتُ الحارِثِ ",
        "t": 1
      },
      {
        "answer": "أمُّ سَلَمةَ ",
        "t": 0
      }
    ]
  },
  {
    "id": 2965,
    "q": "كان من أبرَزِ نتائجِ فتحِ مكَّةَ أنْ أخذَتْ قبائلُ العربِ وأفرادُها يُبادِرونَ بإسْلامِهم، وكان هذا العامُ يُسمَّى ",
    "level": 2,
    "link": "https://cutt.us/XrSfq\n",
    "section": "sirah",
    "answers": [
      {
        "answer": "عامَ النصرِ",
        "t": 0
      },
      {
        "answer": "عامَ الوُفودِ ",
        "t": 1
      },
      {
        "answer": "عامَ الحزنِ",
        "t": 0
      }
    ]
  },
  {
    "id": 2949,
    "q": "لَبِث بنو هاشمٍ في شِعبِ أبي طالبٍ",
    "level": 2,
    "link": "https://cutt.us/otd7H\n",
    "section": "sirah",
    "answers": [
      {
        "answer": "تِسعَ سِنينَ",
        "t": 0
      },
      {
        "answer": "ثلاثَ سِنينَ",
        "t": 1
      },
      {
        "answer": "سَبعَ سِنينَ",
        "t": 0
      }
    ]
  },
  {
    "id": 2955,
    "q": "انتَهَت غزوةُ بَني النَّضيرِ بـ",
    "level": 2,
    "link": "https://cutt.us/c9kaC\n",
    "section": "sirah",
    "answers": [
      {
        "answer": "بهزيمةِ المسلِمينَ",
        "t": 0
      },
      {
        "answer": "ببقاءِ اليهودِ ودَفعِ الجِزيةِ",
        "t": 0
      },
      {
        "answer": "بإجْلاءِ بَني النضيرِ من المدينةِ",
        "t": 1
      }
    ]
  },
  {
    "id": 2961,
    "q": "أسلَمَ خالدُ بنُ الوليدِ، وعثمانُ بنُ طَلحةَ، وعَمرُو بنُ العاصِ بعدَ ",
    "level": 2,
    "link": "https://cutt.us/a1k0m\n",
    "section": "sirah",
    "answers": [
      {
        "answer": " غزوةِ أُحدٍ",
        "t": 0
      },
      {
        "answer": "صُلحِ الحُدَيبيَةِ",
        "t": 1
      },
      {
        "answer": "فتحِ مكةَ",
        "t": 0
      }
    ]
  },
  {
    "id": 2950,
    "q": "قال جِبريلُ للنبيِّ صلَّى اللهُ عليه وسلَّم في شأنِها: فإذا أتتْكَ فاقْرأْ عليها السلامَ من ربِّها ومنِّي، وبشِّرْها ببيتٍ في الجنةِ من قصبٍ لا صَخَبَ فيه ولا نَصَبَ. ",
    "level": 2,
    "link": "https://cutt.us/YCa1T\n",
    "section": "sirah",
    "answers": [
      {
        "answer": "خديجةُ بنتُ خوَيلدٍ",
        "t": 1
      },
      {
        "answer": "عائشةُ بنتُ أبي بكرٍ",
        "t": 0
      },
      {
        "answer": "سَوْدةُ بنتُ زَمْعةَ",
        "t": 0
      }
    ]
  },
  {
    "id": 2951,
    "q": "رحَل إلى رسولِ اللهِ صلَّى اللهُ عليه وسلَّم من يَثربَ في بيعةِ العَقَبةِ الثانيةِ:",
    "level": 2,
    "link": "https://cutt.us/EfU1u\n",
    "section": "sirah",
    "answers": [
      {
        "answer": "سبعونَ رَجلًا",
        "t": 1
      },
      {
        "answer": "أربعونَ رَجلًا",
        "t": 0
      },
      {
        "answer": "خمسونَ رَجلًا",
        "t": 0
      }
    ]
  },
  {
    "id": 2958,
    "q": "قبلَ غَزوةِ الخَندقِ قام النبيُّ صلَّى اللهُ عليه وسلَّم وأصحابُه رَضيَ اللهُ عنهم بحَفرِ خَندقٍ في المِنطقةِ المكشوفةِ أمامَ الغُزاةِ، واستغرَقَ حفرُ الخندقِ  قريبًا من ",
    "level": 2,
    "link": "https://cutt.us/LvpI7\n",
    "section": "sirah",
    "answers": [
      {
        "answer": "عشرينَ ليلةً",
        "t": 1
      },
      {
        "answer": "أربعينَ ليلةً",
        "t": 0
      },
      {
        "answer": "خَمسينَ ليلةً",
        "t": 0
      }
    ]
  },
  {
    "id": 2953,
    "q": "الغزوةُ التي قال المسلمونَ حينَ رجَع بهم رسولُ اللهِ صلَّى اللهُ عليه وسلَّم  منها: يا رسولَ اللهِ، أتطمَعُ لنا أنْ تكونَ غزوةً؟ قال: \"نعمْ\".",
    "level": 2,
    "link": "https://cutt.us/w3Q8u\n",
    "section": "sirah",
    "answers": [
      {
        "answer": "غزوةُ بنو قَينُقاعَ",
        "t": 0
      },
      {
        "answer": "غزوة السَّويقِ",
        "t": 1
      },
      {
        "answer": "غزوةُ حَمراءِ الأسدِ",
        "t": 0
      }
    ]
  },
  {
    "id": 2962,
    "q": "في غَزوةِ ذاتِ السلاسلِ دَعاه النبيُّ صلَّى اللهُ عليه وسلَّم، فعقَدَ له لواءً أبيضَ، وبعَثه في ثلاثِمئةٍ من سَراةِ المُهاجِرين والأنصارِ",
    "level": 2,
    "link": "https://cutt.us/ElXoL\n",
    "section": "sirah",
    "answers": [
      {
        "answer": "سعدُ بنُ مُعاذٍ",
        "t": 0
      },
      {
        "answer": "عمرُو بنُ العاصِ ",
        "t": 1
      },
      {
        "answer": "عليُّ بنُ أبي طالبٍ",
        "t": 0
      }
    ]
  },
  {
    "id": 2948,
    "q": "وقَع حِلفُ الفُضولِ في الشهرِ الحرامِ, وتَداعتْ إليه قبائلُ من قُريشٍ فاجتَمَعوا في دارِ ",
    "level": 2,
    "link": "https://cutt.us/S7Q8y\n",
    "section": "sirah",
    "answers": [
      {
        "answer": "عبدِ اللهِ بنِ جُدْعانَ التيميِّ",
        "t": 1
      },
      {
        "answer": "الفضلِ بنِ وَداعةَ",
        "t": 0
      },
      {
        "answer": "العاصِ بنِ وائلٍ السَّهْميِّ",
        "t": 0
      }
    ]
  },
  {
    "id": 2946,
    "q": "كان يوضَعُ لعبدِ المطَّلِبِ فِراشٌ في ظِلِّ الكعبةِ لا يجلِسُ عليه أحدٌ من بنيه إجْلالًا له، فكان رسولُ اللهِ صلَّى اللهُ عليه وسلَّم يأْتي حتى يجلِسَ عليه؛ فيأخُذُه أعمامُه ليؤخِّروه، فيقولُ لهم عبدُ المطَّلِبِ:",
    "level": 2,
    "link": "https://cutt.us/h398H\n",
    "section": "sirah",
    "answers": [
      {
        "answer": "دَعوا ابْني؛ فواللهِ إنَّ له لَشأنًا!",
        "t": 1
      },
      {
        "answer": "خُذوه يلعبُ معَ الغِلمانِ",
        "t": 0
      },
      {
        "answer": "أخِّروه عنِّي حتى لا يَغارَ إخوتُه",
        "t": 0
      }
    ]
  },
  {
    "id": 2952,
    "q": "قدِم النبيُّ صلَّى اللهُ عليه وسلَّم المدينةَ فنزَلَ أعْلى المدينةِ في حيِّ",
    "level": 2,
    "link": "https://cutt.us/r2zzP\n",
    "section": "sirah",
    "answers": [
      {
        "answer": "بَني فَزارةَ",
        "t": 0
      },
      {
        "answer": "بَني زُهرةَ",
        "t": 0
      },
      {
        "answer": "بَني عمرِو بنِ عَوفٍ",
        "t": 1
      }
    ]
  },
  {
    "id": 2947,
    "q": "سافَرَ رسولُ اللهِ صلَّى اللهُ عليه وسلَّم معَ عمِّه أبي طالبٍ إلى الشَّامِ للتجارةِ وكان عُمْرُه ",
    "level": 2,
    "link": "https://cutt.us/YomOr\n",
    "section": "sirah",
    "answers": [
      {
        "answer": "خمسَ عَشْرةَ سنةً",
        "t": 0
      },
      {
        "answer": "سبعَ عَشْرةَ سنةً",
        "t": 0
      },
      {
        "answer": "اثْنَتَي عَشْرةَ سنةً",
        "t": 1
      }
    ]
  },
  {
    "id": 2960,
    "q": " تَزوَّجَ عليُّ بنُ أبي طالبٍ بعدَ فاطمةَ من ",
    "level": 2,
    "link": "https://cutt.us/nbHRy\n",
    "section": "sirah",
    "answers": [
      {
        "answer": " تُماضِرَ بنتِ الأصبَغِ",
        "t": 0
      },
      {
        "answer": "أُمامةَ بنتِ العاصِ بنِ الربيعِ",
        "t": 1
      },
      {
        "answer": "هندَ بنتِ عُتْبةَ",
        "t": 0
      }
    ]
  },
  {
    "id": 2959,
    "q": "كان سببُ غَزوةِ بَني قُرَيظةَ نَقْضَ اليهودِ العَهدَ الذي بينَهم وبينَ النبيِّ صلَّى اللهُ عليه وسلَّم بتحريضٍ من ",
    "level": 2,
    "link": "https://cutt.us/OOotL\n",
    "section": "sirah",
    "answers": [
      {
        "answer": "حُيَيِّ بنِ أخطَبَ ",
        "t": 1
      },
      {
        "answer": "صَفْوانَ بنِ المُعطَّلِ",
        "t": 0
      },
      {
        "answer": "سُفيانَ بنِ حربٍ",
        "t": 0
      }
    ]
  },
  {
    "id": 2963,
    "q": "بعَث رسولُ اللهِ صلَّى اللهُ عليه وسلَّم عمرَو بنَ العاصِ ليَهدِمَ وثَنًا مَنصوبًا تَعبُدُه هُذَيلٌ وتُعظِّمُه وهو",
    "level": 2,
    "link": "https://cutt.us/NdhUN\n",
    "section": "sirah",
    "answers": [
      {
        "answer": "هُبَلُ",
        "t": 0
      },
      {
        "answer": "سُواعٌ",
        "t": 1
      },
      {
        "answer": "اللَّاتُ",
        "t": 0
      }
    ]
  },
  {
    "id": 2964,
    "q": "اسمُ النجاشيِّ الذي قال فيه النبيُّ صلَّى اللهُ عليه وسلَّم حينَ مات: «ماتَ اليومَ رجلٌ صالحٌ، فقوموا فصَلُّوا على أخيكم...»",
    "level": 2,
    "link": "https://cutt.us/66GT3\n",
    "section": "sirah",
    "answers": [
      {
        "answer": "أَصْحَمةُ بنُ أبجَرَ",
        "t": 1
      },
      {
        "answer": "مِسطَحُ بنُ أُثاثةَ",
        "t": 0
      },
      {
        "answer": "ثُمامةُ بنُ أُثالٍ",
        "t": 0
      }
    ]
  },
  {
    "id": 2957,
    "q": "أثناءَ الرجوعِ من هذه الغَزوةِ تكلَّمَ أهلُ الإفْكِ بما تكَلَّموا به في حقِّ أمِّ المؤمنينَ عائشةَ رَضيَ اللهُ عنها، الصدِّيقةِ بنتِ الصدِّيقِ المُبَرَّأةِ من فوقِ سبعِ سمواتٍ",
    "level": 2,
    "link": "https://cutt.us/wBUGK\n",
    "section": "sirah",
    "answers": [
      {
        "answer": "غزوةُ  بَني المُصطَلِقِ",
        "t": 1
      },
      {
        "answer": "غزوةُ أُحدٍ",
        "t": 0
      },
      {
        "answer": "غزوةُ الخندقِ",
        "t": 0
      }
    ]
  }
]