[
  {
    "id": 2979,
    "q": "كانت غَزوةُ بدرٍ الموعِدِ (بَدر الثانية) في السنةِ",
    "level": 3,
    "link": "https://cutt.us/niria\n",
    "section": "sirah",
    "answers": [
      {
        "answer": " الرَّابعةِ من الهِجرةِ",
        "t": 1
      },
      {
        "answer": "الثَّالثةِ للهِجرةِ",
        "t": 0
      },
      {
        "answer": "السَّابعةِ من الهِجرةِ",
        "t": 0
      }
    ]
  },
  {
    "id": 2984,
    "q": "انطلَق عبدُ الرحمنِ بنُ عَوفٍ رَضيَ اللهُ عنه في سريَّةٍ إلى  دُومةِ الجندَلِ فأسلَموا فتزوَّجَ ابنةَ مَلِكِهم وهي:",
    "level": 3,
    "link": "https://cutt.us/OOmMt\n",
    "section": "sirah",
    "answers": [
      {
        "answer": "أسماءُ بنتُ عُمَيسٍ",
        "t": 0
      },
      {
        "answer": "الخَنساءُ",
        "t": 0
      },
      {
        "answer": " تُماضِرُ بنتُ الأصبَغِ",
        "t": 1
      }
    ]
  },
  {
    "id": 2977,
    "q": "صلَّى رسولُ اللهِ صلَّى اللهُ عليه وسلَّم بأصْحابِه صلاةَ الخَوفِ في:",
    "level": 3,
    "link": "https://cutt.us/RIQX8\n",
    "section": "sirah",
    "answers": [
      {
        "answer": "غَزوةِ الخَندقِ",
        "t": 0
      },
      {
        "answer": "غَزوةِ ذاتِ الرِّقاعِ",
        "t": 1
      },
      {
        "answer": "غَزوةِ حَمْراءِ الأسَدِ",
        "t": 0
      }
    ]
  },
  {
    "id": 2973,
    "q": "قيلَ لزَيدِ بنِ أرْقَمَ: \"كم غَزا النبيُّ صلَّى اللهُ عليه وسلَّم من غزوةٍ؟ فقال:",
    "level": 3,
    "link": "https://cutt.us/MJJM1\n",
    "section": "sirah",
    "answers": [
      {
        "answer": "أربعَ عَشْرةَ",
        "t": 0
      },
      {
        "answer": "اثْنتا عَشْرةَ",
        "t": 0
      },
      {
        "answer": "تِسعَ عَشْرةَ",
        "t": 1
      }
    ]
  },
  {
    "id": 2983,
    "q": "خرَج مُتنكِّرًا لاغْتيالِ النبيِّ صلَّى اللهُ عليه وسلَّم بأمرِ مُسيلِمةَ الكذَّابِ",
    "level": 3,
    "link": "https://cutt.us/QAz7i\n",
    "section": "sirah",
    "answers": [
      {
        "answer": "وَحْشيُّ بنُ حربٍ",
        "t": 0
      },
      {
        "answer": " ثُمامةُ بنُ أُثالٍ الحَنَفيُّ",
        "t": 1
      },
      {
        "answer": "مالكُ بنُ عَوفٍ النَّضْريُّ",
        "t": 0
      }
    ]
  },
  {
    "id": 2985,
    "q": "في عُمرةِ القَضاءِ تزوَّجَ النبيُّ صلَّى اللهُ عليه وسلَّم من",
    "level": 3,
    "link": "https://cutt.us/pW2zE\n",
    "section": "sirah",
    "answers": [
      {
        "answer": "سَوْدةَ بنتِ زَمْعةَ",
        "t": 0
      },
      {
        "answer": "زينبَ بنتِ جَحشٍ",
        "t": 0
      },
      {
        "answer": "ميمونةَ بنتِ الحارِثِ ",
        "t": 1
      }
    ]
  },
  {
    "id": 2971,
    "q": "أقرَبُ الناسِ شَبهًا بعِيسَى ابنِ مريمَ عَليهِ السَّلامُ",
    "level": 3,
    "link": "https://cutt.us/TwTvi\n",
    "section": "sirah",
    "answers": [
      {
        "answer": "عُروةُ بنُ مسعودٍ الثَّقَفيُّ",
        "t": 1
      },
      {
        "answer": "عمَّارُ بنُ ياسرٍ",
        "t": 0
      },
      {
        "answer": "أبو عُبَيدةَ بنُ الجرَّاحِ",
        "t": 0
      }
    ]
  },
  {
    "id": 2980,
    "q": "نزَلَت آياتٌ تُبرِّئُ عائشةَ رَضيَ اللهُ عنها الطاهرةَ المطهَّرةَ ممَّا افْتَراه المُفتَرون في  ",
    "level": 3,
    "link": "https://cutt.us/rerNG\n",
    "section": "sirah",
    "answers": [
      {
        "answer": "سورةِ النساءِ",
        "t": 0
      },
      {
        "answer": "سورةِ الأحزابِ",
        "t": 0
      },
      {
        "answer": "سورةِ النورِ",
        "t": 1
      }
    ]
  },
  {
    "id": 2967,
    "q": " أسلَمَ حمزةُ بنُ عبدِ المطَّلِبِ رَضيَ اللهُ عنه",
    "level": 3,
    "link": "https://cutt.us/4WkB8\n",
    "section": "sirah",
    "answers": [
      {
        "answer": "في أواخِرِ السنةِ التاسعةِ منَ النُّبُوةِ",
        "t": 0
      },
      {
        "answer": "في أواخِرِ السنةِ السادسةِ منَ النُّبُوةِ",
        "t": 1
      },
      {
        "answer": "في أوائلِ السنةِ الرابعةِ منَ النُّبُوَّةِ",
        "t": 0
      }
    ]
  },
  {
    "id": 2982,
    "q": "خرَج رسولُ اللهِ صلَّى اللهُ عليه وسلَّم في غَزوةِ دُومةِ الجندَلِ ومعَه  ",
    "level": 3,
    "link": "https://cutt.us/jrlum\n",
    "section": "sirah",
    "answers": [
      {
        "answer": "ثلاثةُ آلافٍ من المسلمينَ",
        "t": 0
      },
      {
        "answer": "ألفٌ منَ المسلِمينَ",
        "t": 1
      },
      {
        "answer": "عَشَرةُ آلافٍ من المسلِمينَ",
        "t": 0
      }
    ]
  },
  {
    "id": 2968,
    "q": "تُوُفِّيَت أمُّ المؤمنينَ خَديجةُ بنتُ خوَيلدٍ رَضيَ اللهُ عنها: ",
    "level": 3,
    "link": "https://cutt.us/YCa1T\n",
    "section": "sirah",
    "answers": [
      {
        "answer": "في مكةَ ودُفِنَت بالحَجونِ",
        "t": 1
      },
      {
        "answer": "في الحجِّ ودُفِنَت بمكةَ",
        "t": 0
      },
      {
        "answer": "في المدينةِ ودُفِنَت بالبقيعِ",
        "t": 0
      }
    ]
  },
  {
    "id": 2972,
    "q": "نزَلَت (سورةُ الأحزابِ) في",
    "level": 3,
    "link": "https://cutt.us/TCatb\n",
    "section": "sirah",
    "answers": [
      {
        "answer": "بَني قَيْنُقاعَ",
        "t": 0
      },
      {
        "answer": "بَني قُرَيظةَ",
        "t": 1
      },
      {
        "answer": "بَني النَّضيرِ",
        "t": 0
      }
    ]
  },
  {
    "id": 2978,
    "q": " الصَّحابيُّ الذي قاد سريَّةً إلى طيِّئٍ وأسَدٍ بنجدٍ، فتفَرَّقوا في الجبالِ دونَ أن يقَعَ قتالٌ",
    "level": 3,
    "link": "https://cutt.us/Du7kM\n",
    "section": "sirah",
    "answers": [
      {
        "answer": "خالدُ بنُ الوليدِ",
        "t": 0
      },
      {
        "answer": "أبو عُبَيدةَ بنُ الجرَّاحِ",
        "t": 1
      },
      {
        "answer": "أسامةُ بنُ زيدٍ",
        "t": 0
      }
    ]
  },
  {
    "id": 2981,
    "q": "في غزوةِ دُومةِ الجَندلِ استخلَفَ النبيُّ صلَّى اللهُ عليه وسلَّم على المدينةِ ",
    "level": 3,
    "link": "https://cutt.us/jrlum\n",
    "section": "sirah",
    "answers": [
      {
        "answer": "عثمانَ بنَ مظعونٍ",
        "t": 0
      },
      {
        "answer": " سِباعَ بنَ عَرْفطةَ الغِفاريَّ",
        "t": 1
      },
      {
        "answer": "أبا ذرٍّ الغِفاريَّ",
        "t": 0
      }
    ]
  },
  {
    "id": 2976,
    "q": "الذي قتَل مُسَيلِمةَ  الكذَّابَ",
    "level": 3,
    "link": "https://cutt.us/fIHwT\n",
    "section": "sirah",
    "answers": [
      {
        "answer": "وَحشيُّ بنُ حربٍ",
        "t": 1
      },
      {
        "answer": "حَمزةُ بنُ عبدِ المطَّلِبِ",
        "t": 0
      },
      {
        "answer": "مُعاويةُ بنُ أبي سُفيانَ ",
        "t": 0
      }
    ]
  },
  {
    "id": 2966,
    "q": "كانتِ الهجرةُ الأُولى إلى الحَبَشةِ  ",
    "level": 3,
    "link": "https://cutt.us/K5eYU\n",
    "section": "sirah",
    "answers": [
      {
        "answer": "في السنةِ الخامسةِ منَ البَعثةِ النبويةِ",
        "t": 1
      },
      {
        "answer": "في السنةِ السابعةِ منَ البَعثةِ النبويةِ",
        "t": 0
      },
      {
        "answer": "في السنةِ التاسعةِ منَ البَعثةِ النبويةِ",
        "t": 0
      }
    ]
  },
  {
    "id": 2975,
    "q": "أمَّر رسولُ اللهِ صلَّى اللهُ عليه وسلَّم على الرُّماةِ في غَزوةِ أُحدٍ",
    "level": 3,
    "link": "https://cutt.us/K1JQl\n",
    "section": "sirah",
    "answers": [
      {
        "answer": "عبدَ اللهِ بنَ جُبَيرٍ",
        "t": 1
      },
      {
        "answer": "عليَّ بنَ أبي طالبٍ",
        "t": 0
      },
      {
        "answer": "عمَّارَ بنَ ياسرٍ",
        "t": 0
      }
    ]
  },
  {
    "id": 2969,
    "q": "لَمَّا انصرَفَ النبيُّ صلَّى اللهُ عليه وسلَّم منَ الطائفِ راجعًا إلى مكةَ، فمرَّ به النَّفَرُ من الجنِّ الذين ذكَرهمُ اللهُ تعالى، وكانوا",
    "level": 3,
    "link": "https://cutt.us/Plg96\n",
    "section": "sirah",
    "answers": [
      {
        "answer": "تسعةَ نفرٍ",
        "t": 0
      },
      {
        "answer": "خمسةَ نفرٍ",
        "t": 0
      },
      {
        "answer": "سبعةَ نفرٍ",
        "t": 1
      }
    ]
  },
  {
    "id": 2974,
    "q": "في غَزوةِ الفُروع غَزا رسولُ اللهِ صلَّى اللهُ عليه وسلَّم يُريدُ قريشًا، واستعمَلَ على المدينةِ ",
    "level": 3,
    "link": "https://cutt.us/CZmd\n",
    "section": "sirah",
    "answers": [
      {
        "answer": "عُثمانَ بنَ عفَّانَ رَضيَ اللهُ عنه",
        "t": 0
      },
      {
        "answer": "عبدَ اللهِ بنَ أمِّ مَكتومٍ رَضيَ اللهُ عنه",
        "t": 1
      },
      {
        "answer": "أبا عُبَيدةَ بنَ الجرَّاحِ رَضيَ اللهُ عنه",
        "t": 0
      }
    ]
  },
  {
    "id": 2970,
    "q": "لمَّا أرادَ النبيُّ صلَّى اللهُ عليه وسلَّم طلاقَها صالحَتْه بأنْ وهَبَت نَوبتَها لعائشةَ رَضيَ اللهُ عنها، فأمسَكَها",
    "level": 3,
    "link": "https://cutt.us/KMyAV\n",
    "section": "sirah",
    "answers": [
      {
        "answer": "زينبُ بنتُ جَحشٍ رَضيَ اللهُ عنها",
        "t": 0
      },
      {
        "answer": "سَوْدةُ بنتُ زَمْعةَ رَضيَ اللهُ عنها",
        "t": 1
      },
      {
        "answer": "حفصةُ بنتُ عُمرَ رَضيَ اللهُ عنها",
        "t": 0
      }
    ]
  }
]