[
  {
    "id": 6470,
    "q": "مِن الأَخطاءِ الشَّائِعَةِ، قولهم: \"أخصَّائي\" والصَّواب:",
    "level": 1,
    "link": "https://dorar.net/arabia/2721",
    "section": "al-imla",
    "answers": [
      {
        "answer": "مَخصُوصٌ/ مُخلِصٌ/مُخَلِّصٌ",
        "t": 0
      },
      {
        "answer": "إِخْصاصِيٌّ/إِخْلَاصِيٌّ",
        "t": 0
      },
      {
        "answer": "اختِصاصيٌّ/ مختَصٌّ/ مُتخصِّص",
        "t": 1
      }
    ]
  },
  {
    "id": 6464,
    "q": "الشَّرطةُ المائِلةُ ( / ) تستعمل: ",
    "level": 1,
    "link": "https://dorar.net/arabia/2700",
    "section": "al-imla",
    "answers": [
      {
        "answer": "بين الكَلِماتِ المُتَشابِهَة",
        "t": 0
      },
      {
        "answer": "في الأَبياتِ الشِّعرِيَّة",
        "t": 0
      },
      {
        "answer": "بين أَرقامِ التَّاريخِ",
        "t": 1
      }
    ]
  },
  {
    "id": 6479,
    "q": "مِن الأَخطاءِ الشَّائِعَة: كِتابة: \" إنْشاء اللهُ\" والصَّوابُ:",
    "level": 1,
    "link": "https://dorar.net/arabia/2709",
    "section": "al-imla",
    "answers": [
      {
        "answer": "إنْ شَأَ اللهُ",
        "t": 0
      },
      {
        "answer": "إنْ شاءَ اللهُ",
        "t": 1
      },
      {
        "answer": "أنْشاءَ اللهُ",
        "t": 0
      }
    ]
  },
  {
    "id": 6481,
    "q": "تُكتَبُ التاءُ مربوطةً (ة) في نهايةِ:",
    "level": 1,
    "link": "https://dorar.net/arabia/2626",
    "section": "al-imla",
    "answers": [
      {
        "answer": "الاسمِ الثُّلاثِي",
        "t": 0
      },
      {
        "answer": "الاسمِ المَنقُوصِ",
        "t": 0
      },
      {
        "answer": "الاسمِ المؤنَّثِ",
        "t": 1
      }
    ]
  },
  {
    "id": 6482,
    "q": "إذا جاء قبْلَ الهمزةِ المفتوحةِ ألِفٌ، فتُكتَبُ على السَّطرِ، مِثلُ: ",
    "level": 1,
    "link": "https://dorar.net/arabia/2605",
    "section": "al-imla",
    "answers": [
      {
        "answer": "شاطِئ",
        "t": 0
      },
      {
        "answer": "مَسائِل",
        "t": 0
      },
      {
        "answer": "تَساءَل",
        "t": 1
      }
    ]
  },
  {
    "id": 6477,
    "q": "مِن فوائِدِ عَلاماتِ الترقيمِ:",
    "level": 1,
    "link": "https://dorar.net/arabia/2669",
    "section": "al-imla",
    "answers": [
      {
        "answer": "القِراءةُ الصَّحيحةُ للنُّصوصِ وفَهْمُها",
        "t": 1
      },
      {
        "answer": "رَبطُ المَعانِي المُتشابِهَة بَعضُها ببَعضٍ",
        "t": 0
      },
      {
        "answer": "مَعرِفةُ الأَوزانِ الصَّرفيَّةِ للكَلماتِ",
        "t": 0
      }
    ]
  },
  {
    "id": 6484,
    "q": "تُرسَم الألفُ في وسَطِ الكَلِمة ألفًا طويلةً «ا» مثل:",
    "level": 1,
    "link": "https://dorar.net/arabia/2612",
    "section": "al-imla",
    "answers": [
      {
        "answer": "قام",
        "t": 1
      },
      {
        "answer": "مَرْفَأ",
        "t": 0
      },
      {
        "answer": "أَضحَى",
        "t": 0
      }
    ]
  },
  {
    "id": 6465,
    "q": " مِن الأَخطاءِ الشَّائعَةِ: قولهم: (على مَدارِ سَنَةٍ) والصَّوابُ:",
    "level": 1,
    "link": "https://dorar.net/arabia/2755",
    "section": "al-imla",
    "answers": [
      {
        "answer": "على استِمرارِ سَنَةٍ",
        "t": 0
      },
      {
        "answer": "على مَدَى سَنَةٍ",
        "t": 1
      },
      {
        "answer": "على مِدادِ سَنَةٍ",
        "t": 0
      }
    ]
  },
  {
    "id": 6468,
    "q": "الفَرقُ بين كَلِمتي (الرُّؤيَة) و (الرُّؤيا):",
    "level": 1,
    "link": "https://dorar.net/arabia/2727",
    "section": "al-imla",
    "answers": [
      {
        "answer": "لا يُوجَد بينهُما فَرقٌ",
        "t": 0
      },
      {
        "answer": "الرُّؤيَة نَهارِيَّة، والرُّؤيَا لَيلِيَّة",
        "t": 0
      },
      {
        "answer": "الرُّؤيَة تكونُ بالعَيْنِ، والرُّؤيا تكونُ في المَنامِ",
        "t": 1
      }
    ]
  },
  {
    "id": 6476,
    "q": "تُرسَم الهَمزةُ على الأَلِف إذا كانت مَفتُوحةً وما قبلَها مَفتوحٌ أو ساكِنٌ مثل:",
    "level": 1,
    "link": "https://dorar.net/arabia/2605",
    "section": "al-imla",
    "answers": [
      {
        "answer": "مؤمن، رؤية",
        "t": 0
      },
      {
        "answer": "سأل، يسأل",
        "t": 1
      },
      {
        "answer": "سؤال، مؤرخ",
        "t": 0
      }
    ]
  },
  {
    "id": 6462,
    "q": "تُزادُ الألِفُ خطًّا في وسَطِ الكَلِمة في كَلِمةِ: ",
    "level": 1,
    "link": "https://dorar.net/arabia/2635",
    "section": "al-imla",
    "answers": [
      {
        "answer": "مِثقال",
        "t": 0
      },
      {
        "answer": "فارُوق",
        "t": 0
      },
      {
        "answer": "مِائة",
        "t": 1
      }
    ]
  },
  {
    "id": 6471,
    "q": "مِن الأَخطاءِ الشَّائِعَةِ، قولهم: \"لا يَنبَغِي عليك فِعْلُ كذا \" والصواب:",
    "level": 1,
    "link": "https://dorar.net/arabia/2711",
    "section": "al-imla",
    "answers": [
      {
        "answer": "لا يَنبَغِي لَك",
        "t": 1
      },
      {
        "answer": "لا يَنبَغِي مِنك",
        "t": 0
      },
      {
        "answer": "لا يَنبَغِي عَنك",
        "t": 0
      }
    ]
  },
  {
    "id": 6478,
    "q": "عَلامَةٌ تُوضَعُ في آخِرِ الجملةِ التي تُعبِّرُ عن الانفعالاتِ النَّفسيَّةِ مثل الفرَحِ، والحُزنِ، والدَّهْشةِ:",
    "level": 1,
    "link": "https://dorar.net/arabia/2686",
    "section": "al-imla",
    "answers": [
      {
        "answer": "عَلامَةُ الاستِفهامِ",
        "t": 0
      },
      {
        "answer": "علامةُ التعَجُّبِ",
        "t": 1
      },
      {
        "answer": "الفاصِلةُ المَنقُوطَة",
        "t": 0
      }
    ]
  },
  {
    "id": 6485,
    "q": "تُكتَبُ الهَمزَةُ مُفرَدةً على السَّطرِ إذا كان ما قبلها ساكنًا مثل",
    "level": 1,
    "link": "https://dorar.net/arabia/2607",
    "section": "al-imla",
    "answers": [
      {
        "answer": "دفء",
        "t": 1
      },
      {
        "answer": "برئ",
        "t": 0
      },
      {
        "answer": "نبأ",
        "t": 0
      }
    ]
  },
  {
    "id": 6467,
    "q": "كلمة «قُبَيْل» تصغيرُ لـ:",
    "level": 1,
    "link": "https://dorar.net/arabia/2749",
    "section": "al-imla",
    "answers": [
      {
        "answer": "قَابِيل",
        "t": 0
      },
      {
        "answer": "مُقابِل",
        "t": 0
      },
      {
        "answer": "قَبْل",
        "t": 1
      }
    ]
  },
  {
    "id": 6466,
    "q": " الضَّابطُ في النِّسبَةِ إلى اللُّغةِ تقول:",
    "level": 1,
    "link": "https://dorar.net/arabia/2753",
    "section": "al-imla",
    "answers": [
      {
        "answer": "لُغَوِيٌّ - بضَمِّ اللَّام",
        "t": 1
      },
      {
        "answer": "لَغَويٌّ - بفَتحِ اللَّامِ",
        "t": 0
      },
      {
        "answer": "لِغَويٌّ - بكَسرِ اللَّام",
        "t": 0
      }
    ]
  },
  {
    "id": 6463,
    "q": "الرَّسمُ العُثمانيُّ للقُرآنِ الكريمِ لا يُقاسُ عليه، بل يُكتَب كما هو، ويختَلِفُ عن:",
    "level": 1,
    "link": "https://dorar.net/arabia/2637",
    "section": "al-imla",
    "answers": [
      {
        "answer": "الرَّسمِ الإملائي",
        "t": 1
      },
      {
        "answer": "الرَّسمِ البَياني",
        "t": 0
      },
      {
        "answer": "الرَّسمِ الإِنشائِي",
        "t": 0
      }
    ]
  },
  {
    "id": 6469,
    "q": "مِن الأَخطاءِ الشَّائِعَةِ، قولهم: شَهر رَبيع الثَّاني، والصَّواب:",
    "level": 1,
    "link": "https://dorar.net/arabia/2727",
    "section": "al-imla",
    "answers": [
      {
        "answer": "ربيع الآخِر",
        "t": 1
      },
      {
        "answer": "رَبيع ثانٍ",
        "t": 0
      },
      {
        "answer": "رَبيع الهِجرِي",
        "t": 0
      }
    ]
  },
  {
    "id": 6480,
    "q": "الهمزةُ التي في أوَّلِ الكَلِمةِ تنقَسِمُ إلى نَوعَينِ: ",
    "level": 1,
    "link": "https://dorar.net/arabia/2587",
    "section": "al-imla",
    "answers": [
      {
        "answer": "هَمزةُ مَدٍّ، وهَمزةُ لِينٍ",
        "t": 0
      },
      {
        "answer": "هَمزةُ وَصلٍ، وهَمزةُ قَطعٍ",
        "t": 1
      },
      {
        "answer": "هَمزةُ جَهْرٍ، وهَمزَةُ غُنَّةٍ",
        "t": 0
      }
    ]
  },
  {
    "id": 6475,
    "q": "مِن أَمثِلَةِ هَمزةِ الوَصلِ في الأَسماءِ:",
    "level": 1,
    "link": "https://dorar.net/arabia/2592",
    "section": "al-imla",
    "answers": [
      {
        "answer": "أَحمَد، مَأرِب، أَسَد",
        "t": 0
      },
      {
        "answer": "ابن، اسم، امرَأَة",
        "t": 1
      },
      {
        "answer": "سَحاب، جِبال، سَماء",
        "t": 0
      }
    ]
  }
]