[
  {
    "id": 6448,
    "q": "ألِفُ الإطلاقِ التي تَلحَقُ آخِرَ البيتِ الشِّعريِّ:",
    "level": 3,
    "link": "https://dorar.net/arabia/2630",
    "section": "al-imla",
    "answers": [
      {
        "answer": "الوَتَدُ الشِّعرِي",
        "t": 0
      },
      {
        "answer": "بُحورُ الشِّعرِ العَربيِّ",
        "t": 0
      },
      {
        "answer": "إشباعُ حَرَكةِ الرَّوِيِّ (الفتحة)",
        "t": 1
      }
    ]
  },
  {
    "id": 6483,
    "q": "الضابِطُ في كَلِمةِ (حقبة) بمعنى المُدَّة، تُكتَبُ:",
    "level": 3,
    "link": "https://dorar.net/arabia/2719",
    "section": "al-imla",
    "answers": [
      {
        "answer": "حُقْبَة",
        "t": 0
      },
      {
        "answer": "حِقْبَة",
        "t": 1
      },
      {
        "answer": "حَقْبَة",
        "t": 0
      }
    ]
  },
  {
    "id": 6427,
    "q": "عَلامَةٌ تُكتَبُ بينَ العَدَدِ والمَعدودِ:",
    "level": 3,
    "link": "https://dorar.net/arabia/2688",
    "section": "al-imla",
    "answers": [
      {
        "answer": "الفاصِلةُ المنقوطةُ",
        "t": 0
      },
      {
        "answer": "الشَّرْطة",
        "t": 1
      },
      {
        "answer": "الفَوقِيَّتانِ",
        "t": 0
      }
    ]
  },
  {
    "id": 6444,
    "q": "همْزة كلمة \"البتَّة\"",
    "level": 3,
    "link": "https://dorar.net/arabia/2592",
    "section": "al-imla",
    "answers": [
      {
        "answer": "لا يَجوز فيها القطعُ",
        "t": 0
      },
      {
        "answer": "يَجوز فيها القطعُ والوصلُ",
        "t": 1
      },
      {
        "answer": "لا يجوز فيها الوصلُ",
        "t": 0
      }
    ]
  },
  {
    "id": 6453,
    "q": "قول \"فَازَ بأَحَدِ الجوائِزِ الكبيرةِ\" خطأ؛ والصَّوابُ:",
    "level": 3,
    "link": "https://dorar.net/arabia/2709",
    "section": "al-imla",
    "answers": [
      {
        "answer": "فَازَ بواحَدٍ مِن الجوائِزِ الكبيرةِ",
        "t": 0
      },
      {
        "answer": "فَازَ بآحادِ الجوائِزِ الكبيرةِ",
        "t": 0
      },
      {
        "answer": "فَازَ بإِحدَى الجوائِزِ الكبيرةِ",
        "t": 1
      }
    ]
  },
  {
    "id": 6450,
    "q": "تدُلَّانِ على سَكتةٍ قصيرةٍ، والغَرضُ منهما توضيحُ ما بَعْدَهما وتمييزُه عمَّا قَبْلَهما:",
    "level": 3,
    "link": "https://dorar.net/arabia/2676",
    "section": "al-imla",
    "answers": [
      {
        "answer": "الفَوقِيَّتانِ",
        "t": 1
      },
      {
        "answer": "عَلاماتُ التَّنصِيصِ",
        "t": 0
      },
      {
        "answer": "الاعتِرضِيَّتانِ",
        "t": 0
      }
    ]
  },
  {
    "id": 6430,
    "q": "(حسب - يحسب) بمعْنى عدَّ؛ تُكتَبُ:",
    "level": 3,
    "link": "https://dorar.net/arabia/2719",
    "section": "al-imla",
    "answers": [
      {
        "answer": "حَسَب يَحسُبُ",
        "t": 1
      },
      {
        "answer": "حَسِب يَحسِبُ",
        "t": 0
      },
      {
        "answer": "حَسُب يَحسَبُ",
        "t": 0
      }
    ]
  },
  {
    "id": 6426,
    "q": "الصَّوابُ في حَركَةِ الرَّاءِ في  (إربًا) في قول: \"قطَّعَ الحبْلَ إربًا إربًا\":",
    "level": 3,
    "link": "https://dorar.net/arabia/2709",
    "section": "al-imla",
    "answers": [
      {
        "answer": "كَسرِ الرَّاءِ",
        "t": 0
      },
      {
        "answer": "فَتحُ الرَّاءِ",
        "t": 0
      },
      {
        "answer": "تَسكِينُ الراءِ",
        "t": 1
      }
    ]
  },
  {
    "id": 6451,
    "q": "يُجمَعُ بين علامَتَيِ الاستفهامِ والتعَجُّبِ إذا كان الاستفهامُ",
    "level": 3,
    "link": "https://dorar.net/arabia/2702",
    "section": "al-imla",
    "answers": [
      {
        "answer": "لغَرَضٍ بلاغيٍّ",
        "t": 1
      },
      {
        "answer": "إِنشائِيًّا خَبريًّا",
        "t": 0
      },
      {
        "answer": "لمُطلقِ الجَمعِ",
        "t": 0
      }
    ]
  },
  {
    "id": 6445,
    "q": "تُثبَت ألِفُ الوصلِ في كَلِمةِ (ابن)",
    "level": 3,
    "link": "https://dorar.net/arabia/2596",
    "section": "al-imla",
    "answers": [
      {
        "answer": "إذا جاءَت (ابن) بعْد ما بُنِيَ لِمَا لم يُسَمَّ فاعِلُه",
        "t": 0
      },
      {
        "answer": "إذا كانت (ابن) خَبرًا عن العَلَم الذي قبلها",
        "t": 1
      },
      {
        "answer": "بين المعطوفِ والمعطوفِ عليه",
        "t": 0
      }
    ]
  },
  {
    "id": 6428,
    "q": "الصَّوابُ في كِتابَةِ كَلمةِ (بحبوحة):",
    "level": 3,
    "link": "https://dorar.net/arabia/2711",
    "section": "al-imla",
    "answers": [
      {
        "answer": "ضَمُّ الْبَاءَيْنِ",
        "t": 1
      },
      {
        "answer": "ضَمُّ الْبَاءِ الأولى، وفَتحُ الباءِ الثانِيَة",
        "t": 0
      },
      {
        "answer": "فَتحُ الْبَاءِ الأولى، وسُكونُ الباءِ الثانِيَة",
        "t": 0
      }
    ]
  },
  {
    "id": 6446,
    "q": "اختُلِف في إثباتِ ألفِ (ابن) ولو كانت بيْن علَمين إذا:",
    "level": 3,
    "link": "https://dorar.net/arabia/2596",
    "section": "al-imla",
    "answers": [
      {
        "answer": "كان الاسمُ الثاني مُشتَقًّا",
        "t": 0
      },
      {
        "answer": "طالَ الفَصلُ بيْن العَلَمَينِ",
        "t": 0
      },
      {
        "answer": "نُسِبَ الأوَّلُ إلى جدِّه أو أمِّه",
        "t": 1
      }
    ]
  },
  {
    "id": 6452,
    "q": "تَبدأُ المصادِرُ الخُماسيَّةٌ والسُداسيَّةٌ بـ:",
    "level": 3,
    "link": "https://dorar.net/arabia/2709",
    "section": "al-imla",
    "answers": [
      {
        "answer": "هَمزَةِ قَطعٍ",
        "t": 0
      },
      {
        "answer": "هَمزَةِ نَبرٍ",
        "t": 0
      },
      {
        "answer": "هَمزةِ وصْلٍ",
        "t": 1
      }
    ]
  },
  {
    "id": 6424,
    "q": "قَولُ \"أصابَتهُ الحيرة\" الصَّوابُ في ضَبطِها:",
    "level": 3,
    "link": "https://dorar.net/arabia/2719",
    "section": "al-imla",
    "answers": [
      {
        "answer": "الحَيْرةُ",
        "t": 1
      },
      {
        "answer": "الحِيْرةُ",
        "t": 0
      },
      {
        "answer": "الحِيَرةُ",
        "t": 0
      }
    ]
  },
  {
    "id": 6423,
    "q": "الصَّحيحُ في جَمعِ كَلِمةِ (حارة):",
    "level": 3,
    "link": "https://dorar.net/arabia/2719",
    "section": "al-imla",
    "answers": [
      {
        "answer": "حَارات",
        "t": 1
      },
      {
        "answer": "حَوارِي",
        "t": 0
      },
      {
        "answer": "حَوْرات",
        "t": 0
      }
    ]
  },
  {
    "id": 6447,
    "q": "تأتي التاءُ المربوطةُ في آخِرِ بيتٍ شِعريٍّ، أو كلامٍ مسجوعٍ:",
    "level": 3,
    "link": "https://dorar.net/arabia/2626",
    "section": "al-imla",
    "answers": [
      {
        "answer": "لا تُنقَطُ، بل يُوضَعُ عليها سكونٌ فقطْ",
        "t": 1
      },
      {
        "answer": "مَفتُوحَةً ذاتَ نُقطتَينِ",
        "t": 0
      },
      {
        "answer": "مَنقُوطَةً وعليها سُكونٌ",
        "t": 0
      }
    ]
  },
  {
    "id": 6425,
    "q": "تُوضَعُ الفاصِلةُ المنقوطةُ (؛):",
    "level": 3,
    "link": "https://dorar.net/arabia/2680",
    "section": "al-imla",
    "answers": [
      {
        "answer": "بعد المنادَى",
        "t": 0
      },
      {
        "answer": "بين جُملتَين الثَّانيةُ سببٌ للأُولى",
        "t": 1
      },
      {
        "answer": "بين أنواعِ الشَّيءِ وأقسامِه",
        "t": 0
      }
    ]
  },
  {
    "id": 6422,
    "q": "همزةُ القَطْعِ في أوَّلِ الكَلِمةِ إذا كانت مفتوحةً أو مضمومة، تُكتَبُ:",
    "level": 3,
    "link": "https://dorar.net/arabia/2603",
    "section": "al-imla",
    "answers": [
      {
        "answer": "فَوقَ السَّطرِ دُونَ أَلِفٍ",
        "t": 0
      },
      {
        "answer": "فَوقَ الأَلِف",
        "t": 1
      },
      {
        "answer": "تَحتَ الأَلِف",
        "t": 0
      }
    ]
  },
  {
    "id": 6449,
    "q": "تُزاد الألِفُ في آخِر الكَلِمة بعْد واوِ الجماعة نحو كلمة \"قالوا\" وتُسمَّى",
    "level": 3,
    "link": "https://dorar.net/arabia/2637",
    "section": "al-imla",
    "answers": [
      {
        "answer": "أَلِفُ التَّميِيزِ",
        "t": 0
      },
      {
        "answer": "الأَلِفُ الفارِقَةُ",
        "t": 1
      },
      {
        "answer": "الأَلِفُ الزَّائِدَةُ",
        "t": 0
      }
    ]
  },
  {
    "id": 6429,
    "q": "الصَّوابُ في ضبْطِ الفِعلِ (تلف)",
    "level": 3,
    "link": "https://dorar.net/arabia/2713",
    "section": "al-imla",
    "answers": [
      {
        "answer": "تَلِف",
        "t": 1
      },
      {
        "answer": "تَلُف",
        "t": 0
      },
      {
        "answer": "تَلَف",
        "t": 0
      }
    ]
  }
]