[
  {
    "id": 6460,
    "q": "حُروفُ المَعاني كلُّها همزتُها همزةُ قَطعٍ ما عدَا:",
    "level": 2,
    "link": "https://dorar.net/arabia/2592",
    "section": "al-imla",
    "answers": [
      {
        "answer": "(ال) التعريفيَّةِ ",
        "t": 1
      },
      {
        "answer": "(ان) غيرُ النَّاسِخَة",
        "t": 0
      },
      {
        "answer": "حَروفُ الاستِفهامِ",
        "t": 0
      }
    ]
  },
  {
    "id": 6443,
    "q": "الصَّوابُ في كَلِمةِ \"بخور\" تُكتَب:",
    "level": 2,
    "link": "https://dorar.net/arabia/2711",
    "section": "al-imla",
    "answers": [
      {
        "answer": "بُخُورُ بضَمِّ الباءِ",
        "t": 0
      },
      {
        "answer": "بَخُورُ بفَتْحِ الباءِ",
        "t": 1
      },
      {
        "answer": "بِخُورُ بكَسرِ الباءِ",
        "t": 0
      }
    ]
  },
  {
    "id": 6461,
    "q": "الهمزةِ المتوسِّطةِ تُرسَم على ياءٍ إذا كان ما قبلَها مكسورًا مثل:",
    "level": 2,
    "link": "https://dorar.net/arabia/2605",
    "section": "al-imla",
    "answers": [
      {
        "answer": "مأرِب",
        "t": 0
      },
      {
        "answer": "قارِئُون",
        "t": 1
      },
      {
        "answer": "إِسماعيل",
        "t": 0
      }
    ]
  },
  {
    "id": 6434,
    "q": "حركةُ همزةِ الوَصلِ تُنطَقُ:",
    "level": 2,
    "link": "https://dorar.net/arabia/2594",
    "section": "al-imla",
    "answers": [
      {
        "answer": "مَكسورةً غالِبًا",
        "t": 1
      },
      {
        "answer": "مَفتُوحَة دائِمًا",
        "t": 0
      },
      {
        "answer": "مَضمُومَةً في الأَغلَبِ",
        "t": 0
      }
    ]
  },
  {
    "id": 6432,
    "q": "الفَرقُ بين الهمزةِ والألِفِ:",
    "level": 2,
    "link": "https://dorar.net/arabia/2584",
    "section": "al-imla",
    "answers": [
      {
        "answer": "الأَلِفُ لا تَقعُ إلَّا في أوَّلِ الكَلِمَة أمَّا الهَمزةُ فتَقعُ في الأوَّلِ والآخِر",
        "t": 0
      },
      {
        "answer": "الهَمزةُ لا تأتي إلَّا سِاكنَةً أمَّا الأَلِف فيَلحقُها جميعُ الحرَكاتِ",
        "t": 0
      },
      {
        "answer": "يُشترَطُ في الألِف أن تُسبَق بحركةٍ الفتحة من جِنسِها أمَّا الهمزةُ فلا يُشترَطُ",
        "t": 1
      }
    ]
  },
  {
    "id": 6431,
    "q": "تُعَدُّ إحدى الركائِزِ الأربَعِ لأيِّ لُغةٍ:",
    "level": 2,
    "link": "https://dorar.net/arabia/2579",
    "section": "al-imla",
    "answers": [
      {
        "answer": "الكِتابةُ",
        "t": 1
      },
      {
        "answer": "القَصائدُ",
        "t": 0
      },
      {
        "answer": "عَلاماتُ التَّرقيمِ",
        "t": 0
      }
    ]
  },
  {
    "id": 6459,
    "q": "كُتِبَت الهَمزةُ على السَّطرِ في كلمة (مُرُوءَة ونُبُوءَة):",
    "level": 2,
    "link": "https://dorar.net/arabia/2605",
    "section": "al-imla",
    "answers": [
      {
        "answer": "لأنها جاءَت ساكِنةً وما قبلَها مَضمُومٌ",
        "t": 0
      },
      {
        "answer": "لأن الهَمزةَ مَفتُوحَة وجاء قبلَها واوٌ ساكنةٌ",
        "t": 1
      },
      {
        "answer": "لأنَّها وَقعَت بين حَرفيِّ مَدٍّ",
        "t": 0
      }
    ]
  },
  {
    "id": 6439,
    "q": "هل تُوضَع مَسافَة قبلَ عَلاماتِ التَّرقيم:",
    "level": 2,
    "link": "https://dorar.net/arabia/2702",
    "section": "al-imla",
    "answers": [
      {
        "answer": "لا يُوضَعُ قبل علاماتِ الترقيمِ مَسافةٌ",
        "t": 1
      },
      {
        "answer": "لا تُوضَع مَسافة إلَّا في آخِر السَّطرِ فقط",
        "t": 0
      },
      {
        "answer": "تُوضَع مَسافَة بمقدارِ حَرفٍ واحِد",
        "t": 0
      }
    ]
  },
  {
    "id": 6433,
    "q": "هي التي تُكتَبُ وتُنطَق في أوَّلِ الكلامِ، وتُكتَبُ ولا تُنطَقُ في وسَطِ الكلامِ:",
    "level": 2,
    "link": "https://dorar.net/arabia/2590",
    "section": "al-imla",
    "answers": [
      {
        "answer": "هَمزَةُ القَطعِ",
        "t": 0
      },
      {
        "answer": "هَمزةُ الوَصلِ",
        "t": 1
      },
      {
        "answer": "هَمزَةُ النَّبرَةِ",
        "t": 0
      }
    ]
  },
  {
    "id": 6438,
    "q": "تُستخدمانِ في تمييزِ النصوصِ المنقولةِ:",
    "level": 2,
    "link": "https://dorar.net/arabia/2694",
    "section": "al-imla",
    "answers": [
      {
        "answer": "عَلامَةُ الوَقفِ",
        "t": 0
      },
      {
        "answer": "عَلامَةُ التَّعَجُّب",
        "t": 0
      },
      {
        "answer": "علامة التنصيص",
        "t": 1
      }
    ]
  },
  {
    "id": 6457,
    "q": "من مواضع إثبات ألِف الوصلِ في كَلِمةِ (ابن)",
    "level": 2,
    "link": "https://dorar.net/arabia/2596",
    "section": "al-imla",
    "answers": [
      {
        "answer": "إذا كانت قبلَ اسمٍ على صِيغَةِ مُنتهَى الجُموعِ",
        "t": 0
      },
      {
        "answer": "إذا جاءت في أوَّلِ السَّطرِ",
        "t": 1
      },
      {
        "answer": "ألَّا يكون بعدَها حَرفُ عِلَّةٍ",
        "t": 0
      }
    ]
  },
  {
    "id": 6441,
    "q": "أفعالُ الأمر الثُلاثيَّة، همزتُها:",
    "level": 2,
    "link": "https://dorar.net/arabia/2592",
    "section": "al-imla",
    "answers": [
      {
        "answer": "همزةُ قَطعٍ",
        "t": 0
      },
      {
        "answer": "هَمزةُ وَصلٍ",
        "t": 1
      },
      {
        "answer": "هَمزةٌ مُتطرِّفَة",
        "t": 0
      }
    ]
  },
  {
    "id": 6435,
    "q": "من مواضِع حَذفِ همزةِ الوَصلِ",
    "level": 2,
    "link": "https://dorar.net/arabia/2596",
    "section": "al-imla",
    "answers": [
      {
        "answer": "إذا وَقعَت بينَ ساكِنَينِ",
        "t": 0
      },
      {
        "answer": "في جَمعِ المُذكَّرِ السَّالمِ",
        "t": 0
      },
      {
        "answer": "إذا جاء قبْلَها همزةُ استفهامٍ",
        "t": 1
      }
    ]
  },
  {
    "id": 6437,
    "q": "نِقاطٌ مُتتابِعةٌ تدُلُّ على كلامٍ محذوفٍ، تُسمَّى:",
    "level": 2,
    "link": "https://dorar.net/arabia/2682",
    "section": "al-imla",
    "answers": [
      {
        "answer": "النِّقاطُ الثَّلاثُ",
        "t": 1
      },
      {
        "answer": "النُّقطتان الفوقيَّتان أو الرَّأسيَّتانِ",
        "t": 0
      },
      {
        "answer": "المُعترِضتان",
        "t": 0
      }
    ]
  },
  {
    "id": 6440,
    "q": "كَلِمةُ (أما بعْدُ) تكونُ:",
    "level": 2,
    "link": "https://dorar.net/arabia/2702",
    "section": "al-imla",
    "answers": [
      {
        "answer": "وَسَط عَلامَتيِّ تَعجُّبٍ",
        "t": 0
      },
      {
        "answer": "مُلاصِقَة للفَقرةِ التي تَلِيها",
        "t": 0
      },
      {
        "answer": "في سَطرٍ بمُفرَدِها",
        "t": 1
      }
    ]
  },
  {
    "id": 6454,
    "q": "رُموزٍ مخصوصةٍ، في أثناءِ الكتابةِ؛ لتعيينِ مواقِعِ الفَصلِ والوَقفِ والابتداءِ:",
    "level": 2,
    "link": "https://dorar.net/arabia/2669",
    "section": "al-imla",
    "answers": [
      {
        "answer": "عَلاماتُ التَّرقِيم",
        "t": 1
      },
      {
        "answer": "عَلاماتُ التَّرمِيز",
        "t": 0
      },
      {
        "answer": "عَلاماتُ الاستِفهام",
        "t": 0
      }
    ]
  },
  {
    "id": 6456,
    "q": "نقول (الإسلامُ يدعو إلى الفضيلةِ)، ولا نقولُ: (يدعوا):",
    "level": 2,
    "link": "https://dorar.net/arabia/2637",
    "section": "al-imla",
    "answers": [
      {
        "answer": "لأنَّ هَمزةَ الوَصلِ تُحذَف إذا جاءَت بعدَ حَرفِ مَدٍّ",
        "t": 0
      },
      {
        "answer": "لأنَّ الجُملَة ليس فيها ناسِخٌ أو جازِمٌ",
        "t": 0
      },
      {
        "answer": "لأنَّ الواو هنا أصلٌ في الكَلِمة وليست واوَ الجماعةِ",
        "t": 1
      }
    ]
  },
  {
    "id": 6458,
    "q": "الفَرقُ بين التَّاءِ المَفتُوحَة والمَربُوطَة:",
    "level": 2,
    "link": "https://dorar.net/arabia/2622",
    "section": "al-imla",
    "answers": [
      {
        "answer": "التاءَ المربوطة تُنطَقُ عند الوَقفِ هاءً ساكنةً (ـهْ)، أمَّا التاءُ المَفتُوحَة فتُنطَقُ تاءً ساكنةً (تْ).",
        "t": 1
      },
      {
        "answer": "التَّاءُ المَربُوطَة تُكتَبُ ولا تُنطَق أمَّا التاءُ المَفتُوحَة فتُنطَقُ وتُكتَبُ",
        "t": 0
      },
      {
        "answer": "التَّاءُ المَفتُوحَة تأتي مُنصوبَةً دائِمًا أمَّا المَربُوطَة فتأتي مَنصُوبَةً ومَجرُورَةً",
        "t": 0
      }
    ]
  },
  {
    "id": 6442,
    "q": "كلمة \"أذُنُ\" الصواب فيها، تقول:",
    "level": 2,
    "link": "https://dorar.net/arabia/2709",
    "section": "al-imla",
    "answers": [
      {
        "answer": "الأُذُن اليُمْنى",
        "t": 1
      },
      {
        "answer": "الأُذُن اليَمِينُ",
        "t": 0
      },
      {
        "answer": "الأُذُن الأيمنُ",
        "t": 0
      }
    ]
  },
  {
    "id": 6455,
    "q": "كُلُّ كَلِمةٍ لا يصِحُّ الابتداءُ بها، أو لا يَصِحُّ الوقوفُ عليها فإنها:",
    "level": 2,
    "link": "https://dorar.net/arabia/2662",
    "section": "al-imla",
    "answers": [
      {
        "answer": "تُحذَف مِن السِّياقِ",
        "t": 0
      },
      {
        "answer": "تُوصَلُ بغيرِها",
        "t": 1
      },
      {
        "answer": "تُستَبدلُ بغَيرِها",
        "t": 0
      }
    ]
  }
]