{
  "id": 2,
  "category": "العقيدة",
  "description": "الاعتِقادُ الصَّحِيحُ هو الأَساسُ الذي يُبنَى عليه العَملُ الصَّالِحُ، وهو الـمَخرَجُ مِن كُلِّ فِتنَة",
  "icons": "/database/icons/akida.svg",
  "DataArray": [
    {
      "englishName": "e-anbya",
      "arabicName": "الإيمان بالأنبياء والرسل",
      "files": [
        {
          "level": 1,
          "filename": "level-1.json",
          "path": "/database/akida/e-anbya/level-1.json"
        },
        {
          "level": 2,
          "filename": "level-2.json",
          "path": "/database/akida/e-anbya/level-2.json"
        },
        {
          "level": 3,
          "filename": "level-3.json",
          "path": "/database/akida/e-anbya/level-3.json"
        }
      ]
    },
    {
      "englishName": "e-book",
      "arabicName": "الإيمان بالكتب",
      "files": [
        {
          "level": 1,
          "filename": "level-1.json",
          "path": "/database/akida/e-book/level-1.json"
        },
        {
          "level": 2,
          "filename": "level-2.json",
          "path": "/database/akida/e-book/level-2.json"
        },
        {
          "level": 3,
          "filename": "level-3.json",
          "path": "/database/akida/e-book/level-3.json"
        }
      ]
    },
    {
      "englishName": "e-kader",
      "arabicName": "الإيمان بالقضاء والقدر",
      "files": [
        {
          "level": 1,
          "filename": "level-1.json",
          "path": "/database/akida/e-kader/level-1.json"
        },
        {
          "level": 2,
          "filename": "level-2.json",
          "path": "/database/akida/e-kader/level-2.json"
        },
        {
          "level": 3,
          "filename": "level-3.json",
          "path": "/database/akida/e-kader/level-3.json"
        }
      ]
    },
    {
      "englishName": "e-mlaeka",
      "arabicName": "الإيمان بالملائكة",
      "files": [
        {
          "level": 1,
          "filename": "level-1.json",
          "path": "/database/akida/e-mlaeka/level-1.json"
        },
        {
          "level": 2,
          "filename": "level-2.json",
          "path": "/database/akida/e-mlaeka/level-2.json"
        },
        {
          "level": 3,
          "filename": "level-3.json",
          "path": "/database/akida/e-mlaeka/level-3.json"
        }
      ]
    },
    {
      "englishName": "e-nawagid",
      "arabicName": "نواقض الإيمان",
      "files": [
        {
          "level": 1,
          "filename": "level-1.json",
          "path": "/database/akida/e-nawagid/level-1.json"
        },
        {
          "level": 2,
          "filename": "level-2.json",
          "path": "/database/akida/e-nawagid/level-2.json"
        },
        {
          "level": 3,
          "filename": "level-3.json",
          "path": "/database/akida/e-nawagid/level-3.json"
        }
      ]
    },
    {
      "englishName": "eman",
      "arabicName": "حقيقة الإيمان",
      "files": [
        {
          "level": 1,
          "filename": "level-1.json",
          "path": "/database/akida/eman/level-1.json"
        },
        {
          "level": 2,
          "filename": "level-2.json",
          "path": "/database/akida/eman/level-2.json"
        },
        {
          "level": 3,
          "filename": "level-3.json",
          "path": "/database/akida/eman/level-3.json"
        }
      ]
    },
    {
      "englishName": "shirk",
      "arabicName": "الشرك وأقسامه",
      "files": [
        {
          "level": 1,
          "filename": "level-1.json",
          "path": "/database/akida/shirk/level-1.json"
        },
        {
          "level": 2,
          "filename": "level-2.json",
          "path": "/database/akida/shirk/level-2.json"
        },
        {
          "level": 3,
          "filename": "level-3.json",
          "path": "/database/akida/shirk/level-3.json"
        }
      ]
    },
    {
      "englishName": "t-name",
      "arabicName": "توحيد الأسماء والصفات",
      "files": [
        {
          "level": 1,
          "filename": "level-1.json",
          "path": "/database/akida/t-name/level-1.json"
        },
        {
          "level": 2,
          "filename": "level-2.json",
          "path": "/database/akida/t-name/level-2.json"
        },
        {
          "level": 3,
          "filename": "level-3.json",
          "path": "/database/akida/t-name/level-3.json"
        }
      ]
    },
    {
      "englishName": "t-olhia",
      "arabicName": "توحيد الألوهية",
      "files": [
        {
          "level": 1,
          "filename": "level-1.json",
          "path": "/database/akida/t-olhia/level-1.json"
        },
        {
          "level": 2,
          "filename": "level-2.json",
          "path": "/database/akida/t-olhia/level-2.json"
        },
        {
          "level": 3,
          "filename": "level-3.json",
          "path": "/database/akida/t-olhia/level-3.json"
        }
      ]
    },
    {
      "englishName": "t-rab",
      "arabicName": "توحيد الربوبية",
      "files": [
        {
          "level": 1,
          "filename": "level-1.json",
          "path": "/database/akida/t-rab/level-1.json"
        },
        {
          "level": 2,
          "filename": "level-2.json",
          "path": "/database/akida/t-rab/level-2.json"
        },
        {
          "level": 3,
          "filename": "level-3.json",
          "path": "/database/akida/t-rab/level-3.json"
        }
      ]
    },
    {
      "englishName": "akhir",
      "arabicName": "الإيمان باليوم الآخر",
      "files": [
        {
          "level": 1,
          "filename": "level-1.json",
          "path": "/database/akida/akhir/level-1.json"
        },
        {
          "level": 2,
          "filename": "level-2.json",
          "path": "/database/akida/akhir/level-2.json"
        },
        {
          "level": 3,
          "filename": "level-3.json",
          "path": "/database/akida/akhir/level-3.json"
        }
      ]
    },
    {
      "englishName": "sonah",
      "arabicName": "عقيدة أهل السنة في الصحابة وآل البيت",
      "files": [
        {
          "level": 1,
          "filename": "level-1.json",
          "path": "/database/akida/sonah/level-1.json"
        },
        {
          "level": 2,
          "filename": "level-2.json",
          "path": "/database/akida/sonah/level-2.json"
        },
        {
          "level": 3,
          "filename": "level-3.json",
          "path": "/database/akida/sonah/level-3.json"
        }
      ]
    },
    {
      "englishName": "bida",
      "arabicName": "لزوم الجماعة وذم البدع",
      "files": [
        {
          "level": 1,
          "filename": "level-1.json",
          "path": "/database/akida/bida/level-1.json"
        },
        {
          "level": 2,
          "filename": "level-2.json",
          "path": "/database/akida/bida/level-2.json"
        },
        {
          "level": 3,
          "filename": "level-3.json",
          "path": "/database/akida/bida/level-3.json"
        }
      ]
    }
  ]
}