{
  "id": 1,
  "category": "التفسير",
  "description": "فهم القرآن الكريم ومعرفة مقصوده من أسمى المقاصد, يقول الله تعالى {كِتَابٌ أَنزَلْنَاهُ إِلَيْكَ مُبَارَكٌ لِّيَدَّبَّرُوا آيَاتِهِ وَلِيَتَذَكَّرَ أُولُو الْأَلْبَابِ} ص:29",
  "icons": "/database/icons/tafseer.svg",
  "DataArray": [
    {
      "englishName": "al-faatihah",
      "arabicName": "الفاتحة",
      "files": [
        {
          "level": 1,
          "filename": "level-1.json",
          "path": "/database/tafseer/al-faatihah/level-1.json"
        },
        {
          "level": 2,
          "filename": "level-2.json",
          "path": "/database/tafseer/al-faatihah/level-2.json"
        },
        {
          "level": 3,
          "filename": "level-3.json",
          "path": "/database/tafseer/al-faatihah/level-3.json"
        }
      ]
    },
    {
      "englishName": "al-baqarah",
      "arabicName": "البقرة",
      "files": [
        {
          "level": 1,
          "filename": "level-1.json",
          "path": "/database/tafseer/al-baqarah/level-1.json"
        },
        {
          "level": 2,
          "filename": "level-2.json",
          "path": "/database/tafseer/al-baqarah/level-2.json"
        },
        {
          "level": 3,
          "filename": "level-3.json",
          "path": "/database/tafseer/al-baqarah/level-3.json"
        }
      ]
    },
    {
      "englishName": "aali-imraan",
      "arabicName": "آل عمران",
      "files": [
        {
          "level": 1,
          "filename": "level-1.json",
          "path": "/database/tafseer/aali-imraan/level-1.json"
        },
        {
          "level": 2,
          "filename": "level-2.json",
          "path": "/database/tafseer/aali-imraan/level-2.json"
        },
        {
          "level": 3,
          "filename": "level-3.json",
          "path": "/database/tafseer/aali-imraan/level-3.json"
        }
      ]
    },
    {
      "englishName": "an-nisaa",
      "arabicName": "النساء",
      "files": [
        {
          "level": 1,
          "filename": "level-1.json",
          "path": "/database/tafseer/an-nisaa/level-1.json"
        },
        {
          "level": 2,
          "filename": "level-2.json",
          "path": "/database/tafseer/an-nisaa/level-2.json"
        },
        {
          "level": 3,
          "filename": "level-3.json",
          "path": "/database/tafseer/an-nisaa/level-3.json"
        }
      ]
    },
    {
      "englishName": "al-maaidah",
      "arabicName": "المائدة",
      "files": [
        {
          "level": 1,
          "filename": "level-1.json",
          "path": "/database/tafseer/al-maaidah/level-1.json"
        },
        {
          "level": 2,
          "filename": "level-2.json",
          "path": "/database/tafseer/al-maaidah/level-2.json"
        },
        {
          "level": 3,
          "filename": "level-3.json",
          "path": "/database/tafseer/al-maaidah/level-3.json"
        }
      ]
    },
    {
      "englishName": "al-anaam",
      "arabicName": "الأنعام",
      "files": [
        {
          "level": 1,
          "filename": "level-1.json",
          "path": "/database/tafseer/al-anaam/level-1.json"
        },
        {
          "level": 2,
          "filename": "level-2.json",
          "path": "/database/tafseer/al-anaam/level-2.json"
        },
        {
          "level": 3,
          "filename": "level-3.json",
          "path": "/database/tafseer/al-anaam/level-3.json"
        }
      ]
    },
    {
      "englishName": "al-araaf",
      "arabicName": "الأعراف",
      "files": [
        {
          "level": 1,
          "filename": "level-1.json",
          "path": "/database/tafseer/al-araaf/level-1.json"
        },
        {
          "level": 2,
          "filename": "level-2.json",
          "path": "/database/tafseer/al-araaf/level-2.json"
        },
        {
          "level": 3,
          "filename": "level-3.json",
          "path": "/database/tafseer/al-araaf/level-3.json"
        }
      ]
    },
    {
      "englishName": "al-anfaal",
      "arabicName": "الأنفال",
      "files": [
        {
          "level": 1,
          "filename": "level-1.json",
          "path": "/database/tafseer/al-anfaal/level-1.json"
        },
        {
          "level": 2,
          "filename": "level-2.json",
          "path": "/database/tafseer/al-anfaal/level-2.json"
        },
        {
          "level": 3,
          "filename": "level-3.json",
          "path": "/database/tafseer/al-anfaal/level-3.json"
        }
      ]
    },
    {
      "englishName": "at-tawbah",
      "arabicName": "التوبة",
      "files": [
        {
          "level": 1,
          "filename": "level-1.json",
          "path": "/database/tafseer/at-tawbah/level-1.json"
        },
        {
          "level": 2,
          "filename": "level-2.json",
          "path": "/database/tafseer/at-tawbah/level-2.json"
        },
        {
          "level": 3,
          "filename": "level-3.json",
          "path": "/database/tafseer/at-tawbah/level-3.json"
        }
      ]
    },
    {
      "englishName": "yoonus",
      "arabicName": "يونس",
      "files": [
        {
          "level": 1,
          "filename": "level-1.json",
          "path": "/database/tafseer/yoonus/level-1.json"
        },
        {
          "level": 2,
          "filename": "level-2.json",
          "path": "/database/tafseer/yoonus/level-2.json"
        },
        {
          "level": 3,
          "filename": "level-3.json",
          "path": "/database/tafseer/yoonus/level-3.json"
        }
      ]
    },
    {
      "englishName": "hood",
      "arabicName": "هود",
      "files": [
        {
          "level": 1,
          "filename": "level-1.json",
          "path": "/database/tafseer/hood/level-1.json"
        },
        {
          "level": 2,
          "filename": "level-2.json",
          "path": "/database/tafseer/hood/level-2.json"
        },
        {
          "level": 3,
          "filename": "level-3.json",
          "path": "/database/tafseer/hood/level-3.json"
        }
      ]
    },
    {
      "englishName": "yoosuf",
      "arabicName": "يوسف",
      "files": [
        {
          "level": 1,
          "filename": "level-1.json",
          "path": "/database/tafseer/yoosuf/level-1.json"
        },
        {
          "level": 2,
          "filename": "level-2.json",
          "path": "/database/tafseer/yoosuf/level-2.json"
        },
        {
          "level": 3,
          "filename": "level-3.json",
          "path": "/database/tafseer/yoosuf/level-3.json"
        }
      ]
    },
    {
      "englishName": "ar-rad",
      "arabicName": "الرعد",
      "files": [
        {
          "level": 1,
          "filename": "level-1.json",
          "path": "/database/tafseer/ar-rad/level-1.json"
        },
        {
          "level": 2,
          "filename": "level-2.json",
          "path": "/database/tafseer/ar-rad/level-2.json"
        },
        {
          "level": 3,
          "filename": "level-3.json",
          "path": "/database/tafseer/ar-rad/level-3.json"
        }
      ]
    },
    {
      "englishName": "ibraheem",
      "arabicName": "إبراهيم",
      "files": [
        {
          "level": 1,
          "filename": "level-1.json",
          "path": "/database/tafseer/ibraheem/level-1.json"
        },
        {
          "level": 2,
          "filename": "level-2.json",
          "path": "/database/tafseer/ibraheem/level-2.json"
        },
        {
          "level": 3,
          "filename": "level-3.json",
          "path": "/database/tafseer/ibraheem/level-3.json"
        }
      ]
    },
    {
      "englishName": "al-hijr",
      "arabicName": "الحجر",
      "files": [
        {
          "level": 1,
          "filename": "level-1.json",
          "path": "/database/tafseer/al-hijr/level-1.json"
        },
        {
          "level": 2,
          "filename": "level-2.json",
          "path": "/database/tafseer/al-hijr/level-2.json"
        },
        {
          "level": 3,
          "filename": "level-3.json",
          "path": "/database/tafseer/al-hijr/level-3.json"
        }
      ]
    },
    {
      "englishName": "an-nahl",
      "arabicName": "النحل",
      "files": [
        {
          "level": 1,
          "filename": "level-1.json",
          "path": "/database/tafseer/an-nahl/level-1.json"
        },
        {
          "level": 2,
          "filename": "level-2.json",
          "path": "/database/tafseer/an-nahl/level-2.json"
        },
        {
          "level": 3,
          "filename": "level-3.json",
          "path": "/database/tafseer/an-nahl/level-3.json"
        }
      ]
    },
    {
      "englishName": "al-isra",
      "arabicName": "الإسراء",
      "files": [
        {
          "level": 1,
          "filename": "level-1.json",
          "path": "/database/tafseer/al-isra/level-1.json"
        },
        {
          "level": 2,
          "filename": "level-2.json",
          "path": "/database/tafseer/al-isra/level-2.json"
        },
        {
          "level": 3,
          "filename": "level-3.json",
          "path": "/database/tafseer/al-isra/level-3.json"
        }
      ]
    },
    {
      "englishName": "al-kahf",
      "arabicName": "الكهف",
      "files": [
        {
          "level": 1,
          "filename": "level-1.json",
          "path": "/database/tafseer/al-kahf/level-1.json"
        },
        {
          "level": 2,
          "filename": "level-2.json",
          "path": "/database/tafseer/al-kahf/level-2.json"
        },
        {
          "level": 3,
          "filename": "level-3.json",
          "path": "/database/tafseer/al-kahf/level-3.json"
        }
      ]
    },
    {
      "englishName": "maryam",
      "arabicName": "مريم",
      "files": [
        {
          "level": 1,
          "filename": "level-1.json",
          "path": "/database/tafseer/maryam/level-1.json"
        },
        {
          "level": 2,
          "filename": "level-2.json",
          "path": "/database/tafseer/maryam/level-2.json"
        },
        {
          "level": 3,
          "filename": "level-3.json",
          "path": "/database/tafseer/maryam/level-3.json"
        }
      ]
    },
    {
      "englishName": "taahaa",
      "arabicName": "طه",
      "files": [
        {
          "level": 1,
          "filename": "level-1.json",
          "path": "/database/tafseer/taahaa/level-1.json"
        },
        {
          "level": 2,
          "filename": "level-2.json",
          "path": "/database/tafseer/taahaa/level-2.json"
        },
        {
          "level": 3,
          "filename": "level-3.json",
          "path": "/database/tafseer/taahaa/level-3.json"
        }
      ]
    },
    {
      "englishName": "al-anbiya",
      "arabicName": "الأنبياء",
      "files": [
        {
          "level": 1,
          "filename": "level-1.json",
          "path": "/database/tafseer/al-anbiya/level-1.json"
        },
        {
          "level": 2,
          "filename": "level-2.json",
          "path": "/database/tafseer/al-anbiya/level-2.json"
        },
        {
          "level": 3,
          "filename": "level-3.json",
          "path": "/database/tafseer/al-anbiya/level-3.json"
        }
      ]
    },
    {
      "englishName": "al-hajj",
      "arabicName": "الحج",
      "files": [
        {
          "level": 1,
          "filename": "level-1.json",
          "path": "/database/tafseer/al-hajj/level-1.json"
        },
        {
          "level": 2,
          "filename": "level-2.json",
          "path": "/database/tafseer/al-hajj/level-2.json"
        },
        {
          "level": 3,
          "filename": "level-3.json",
          "path": "/database/tafseer/al-hajj/level-3.json"
        }
      ]
    },
    {
      "englishName": "al-muminun",
      "arabicName": "المؤمنون",
      "files": [
        {
          "level": 1,
          "filename": "level-1.json",
          "path": "/database/tafseer/al-muminun/level-1.json"
        },
        {
          "level": 2,
          "filename": "level-2.json",
          "path": "/database/tafseer/al-muminun/level-2.json"
        },
        {
          "level": 3,
          "filename": "level-3.json",
          "path": "/database/tafseer/al-muminun/level-3.json"
        }
      ]
    },
    {
      "englishName": "an-nur",
      "arabicName": "النور",
      "files": [
        {
          "level": 1,
          "filename": "level-1.json",
          "path": "/database/tafseer/an-nur/level-1.json"
        },
        {
          "level": 2,
          "filename": "level-2.json",
          "path": "/database/tafseer/an-nur/level-2.json"
        },
        {
          "level": 3,
          "filename": "level-3.json",
          "path": "/database/tafseer/an-nur/level-3.json"
        }
      ]
    },
    {
      "englishName": "al-furqan",
      "arabicName": "الفرقان",
      "files": [
        {
          "level": 1,
          "filename": "level-1.json",
          "path": "/database/tafseer/al-furqan/level-1.json"
        },
        {
          "level": 2,
          "filename": "level-2.json",
          "path": "/database/tafseer/al-furqan/level-2.json"
        },
        {
          "level": 3,
          "filename": "level-3.json",
          "path": "/database/tafseer/al-furqan/level-3.json"
        }
      ]
    },
    {
      "englishName": "ash-shuara",
      "arabicName": "الشعراء",
      "files": [
        {
          "level": 1,
          "filename": "level-1.json",
          "path": "/database/tafseer/ash-shuara/level-1.json"
        },
        {
          "level": 2,
          "filename": "level-2.json",
          "path": "/database/tafseer/ash-shuara/level-2.json"
        },
        {
          "level": 3,
          "filename": "level-3.json",
          "path": "/database/tafseer/ash-shuara/level-3.json"
        }
      ]
    },
    {
      "englishName": "an-naml",
      "arabicName": "النمل",
      "files": [
        {
          "level": 1,
          "filename": "level-1.json",
          "path": "/database/tafseer/an-naml/level-1.json"
        },
        {
          "level": 2,
          "filename": "level-2.json",
          "path": "/database/tafseer/an-naml/level-2.json"
        },
        {
          "level": 3,
          "filename": "level-3.json",
          "path": "/database/tafseer/an-naml/level-3.json"
        }
      ]
    },
    {
      "englishName": "al-qasas",
      "arabicName": "القصص",
      "files": [
        {
          "level": 1,
          "filename": "level-1.json",
          "path": "/database/tafseer/al-qasas/level-1.json"
        },
        {
          "level": 2,
          "filename": "level-2.json",
          "path": "/database/tafseer/al-qasas/level-2.json"
        },
        {
          "level": 3,
          "filename": "level-3.json",
          "path": "/database/tafseer/al-qasas/level-3.json"
        }
      ]
    },
    {
      "englishName": "al-ankabut",
      "arabicName": "العنكبوت",
      "files": [
        {
          "level": 1,
          "filename": "level-1.json",
          "path": "/database/tafseer/al-ankabut/level-1.json"
        },
        {
          "level": 2,
          "filename": "level-2.json",
          "path": "/database/tafseer/al-ankabut/level-2.json"
        },
        {
          "level": 3,
          "filename": "level-3.json",
          "path": "/database/tafseer/al-ankabut/level-3.json"
        }
      ]
    },
    {
      "englishName": "ar-rum",
      "arabicName": "الروم",
      "files": [
        {
          "level": 1,
          "filename": "level-1.json",
          "path": "/database/tafseer/ar-rum/level-1.json"
        },
        {
          "level": 2,
          "filename": "level-2.json",
          "path": "/database/tafseer/ar-rum/level-2.json"
        },
        {
          "level": 3,
          "filename": "level-3.json",
          "path": "/database/tafseer/ar-rum/level-3.json"
        }
      ]
    },
    {
      "englishName": "luqman",
      "arabicName": "لقمان",
      "files": [
        {
          "level": 1,
          "filename": "level-1.json",
          "path": "/database/tafseer/luqman/level-1.json"
        },
        {
          "level": 2,
          "filename": "level-2.json",
          "path": "/database/tafseer/luqman/level-2.json"
        },
        {
          "level": 3,
          "filename": "level-3.json",
          "path": "/database/tafseer/luqman/level-3.json"
        }
      ]
    },
    {
      "englishName": "as-sajdah",
      "arabicName": "السجدة",
      "files": [
        {
          "level": 1,
          "filename": "level-1.json",
          "path": "/database/tafseer/as-sajdah/level-1.json"
        },
        {
          "level": 2,
          "filename": "level-2.json",
          "path": "/database/tafseer/as-sajdah/level-2.json"
        },
        {
          "level": 3,
          "filename": "level-3.json",
          "path": "/database/tafseer/as-sajdah/level-3.json"
        }
      ]
    },
    {
      "englishName": "al-ahzab",
      "arabicName": "الأحزاب",
      "files": [
        {
          "level": 1,
          "filename": "level-1.json",
          "path": "/database/tafseer/al-ahzab/level-1.json"
        },
        {
          "level": 2,
          "filename": "level-2.json",
          "path": "/database/tafseer/al-ahzab/level-2.json"
        },
        {
          "level": 3,
          "filename": "level-3.json",
          "path": "/database/tafseer/al-ahzab/level-3.json"
        }
      ]
    },
    {
      "englishName": "saba",
      "arabicName": "سبأ",
      "files": [
        {
          "level": 1,
          "filename": "level-1.json",
          "path": "/database/tafseer/saba/level-1.json"
        },
        {
          "level": 2,
          "filename": "level-2.json",
          "path": "/database/tafseer/saba/level-2.json"
        },
        {
          "level": 3,
          "filename": "level-3.json",
          "path": "/database/tafseer/saba/level-3.json"
        }
      ]
    },
    {
      "englishName": "fatir",
      "arabicName": "فاطر",
      "files": [
        {
          "level": 1,
          "filename": "level-1.json",
          "path": "/database/tafseer/fatir/level-1.json"
        },
        {
          "level": 2,
          "filename": "level-2.json",
          "path": "/database/tafseer/fatir/level-2.json"
        },
        {
          "level": 3,
          "filename": "level-3.json",
          "path": "/database/tafseer/fatir/level-3.json"
        }
      ]
    },
    {
      "englishName": "Yasin",
      "arabicName": "يس",
      "files": [
        {
          "level": 1,
          "filename": "level-1.json",
          "path": "/database/tafseer/Yasin/level-1.json"
        },
        {
          "level": 2,
          "filename": "level-2.json",
          "path": "/database/tafseer/Yasin/level-2.json"
        },
        {
          "level": 3,
          "filename": "level-3.json",
          "path": "/database/tafseer/Yasin/level-3.json"
        }
      ]
    },
    {
      "englishName": "as-Saffat",
      "arabicName": "الصافات",
      "files": [
        {
          "level": 1,
          "filename": "level-1.json",
          "path": "/database/tafseer/as-Saffat/level-1.json"
        },
        {
          "level": 2,
          "filename": "level-2.json",
          "path": "/database/tafseer/as-Saffat/level-2.json"
        },
        {
          "level": 3,
          "filename": "level-3.json",
          "path": "/database/tafseer/as-Saffat/level-3.json"
        }
      ]
    },
    {
      "englishName": "sad",
      "arabicName": "ص",
      "files": [
        {
          "level": 1,
          "filename": "level-1.json",
          "path": "/database/tafseer/sad/level-1.json"
        },
        {
          "level": 2,
          "filename": "level-2.json",
          "path": "/database/tafseer/sad/level-2.json"
        },
        {
          "level": 3,
          "filename": "level-3.json",
          "path": "/database/tafseer/sad/level-3.json"
        }
      ]
    },
    {
      "englishName": "az-Zumar",
      "arabicName": "الزمر",
      "files": [
        {
          "level": 1,
          "filename": "level-1.json",
          "path": "/database/tafseer/az-Zumar/level-1.json"
        },
        {
          "level": 2,
          "filename": "level-2.json",
          "path": "/database/tafseer/az-Zumar/level-2.json"
        },
        {
          "level": 3,
          "filename": "level-3.json",
          "path": "/database/tafseer/az-Zumar/level-3.json"
        }
      ]
    },
    {
      "englishName": "Ghafir",
      "arabicName": "غافر",
      "files": [
        {
          "level": 1,
          "filename": "level-1.json",
          "path": "/database/tafseer/Ghafir/level-1.json"
        },
        {
          "level": 2,
          "filename": "level-2.json",
          "path": "/database/tafseer/Ghafir/level-2.json"
        },
        {
          "level": 3,
          "filename": "level-3.json",
          "path": "/database/tafseer/Ghafir/level-3.json"
        }
      ]
    }
  ]
}