[
  {
    "id": 4001,
    "q": "من أهَمِّ المَقاصِدِ الَّتي تَهدِفُ لها سُورةُ الشُّعراءِ:",
    "level": 3,
    "link": "https://www.dorar.net/tafseer/26",
    "section": "ash-shuara",
    "answers": [
      {
        "answer": "ذِكْرُ أحكامِ الجهادِ",
        "t": 0
      },
      {
        "answer": "التَّنويهُ بالقرآنِ الكريمِ، والتَّعريضُ بعَجزِ المشركينَ عن مُعارَضتِه",
        "t": 1
      },
      {
        "answer": "إقامةُ الأدِلَّةِ على وَحدانيَّةِ اللهِ تعالى وقُدرتِه",
        "t": 0
      }
    ]
  },
  {
    "id": 4020,
    "q": "مَعنَى قَولِه تَعالَى: {يَهِيمُونَ}:",
    "level": 3,
    "link": "https://dorar.net/tafseer/26/15",
    "section": "ash-shuara",
    "answers": [
      {
        "answer": "يَمرَحون في غَفلَة",
        "t": 0
      },
      {
        "answer": "يَغِيبون عن النَّظَرِ",
        "t": 0
      },
      {
        "answer": "يَذهَبون على غيرِ قَصدٍ",
        "t": 1
      }
    ]
  },
  {
    "id": 4002,
    "q": "استعمالُ اسمِ الإشارةِ البعيدِ في قَولِه تَعاَلى: {تِلْكَ آَيَاتُ الْكِتَابِ الْمُبِينِ} فائدة؛ وهي:",
    "level": 3,
    "link": "https://www.dorar.net/tafseer/26/1",
    "section": "ash-shuara",
    "answers": [
      {
        "answer": "التنبيهُ على بُعدِ منزلةِ المُشارِ إليه في الفَخامةِ",
        "t": 1
      },
      {
        "answer": "تشبيهُ الآياتِ بالنُّورِ الذي يأتي مِن بَعِيدٍ ",
        "t": 0
      },
      {
        "answer": "كِنايةٌ عن بُعْدِ الكُفَّارِ عن هذه الآياتِ",
        "t": 0
      }
    ]
  },
  {
    "id": 4004,
    "q": "مِن دَقَائِقِ المُجادلةِ الَّتِي جَرَتْ بين موسى عَليهِ السَّلامُ، وفِرْعَون أنَّه:",
    "level": 3,
    "link": "https://www.dorar.net/tafseer/26/3",
    "section": "ash-shuara",
    "answers": [
      {
        "answer": "أنَّ الاستِفسارَ مُقَدَّمٌ في المناظَراتِ",
        "t": 1
      },
      {
        "answer": "أنَّ الحُجَّة لا تُدحَضُ إلَّا بمِثلِها",
        "t": 0
      },
      {
        "answer": "أنَّ الصَّبرَ مُفتاحُ النَّصرِ",
        "t": 0
      }
    ]
  },
  {
    "id": 4009,
    "q": "ما فائدةُ إدخالِ الأصنامِ التي كانت تُعبَدُ من دونِ اللهِ إلى النَّارِ مع عابدِيها؟",
    "level": 3,
    "link": "https://www.dorar.net/tafseer/26/7",
    "section": "ash-shuara",
    "answers": [
      {
        "answer": "إشراكُ الجَميعِ في العَذابِ المُستَحقِّ للجُرْمِ الواحِد",
        "t": 0
      },
      {
        "answer": "أنَّ في ذلك إهانةً لعابديها؛ وبيانِ أنهَّا لا تنفَعُ",
        "t": 1
      },
      {
        "answer": "تَعذيبُها لاستِحقاقِها ذلك بإغواءِ بَني آدمَ",
        "t": 0
      }
    ]
  },
  {
    "id": 4006,
    "q": "عبَّر اللهُ تعالى عن خُرورِ السَّحَرَةِ للسُّجُودِ بالإلقاءِ؛ وذلك في قَولِه: {فَأُلْقِيَ السَّحَرَةُ سَاجِدِينَ}، وذلك للدَّلالةِ عَلى:",
    "level": 3,
    "link": "https://www.dorar.net/tafseer/26/4",
    "section": "ash-shuara",
    "answers": [
      {
        "answer": "أنَّهُم سَقَطوا كأنَّهُم أُلْقُوا من مَكانٍ سَحيقٍ",
        "t": 0
      },
      {
        "answer": "للرِّعايَةِ على الفاصِلَةِ",
        "t": 0
      },
      {
        "answer": "أنه ذُكِر مع الإلقاءاتِ، فسُلِك به طريقُ المُشاكَلةِ",
        "t": 1
      }
    ]
  },
  {
    "id": 4012,
    "q": "المُرادُ بقَولِه تَعاَلى: {مَصَانِعَ}:",
    "level": 3,
    "link": "https://dorar.net/tafseer/26/9",
    "section": "ash-shuara",
    "answers": [
      {
        "answer": "أماكِنُ الصِّناعَة",
        "t": 0
      },
      {
        "answer": "ما يُصنَعُ مِن أَدواتِ الحَربِ",
        "t": 0
      },
      {
        "answer": "مَنازِل، وحُصون، وقُصور مُشَيَّدة",
        "t": 1
      }
    ]
  },
  {
    "id": 4018,
    "q": "المُرادُ بقَولِه تَعاَلى: {زُبُرِ}:",
    "level": 3,
    "link": "https://dorar.net/tafseer/26/13",
    "section": "ash-shuara",
    "answers": [
      {
        "answer": "أَساطِير",
        "t": 0
      },
      {
        "answer": "كتُب",
        "t": 1
      },
      {
        "answer": "قَصَص",
        "t": 0
      }
    ]
  },
  {
    "id": 4014,
    "q": "في قَولِه تَعاَلى: {إِذْ قَالَ لَهُمْ أَخُوهُمْ صَالِحٌ أَلَا تَتَّقُونَ}:",
    "level": 3,
    "link": "https://dorar.net/tafseer/26/10",
    "section": "ash-shuara",
    "answers": [
      {
        "answer": "تَبْرِئَةُ صالحٍ عَليهِ السَّلامُ مِمَّا يَفعَلُهُ قَومُه",
        "t": 0
      },
      {
        "answer": "التَّنبيهِ على أنَّ صالحًا عَليهِ السَّلامُ تبرأ مِن نَسَبِهِم بسَببِ كُفرهِم",
        "t": 0
      },
      {
        "answer": "التَّنْبيهُ على أنَّه أَخوهُم في النَّسَبِ، وبِالتَّالي فهم يَعرِفون صِدقَه وأمانَتَه وشَفَقتَه عليهم",
        "t": 1
      }
    ]
  },
  {
    "id": 4008,
    "q": "في قَولِ إبراهيمَ الخَليلِ عَليهِ السَّلامُ:  {وَالَّذِي أَطْمَعُ أَنْ يَغْفِرَ لِي خَطِيئَتِي يَوْمَ الدِّينِ} دلالةٌ على:",
    "level": 3,
    "link": "https://www.dorar.net/tafseer/26/6",
    "section": "ash-shuara",
    "answers": [
      {
        "answer": "أنَّ الأنبياءَ مَعصومون منَ الذُّنوبِ مُطلَقًا، وإنَّما ذُكِر هذا عَلى سبيلِ المُبالَغةِ",
        "t": 0
      },
      {
        "answer": "أنَّ الأنبياءَ يرتكبونَ الذنوبَ صغيرَها وكبيرَها",
        "t": 0
      },
      {
        "answer": "جَوازِ الصَّغائرِ على الأنبياءِ",
        "t": 1
      }
    ]
  },
  {
    "id": 4010,
    "q": "المُرادُ بقَولِه تَعاَلى: {فَافْتَحْ}:",
    "level": 3,
    "link": "https://dorar.net/tafseer/26/8",
    "section": "ash-shuara",
    "answers": [
      {
        "answer": "احكُمْ واقْضِ",
        "t": 1
      },
      {
        "answer": "أَزِلِ الغِطَاءَ",
        "t": 0
      },
      {
        "answer": "انْصُرنا عَليهِم",
        "t": 0
      }
    ]
  },
  {
    "id": 4011,
    "q": "في قَولِه تَعاَلى: {وَمَا أَنَا بِطَارِدِ الْمُؤْمِنِينَ} فائدةٌ؛ وهي:",
    "level": 3,
    "link": "https://dorar.net/tafseer/26/8",
    "section": "ash-shuara",
    "answers": [
      {
        "answer": "تمييزُ المؤمنينَ على الكافرينَ ",
        "t": 0
      },
      {
        "answer": "عدمُ جَوازِ طردِ المؤمنين لأنَّ ذلك مِن شِيَمِ الكُفَّارِ",
        "t": 0
      },
      {
        "answer": "أنَّه ينبغي موالاةُ المؤمِنينَ، والقربُ منهم، والتَّواضُعُ لهم وعَدَمُ إبعادِهم",
        "t": 1
      }
    ]
  },
  {
    "id": 4016,
    "q": "في قَولِه تَعاَلى: {وَتَذَرُونَ مَا خَلَقَ لَكُمْ رَبُّكُمْ مِنْ أَزْوَاجِكُمْ} دليلٌ على:",
    "level": 3,
    "link": "https://dorar.net/tafseer/26/11",
    "section": "ash-shuara",
    "answers": [
      {
        "answer": "استِحبابِ كَثْرةِ الجِمَاعِ",
        "t": 0
      },
      {
        "answer": "الحَثُّ على تَعَدُّدِ الزَّوجاتِ",
        "t": 0
      },
      {
        "answer": "تَحريمِ أدبارِ الزَّوجاتِ والمملوكاتِ",
        "t": 1
      }
    ]
  },
  {
    "id": 4017,
    "q": "في قَولِه تَعاَلى: {إِذْ قَالَ لَهُمْ أَخُوهُمْ لُوطٌ}: ",
    "level": 3,
    "link": "https://dorar.net/tafseer/26/11",
    "section": "ash-shuara",
    "answers": [
      {
        "answer": "أنَّ هذا من قَبِيلِ إطلاقِ الأُخُوَّةِ على مُلازَمةِ الشَّيءِ ومُمارَستِه؛ فإنَّه لمَّا استوطَنَ بلادَهم، وعاشَرَ فيهم، وحالَفَهم، وظاهَرَهم؛ جُعِلَ أخًا لهم",
        "t": 1
      },
      {
        "answer": "التنبيهُ على شِدَّةِ اعتِناءِ لُوطٍ عَليهِ السَّلامُ بقَومِه حتَّى صارَ كالأَخِ لهُم",
        "t": 0
      },
      {
        "answer": "دَليلٌ على أنَّ لوطًا عَليهِ السَّلامُ كان أخاهُم في النَّسَبِ",
        "t": 0
      }
    ]
  },
  {
    "id": 4013,
    "q": "وَرَدت قِراءةٌ في قَولِه تَعاَلى: {إِنْ هَذَا إِلَّا خُلُقُ الْأَوَّلِينَ} عَلى هَذا النَّحوِ: {إِنْ هَذَا إِلَّا خَلْقُ الْأَوَّلِينَ} بفَتحِ الخاءِ وسُكونِ اللامِ في \"خلق\" وذلك بتَأويلِ:",
    "level": 3,
    "link": "https://dorar.net/tafseer/26/9",
    "section": "ash-shuara",
    "answers": [
      {
        "answer": "دِينِ الأولينَ وعادَتِهم ",
        "t": 0
      },
      {
        "answer": "خِلقَة وهَيْئَةِ الأَوَّلِينَ",
        "t": 0
      },
      {
        "answer": "كَذبِ واختلاقِ الأوَّلِين، أوِ المرادُ إنكارُهم البَعثَ",
        "t": 1
      }
    ]
  },
  {
    "id": 4003,
    "q": "استِعمالُ السِّينِ والفاءِ الكائِنَتَين في كَلِمةِ: {فَسَيَأْتِيهِمْ} معًا:",
    "level": 3,
    "link": "https://www.dorar.net/tafseer/26/1",
    "section": "ash-shuara",
    "answers": [
      {
        "answer": "للعَطفِ ",
        "t": 0
      },
      {
        "answer": "لتَأكيدِ مَضمونِ الجُملةِ وتَقريرِه",
        "t": 1
      },
      {
        "answer": "لتَحقِيقِ البَيانِ",
        "t": 0
      }
    ]
  },
  {
    "id": 4019,
    "q": "قَولُهِ تَعَالَى: {ذِكْرَى وَمَا كُنَّا ظَالِمِينَ} معنى \"ذِكْرَى\" أي:",
    "level": 3,
    "link": "https://dorar.net/tafseer/26/13",
    "section": "ash-shuara",
    "answers": [
      {
        "answer": "عِبرَةٌ",
        "t": 0
      },
      {
        "answer": "تَذكيرٌ",
        "t": 1
      },
      {
        "answer": "مَوعِظَةٌ",
        "t": 0
      }
    ]
  },
  {
    "id": 4005,
    "q": "اللَّامُ في قَولِه تَعاَلى: {لَئِنِ اتَّخَذْتَ إِلَهًا}:",
    "level": 3,
    "link": "https://www.dorar.net/tafseer/26/3",
    "section": "ash-shuara",
    "answers": [
      {
        "answer": "مُوطِّئةٌ للقَسَمِ",
        "t": 1
      },
      {
        "answer": "لِلتَّوكِيدِ",
        "t": 0
      },
      {
        "answer": "سَبَبِيَّة",
        "t": 0
      }
    ]
  },
  {
    "id": 4015,
    "q": "في قَولِه تَعاَلى:    {أَتُتْرَكُونَ فِي مَا هَا هُنَا آَمِنِينَ}:",
    "level": 3,
    "link": "https://dorar.net/tafseer/26/10",
    "section": "ash-shuara",
    "answers": [
      {
        "answer": "دَليلٌ على عدمِ البقاءِ في حالِ الرَّفاهيَةِ عِقابًا لِمَنِ الْتَزَموا شِركَهم",
        "t": 1
      },
      {
        "answer": "بَيانُ أَمرِ استِقرارِهِم في غَفلتِهم",
        "t": 0
      },
      {
        "answer": "استِفهامٌ حقيقيٌّ على بَقائهِم في مَوطِنِهمُ الَّذي يَسكُنونه",
        "t": 0
      }
    ]
  },
  {
    "id": 4007,
    "q": "الهِدايةُ المَذكورةُ في قَولِ مُوسَى عَليهِ السَّلامُ: {قَالَ كَلَّا إِنَّ مَعِيَ رَبِّي سَيَهْدِينِ}:",
    "level": 3,
    "link": "https://www.dorar.net/tafseer/26/5",
    "section": "ash-shuara",
    "answers": [
      {
        "answer": "هِدايةُ العِلمِ",
        "t": 0
      },
      {
        "answer": "هدايةُ التَّوفيقِ للعَمَلِ الصَّالِح",
        "t": 0
      },
      {
        "answer": "الهدايةُ لطريقِ النَّجاةِ التي يَنجو بها",
        "t": 1
      }
    ]
  }
]