[
  {
    "id": 3995,
    "q": "المُرادُ بقَولِه تَعاَلى: {رِيعٍ}:",
    "level": 2,
    "link": "https://dorar.net/tafseer/26/9",
    "section": "ash-shuara",
    "answers": [
      {
        "answer": "مكان مُرتَفع مِن الأرضِ",
        "t": 1
      },
      {
        "answer": "ما يُرتَاعُ له خَوفًا وفَزعًا",
        "t": 0
      },
      {
        "answer": "رِيحٌ شَديدَةٌ",
        "t": 0
      }
    ]
  },
  {
    "id": 3984,
    "q": "فِي إثباتِ النِّداءِ في قَولِه تَعاَلى: {وَإِذْ نَادَى رَبُّكَ} دليلٌ على:",
    "level": 2,
    "link": "https://www.dorar.net/tafseer/26/2",
    "section": "ash-shuara",
    "answers": [
      {
        "answer": "أنَّ كَلامَ اللهِ تَعالَى يكون بصوتٍ وحروفٍ",
        "t": 1
      },
      {
        "answer": "أنَّ اللهَ تعالى يتكلَّمُ لا بحرفٍ ولا بصوتٍ",
        "t": 0
      },
      {
        "answer": "إِثباتُ اسمِ المُنادَي للهِ عزَّ وجلَّ",
        "t": 0
      }
    ]
  },
  {
    "id": 3992,
    "q": "في قَولِه تَعاَلى حِكَايَةً عن تحسُّر الكافرينَ في النار: {فَمَا لَنَا مِنْ شَافِعِينَ} دلالةٌ على:",
    "level": 2,
    "link": "https://www.dorar.net/tafseer/26/7",
    "section": "ash-shuara",
    "answers": [
      {
        "answer": "تَعدُّدُ أَنواعِ الشَّفاعاتِ يومَ القِيامَة",
        "t": 0
      },
      {
        "answer": "انتِفاءُ الشَّفاعاتِ مُطلقًا يَومَ القيامةِ",
        "t": 0
      },
      {
        "answer": "انتفاءُ الشَّفاعةِ عن المكذِّبين للرُّسُلِ؛ وأنَّه لا يُشفَعُ لهم",
        "t": 1
      }
    ]
  },
  {
    "id": 3994,
    "q": "في تَقْدِيمِ تَقْوَى اللهِ تعالى على طاعةِ الرَّسولِ في قَولِه تَعاَلى: {فَاتَّقُوا اللَّهَ وَأَطِيعُونِ} فائدةٌ؛ وهي:",
    "level": 2,
    "link": "https://dorar.net/tafseer/26/8",
    "section": "ash-shuara",
    "answers": [
      {
        "answer": "أنَّ تَقوَى الله هي الفَريضةُ وطاعةُ الرَّسولِ نافِلَة",
        "t": 0
      },
      {
        "answer": "أن تقْوَى اللهِ سببٌ لطاعةِ الرُّسُلِ",
        "t": 1
      },
      {
        "answer": "التَّأدُّب مع الله في الدُّعاءِ والطَّلَبِ",
        "t": 0
      }
    ]
  },
  {
    "id": 3991,
    "q": "المراد ُمن قَولِه تَعالَى: {فَكُبْكِبُوا}:",
    "level": 2,
    "link": "https://www.dorar.net/tafseer/26/7",
    "section": "ash-shuara",
    "answers": [
      {
        "answer": "شُرْذِمُوا وتَفَرَّقُوا",
        "t": 0
      },
      {
        "answer": "رُفِعُوا",
        "t": 0
      },
      {
        "answer": "جُمِعوا وطُرِحوا",
        "t": 1
      }
    ]
  },
  {
    "id": 3987,
    "q": "في قَولِه تَعاَلى: {فَأَخْرَجْنَاهُمْ مِنْ جَنَّاتٍ وَعُيُونٍ}:",
    "level": 2,
    "link": "https://www.dorar.net/tafseer/26/5",
    "section": "ash-shuara",
    "answers": [
      {
        "answer": "إِشارَةٌ إلى الخُلودِ في الدارِ الآخِرَة",
        "t": 0
      },
      {
        "answer": "تَنبِيهٌ على أنَّ الجِنانَ لا تَصلُح إلا بعُيونِ الماء",
        "t": 0
      },
      {
        "answer": "تحذيرٌ للطُّغاةِ مِن أن تزولَ نِعَمُهم بسبَبِ طُغيانِهم",
        "t": 1
      }
    ]
  },
  {
    "id": 3999,
    "q": "في قَولِه تَعاَلى: {وَإِنَّهُ لَفِي زُبُرِ الْأَوَّلِينَ} دَلالةٌ عَلى:",
    "level": 2,
    "link": "https://dorar.net/tafseer/26/13",
    "section": "ash-shuara",
    "answers": [
      {
        "answer": "أنَّ دِينَ الأَنبياءِ واحِدٌ وشَرائِعُهم مُختَلِفَة",
        "t": 0
      },
      {
        "answer": "أنَّ هذا القُرآنَ مَذكورٌ خبَرُه في كتُبِ الأنبياءِ السَّابقةِ المبشِّرةِ به، ممَّا يدُلُّ على صِحَّتِه",
        "t": 1
      },
      {
        "answer": "تَكرارِ مَوَاعِظِ القرآنِ وأَحْكَامِهِ في الشَّرائِع السَّابِقَةِ",
        "t": 0
      }
    ]
  },
  {
    "id": 3989,
    "q": "السِّرُّ في قَولِ إبراهيمَ عَليهِ السَّلامِ: {وَإِذَا مَرِضْتُ فَهُوَ يَشْفِينِ}:",
    "level": 2,
    "link": "https://www.dorar.net/tafseer/26/6",
    "section": "ash-shuara",
    "answers": [
      {
        "answer": "إِشارَةٌ إلى الرِّضا التَّام بأَقدارِ الله عزَّ وجلَّ",
        "t": 0
      },
      {
        "answer": "أن هذا من حُسْنِ الأدبِ مع اللهِ تعالى؛ فمِنَ الأدبِ إضافةُ نوعِ الحسَنةِ إلى الله، ونوعِ السَّيِّئةِ إلى النفْسِ",
        "t": 1
      },
      {
        "answer": "أنَّ كلَّ شَيءٍ  بَيَدِ الله تعالى حتى المَرَض والشِّفاء ",
        "t": 0
      }
    ]
  },
  {
    "id": 3986,
    "q": "المرادُ من قولِه تَعَالَى: {تَلْقَفُ}:",
    "level": 2,
    "link": "https://www.dorar.net/tafseer/26/4",
    "section": "ash-shuara",
    "answers": [
      {
        "answer": "تَحرِقُ",
        "t": 0
      },
      {
        "answer": "تَبتَلِعُ",
        "t": 1
      },
      {
        "answer": "تَقذِفُ",
        "t": 0
      }
    ]
  },
  {
    "id": 3983,
    "q": "في قولِه تعالى: {فَظَلَّتْ أَعْنَاقُهُمْ لَهَا خَاضِعِينَ} أصْلُ الكلامِ: \"فظَلُّوا لها خاضعينَ\"، فأُقحِمَتِ الأعناقُ لـ:",
    "level": 2,
    "link": "https://www.dorar.net/tafseer/26/1",
    "section": "ash-shuara",
    "answers": [
      {
        "answer": "لبَيانِ مَوضعِ الخُضوعِ",
        "t": 1
      },
      {
        "answer": "للإشارةِ إلى العَجزِ المُنافِي للقُدرَةِ",
        "t": 0
      },
      {
        "answer": "للتَّأكيدِ على فِعلِ  الإعراضِ",
        "t": 0
      }
    ]
  },
  {
    "id": 3982,
    "q": "المُرادُ بقَولِه تَعاَلى: {بَاخِعٌ}:",
    "level": 2,
    "link": "https://www.dorar.net/tafseer/26/1",
    "section": "ash-shuara",
    "answers": [
      {
        "answer": "قَاتِلٌ",
        "t": 1
      },
      {
        "answer": "مَسْرُور",
        "t": 0
      },
      {
        "answer": "خَاشِع",
        "t": 0
      }
    ]
  },
  {
    "id": 3981,
    "q": "سورةُ الشُّعَراءِ منَ السُّوَرِ:",
    "level": 2,
    "link": "https://www.dorar.net/tafseer/26",
    "section": "ash-shuara",
    "answers": [
      {
        "answer": "المكيَّة",
        "t": 1
      },
      {
        "answer": "المدنيَّة",
        "t": 0
      },
      {
        "answer": "المختلَف فيها",
        "t": 0
      }
    ]
  },
  {
    "id": 3993,
    "q": "المُرادُ بقَولِه تَعاَلى: {الْأَرْذَلُونَ}:",
    "level": 2,
    "link": "https://dorar.net/tafseer/26/8",
    "section": "ash-shuara",
    "answers": [
      {
        "answer": "أهلُ الضَّعَةِ والخَساسةِ",
        "t": 1
      },
      {
        "answer": "أَصحابُ الضِّياعِ",
        "t": 0
      },
      {
        "answer": "السَّابِقُونَ",
        "t": 0
      }
    ]
  },
  {
    "id": 3990,
    "q": "في قولِه تعالى: {الَّذِي خَلَقَنِي فَهُوَ يَهْدِينِ} قال: \"خَلَقَنِي\" بلفظِ الماضي، و: \"يَهْدِينِ\" بلفظِ المستقبَلِ:",
    "level": 2,
    "link": "https://www.dorar.net/tafseer/26/6",
    "section": "ash-shuara",
    "answers": [
      {
        "answer": "لتَقدُّمِ الخَلْقِ واستِمرارِ الهِدايةِ",
        "t": 1
      },
      {
        "answer": "لرِعايَةِ التَّرتِيبِ الزَّمَنِي في الأَحداثِ",
        "t": 0
      },
      {
        "answer": "لأنَّ احتِياجَ العِبادِ للهِدايَةِ أَعظمُ مِن احتِياجِهِم للخَلْقِ",
        "t": 0
      }
    ]
  },
  {
    "id": 3998,
    "q": "في قَولِه تَعاَلى: {فَنَجَّيْنَاهُ وَأَهْلَهُ أَجْمَعِينَ * إِلَّا عَجُوزًا فِي الْغَابِرِينَ}:",
    "level": 2,
    "link": "https://dorar.net/tafseer/26/11",
    "section": "ash-shuara",
    "answers": [
      {
        "answer": "أنَّ القُرْبَ منَ الأنبياءِ والأولياءِ لا يُغْني الإنسانَ شيئًا",
        "t": 1
      },
      {
        "answer": "أنَّ مَعِيَّة الله عزَّ وجلَّ مع المُؤمِنينَ ولو نَزلَ بهِم العَذابُ",
        "t": 0
      },
      {
        "answer": "الإتيانُ بلَفظِ الغابِرين للدَّلالةِ على عُتُوِّهِم في الكُفرِ",
        "t": 0
      }
    ]
  },
  {
    "id": 3997,
    "q": "المُرادُ بقَولِه تَعاَلى: {شِرْبٌ}:",
    "level": 2,
    "link": "https://dorar.net/tafseer/26/10",
    "section": "ash-shuara",
    "answers": [
      {
        "answer": "حَظٌّ ونَصيبٌ مِن الماءِ",
        "t": 1
      },
      {
        "answer": "آلةُ الشُّرْبِ التي يُسْتَقَى بها الماءُ",
        "t": 0
      },
      {
        "answer": "البِئْرُ التي يُسْتَقَى مِنْهَا ",
        "t": 0
      }
    ]
  },
  {
    "id": 3988,
    "q": "المقصودُ بقوله تعالى: {لِسَانَ صِدْقٍ}:",
    "level": 2,
    "link": "https://www.dorar.net/tafseer/26/6",
    "section": "ash-shuara",
    "answers": [
      {
        "answer": "دَعوةٌ صادِقَةٌ",
        "t": 0
      },
      {
        "answer": "ذِكر وثناء حَسَن",
        "t": 1
      },
      {
        "answer": "تَوبَةٌ نَصوحٌ",
        "t": 0
      }
    ]
  },
  {
    "id": 4000,
    "q": "في قَولِه تَعاَلى: {وَمَا أَهْلَكْنَا مِنْ قَرْيَةٍ إِلَّا لَهَا مُنْذِرُونَ} دليلٌ على:",
    "level": 2,
    "link": "https://dorar.net/tafseer/26/13",
    "section": "ash-shuara",
    "answers": [
      {
        "answer": "أنَّ كُلَّ قريةٍ قَدْ جاءَها رُسُلٌ أو أَنبِياءُ",
        "t": 0
      },
      {
        "answer": "أنَّ الهَلاكَ إذا جاءَ لا يأتي لأَفرادٍ بأعيُنِهِم؛ إنَّما يأتِي عامًّا",
        "t": 0
      },
      {
        "answer": "أنَّ اللهَ تعالى لا يُعَذِّبُ أحدًا ولا يُهلِكُه إلَّا بذَنْبِه، وبعْدَ إرسالِ الرَّسولِ إليه",
        "t": 1
      }
    ]
  },
  {
    "id": 3996,
    "q": "من صِفاتِ الأُمَم الطَّاغِيَة التي ذُكِرَت في سُورةِ هُود:",
    "level": 2,
    "link": "https://dorar.net/tafseer/26/9",
    "section": "ash-shuara",
    "answers": [
      {
        "answer": "اتِّخاذُ المَبانِي الفَخمةِ للفَخرِ والخُيَلاءِ والزِّينةِ، وقَهرُ العبادِ بالجَبَروتِ",
        "t": 1
      },
      {
        "answer": "التَّمادِي في شُربِ الخَمرِ واقتِرافِ الزِّنا",
        "t": 0
      },
      {
        "answer": "استِحقارُ الضُّعَفاءِ وظُلمُهم وهَضمُ حُقوقِهِم والسُّخرِيَة مِنهم",
        "t": 0
      }
    ]
  },
  {
    "id": 3985,
    "q": "في قَولِه تَعاَلى: {إِنَّا مَعَكُمْ مُسْتَمِعُونَ} دليلٌ على:",
    "level": 2,
    "link": "https://www.dorar.net/tafseer/26/2",
    "section": "ash-shuara",
    "answers": [
      {
        "answer": "إثباتُ المَعِيَّةِ للهِ عزَّ وجلَّ، وإثباتُ صفةِ السَّمع ِله أيضًا",
        "t": 1
      },
      {
        "answer": "عَدمِ جوازِ صِفةِ المَعِيَّة فِي حَقِّ اللهِ تعالى",
        "t": 0
      },
      {
        "answer": "أنَّ المَعِيَّة اسمٌ مِن أَسماءِ الله وصِفَةٌ مِن صِفاتِه",
        "t": 0
      }
    ]
  }
]