[
  {
    "id": 3976,
    "q": "المُرادُ بقَولِه تَعاَلى: {خُلُقُ الْأَوَّلِينَ}:",
    "level": 1,
    "link": "https://dorar.net/tafseer/26/9",
    "section": "ash-shuara",
    "answers": [
      {
        "answer": "أَدَبُهُم وَحِكْمَتُهُم",
        "t": 0
      },
      {
        "answer": "عادتُهم وشأنُهم",
        "t": 1
      },
      {
        "answer": "أشكالُهم وصفاتُهم",
        "t": 0
      }
    ]
  },
  {
    "id": 3977,
    "q": "في قَولِه تَعاَلى حكاية عن أنبيائه: {إِنِّي لَكُمْ رَسُولٌ أَمِينٌ} دليلٌ عَلَى:",
    "level": 1,
    "link": "https://dorar.net/tafseer/26/9",
    "section": "ash-shuara",
    "answers": [
      {
        "answer": "عِظَمِ أخلاقِ الأنبياءِ ومكانتِهم",
        "t": 0
      },
      {
        "answer": "جوازِ وصفِ الإنسانِ بالثَّناءِ على نَفْسِه للمَصلحةِ",
        "t": 1
      },
      {
        "answer": "ذمِّ مدحِ الإنسانِ لِنَفْسِهِ",
        "t": 0
      }
    ]
  },
  {
    "id": 3970,
    "q": "المراد من قوله تعالى: {كَالطَّوْدِ}:",
    "level": 1,
    "link": "https://www.dorar.net/tafseer/26/5",
    "section": "ash-shuara",
    "answers": [
      {
        "answer": "كالجَبَل",
        "t": 1
      },
      {
        "answer": "كَكَومِ الرَّماد",
        "t": 0
      },
      {
        "answer": "كَالصَّرْحِ",
        "t": 0
      }
    ]
  },
  {
    "id": 3967,
    "q": "الميقاتُ:",
    "level": 1,
    "link": "https://www.dorar.net/tafseer/26/4",
    "section": "ash-shuara",
    "answers": [
      {
        "answer": "أَوقاتُ الصَّلواتِ الخَمسِ",
        "t": 0
      },
      {
        "answer": "كلُّ ما يُوَقَّتُ بوَقتٍ مُعيَّنٍ فهو مِيقاتٌ",
        "t": 0
      },
      {
        "answer": "القدر المحدَّد للفعلِ مِن الزمانِ أو المكانِ",
        "t": 1
      }
    ]
  },
  {
    "id": 3978,
    "q": "المُرادُ بقَولِه تَعاَلى: {هَضِيمٌ}:",
    "level": 1,
    "link": "https://dorar.net/tafseer/26/10",
    "section": "ash-shuara",
    "answers": [
      {
        "answer": "مَظْلُوم مَهضُومٌ حَقّه",
        "t": 0
      },
      {
        "answer": "يانعٌ نَضيجٌ",
        "t": 1
      },
      {
        "answer": "سَلِيم مُعافَى",
        "t": 0
      }
    ]
  },
  {
    "id": 3964,
    "q": "المُرادُ بقَولِه تَعالَى: {عَبَّدْتَ بَنِي إِسْرَائِيلَ}:",
    "level": 1,
    "link": "https://www.dorar.net/tafseer/26/2",
    "section": "ash-shuara",
    "answers": [
      {
        "answer": "شَرَّفْتَهم وأَعليْت منازلَهم",
        "t": 0
      },
      {
        "answer": "اتَّخَذتَهم عبيدًا",
        "t": 1
      },
      {
        "answer": "استَعَنتَ بهِم في تَعضِيدِ مُلكِك",
        "t": 0
      }
    ]
  },
  {
    "id": 3969,
    "q": "معنى قوله: {لَشِرْذِمَةٌ}:",
    "level": 1,
    "link": "https://www.dorar.net/tafseer/26/5",
    "section": "ash-shuara",
    "answers": [
      {
        "answer": "طائِفةٌ ",
        "t": 1
      },
      {
        "answer": "جَماعَةٌ كَثيرَة",
        "t": 0
      },
      {
        "answer": "قَبِيلَةٌ مِن القَبائِل",
        "t": 0
      }
    ]
  },
  {
    "id": 3962,
    "q": "المُرادُ بقَولِه تَعاَلى: {مُحْدَثٍ}:",
    "level": 1,
    "link": "https://www.dorar.net/tafseer/26/1",
    "section": "ash-shuara",
    "answers": [
      {
        "answer": "عَرِيض",
        "t": 0
      },
      {
        "answer": "قَدِيم",
        "t": 0
      },
      {
        "answer": "مُجدَّد إنزالُه",
        "t": 1
      }
    ]
  },
  {
    "id": 3963,
    "q": "افتُتحَت هذه السُّورةُ الكَريمةُ بالحُروفِ المقطَّعة، والتي تُشير إلى:",
    "level": 1,
    "link": "https://www.dorar.net/tafseer/26/1",
    "section": "ash-shuara",
    "answers": [
      {
        "answer": "أنَّ للقرآن أسرارًا لا تُعلَمُ إلَّا بالتَّدَبُّر",
        "t": 0
      },
      {
        "answer": "جميعِ اللغاتِ الَّتي يتكلَّمُ بها البشرُ",
        "t": 0
      },
      {
        "answer": "إعجاز القرآن؛ وتُبرِز عجزَ الخَلْق عن معارضتِه بالإتيانِ بشيءٍ مِن مثلِه، مع أنَّه مركَّبٌ مِن هذه الحروفِ العربيَّةِ التي يَتحدَّثون بها",
        "t": 1
      }
    ]
  },
  {
    "id": 3980,
    "q": "في قَولِه تَعاَلى: {أَتَأْتُونَ الذُّكْرَانَ مِنَ الْعَالَمِينَ * وَتَذَرُونَ مَا خَلَقَ لَكُمْ رَبُّكُمْ مِنْ أَزْوَاجِكُمْ} إشارةٌ لطيفةٌ إلى:",
    "level": 1,
    "link": "https://dorar.net/tafseer/26/11",
    "section": "ash-shuara",
    "answers": [
      {
        "answer": "أنه ينبغي لمُعَلِّمِ النَّاسِ إذا ذَكَر لهم الأبوابَ الممنوعةَ أنْ يَفتحَ لهم الأبوابَ الجائزةَ",
        "t": 1
      },
      {
        "answer": "الحَثِّ على تَعدُّدِ الزَّوجاتِ؛ لقوله: (أَزْوَاجِكُمْ)",
        "t": 0
      },
      {
        "answer": "مُشرُوعِيَّة إنكارِ المُنكَر وإباحَتُه",
        "t": 0
      }
    ]
  },
  {
    "id": 3971,
    "q": "المُرادُ من قَولِه تَعالَى: {عَاكِفِينَ}:",
    "level": 1,
    "link": "https://www.dorar.net/tafseer/26/6",
    "section": "ash-shuara",
    "answers": [
      {
        "answer": "مُرْتَحِلِينَ",
        "t": 0
      },
      {
        "answer": "مُقيمينَ",
        "t": 1
      },
      {
        "answer": "خاضِعِينَ",
        "t": 0
      }
    ]
  },
  {
    "id": 3972,
    "q": "في قول إِبْرَاهِيمَ عَليهِ السَّلامُ {وَالَّذِي أَطْمَعُ أَنْ يَغْفِرَ لِي خَطِيئَتِي يَوْمَ الدِّينِ}:",
    "level": 1,
    "link": "https://www.dorar.net/tafseer/26/6",
    "section": "ash-shuara",
    "answers": [
      {
        "answer": "تخويفٌ للمُؤمِنينَ شديدٌ لأنْ يَعمَلوا ولا يَتَّكِلوا",
        "t": 1
      },
      {
        "answer": "تنبيهٌ على أنَّ الله لا يَغْفِرُ للعصاةِ",
        "t": 0
      },
      {
        "answer": "طَمْأَنَةٌ للعُصاةِ أنهم سيجِدون ربًّا غَفورًا رحيمًا",
        "t": 0
      }
    ]
  },
  {
    "id": 3961,
    "q": "سُميت سُورَة الشُّعراء بهذا الاسم؛ مِن أجْل:",
    "level": 1,
    "link": "https://www.dorar.net/tafseer/26",
    "section": "ash-shuara",
    "answers": [
      {
        "answer": "أنَّها تفرَّدَت من بينِ السُّوَر بذِكرِ كَلِمة الشعراء",
        "t": 1
      },
      {
        "answer": "التَّنبيه على فضل الشِّعر والشعراء",
        "t": 0
      },
      {
        "answer": "مكانةِ الشعراء في الإسلام",
        "t": 0
      }
    ]
  },
  {
    "id": 3973,
    "q": "مَعنَى قَولِه تَعالَى: {وَأُزْلِفَتِ}:",
    "level": 1,
    "link": "https://www.dorar.net/tafseer/26/7",
    "section": "ash-shuara",
    "answers": [
      {
        "answer": "بَعُدَتْ",
        "t": 0
      },
      {
        "answer": "قُرِّبَت",
        "t": 1
      },
      {
        "answer": "حُجِبَتْ ",
        "t": 0
      }
    ]
  },
  {
    "id": 3965,
    "q": "في قَولِه تَعاَلى حكايةً عن مُوسَى عليه السلام: {فَأَخَافُ أَنْ يَقْتُلُونِ} دليلٌ عَلَى:",
    "level": 1,
    "link": "https://www.dorar.net/tafseer/26/2",
    "section": "ash-shuara",
    "answers": [
      {
        "answer": "أنَّ الخوفَ الطبيعي ليس بشِركٍ",
        "t": 1
      },
      {
        "answer": "أنَّ الخوفَ مذموم ",
        "t": 0
      },
      {
        "answer": "أنَّ الخوف لازَم الأنبياءَ",
        "t": 0
      }
    ]
  },
  {
    "id": 3975,
    "q": "المُرادُ بقَولِه تَعاَلى: {بَطَشْتُمْ}:",
    "level": 1,
    "link": "https://dorar.net/tafseer/26/9",
    "section": "ash-shuara",
    "answers": [
      {
        "answer": "حَلُمتُم",
        "t": 0
      },
      {
        "answer": "عاقبتُم",
        "t": 1
      },
      {
        "answer": "أَطَعَمْتُم",
        "t": 0
      }
    ]
  },
  {
    "id": 3979,
    "q": "المُرادُ بقَولِه تَعاَلى: {الْقَالِينَ}:",
    "level": 1,
    "link": "https://dorar.net/tafseer/26/11",
    "section": "ash-shuara",
    "answers": [
      {
        "answer": "الرَّاضُون المُستَسلِمُون",
        "t": 0
      },
      {
        "answer": "المبغِضون المنكِرون",
        "t": 1
      },
      {
        "answer": "القَائِلونَ",
        "t": 0
      }
    ]
  },
  {
    "id": 3968,
    "q": "في قول السَّحَرةِ لفِرعونَ حينَ هدَّدهم: {قَالُوا لَا ضَيْرَ} دلالةٌ على أَنَّ:",
    "level": 1,
    "link": "https://www.dorar.net/tafseer/26/4",
    "section": "ash-shuara",
    "answers": [
      {
        "answer": "تهديدَ فرعون  لهم آنذاكَ كانَ مُجَرَّدَ تهديدٍ، لا يخشى من وقوعِ ما هَدَّدَ به",
        "t": 0
      },
      {
        "answer": "ضَعفِ حُجَّةِ فِرعونَ وبُطلانِ دَعواهُ",
        "t": 0
      },
      {
        "answer": "الإيمانَ إذا صَدَقَ صارَ أقوى مِن العاطِفةِ",
        "t": 1
      }
    ]
  },
  {
    "id": 3974,
    "q": "مَعنَى قَولِه تَعالَى: {كَرَّةً}:",
    "level": 1,
    "link": "https://dorar.net/tafseer/26/7",
    "section": "ash-shuara",
    "answers": [
      {
        "answer": "هَجمةً",
        "t": 0
      },
      {
        "answer": "فِرارًا",
        "t": 0
      },
      {
        "answer": "رَجْعَةً إلى الدُّنيا",
        "t": 1
      }
    ]
  },
  {
    "id": 3966,
    "q": "المُرادُ بقَولِه تَعاَلى: {أَرْجِهْ}:",
    "level": 1,
    "link": "https://www.dorar.net/tafseer/26/3",
    "section": "ash-shuara",
    "answers": [
      {
        "answer": "قَدِّمْهُ",
        "t": 0
      },
      {
        "answer": "أسرِعْ",
        "t": 0
      },
      {
        "answer": "أَخِّرْه",
        "t": 1
      }
    ]
  }
]