[
  {
    "id": 2864,
    "q": "المائعاتُ المتنجِّسةُ:",
    "level": 3,
    "link": "https://www.dorar.net/feqhia/187",
    "section": "tahara",
    "answers": [
      {
        "answer": "لا يمكنُ تَطهيرُها إلَّا إذا تعرَّضتْ للنارِ",
        "t": 0
      },
      {
        "answer": "لا يُمكنُ تَطهيرُها",
        "t": 0
      },
      {
        "answer": "يمكِنُ تَطهيرُها",
        "t": 1
      }
    ]
  },
  {
    "id": 2856,
    "q": "ما يُعفى عنه منَ النجاساتِ:",
    "level": 3,
    "link": "https://www.dorar.net/feqhia/187",
    "section": "tahara",
    "answers": [
      {
        "answer": "أثرُ النجاساتِ ويَسيرُها",
        "t": 1
      },
      {
        "answer": "بولُ الأطْفالِ",
        "t": 0
      },
      {
        "answer": "سؤرُ الكَلبِ",
        "t": 0
      }
    ]
  },
  {
    "id": 2846,
    "q": "ما حُكمُ تَضْبيبِ الأواني بالفضَّةِ؟",
    "level": 3,
    "link": "https://www.dorar.net/feqhia/58",
    "section": "tahara",
    "answers": [
      {
        "answer": "يجوزُ التَّضْبيبُ باليَسيرِ منَ الفضَّةِ لحاجةٍ",
        "t": 1
      },
      {
        "answer": "يُستحَبُّ التَّضْبيبُ باليَسيرِ منَ الفضَّةِ",
        "t": 0
      },
      {
        "answer": "لا يجوزُ التَّضْبيبُ بالفضَّةِ مُطلقًا",
        "t": 0
      }
    ]
  },
  {
    "id": 2858,
    "q": "متى يجِبُ الخِتانُ؟",
    "level": 3,
    "link": "https://www.dorar.net/feqhia/228",
    "section": "tahara",
    "answers": [
      {
        "answer": "بالبلوغِ، ولا يثبُتُ في تحديدِ وقتِ الخِتانِ شيءٌ",
        "t": 1
      },
      {
        "answer": "بعدَ الفِطامِ",
        "t": 0
      },
      {
        "answer": "في مدَّةِ الرَّضاعِ",
        "t": 0
      }
    ]
  },
  {
    "id": 2859,
    "q": "غَسلُ اليدِ أو الإصبَعِ الزائدةِ التي نبتَتْ بمحلِّ الفرضِ:",
    "level": 3,
    "link": "https://www.dorar.net/feqhia/260",
    "section": "tahara",
    "answers": [
      {
        "answer": "مُستحَبٌّ",
        "t": 0
      },
      {
        "answer": "واجبٌ باتِّفاقِ المذاهِبِ الفقهيَّةِ الأربعةِ",
        "t": 1
      },
      {
        "answer": "غيرُ مَشرُوعٍ",
        "t": 0
      }
    ]
  },
  {
    "id": 2861,
    "q": "تثبُتُ العادةُ في الحَيضِ إذا:",
    "level": 3,
    "link": "https://www.dorar.net/feqhia/599",
    "section": "tahara",
    "answers": [
      {
        "answer": "تَكرَّرَ ثلاثَ مرَّاتٍ",
        "t": 1
      },
      {
        "answer": "جاءَ مرَّةً واحدةً",
        "t": 0
      },
      {
        "answer": "تَكرَّرَ خمسَ مرَّاتٍ",
        "t": 0
      }
    ]
  },
  {
    "id": 2857,
    "q": "الاستحالةُ هي:",
    "level": 3,
    "link": "https://www.dorar.net/feqhia/189",
    "section": "tahara",
    "answers": [
      {
        "answer": "انعدامُ تحوُّلِ العَينِ النَّجِسةِ إلى طاهِرَة",
        "t": 0
      },
      {
        "answer": "تحوُّلُ العَينِ الطاهِرةِ إلى نَجِسةٍ بنفْسِها أو بواسِطٍة",
        "t": 0
      },
      {
        "answer": "تحوُّلُ العينِ النَّجِسةِ إلى طاهِرةٍ بنفْسِها أو بواسِطةٍ",
        "t": 1
      }
    ]
  },
  {
    "id": 2863,
    "q": "الآنيةُ من عَظمِ مأكولِ اللَّحمِ المُذَكَّى:",
    "level": 3,
    "link": "https://www.dorar.net/feqhia/54",
    "section": "tahara",
    "answers": [
      {
        "answer": "يجوزُ اتِّخاذُها",
        "t": 1
      },
      {
        "answer": "لا يجوزُ اتِّخاذُها",
        "t": 0
      },
      {
        "answer": "يُكرَهُ اتِّخاذُها بالإجماعِ",
        "t": 0
      }
    ]
  },
  {
    "id": 2855,
    "q": "المُستَحاضةُ المُعتادةُ غيرُ المميِّزةِ:",
    "level": 3,
    "link": "https://www.dorar.net/feqhia/648",
    "section": "tahara",
    "answers": [
      {
        "answer": "تَجلِسُ مِقدارَ عادتِها، ثم تَغتسِلُ وتُصلِّي",
        "t": 1
      },
      {
        "answer": "لا تَقطَعُ الصلاةَ والصومَ",
        "t": 0
      },
      {
        "answer": "لا تُصلِّي ولا تصومُ",
        "t": 0
      }
    ]
  },
  {
    "id": 2849,
    "q": "ما حُكمُ ما جُزَّ من شَعرٍ أو وَبرٍ أو صوفٍ لمَيتةِ حَيوانٍ طاهرٍ في حياتِه؟",
    "level": 3,
    "link": "https://www.dorar.net/feqhia/180",
    "section": "tahara",
    "answers": [
      {
        "answer": "طاهرٌ منَ الحيوانِ المأكولِ فقط",
        "t": 0
      },
      {
        "answer": "طاهرٌ، ولو كان غيرَ مأكولٍ",
        "t": 1
      },
      {
        "answer": "غيرُ طاهرٍ",
        "t": 0
      }
    ]
  },
  {
    "id": 2860,
    "q": "مَن لبِس الخُفَّينِ وهو مُقيمٌ ولم يُحدِثْ، ثمَّ سافَرَ، ولم يمسَحْ إلَّا في السفَرِ؛ فإنَّه:",
    "level": 3,
    "link": "https://www.dorar.net/feqhia/370",
    "section": "tahara",
    "answers": [
      {
        "answer": "يجِبُ عليه خَلعُ الخُفَّينِ",
        "t": 0
      },
      {
        "answer": "يَمسَحُ مسْحَ مُقيمٍ",
        "t": 0
      },
      {
        "answer": "يَمسَحُ مسْحَ مسافرٍ",
        "t": 1
      }
    ]
  },
  {
    "id": 2851,
    "q": "ما حُكمُ إطالةِ الغُرَّةِ والتحْجيلِ في الوُضوءِ؟",
    "level": 3,
    "link": "https://www.dorar.net/feqhia/319",
    "section": "tahara",
    "answers": [
      {
        "answer": "لا تُشرَعُ",
        "t": 1
      },
      {
        "answer": "واجبٌ",
        "t": 0
      },
      {
        "answer": "مُستحَبٌّ",
        "t": 0
      }
    ]
  },
  {
    "id": 2850,
    "q": "مَن غلَب على ظنِّه وُقوعُ الهلاكِ أوِ الضرَرِ منَ الخِتانِ؛ فإنَّه:",
    "level": 3,
    "link": "https://www.dorar.net/feqhia/220",
    "section": "tahara",
    "answers": [
      {
        "answer": "يسقُطُ عنه قدْرَ سَنةٍ فقط",
        "t": 0
      },
      {
        "answer": "يسقُطُ عنه الخِتانُ، حتى يَغلِبَ على الظنِّ سلامتُه",
        "t": 1
      },
      {
        "answer": "لا يسقُطُ عنه الخِتانُ",
        "t": 0
      }
    ]
  },
  {
    "id": 2848,
    "q": "كيفيَّةُ تَطهيرِ الجلَّالةِ:",
    "level": 3,
    "link": "https://www.dorar.net/feqhia/175",
    "section": "tahara",
    "answers": [
      {
        "answer": "تطهُرُ الجَلَّالةُ إذا مُنِعَت منَ الأكلِ حتى تضعُفَ",
        "t": 0
      },
      {
        "answer": "تطهُرُ الجَلَّالةُ بمنعِها منَ النجاساتِ، وحَبسِها على العلَفِ الطاهِرِ",
        "t": 1
      },
      {
        "answer": "تطهُرُ الجَلَّالةُ بغَمسِها في ماءٍ جارٍ سبعَ مرَّاتٍ",
        "t": 0
      }
    ]
  },
  {
    "id": 2853,
    "q": "ما حُكمُ خُروجِ النادِرِ منَ السَّبيلَينِ - كالدُّودِ، والحَصى، ودمِ البواسيرِ؟",
    "level": 3,
    "link": "https://www.dorar.net/feqhia/405",
    "section": "tahara",
    "answers": [
      {
        "answer": "يَنقُضُ الوُضوءَ",
        "t": 1
      },
      {
        "answer": "لا يَنقُضُ الوضوءَ، لكنْ يُستحَبُّ له الوضوءُ",
        "t": 0
      },
      {
        "answer": "لا يَنقُضُ الوُضوءَ",
        "t": 0
      }
    ]
  },
  {
    "id": 2852,
    "q": "مسحُ الخُفَّينِ على طَهارةِ التيَمُّمِ:",
    "level": 3,
    "link": "https://www.dorar.net/feqhia/350",
    "section": "tahara",
    "answers": [
      {
        "answer": "لا يصِحُّ",
        "t": 1
      },
      {
        "answer": "يصِحُّ معَ الكَراهةِ",
        "t": 0
      },
      {
        "answer": "يصِحُّ مُطلقًا",
        "t": 0
      }
    ]
  },
  {
    "id": 2854,
    "q": "إذا وجَد المحدِثُ ماءً ولا يَكفي إلَّا لإزالةِ النجاسةِ على بدَنِه فقط؛ فإنَّه:",
    "level": 3,
    "link": "https://www.dorar.net/feqhia/546",
    "section": "tahara",
    "answers": [
      {
        "answer": "ينتظِرُ حتى يجِدَ الماءَ",
        "t": 0
      },
      {
        "answer": "يَتيمَّمُ للنَّجاسةِ",
        "t": 0
      },
      {
        "answer": "يَغسِلُ بها النجاسةَ، ويَتيمَّمُ عن حدَثِه",
        "t": 1
      }
    ]
  },
  {
    "id": 2865,
    "q": "ضابطُ اليَسيرِ الذي يُعْفى عنه منَ النجاساتِ هو:",
    "level": 3,
    "link": "https://www.dorar.net/feqhia/187",
    "section": "tahara",
    "answers": [
      {
        "answer": "العُرفُ؛ وهو ما يَعُدُّه أوساطُ النَّاسِ يَسيرًا، غيرَ فاحشٍ",
        "t": 1
      },
      {
        "answer": "ما جاء في النصِّ",
        "t": 0
      },
      {
        "answer": "ليس له ضابطٌ",
        "t": 0
      }
    ]
  },
  {
    "id": 2862,
    "q": "ما هو أقلُّ النِّفاسِ؟",
    "level": 3,
    "link": "https://www.dorar.net/feqhia/630",
    "section": "tahara",
    "answers": [
      {
        "answer": "ثلاثونَ يومًا",
        "t": 0
      },
      {
        "answer": "لا حدَّ لأقلِّ النِّفاسِ باتِّفاقِ المذاهبِ الفقهيَّةِ الأربعةِ",
        "t": 1
      },
      {
        "answer": "أربعونَ يومًا",
        "t": 0
      }
    ]
  },
  {
    "id": 2847,
    "q": "لا يُجزئُ الاستِجْمارُ بأقلَّ من:",
    "level": 3,
    "link": "https://www.dorar.net/feqhia/128",
    "section": "tahara",
    "answers": [
      {
        "answer": "ثلاثةِ أحجارٍ",
        "t": 1
      },
      {
        "answer": "أربعةِ أحجارٍ",
        "t": 0
      },
      {
        "answer": "خمسةِ أحجارٍ",
        "t": 0
      }
    ]
  }
]