[
  {
    "id": 2840,
    "q": "مَن تَيمَّمَ ناسيًا وجودَ الماءِ؛ فإنَّه:",
    "level": 2,
    "link": "https://www.dorar.net/feqhia/546",
    "section": "tahara",
    "answers": [
      {
        "answer": "لا شيءَ عليه",
        "t": 0
      },
      {
        "answer": "تَلزَمُه إعادةُ الصلاةِ",
        "t": 1
      },
      {
        "answer": "يُستحَبُّ له إعادةُ الصلاةِ",
        "t": 0
      }
    ]
  },
  {
    "id": 2842,
    "q": "ما حُكمُ التبوُّلِ في الشُّقوقِ والجُحورِ والثُّقوبِ؟",
    "level": 2,
    "link": "https://www.dorar.net/feqhia/108",
    "section": "tahara",
    "answers": [
      {
        "answer": "مُباحٌ",
        "t": 0
      },
      {
        "answer": "مَكروهٌ",
        "t": 1
      },
      {
        "answer": "حرامٌ",
        "t": 0
      }
    ]
  },
  {
    "id": 2843,
    "q": "السِّواكُ عندَ دُخولِ البيتِ:",
    "level": 2,
    "link": "https://www.dorar.net/feqhia/201",
    "section": "tahara",
    "answers": [
      {
        "answer": "لا يُشرَعُ",
        "t": 0
      },
      {
        "answer": "يُستحَبُّ باتِّفاقِ المذاهبِ الفقهيَّةِ الأربعةِ",
        "t": 1
      },
      {
        "answer": "واجبٌ",
        "t": 0
      }
    ]
  },
  {
    "id": 2837,
    "q": "محلُّ السِّواكِ في الوُضوءِ:",
    "level": 2,
    "link": "https://www.dorar.net/feqhia/201",
    "section": "tahara",
    "answers": [
      {
        "answer": "بعدَ غَسلِ الكفَّينِ وقبلَ المَضمَضمةِ",
        "t": 1
      },
      {
        "answer": "بعدَ غَسلِ الوجهِ",
        "t": 0
      },
      {
        "answer": "قبلَ الشُّروعِ في الوُضوءِ",
        "t": 0
      }
    ]
  },
  {
    "id": 2828,
    "q": "إذا خرَج بقيَّةُ المنيِّ بعدَ الاغتسالِ:",
    "level": 2,
    "link": "https://www.dorar.net/feqhia/466",
    "section": "tahara",
    "answers": [
      {
        "answer": "لا يجِبُ إعادةُ الغُسلِ ولا الوُضوءُ",
        "t": 0
      },
      {
        "answer": "لا يجِبُ إعادةُ الغُسلِ؛ وإنَّما يجِبُ الوُضوءُ فقط",
        "t": 1
      },
      {
        "answer": "يجِبُ إعادةُ الغُسلِ",
        "t": 0
      }
    ]
  },
  {
    "id": 2829,
    "q": "الإحْرامُ بالحجِّ والعُمرةِ للحائضِ:",
    "level": 2,
    "link": "https://www.dorar.net/feqhia/611",
    "section": "tahara",
    "answers": [
      {
        "answer": "يجوزُ",
        "t": 1
      },
      {
        "answer": "يُكرَهُ",
        "t": 0
      },
      {
        "answer": "يحرُمُ",
        "t": 0
      }
    ]
  },
  {
    "id": 2839,
    "q": "الوُضوءُ للجُنُبِ إذا أرادَ الأكلَ أوِ الشربَ أوِ النومَ:",
    "level": 2,
    "link": "https://www.dorar.net/feqhia/240",
    "section": "tahara",
    "answers": [
      {
        "answer": "غيرُ مَشروعٍ",
        "t": 0
      },
      {
        "answer": "واجبٌ",
        "t": 0
      },
      {
        "answer": "مُستحَبٌّ",
        "t": 1
      }
    ]
  },
  {
    "id": 2835,
    "q": "ما حُكمُ رَوْثِ وبَوْلِ الحيوانِ المأكولِ اللحمِ؟",
    "level": 2,
    "link": "https://www.dorar.net/feqhia/158",
    "section": "tahara",
    "answers": [
      {
        "answer": "طاهرٌ إذا كان الحيوانُ رَضيعًا فَقَط",
        "t": 0
      },
      {
        "answer": "غيرُ طاهرٍ باتِّفاقِ المذاهبِ الفقهيَّةِ الأربعةِ",
        "t": 0
      },
      {
        "answer": "طاهرٌ",
        "t": 1
      }
    ]
  },
  {
    "id": 2826,
    "q": "الماءُ الجاري إذا وقَعَت فيه نَجاسةٌ:",
    "level": 2,
    "link": "https://www.dorar.net/feqhia/13",
    "section": "tahara",
    "answers": [
      {
        "answer": "لا ينجُسُ إلَّا بالتغيُّرِ",
        "t": 1
      },
      {
        "answer": "لا ينجُسُ أبدًا",
        "t": 0
      },
      {
        "answer": "ينجُسُ بمجرَّدِ مخالَطتِه للنَّجَسِ",
        "t": 0
      }
    ]
  },
  {
    "id": 2841,
    "q": "تُطلَقُ الطهارةُ في الاصطلاحِ على مَعنَيَينِ، هما:",
    "level": 2,
    "link": "https://www.dorar.net/feqhia/3",
    "section": "tahara",
    "answers": [
      {
        "answer": "زَوالُ الخَبَثِ ورفْعُ الحدَثِ",
        "t": 1
      },
      {
        "answer": "الغُسلُ والوُضوءُ",
        "t": 0
      },
      {
        "answer": "النَّزاهةُ والنَّظافةُ",
        "t": 0
      }
    ]
  },
  {
    "id": 2831,
    "q": "يُستحَبُّ لمَن أرادَ قضاءَ الحاجةِ وكان في الصَّحْراءِ أنْ يطلُبَ مكانًا:",
    "level": 2,
    "link": "https://www.dorar.net/feqhia/104",
    "section": "tahara",
    "answers": [
      {
        "answer": "رِخوًا كالتُّرابِ أوِ الرمْلِ",
        "t": 1
      },
      {
        "answer": "صُلبًا",
        "t": 0
      },
      {
        "answer": "صَعيدًا طيِّبًا",
        "t": 0
      }
    ]
  },
  {
    "id": 2845,
    "q": "الوُضوءُ لصلاةِ الجِنازةِ:",
    "level": 2,
    "link": "https://www.dorar.net/feqhia/240",
    "section": "tahara",
    "answers": [
      {
        "answer": "رُكنٌ من أركانِ الصلاةِ",
        "t": 0
      },
      {
        "answer": "مُستحَبٌّ",
        "t": 0
      },
      {
        "answer": "شرطٌ لصحَّةِ الصلاةِ",
        "t": 1
      }
    ]
  },
  {
    "id": 2838,
    "q": "من سُنَنِ الفِطرةِ غَسلُ البَراجِمِ؛ وهي:",
    "level": 2,
    "link": "https://www.dorar.net/feqhia/205",
    "section": "tahara",
    "answers": [
      {
        "answer": "أعقابُ الرِّجلَينِ والْمِرفَقينِ",
        "t": 0
      },
      {
        "answer": "عُقَدُ الأصابعِ ومَفاصِلُها",
        "t": 1
      },
      {
        "answer": "ما تحتَ الأظافِرِ",
        "t": 0
      }
    ]
  },
  {
    "id": 2844,
    "q": "ما حُكمُ إزالةِ شَعرِ الإبْطِ؟",
    "level": 2,
    "link": "https://www.dorar.net/feqhia/207",
    "section": "tahara",
    "answers": [
      {
        "answer": "يُسنُّ إزالةُ شَعرِ الإبْطِ بالنَّتفِ",
        "t": 1
      },
      {
        "answer": "يجبُ إزالةُ شَعرِ الإبْطِ بالحَلقِ",
        "t": 0
      },
      {
        "answer": "يُكرَهُ إزالةُ شَعرِ الإبْطِ",
        "t": 0
      }
    ]
  },
  {
    "id": 2836,
    "q": "كيفيَّةُ التطهيرِ من نَجاسةِ الخِنزيرِ:",
    "level": 2,
    "link": "https://www.dorar.net/feqhia/165",
    "section": "tahara",
    "answers": [
      {
        "answer": "تُغسَلُ بالتُّرابِ",
        "t": 0
      },
      {
        "answer": "تُغسَلُ سَبعَ مرَّاتٍ إحْداها بالتُّرابِ",
        "t": 0
      },
      {
        "answer": "تُغسَلُ كما تُغسَلُ باقي النَّجاساتِ الأُخرى",
        "t": 1
      }
    ]
  },
  {
    "id": 2830,
    "q": "تَعريفُ الماءِ المُطلَقِ هو:",
    "level": 2,
    "link": "https://www.dorar.net/feqhia/8",
    "section": "tahara",
    "answers": [
      {
        "answer": "الماءُ الذي خالَطتْه النجاساتُ",
        "t": 0
      },
      {
        "answer": "الماءُ الباقي على أصلِ خِلقتِه",
        "t": 1
      },
      {
        "answer": "الماءُ الراكِدُ الذي لا يَتحرَّكُ",
        "t": 0
      }
    ]
  },
  {
    "id": 2827,
    "q": "الجَلَّالةُ هي:",
    "level": 2,
    "link": "https://www.dorar.net/feqhia/175",
    "section": "tahara",
    "answers": [
      {
        "answer": "ما كان أكثرُ أكلِها النجاسةَ، أو ما ظهَر فيها أثرُ النَّجاسةِ",
        "t": 1
      },
      {
        "answer": "كلُّ صيدٍ أكَلَ منه كلبُ الصيدِ",
        "t": 0
      },
      {
        "answer": "كلُّ حيوانٍ يحرُمُ أكلُه كالحِمارِ والبَغلِ",
        "t": 0
      }
    ]
  },
  {
    "id": 2834,
    "q": "مَن شكَّ في طَهارةِ شيءٍ أو نَجاستِه:",
    "level": 2,
    "link": "https://www.dorar.net/feqhia/152",
    "section": "tahara",
    "answers": [
      {
        "answer": "يَبقى نَجِسًا باتِّفاقِ المذاهبِ الفقهيَّةِ الأربعةِ",
        "t": 0
      },
      {
        "answer": "بَنى على الأصلِ إنْ كان طاهرًا أو نَجِسًا",
        "t": 1
      },
      {
        "answer": "يَبقى طاهرًا باتِّفاقِ المذاهبِ الفقهيَّةِ الأربعةِ",
        "t": 0
      }
    ]
  },
  {
    "id": 2832,
    "q": "ما مَعنى الأسْآرِ اصْطلاحًا؟",
    "level": 2,
    "link": "https://www.dorar.net/feqhia/40",
    "section": "tahara",
    "answers": [
      {
        "answer": "ما يَتبقَّى في الإناءِ ونحوِه من طعامٍ وشرابٍ",
        "t": 1
      },
      {
        "answer": "طعامُ الصيدِ إذا صادَه الكلبُ المعلَّمُ",
        "t": 0
      },
      {
        "answer": "الأكلُ من طعامِ الكافِرِ أوِ المشرِكِ",
        "t": 0
      }
    ]
  },
  {
    "id": 2833,
    "q": "الاستِنجاءُ بالأحْجارِ ونحوِها يَكْفي فيها:",
    "level": 2,
    "link": "https://www.dorar.net/feqhia/116",
    "section": "tahara",
    "answers": [
      {
        "answer": "خَمسُ مَسَحاتٍ، فإنْ لم يحصُلِ الإنْقاءُ زادَ",
        "t": 0
      },
      {
        "answer": "سَبعُ مَسَحاتٍ فقط، وإنْ لم يحصُلِ الإنقاءُ",
        "t": 0
      },
      {
        "answer": "ثلاثُ مَسَحاتٍ، فإنْ لم يحصُلِ الإنْقاءُ زادَ",
        "t": 1
      }
    ]
  }
]