[
  {
    "id": 2818,
    "q": "تَجديدُ الوُضوءِ لكلِّ صَلاةٍ:",
    "level": 1,
    "link": "https://www.dorar.net/feqhia/240",
    "section": "tahara",
    "answers": [
      {
        "answer": "لا دليلَ عليه",
        "t": 0
      },
      {
        "answer": "يُسَنُّ باتِّفاقِ المذاهبِ الفقهيَّةِ الأربعةِ",
        "t": 1
      },
      {
        "answer": "واجبٌ",
        "t": 0
      }
    ]
  },
  {
    "id": 2809,
    "q": "يُستحَبُّ عندَ دخولُ الخَلاءِ:",
    "level": 1,
    "link": "https://www.dorar.net/feqhia/95",
    "section": "tahara",
    "answers": [
      {
        "answer": "قولُ: اللهُمَّ طهِّرْني ظاهرًا وباطنًا",
        "t": 0
      },
      {
        "answer": "التسوُّكُ قبلَ الدخولِ وبعدَ الخروجِ",
        "t": 0
      },
      {
        "answer": "تقديمُ الرِّجلِ اليُسرى عندَ الدخولِ، واليُمنى عندَ الخروجِ",
        "t": 1
      }
    ]
  },
  {
    "id": 2806,
    "q": "في بابِ الطهارةِ ينقسِمُ الحدَثُ إلى قِسمينِ هما:",
    "level": 1,
    "link": "https://www.dorar.net/feqhia/3",
    "section": "tahara",
    "answers": [
      {
        "answer": "حدَثٌ أوَّلُ، وحدَثٌ ثانٍ",
        "t": 0
      },
      {
        "answer": "حدَثٌ خفيٌّ، وحدَثٌ ظاهرٌ",
        "t": 0
      },
      {
        "answer": "حدَثٌ أصغرُ، وحدَثٌ أكبرُ",
        "t": 1
      }
    ]
  },
  {
    "id": 2821,
    "q": "ما هو حُكمُ المسحِ على الجَبيرةِ؟",
    "level": 1,
    "link": "https://www.dorar.net/feqhia/382",
    "section": "tahara",
    "answers": [
      {
        "answer": "لا يجوزُ",
        "t": 0
      },
      {
        "answer": "يجوزُ معَ الكَراهةِ",
        "t": 0
      },
      {
        "answer": "جائزٌ باتِّفاقِ المذاهبِ الفقهيَّةِ الأربعةِ",
        "t": 1
      }
    ]
  },
  {
    "id": 2813,
    "q": "ما حُكمُ ذِكرِ اللهِ تعالى باللِّسانِ في الخَلاءِ؟",
    "level": 1,
    "link": "https://www.dorar.net/feqhia/97",
    "section": "tahara",
    "answers": [
      {
        "answer": "جائزٌ",
        "t": 0
      },
      {
        "answer": "يُكرَهُ باتِّفاقِ المذاهِبِ الفقهيَّةِ الأربعةِ",
        "t": 1
      },
      {
        "answer": "يحرُمُ باتِّفاقِ المذاهِبِ الفقهيَّةِ الأربعةِ",
        "t": 0
      }
    ]
  },
  {
    "id": 2817,
    "q": "ما حُكمُ الخِتانِ للرِّجالِ؟",
    "level": 1,
    "link": "https://www.dorar.net/feqhia/218",
    "section": "tahara",
    "answers": [
      {
        "answer": "واجبٌ",
        "t": 1
      },
      {
        "answer": "مَكْروهٌ",
        "t": 0
      },
      {
        "answer": "مُستحَبٌّ",
        "t": 0
      }
    ]
  },
  {
    "id": 2811,
    "q": "من فَضائلِه أنَّه شَطرُ الإيمانِ:",
    "level": 1,
    "link": "https://www.dorar.net/feqhia/238",
    "section": "tahara",
    "answers": [
      {
        "answer": "ذِكرُ اللهِ عزَّ وجلَّ",
        "t": 0
      },
      {
        "answer": "الصِّدقُ",
        "t": 0
      },
      {
        "answer": "الوُضوءُ",
        "t": 1
      }
    ]
  },
  {
    "id": 2825,
    "q": "يُسَنُّ عندَ دخولِ الخَلاءِ قولُ:",
    "level": 1,
    "link": "https://www.dorar.net/feqhia/93",
    "section": "tahara",
    "answers": [
      {
        "answer": "ربِّ أعوذُ بكَ مِن هَمَزاتِ الشياطينِ",
        "t": 0
      },
      {
        "answer": "اللهُمَّ احفَظْني مِن بينِ يدَيَّ ومِن خَلْفي",
        "t": 0
      },
      {
        "answer": "اللهُمَّ إني أعوذُ بكَ مِنَ الخُبُثِ والخبائثِ",
        "t": 1
      }
    ]
  },
  {
    "id": 2819,
    "q": "قراءةُ القرآنِ للمُحدِثِ حدَثًا أصغَرَ دونَ مَسِّ المصحفِ:",
    "level": 1,
    "link": "https://www.dorar.net/feqhia/240",
    "section": "tahara",
    "answers": [
      {
        "answer": "يُكرَهُ",
        "t": 0
      },
      {
        "answer": "لا يجوزُ",
        "t": 0
      },
      {
        "answer": "يجوزُ بالإجماعِ",
        "t": 1
      }
    ]
  },
  {
    "id": 2815,
    "q": "تَعريفُ المَيتةِ شَرعًا هي:",
    "level": 1,
    "link": "https://www.dorar.net/feqhia/178",
    "section": "tahara",
    "answers": [
      {
        "answer": "كلُّ ما مات بغيرِ ذَكاةٍ",
        "t": 1
      },
      {
        "answer": "كلُّ ما مات بطَريقِ الصَّيدِ",
        "t": 0
      },
      {
        "answer": "كلُّ ما مات بذَكاةٍ شرعيَّةٍ",
        "t": 0
      }
    ]
  },
  {
    "id": 2810,
    "q": "ما حُكمُ مَيتةِ السَّمكِ؟",
    "level": 1,
    "link": "https://www.dorar.net/feqhia/182",
    "section": "tahara",
    "answers": [
      {
        "answer": "طاهرةٌ بالإجماعِ",
        "t": 1
      },
      {
        "answer": "غيرُ طاهرةٍ",
        "t": 0
      },
      {
        "answer": "نَجِسةٌ باتِّفاقِ المذاهبِ الفقهيَّةِ الأربعةِ",
        "t": 0
      }
    ]
  },
  {
    "id": 2816,
    "q": "ما حُكمُ تَقليمِ الأظْفارِ؟",
    "level": 1,
    "link": "https://www.dorar.net/feqhia/203",
    "section": "tahara",
    "answers": [
      {
        "answer": "لا يُشرَعُ",
        "t": 0
      },
      {
        "answer": "يُسَنُّ باتِّفاقِ المذاهبِ الفقهيَّةِ الأربعةِ",
        "t": 1
      },
      {
        "answer": "يجِبُ",
        "t": 0
      }
    ]
  },
  {
    "id": 2807,
    "q": "الماءُ النجِسُ هو:",
    "level": 1,
    "link": "https://www.dorar.net/feqhia/10",
    "section": "tahara",
    "answers": [
      {
        "answer": "هو الماءُ المُستَعمَلُ في رفعِ الحدَثِ",
        "t": 0
      },
      {
        "answer": "ما تَغيَّر بغيرِ نجاسةٍ",
        "t": 0
      },
      {
        "answer": "ما تَغيَّر بنجاسةٍ، بحيث يَتغيَّر بها طعمُه، أو لونُه، أو رِيحُه",
        "t": 1
      }
    ]
  },
  {
    "id": 2824,
    "q": "ما حُكمُ استعمالِ الأواني الثمينةِ غيرِ الذهَبِ والفِضةِ؟",
    "level": 1,
    "link": "https://www.dorar.net/feqhia/58",
    "section": "tahara",
    "answers": [
      {
        "answer": "يجوزُ اتِّخاذُها باتِّفاقِ المذاهبِ الفقهيَّةِ الأربعةِ",
        "t": 1
      },
      {
        "answer": "لا يجوزُ اتِّخاذُها باتِّفاقِ المذاهبِ الفقهيَّةِ الأربعةِ",
        "t": 0
      },
      {
        "answer": "يُكرَهُ اتِّخاذُها",
        "t": 0
      }
    ]
  },
  {
    "id": 2808,
    "q": "ما حُكمُ الأكلِ والشُّربِ في آنيةِ الذهَبِ والفِضةِ؟",
    "level": 1,
    "link": "https://www.dorar.net/feqhia/58",
    "section": "tahara",
    "answers": [
      {
        "answer": "لا يجوزُ",
        "t": 1
      },
      {
        "answer": "مكروهٌ",
        "t": 0
      },
      {
        "answer": "يجوزُ",
        "t": 0
      }
    ]
  },
  {
    "id": 2823,
    "q": "مَنِ احتلَمَ ولم يُنزلْ مَنيًّا، أو لم يرَ شيئًا:",
    "level": 1,
    "link": "https://www.dorar.net/feqhia/468",
    "section": "tahara",
    "answers": [
      {
        "answer": "لا غُسلَ عليه باتِّفاقِ المذاهبِ الفقهيَّةِ الأربعةِ",
        "t": 1
      },
      {
        "answer": "يُستحَبُّ له الغُسلُ",
        "t": 0
      },
      {
        "answer": "يجِبُ عليه الغُسلُ",
        "t": 0
      }
    ]
  },
  {
    "id": 2812,
    "q": "مَنِ احتلَمَ فأنزَلَ مَنيًّا؛ فإنَّه:",
    "level": 1,
    "link": "https://www.dorar.net/feqhia/468",
    "section": "tahara",
    "answers": [
      {
        "answer": "لا يجِبُ عليه الغُسلُ",
        "t": 0
      },
      {
        "answer": "يُستحَبُّ له الغُسلُ بالإجماعِ",
        "t": 0
      },
      {
        "answer": "يجِبُ عليه الغُسلُ بالإجماعِ",
        "t": 1
      }
    ]
  },
  {
    "id": 2820,
    "q": "منَ الأماكنِ التي لا يجوزُ قَضاءُ الحاجةِ فيها:",
    "level": 1,
    "link": "https://www.dorar.net/feqhia/108",
    "section": "tahara",
    "answers": [
      {
        "answer": "الطريقُ، ومواضعُ الظِّلِّ، وتحتَ الشجَرِ المُثمِرِ، وأماكنُ تجمُّعِ الناسِ ومواطِنُ انتفاعِهم",
        "t": 1
      },
      {
        "answer": "الحمَّاماتُ التي لا يكونُ لها سَقفٌ",
        "t": 0
      },
      {
        "answer": "الأماكنُ الخالِيَة المُخيفَة في الصَّحراء",
        "t": 0
      }
    ]
  },
  {
    "id": 2822,
    "q": "القَهْقَهةُ (الضَّحِكُ) في الصلاةِ",
    "level": 1,
    "link": "https://www.dorar.net/feqhia/443",
    "section": "tahara",
    "answers": [
      {
        "answer": "لا تَنقُضُ الوُضوءَ، وإنْ كانت تُفسِدُ الصلاةَ",
        "t": 1
      },
      {
        "answer": "تَنقُضُ الوُضوءَ ولا تَنقُضُ الصلاةَ",
        "t": 0
      },
      {
        "answer": "تَنقُضُ الوُضوءَ والصلاةَ",
        "t": 0
      }
    ]
  },
  {
    "id": 2814,
    "q": "كَيفيةُ تَطهيرِ الإناءِ من نَجاسةِ الكلبِ:",
    "level": 1,
    "link": "https://www.dorar.net/feqhia/167",
    "section": "tahara",
    "answers": [
      {
        "answer": "يُغسَلُ سَبعَ مرَّاتٍ، أُولاهنَّ بالتُّرابِ",
        "t": 1
      },
      {
        "answer": "يُغسَلُ بالماءِ فقط",
        "t": 0
      },
      {
        "answer": "يُغسَلُ سَبعَ مرَّاتٍ كلُّها بالترابِ",
        "t": 0
      }
    ]
  }
]