[
  {
    "id": 2607,
    "q": "مَن مَنَعَ الزَّكاة جاهِلًا وُجوبَها:",
    "level": 1,
    "link": "http://host1.octal.com.sa/feqhia/2096",
    "section": "zakah",
    "answers": [
      {
        "answer": "يُحبَس حتى يَعلَم",
        "t": 0
      },
      {
        "answer": "لا يَكفُر باتِّفاقِ المَذاهِبِ الفِقهيَّةِ الأربَعةِ",
        "t": 1
      },
      {
        "answer": "يَكفُر بالإجماع",
        "t": 0
      }
    ]
  },
  {
    "id": 2608,
    "q": "مَن مَنَعَ الزَّكاة بُخلًا:",
    "level": 1,
    "link": "http://host1.octal.com.sa/feqhia/2096",
    "section": "zakah",
    "answers": [
      {
        "answer": "يُعَزَّر",
        "t": 0
      },
      {
        "answer": "يُستَتاب، وإلَّا قُتِل",
        "t": 0
      },
      {
        "answer": "لا يَكْفُرُ",
        "t": 1
      }
    ]
  },
  {
    "id": 2625,
    "q": "هل يَمنَعُ الدَّينُ مِن وُجوبِ الزَّكاةِ؟",
    "level": 1,
    "link": "http://host1.octal.com.sa/feqhia/2115",
    "section": "zakah",
    "answers": [
      {
        "answer": "يَمنَع مُطلقًا",
        "t": 0
      },
      {
        "answer": "لا يَمنَع",
        "t": 1
      },
      {
        "answer": "يَمنَع بشُروطٍ",
        "t": 0
      }
    ]
  },
  {
    "id": 2619,
    "q": "تأخيرُ إخراجِ زَكاةِ الدَّينِ إلى وَقتِ القَبضِ",
    "level": 1,
    "link": "http://host1.octal.com.sa/feqhia/2111",
    "section": "zakah",
    "answers": [
      {
        "answer": "يَجوز",
        "t": 1
      },
      {
        "answer": "مُستَحَبٌّ",
        "t": 0
      },
      {
        "answer": "لا يَجوز",
        "t": 0
      }
    ]
  },
  {
    "id": 2613,
    "q": "حُكْم الزَّكاة على الكافِرِ الأصليِّ",
    "level": 1,
    "link": "http://host1.octal.com.sa/feqhia/2102",
    "section": "zakah",
    "answers": [
      {
        "answer": "يُقاتَل إذا مَنَعَها",
        "t": 0
      },
      {
        "answer": "يَجِب عليه الَّزكاة",
        "t": 0
      },
      {
        "answer": "لا زَكاةَ عليه بالإجماع",
        "t": 1
      }
    ]
  },
  {
    "id": 2622,
    "q": "إذا كان المالُ المُستفادُ نِصابًا ولا مالَ له سِواه، أو كان له مالٌ مِن جِنْسِه لا يَبلُغُ نِصابًا، فبَلَغَ بالمُستَفاد ِنِصابًا، فإنه:",
    "level": 1,
    "link": "http://host1.octal.com.sa/feqhia/2113",
    "section": "zakah",
    "answers": [
      {
        "answer": "يَنعَقِدُ عليه الحَوْلُ مِن هذا الوَقتِ، فإذا تمَّ الحَوْلُ وَجَبَتِ الزَّكاةُ فيه",
        "t": 1
      },
      {
        "answer": "لا بُدَّ يَنعَقِد عليه حَوْلان",
        "t": 0
      },
      {
        "answer": "لا زَكاةَ في المال المُستَفاد",
        "t": 0
      }
    ]
  },
  {
    "id": 2623,
    "q": "التَّصرُّفُ في المالِ قَبْل الحَوْل",
    "level": 1,
    "link": "http://host1.octal.com.sa/feqhia/2113",
    "section": "zakah",
    "answers": [
      {
        "answer": "لا يَجوز",
        "t": 0
      },
      {
        "answer": "مَكروه",
        "t": 0
      },
      {
        "answer": "يَجوز",
        "t": 1
      }
    ]
  },
  {
    "id": 2612,
    "q": "مانِعو الزَّكاةِ الذين ليْسوا في قبضةِ الإمامِ:",
    "level": 1,
    "link": "http://host1.octal.com.sa/feqhia/2098",
    "section": "zakah",
    "answers": [
      {
        "answer": "يُقاتَلون حتى يُؤَدُّوها",
        "t": 1
      },
      {
        "answer": "يَسكُت عنهم",
        "t": 0
      },
      {
        "answer": "يُعامَلُوا بالحُسنَى حتَّى يُؤَدُّوها",
        "t": 0
      }
    ]
  },
  {
    "id": 2617,
    "q": "زَكاةُ الدَّينِ على المَليءِ الباذِل",
    "level": 1,
    "link": "http://host1.octal.com.sa/feqhia/2111",
    "section": "zakah",
    "answers": [
      {
        "answer": "تَجِبُ زَكاتُه على مالِكِه لكُلِّ عامٍ",
        "t": 1
      },
      {
        "answer": "لا تَجِب زَكاته",
        "t": 0
      },
      {
        "answer": "تجِبُ زكاتُه على مالِكِه مَرَّةً واحدةً في العُمر",
        "t": 0
      }
    ]
  },
  {
    "id": 2611,
    "q": "مِنَ العُقوباتِ الدُّنيوية لِمانِع الزَّكاة:",
    "level": 1,
    "link": "http://host1.octal.com.sa/feqhia/2098",
    "section": "zakah",
    "answers": [
      {
        "answer": "تُؤخَذُ منه قَهرًا",
        "t": 1
      },
      {
        "answer": "يُعذَّبُ في قَبرِه",
        "t": 0
      },
      {
        "answer": "يُمَثَّل له مالُه شُجاعًا أقرعَ له زبيبتانِ، يُطوِّقه يَومَ القيامة",
        "t": 0
      }
    ]
  },
  {
    "id": 2606,
    "q": "مَن مَنَع الزَّكاة جاحِدًا وهو يَعلَمُ وُجوبَها:",
    "level": 1,
    "link": "http://host1.octal.com.sa/feqhia/2096",
    "section": "zakah",
    "answers": [
      {
        "answer": "يُستَتاب فقط",
        "t": 0
      },
      {
        "answer": "يَكفُر بالإجماع",
        "t": 1
      },
      {
        "answer": "لا يَكفُر باتِّفاق المذاهِب الفِقهيَّة الأربَعة",
        "t": 0
      }
    ]
  },
  {
    "id": 2614,
    "q": "مِن صُوَرِ المالِ الضِّمار  الذي لا يُرجى",
    "level": 1,
    "link": "http://host1.octal.com.sa/feqhia/2111",
    "section": "zakah",
    "answers": [
      {
        "answer": "مال الجَدِّ والجَدِّة",
        "t": 0
      },
      {
        "answer": "مالُ الوَليِّ",
        "t": 0
      },
      {
        "answer": "المال المَفقود.\nوالمال السَّاقِط في البَحر.\nوالمال المَغصوب.",
        "t": 1
      }
    ]
  },
  {
    "id": 2605,
    "q": "حُكْمُ الزَّكاة\n ",
    "level": 1,
    "link": "http://host1.octal.com.sa/feqhia/2094",
    "section": "zakah",
    "answers": [
      {
        "answer": "رُكنُ مِن أركانِ الإسلامِ",
        "t": 1
      },
      {
        "answer": "مُستَحبَّة للمُستَطِيعِ",
        "t": 0
      },
      {
        "answer": "فَرْض كِفاية",
        "t": 0
      }
    ]
  },
  {
    "id": 2620,
    "q": "إذا ادَّعى صاحِبُ المال أنَّه لم يَحُلْ عليه الحَوْلُ",
    "level": 1,
    "link": "http://host1.octal.com.sa/feqhia/2113",
    "section": "zakah",
    "answers": [
      {
        "answer": "يُؤخَذ منه ماله كُلُّه",
        "t": 0
      },
      {
        "answer": "مُصدَّق فيه",
        "t": 1
      },
      {
        "answer": "لا يُصَدَّق فيه",
        "t": 0
      }
    ]
  },
  {
    "id": 2615,
    "q": "هو كلُّ مالٍ حَظَرَ الشَّارِعُ اقتناءَه، أو الانتفاعَ به، سواءٌ كان لحُرمَتِه لِذاتِه، بما فيه من ضَرَرٍ أو خَبَثٍ:",
    "level": 1,
    "link": "http://host1.octal.com.sa/feqhia/2111",
    "section": "zakah",
    "answers": [
      {
        "answer": "مال اليَتيم",
        "t": 0
      },
      {
        "answer": "المال الحَرام",
        "t": 1
      },
      {
        "answer": "المال الضِّمار",
        "t": 0
      }
    ]
  },
  {
    "id": 2624,
    "q": "إنْ نَقَصَ النِّصَابُ لَحظةً مِنَ الحَوْلِ؛ فمذهَبُ الحَنابِلَةِ:",
    "level": 1,
    "link": "http://host1.octal.com.sa/feqhia/2115",
    "section": "zakah",
    "answers": [
      {
        "answer": "لا يَنقَطِعُ الحَولُ أبَدًا",
        "t": 0
      },
      {
        "answer": "أنَّ الحولَ يُعتَبرُ فقط في أوَّلِ الحَوْلِ وآخِرِه",
        "t": 0
      },
      {
        "answer": "أنَّ الحَوْلَ يَنقطِع",
        "t": 1
      }
    ]
  },
  {
    "id": 2621,
    "q": "المالُ الذي يَدخُلُ في مِلكيَّة الشَّخصِ بَعدَ أنْ لم يَكُنْ، سواءٌ كان منَ النَّقْدَيْن، أو مِنَ العَقارِ، أو مِنَ النَّعَمِ، أو من غير ذلك هو:",
    "level": 1,
    "link": "http://host1.octal.com.sa/feqhia/2113",
    "section": "zakah",
    "answers": [
      {
        "answer": "المال المُستَفاد",
        "t": 1
      },
      {
        "answer": "المال الضِّمار",
        "t": 0
      },
      {
        "answer": "المال الحَرام",
        "t": 0
      }
    ]
  },
  {
    "id": 2616,
    "q": "زَكاةُ المالِ الحَرامِ",
    "level": 1,
    "link": "http://host1.octal.com.sa/feqhia/2111",
    "section": "zakah",
    "answers": [
      {
        "answer": "النِّصْف",
        "t": 0
      },
      {
        "answer": "السُّدُس",
        "t": 0
      },
      {
        "answer": "لا زَكاةَ فيه، وتَبرَأُ ذِمَّتُه بالتَّخَلُّصِ منه",
        "t": 1
      }
    ]
  },
  {
    "id": 2604,
    "q": "الزكاة هي:",
    "level": 1,
    "link": "http://host1.octal.com.sa/feqhia/2089",
    "section": "zakah",
    "answers": [
      {
        "answer": "مِقدارٌ مَعلومٌ مِن المالِ واجِبٌ إِخراجُه إلى سَبعَةِ أَصنافٍ حَدَّدَها الشَّرعُ في زَمنٍ مُعيَّنٍ",
        "t": 0
      },
      {
        "answer": "إِخراجُ ما زادَ عن حاجَاتِ العَبدِ مِن المالِ والمَتاعِ إذا بَلَغَ النِّصابَ وحالَ عليه الحَولُ",
        "t": 0
      },
      {
        "answer": "التَّعبُّدُ لله تعالى، بإخراجِ جُزءٍ واجبٍ شرعًا، في مالٍ مُعيَّنٍ، لِطائفةٍ أو جهةٍ مخصوصةٍ هو:",
        "t": 1
      }
    ]
  },
  {
    "id": 2609,
    "q": "مِنَ العُقوباتِ الأُخرويَّة لِمانِع الزَّكاة:",
    "level": 1,
    "link": "http://host1.octal.com.sa/feqhia/2098",
    "section": "zakah",
    "answers": [
      {
        "answer": "يُؤخَذ ماله قَهرًا",
        "t": 0
      },
      {
        "answer": "يَدفَع زِيادَةً على مِقدارِ الزَّكاةِ الواجِبِ منه",
        "t": 0
      },
      {
        "answer": "يُمثَّل له مالُه شُجاعًا أقرعَ له زبيبتانِ يُطوِّقه يَومَ القيامة",
        "t": 1
      }
    ]
  }
]