[
  {
    "id": 2646,
    "q": "يُقَوَّم نِصابُ عُرُوضِ التِّجارةِ في الذَّهَب والفِضَّة",
    "level": 2,
    "link": "http://host1.octal.com.sa/feqhia/2178",
    "section": "zakah",
    "answers": [
      {
        "answer": "بمِقدار الفِضَّة فقط",
        "t": 0
      },
      {
        "answer": "بمِقدار الذَّهَب فقط",
        "t": 0
      },
      {
        "answer": "بالأحَظِّ لِلمَساكِينِ منهما",
        "t": 1
      }
    ]
  },
  {
    "id": 2633,
    "q": "إذا كانتِ الحُلِيُّ مُحرَّمةً -كتَحَلِّي الرَّجُلِ بالذَّهَبِ- فإنَّها",
    "level": 2,
    "link": "http://host1.octal.com.sa/feqhia/2136",
    "section": "zakah",
    "answers": [
      {
        "answer": "ليس فيها زَكاة",
        "t": 0
      },
      {
        "answer": "زَكاتُها إِتلافُها",
        "t": 0
      },
      {
        "answer": "فيها الزَّكاة بالإجماع",
        "t": 1
      }
    ]
  },
  {
    "id": 2635,
    "q": "نِصابُ الذَّهَبَ بالمقاييس الحَديثة",
    "level": 2,
    "link": "http://host1.octal.com.sa/feqhia/2153",
    "section": "zakah",
    "answers": [
      {
        "answer": "85 جِرامًا",
        "t": 1
      },
      {
        "answer": "95 جِرامًا",
        "t": 0
      },
      {
        "answer": "75 جِرامًا",
        "t": 0
      }
    ]
  },
  {
    "id": 2632,
    "q": "كَنْز المالِ إذا أُخرِجتْ زَكاتُه",
    "level": 2,
    "link": "http://host1.octal.com.sa/feqhia/2129",
    "section": "zakah",
    "answers": [
      {
        "answer": "يَجوز",
        "t": 1
      },
      {
        "answer": "لا يَجوز كَنْز الأموال مُطلَقًا",
        "t": 0
      },
      {
        "answer": "يُستَحَبُّ ألا تُكنَزَ الأموال",
        "t": 0
      }
    ]
  },
  {
    "id": 2636,
    "q": "نِصابُ الفِضة بالمقاييس الحَديثة",
    "level": 2,
    "link": "http://host1.octal.com.sa/feqhia/2153",
    "section": "zakah",
    "answers": [
      {
        "answer": "1000 جرام",
        "t": 0
      },
      {
        "answer": "959 جرامًا",
        "t": 0
      },
      {
        "answer": "595 جرامًا",
        "t": 1
      }
    ]
  },
  {
    "id": 2641,
    "q": "نِصابُ الأوْراقِ النَّقديَّة، هو:",
    "level": 2,
    "link": "http://host1.octal.com.sa/feqhia/2162",
    "section": "zakah",
    "answers": [
      {
        "answer": "أدْنى النِّصابَيْنِ مِنَ الذَّهَبِ أوِ الفِضَّة",
        "t": 1
      },
      {
        "answer": "لا زَكاةَ في الأوراقِ النَّقديَّة",
        "t": 0
      },
      {
        "answer": "نِصْف العُشْر",
        "t": 0
      }
    ]
  },
  {
    "id": 2643,
    "q": "العُروضُ غَيرُ المُعَدَّةِ لِلتِّجارة\n ",
    "level": 2,
    "link": "http://host1.octal.com.sa/feqhia/2169",
    "section": "zakah",
    "answers": [
      {
        "answer": "لا زَكاةَ فيها",
        "t": 1
      },
      {
        "answer": "يُكرَه فيها الزَّكاة",
        "t": 0
      },
      {
        "answer": "تَجِب فيها الزَّكاة",
        "t": 0
      }
    ]
  },
  {
    "id": 2626,
    "q": "المالُ المَرصود لِلنَّفْعِ العامِّ، دون أنْ يكونَ مملوكًا لِشَخصٍ مُعيَّنٍ أو جِهةٍ مُعيَّنة هو:",
    "level": 2,
    "link": "http://host1.octal.com.sa/feqhia/2117",
    "section": "zakah",
    "answers": [
      {
        "answer": "المال الضِّمار",
        "t": 0
      },
      {
        "answer": "المال العامُّ",
        "t": 1
      },
      {
        "answer": "المال المُستَفاد",
        "t": 0
      }
    ]
  },
  {
    "id": 2648,
    "q": "مُضِيُّ الحَوْلِ لِوُجوبِ زَكاةِ عُروضِ التِّجارةِ",
    "level": 2,
    "link": "http://host1.octal.com.sa/feqhia/2180",
    "section": "zakah",
    "answers": [
      {
        "answer": "شَرْط",
        "t": 1
      },
      {
        "answer": "لا اعتبارَ للحَوْلِ في العروضِ",
        "t": 0
      },
      {
        "answer": "لا يُشتَرَط",
        "t": 0
      }
    ]
  },
  {
    "id": 2640,
    "q": "ضَمُّ الأوراقِ النَّقديَّةِ مع غَيرِها مِنَ الأثمانِ والعُروضِ المُعدَّة لِلتِّجارة",
    "level": 2,
    "link": "http://host1.octal.com.sa/feqhia/2162",
    "section": "zakah",
    "answers": [
      {
        "answer": "يُستَحَبُّ ضَمُّها لِتَكميلِ النِّصاب",
        "t": 0
      },
      {
        "answer": "يَجِب ضَمُّها لِتَكميل النِّصاب",
        "t": 1
      },
      {
        "answer": "يَحرُم ضَمُّها لِتَكميل النِّصاب",
        "t": 0
      }
    ]
  },
  {
    "id": 2644,
    "q": "الزَّكاةُ في عُروضِ التِّجارة",
    "level": 2,
    "link": "http://host1.octal.com.sa/feqhia/2171",
    "section": "zakah",
    "answers": [
      {
        "answer": "غَير واجِبة",
        "t": 0
      },
      {
        "answer": "واجِبة باتِّفاقِ المَذاهِبِ الفِقهيَّة الأربَعةِ",
        "t": 1
      },
      {
        "answer": "إنْ أَخرَجَها رَبُّها قُبِلَت مِنه",
        "t": 0
      }
    ]
  },
  {
    "id": 2637,
    "q": "القِطعةُ مِن وَرَقٍ خاصٍّ، تُزيَّنُ بنُقوشٍ خاصَّة، وتَحمِلُ أعدادًا صحيحةً:",
    "level": 2,
    "link": "http://host1.octal.com.sa/feqhia/2162",
    "section": "zakah",
    "answers": [
      {
        "answer": "الوَرَق النَّقديُّ",
        "t": 1
      },
      {
        "answer": "الصُّكوك",
        "t": 0
      },
      {
        "answer": "الفِلوس",
        "t": 0
      }
    ]
  },
  {
    "id": 2639,
    "q": "حُكمُ زكاةِ الأوراقِ النَّقديَّةِ",
    "level": 2,
    "link": "http://host1.octal.com.sa/feqhia/2162",
    "section": "zakah",
    "answers": [
      {
        "answer": "مُستَحَبَّة",
        "t": 0
      },
      {
        "answer": "واجِبة",
        "t": 1
      },
      {
        "answer": "غَير واجِبة",
        "t": 0
      }
    ]
  },
  {
    "id": 2630,
    "q": "المُرادُ بالنَّقْدَيْنِ\n ",
    "level": 2,
    "link": "http://host1.octal.com.sa/feqhia/2120",
    "section": "zakah",
    "answers": [
      {
        "answer": "الذَّهَب والفِضَّة",
        "t": 1
      },
      {
        "answer": "المَتاعُ والعَقارُ",
        "t": 0
      },
      {
        "answer": "الأموال الوَرَقيَّة والعُملات الحَديديَّة",
        "t": 0
      }
    ]
  },
  {
    "id": 2642,
    "q": "المالُ المُعَدُّ لِلتِّجارة، هو:",
    "level": 2,
    "link": "http://host1.octal.com.sa/feqhia/2166",
    "section": "zakah",
    "answers": [
      {
        "answer": "المال المُستَفاد",
        "t": 0
      },
      {
        "answer": "المال الضِّمار",
        "t": 0
      },
      {
        "answer": "عُروض التِّجارة",
        "t": 1
      }
    ]
  },
  {
    "id": 2627,
    "q": "حُكْمُ زكاةِ المالِ العامِّ",
    "level": 2,
    "link": "http://host1.octal.com.sa/feqhia/2117",
    "section": "zakah",
    "answers": [
      {
        "answer": "فَرْض",
        "t": 0
      },
      {
        "answer": "مُستَحَبَّة",
        "t": 0
      },
      {
        "answer": "لا تَجِب",
        "t": 1
      }
    ]
  },
  {
    "id": 2645,
    "q": "نِصابُ زَكاةِ عُروضِ التِّجارةِ، هو:",
    "level": 2,
    "link": "http://host1.octal.com.sa/feqhia/2178",
    "section": "zakah",
    "answers": [
      {
        "answer": "نِصابُ الذَّهَبِ والفِضَّةِ",
        "t": 1
      },
      {
        "answer": "نِصْف العُشْر",
        "t": 0
      },
      {
        "answer": "رُبعُ العُشْر",
        "t": 0
      }
    ]
  },
  {
    "id": 2631,
    "q": "حُكْمُ زَكاةِ الذَّهَبِ والفِضَّةِ\n ",
    "level": 2,
    "link": "http://host1.octal.com.sa/feqhia/2125",
    "section": "zakah",
    "answers": [
      {
        "answer": "تَجِبُ وَقتَ الاستِخراجِ",
        "t": 0
      },
      {
        "answer": "تَجِبُ إذا بَلَغا النِّصابَ ومَضى الحَوْلُ",
        "t": 1
      },
      {
        "answer": "ليس فيهِما زَكاةٌ",
        "t": 0
      }
    ]
  },
  {
    "id": 2629,
    "q": "حُكْمُ الزَّكاة في المالِ العامِّ الذي يُستَثْمَرُ",
    "level": 2,
    "link": "http://host1.octal.com.sa/feqhia/2117",
    "section": "zakah",
    "answers": [
      {
        "answer": "مُستَحَبَّة",
        "t": 0
      },
      {
        "answer": "لا تَجِب فيه زَكاة",
        "t": 1
      },
      {
        "answer": "تَجِب فيه زَكاة",
        "t": 0
      }
    ]
  },
  {
    "id": 2634,
    "q": "الحُلِيُّ المتَّخَذَة بنيَّةِ التِّجارة، سواء كانتْ لرَجُلٍ أو امرأةٍ",
    "level": 2,
    "link": "http://host1.octal.com.sa/feqhia/2138",
    "section": "zakah",
    "answers": [
      {
        "answer": "فيها الزَّكاةُ على الرِّجالِ فقط",
        "t": 0
      },
      {
        "answer": "لا تجبُ فيها زَكاةٌ",
        "t": 0
      },
      {
        "answer": "تَجِبُ زكاتُها بالإجماع",
        "t": 1
      }
    ]
  }
]