[
  {
    "id": 2666,
    "q": "زَكاةُ الصُّكوكِ",
    "level": 3,
    "link": "http://host1.octal.com.sa/feqhia/2217",
    "section": "zakah",
    "answers": [
      {
        "answer": "واجِبةٌ فيها وفي أرباحِها",
        "t": 1
      },
      {
        "answer": "واجِبة في أصْلِها فقط",
        "t": 0
      },
      {
        "answer": "واجِبة في أرباحِها فقط",
        "t": 0
      }
    ]
  },
  {
    "id": 2662,
    "q": "زَكاةُ السَّنَداتِ\n ",
    "level": 3,
    "link": "http://host1.octal.com.sa/feqhia/2215",
    "section": "zakah",
    "answers": [
      {
        "answer": "تَجِبُ الزَّكاةُ في أصْلِ السَّنَدِ فقط",
        "t": 1
      },
      {
        "answer": "لا تَجِب الزَّكاة في السَّنَداتِ مُطلَقًا",
        "t": 0
      },
      {
        "answer": "تَجِبُ الزَّكاةُ في أصْلِ السَّنَدِ ورِبْحه",
        "t": 0
      }
    ]
  },
  {
    "id": 2661,
    "q": "التَّعامُلُ بالسَّنَداتِ",
    "level": 3,
    "link": "http://host1.octal.com.sa/feqhia/2213",
    "section": "zakah",
    "answers": [
      {
        "answer": "مُباحٌ",
        "t": 0
      },
      {
        "answer": "حَرامٌ",
        "t": 1
      },
      {
        "answer": "مَكروه",
        "t": 0
      }
    ]
  },
  {
    "id": 2668,
    "q": "حُكْمُ زَكاةِ المُستَغَلَّات\n ",
    "level": 3,
    "link": "http://host1.octal.com.sa/feqhia/2222",
    "section": "zakah",
    "answers": [
      {
        "answer": "تُؤخَذُ زكاةُ المُستَغَلَّاتِ مِن غَلَّتها وإيرادِها، لا مِن قِيمَتِها، وذلك بَعدَ مُرورِ حَوْلٍ",
        "t": 1
      },
      {
        "answer": "تُؤخَذُ زَكاةُ المُستَغلَّاتِ مِن قِيمَتِها فقط، وذلك بَعدَ مُرورِ حَوْلٍ",
        "t": 0
      },
      {
        "answer": "ليس فيها زَكاة",
        "t": 0
      }
    ]
  },
  {
    "id": 2656,
    "q": "التعامُلُ بأسْهُمِ الشَّرِكات المختَلَطَة، وهي أسهُمُ الشَّرِكاتِ التي تَكون مُعامَلاتُها في الأصلِ مُباحةً، لكنَّها تتعامَلُ بالحَرامِ",
    "level": 3,
    "link": "http://host1.octal.com.sa/feqhia/2206",
    "section": "zakah",
    "answers": [
      {
        "answer": "لا يَجوز",
        "t": 1
      },
      {
        "answer": "يُكرَه",
        "t": 0
      },
      {
        "answer": "يَجوز",
        "t": 0
      }
    ]
  },
  {
    "id": 2652,
    "q": "العِبْرة بالمَكان الذي يُقوِّم فيه التاجِرُ عُروضَه التِّجاريَّة\n ",
    "level": 3,
    "link": "http://host1.octal.com.sa/feqhia/2196",
    "section": "zakah",
    "answers": [
      {
        "answer": "مَكانِ المالِ لا المالِكِ",
        "t": 1
      },
      {
        "answer": "مَكان المالِك لا المال",
        "t": 0
      },
      {
        "answer": "يُحدِّد ذلك القاضي",
        "t": 0
      }
    ]
  },
  {
    "id": 2651,
    "q": "السِّلَعُ المُصَنَّعةُ لَدَى المصانِعِ، والسِّلَعُ التي هي قَيدُ التَّصنيعِ؛ يُقوَّمُ ما فيها مِن:",
    "level": 3,
    "link": "http://host1.octal.com.sa/feqhia/2190",
    "section": "zakah",
    "answers": [
      {
        "answer": "المادَّةِ الخامِ على الحالةِ التي اشتُرِيَت عليها، والصَّنعةِ التي أدخَلَها الصَّانِعُ بجُهْده الخاصِّ",
        "t": 0
      },
      {
        "answer": "لا تَدخُل في زَكاة العُروض مُطلَقًا",
        "t": 0
      },
      {
        "answer": "المادَّةِ الخامِ على الحالةِ التي اشتُرِيَت عليها، دون الصَّنعةِ التي أدخَلَها الصَّانِعُ بجُهْده الخاصِّ",
        "t": 1
      }
    ]
  },
  {
    "id": 2653,
    "q": "هو عِبارةٌ عن جُزءٍ مِن رَأْسِ مالِ الشَّركةِ",
    "level": 3,
    "link": "http://host1.octal.com.sa/feqhia/2204",
    "section": "zakah",
    "answers": [
      {
        "answer": "المُستَغَلَّات",
        "t": 0
      },
      {
        "answer": "السَّنَد",
        "t": 0
      },
      {
        "answer": "السَّهْم",
        "t": 1
      }
    ]
  },
  {
    "id": 2670,
    "q": "حُكم زَكاة الأنْعامِ\n ",
    "level": 3,
    "link": "http://host1.octal.com.sa/feqhia/2229",
    "section": "zakah",
    "answers": [
      {
        "answer": "واجِبةٌ",
        "t": 1
      },
      {
        "answer": "لا تُشرَع",
        "t": 0
      },
      {
        "answer": "مُستَحَبَّة",
        "t": 0
      }
    ]
  },
  {
    "id": 2650,
    "q": "ما لا يُقوَّمُ مِن مَوجوداتِ التاجِر في زَكاة عُروض التِّجارة",
    "level": 3,
    "link": "http://host1.octal.com.sa/feqhia/2188",
    "section": "zakah",
    "answers": [
      {
        "answer": "كُلُّ ما مَلَكَه التَّاجِرُ مُطلقَا",
        "t": 0
      },
      {
        "answer": "كُلُّ ما مَلَكَه التَّاجِرُ بقَصْدِ بَيْعِه",
        "t": 0
      },
      {
        "answer": "كُلُّ ما مَلَكَه التَّاجِرُ بغَير قَصْدِ بَيعِه",
        "t": 1
      }
    ]
  },
  {
    "id": 2649,
    "q": "كيفيَّةُ تَقويم زَكاة عُروض التِّجارة، وما يُقوَّمُ مِن مَوجودات التاجِر في زَكاة عُروض التِّجارة",
    "level": 3,
    "link": "http://host1.octal.com.sa/feqhia/2186",
    "section": "zakah",
    "answers": [
      {
        "answer": "كلُّ ما مَلَكَه التَّاجِرُ بقَصدِ بَيْعِه",
        "t": 1
      },
      {
        "answer": "كلُّ ما مَلَكَه التَّاجِرُ مُطلقًا",
        "t": 0
      },
      {
        "answer": "ما حالَ عليهِ الحَولِ مِن النَّقدَينِ فقط",
        "t": 0
      }
    ]
  },
  {
    "id": 2657,
    "q": "مَن كان يُتاجِرُ بالأسهُمِ بَيْعًا وشِراءً، فإنَّه:",
    "level": 3,
    "link": "http://host1.octal.com.sa/feqhia/2208",
    "section": "zakah",
    "answers": [
      {
        "answer": "يُخرِجُ زَكاتَها يومَ بَيْعِها بقِيمَةِ الخُمْسِ",
        "t": 0
      },
      {
        "answer": "يُقوِّمُ سِعرَها السُّوقيَّ عِندَ تَمامِ الحَوْلِ، ويُخرِجُ منها رُبُع العُشرِ",
        "t": 1
      },
      {
        "answer": "يُخرِجُ عن كلِّ مِئةِ سَهمٍ عَشرةَ أَسهُم",
        "t": 0
      }
    ]
  },
  {
    "id": 2654,
    "q": "حُكْم أسْهُم الشَّرِكات",
    "level": 3,
    "link": "http://host1.octal.com.sa/feqhia/2206",
    "section": "zakah",
    "answers": [
      {
        "answer": "يَجوز شِراءُ أسهُمِ الشَّركاتِ وبَيْعُها، ما دامتْ لا تُمارِسُ المُعامَلاتِ المُحَرَّمةَ",
        "t": 1
      },
      {
        "answer": "لا يَجوز بَيْعها وشِراؤُها",
        "t": 0
      },
      {
        "answer": "يَجوزُ مع الكَراهَةِ وتَركُها أَوْلَى",
        "t": 0
      }
    ]
  },
  {
    "id": 2669,
    "q": "الأنْعام هي:",
    "level": 3,
    "link": "http://host1.octal.com.sa/feqhia/2226",
    "section": "zakah",
    "answers": [
      {
        "answer": "الإبِلُ، والبَقَرُ، والغَنَمُ",
        "t": 1
      },
      {
        "answer": "البَقَر فقط",
        "t": 0
      },
      {
        "answer": "الغَنَم فقط",
        "t": 0
      }
    ]
  },
  {
    "id": 2655,
    "q": "الأسْهُمُ المُحَرَّمةُ",
    "level": 3,
    "link": "http://host1.octal.com.sa/feqhia/2206",
    "section": "zakah",
    "answers": [
      {
        "answer": "الأَسهُم التي تَعتَمِدُ كُلِّيًّا على النَّقدَينِ فقط",
        "t": 0
      },
      {
        "answer": "أسهُمُ الشَّركاتِ التي أُنشِئَتْ لِمُزاوَلةِ الأعمالِ المُحَرَّمة، مِثلَ شَرِكاتِ الخُمورِ والتَّبْغ وبُنوكِ الرِّبا",
        "t": 1
      },
      {
        "answer": "كلُّ ما كان فيه عَدمُ رِضًا بين المُتساهِمِينَ فهي أَسهُم مُحرَّمَة",
        "t": 0
      }
    ]
  },
  {
    "id": 2665,
    "q": "حُكْمُ الصُّكوكِ:",
    "level": 3,
    "link": "http://host1.octal.com.sa/feqhia/2217",
    "section": "zakah",
    "answers": [
      {
        "answer": "حَرامٌ",
        "t": 0
      },
      {
        "answer": "جائِزةٌ",
        "t": 1
      },
      {
        "answer": "مَكروهةٌ",
        "t": 0
      }
    ]
  },
  {
    "id": 2667,
    "q": "الأموالُ التي لم تُعَدَّ لِلبَيْعِ ولم تُتَّخَذْ لِلتِّجارةِ بأعيانها، وإنما أُعِدَّت لِلنَّماءِ، وأخْذِ منافِعِها وثَمرَتِها، ببَيْع ما يَحصُلُ منه مِن نِتاجٍ أو كِراءٍ، هي:",
    "level": 3,
    "link": "http://host1.octal.com.sa/feqhia/2220",
    "section": "zakah",
    "answers": [
      {
        "answer": "السَّنَداتُ",
        "t": 0
      },
      {
        "answer": "الصُّكوك",
        "t": 0
      },
      {
        "answer": "المُستَغَلَّات",
        "t": 1
      }
    ]
  },
  {
    "id": 2660,
    "q": "أداةٌ ماليَّةٌ تَصْدُرُ لِحامِلِها مِنَ البَنكِ أو الشَّرِكة أو الحُكومةِ، ولِفَتَراتِ استِحقاقٍ مُختَلِفةٍ ومُحَدَّدةٍ، وتَحمِلُ فَوائِدَ، هي:",
    "level": 3,
    "link": "http://host1.octal.com.sa/feqhia/2211",
    "section": "zakah",
    "answers": [
      {
        "answer": "السَّهْم",
        "t": 0
      },
      {
        "answer": "المُستَغَلَّات",
        "t": 0
      },
      {
        "answer": "السَّنَد",
        "t": 1
      }
    ]
  },
  {
    "id": 2659,
    "q": "مَنِ اقْتَنَى أسْهُمًا بقَصدِ الرِّبحِ والتَّنمية فقط (لِلاسْتِثْمارِ، لا لِلمُتاجَرةِ ببَيْعِها وشِرائِها)، فإنَّه:",
    "level": 3,
    "link": "http://host1.octal.com.sa/feqhia/2208",
    "section": "zakah",
    "answers": [
      {
        "answer": "يُزكِّي أرباحَها فقط",
        "t": 1
      },
      {
        "answer": "يُزكِّي الأصْل والرِّبْح",
        "t": 0
      },
      {
        "answer": "لا تَجِبُ الزَّكاة",
        "t": 0
      }
    ]
  },
  {
    "id": 2663,
    "q": "أداةٌ استِثماريَّةٌ تَقومُ على تَجزِئةِ رأسِ المالِ القِراضِ (المُضارَبة) بإصدارِ صُكوك مِلكيَّةٍ يُمثِّل مَجموعُها رَأْسَ المالِ، ويُكتَبُ فيها أسماءُ أصحابِها بوَصْفِهم يَملِكون حِصَصًا شائِعةً في رَأْسِ مالِ المُضارَبَةِ، هي:",
    "level": 3,
    "link": "http://host1.octal.com.sa/feqhia/2217",
    "section": "zakah",
    "answers": [
      {
        "answer": "المُستَغَلَّات",
        "t": 0
      },
      {
        "answer": "الصُّكوك",
        "t": 1
      },
      {
        "answer": "السَّنَداتُ",
        "t": 0
      }
    ]
  }
]