[
  {
    "id": 3206,
    "q": "كيف استَطاعَ الرومُ تأمينَ صِقِلَّيَةَ والعُدوانِ على المُسلِمينَ منها؟",
    "level": 3,
    "link": "https://www.dorar.net/history/?page=25",
    "section": "abasi",
    "answers": [
      {
        "answer": "بمُساعَدةِ البَربرِ لهم",
        "t": 0
      },
      {
        "answer": "لاشتِغالِ وُلاةِ إفريقيَّةَ بالفِتنةِ معَ  البَربرِ",
        "t": 1
      },
      {
        "answer": "للمَدَدِ الذي يَصِلُهم من رُوما",
        "t": 0
      }
    ]
  },
  {
    "id": 3222,
    "q": "لماذا بَنى المَنصورُ بنُ أبي عامرٍ مدينةَ (الزاهرةِ)؟",
    "level": 3,
    "link": "https://www.dorar.net/history/?page=64",
    "section": "abasi",
    "answers": [
      {
        "answer": "ليكونَ قَصرًا خاصًّا به يأمَنُ فيه على نفْسِه وليتَّخِذَ فيه رسومَ المُلكِ",
        "t": 1
      },
      {
        "answer": "خشيةً على الخليفةِ هشامٍ ممَّن يُريدُ اغتيالَه",
        "t": 0
      },
      {
        "answer": "لتكونَ مَقرًّا لإدارةِ شؤونِ الدولةِ بَعيدًا عن قَصرِ الخليفةِ",
        "t": 0
      }
    ]
  },
  {
    "id": 3210,
    "q": "ظهر الحُسَين بن عليِّ بن الحسن بن الحسن بن علي بن أبي طالب بالمدينةِ، فالتفَّ عليه جماعةٌ فبايعوه على الكتابِ والسنَّة وجعلوا مأواهم:",
    "level": 3,
    "link": "https://www.dorar.net/history/?page=29",
    "section": "abasi",
    "answers": [
      {
        "answer": "مِيقات ذِي الحُليفَة",
        "t": 0
      },
      {
        "answer": "جبَل أُحُد",
        "t": 0
      },
      {
        "answer": "المَسجِد النبوي",
        "t": 1
      }
    ]
  },
  {
    "id": 3213,
    "q": "لماذا عزَل الأتْراكُ الخليفةَ المُعتزَّ؟",
    "level": 3,
    "link": "https://www.dorar.net/history/?page=43",
    "section": "abasi",
    "answers": [
      {
        "answer": "لأنَّهم لم يتحَصَّلوا على أرزاقِهم منه ولا يوجَدُ في بيتِ المالِ شيءٌ",
        "t": 1
      },
      {
        "answer": "لأنَّه عزَل المُستعينَ عن غيرِ مَشورةٍ منهم",
        "t": 0
      },
      {
        "answer": "لأنَّهم رأَوْه ضعيفَ السياسةِ والإدارةِ للبلادِ",
        "t": 0
      }
    ]
  },
  {
    "id": 3221,
    "q": "لماذا حجَب المنصورُ ابنُ أبي عامرٍ هشامًا المؤيَّدَ وسيَّرَ أمورَ الأندلُسِ بنفْسِه؟",
    "level": 3,
    "link": "https://www.dorar.net/history/?page=64",
    "section": "abasi",
    "answers": [
      {
        "answer": "لاختلافِ البلادِ في أيامِه وعدمِ قُدرةِ هشامٍ على سياسةِ الدولةِ",
        "t": 1
      },
      {
        "answer": "بسببِ مُحاوَلةِ الفاطِميِّينَ اغتيالَه",
        "t": 0
      },
      {
        "answer": "لطمعِ أُمراءِ المُدنِ الأندلُسيةِ في الحُكمِ",
        "t": 0
      }
    ]
  },
  {
    "id": 3224,
    "q": "لماذا قاتَلَ ابنُ أبي عامرٍ زيريَّ بنَ عطيَّةَ وأهلَ زَناتةَ بالمغربِ",
    "level": 3,
    "link": "https://www.dorar.net/history/?page=65",
    "section": "abasi",
    "answers": [
      {
        "answer": "لأنَّه تَمالأَ معَ الفاطميينَ عليه",
        "t": 0
      },
      {
        "answer": "لأنَّ زيريَّ نكَث طاعتَه وطعَن عليه تَغلُّبَه على هشامٍ المؤيَّدِ",
        "t": 1
      },
      {
        "answer": "لأنَّه لم يؤدِّ إليه ما طلَبَه من خَراجٍ وأمْوالٍ",
        "t": 0
      }
    ]
  },
  {
    "id": 3211,
    "q": "لماذا كتَب المأْمونُ بولايةِ العهدِ إلى عليٍّ الرِّضا ابنِ موسى الكاظِمِ؟",
    "level": 3,
    "link": "https://www.dorar.net/history/?page=33",
    "section": "abasi",
    "answers": [
      {
        "answer": "لأنَّه نظَر في بَني العباسِ وبَني عليٍّ، فلم يجِدْ أحدًا أفضَلَ، ولا أورَعَ، ولا أعلَمَ منه",
        "t": 1
      },
      {
        "answer": "بطلَبٍ من العَلَويِّينَ أنفُسِهم بعدَ ثَورتِهم",
        "t": 0
      },
      {
        "answer": "لأنَّه غلَب على مُعظَمِ أقاليمِ الدولةِ",
        "t": 0
      }
    ]
  },
  {
    "id": 3214,
    "q": "لماذا شخَص المُعتضِدُ لحربِ بَني شَيبانَ؟",
    "level": 3,
    "link": "https://www.dorar.net/history/?page=48",
    "section": "abasi",
    "answers": [
      {
        "answer": "لأنَّهم قد أفْسَدوا في الأرضِ وأخَذوا يُغِيرونَ على المَوصِلِ ويَنهَبونَ ويَسلُبونَ",
        "t": 1
      },
      {
        "answer": "لأنَّهم خَلَعوه ولَم يَرَوْا له عليهم طاعةً",
        "t": 0
      },
      {
        "answer": "لأنَّهم منَ القَرامِطةِ",
        "t": 0
      }
    ]
  },
  {
    "id": 3208,
    "q": "لماذا قرَّر المنصورُ التخلُّصَ من أبي مُسلمٍ الخُراسانيِّ؟",
    "level": 3,
    "link": "https://www.dorar.net/history/?page=25\n",
    "section": "abasi",
    "answers": [
      {
        "answer": "لأنَّه خَشيَ من خطَرِه على دَولتِه",
        "t": 1
      },
      {
        "answer": "لأنَّه لم يُبايِعْه",
        "t": 0
      },
      {
        "answer": "لانْشِقاقِه عنه في خُراسانَ",
        "t": 0
      }
    ]
  },
  {
    "id": 3225,
    "q": "لماذا شقَّ أهلُ مدينةِ صورَ عصَا الطاعةِ على الحاكمِ الفاطميِّ؟",
    "level": 3,
    "link": "https://www.dorar.net/history/?page=67",
    "section": "abasi",
    "answers": [
      {
        "answer": "لِمَا لَحِقَهم من جُندِه المغاربةِ البربَرِ منَ الظُّلمِ والجَوْرِ",
        "t": 1
      },
      {
        "answer": "لأنَّهم لم يرَوْا له عليهم ولايةً",
        "t": 0
      },
      {
        "answer": "ميلًا منهم إلى البوَيْهيِّينَ",
        "t": 0
      }
    ]
  },
  {
    "id": 3212,
    "q": "لماذا أعادَ المأْمونُ امتحانَ مَن أجابَ في المِحنةِ؟",
    "level": 3,
    "link": "https://www.dorar.net/history/?page=36",
    "section": "abasi",
    "answers": [
      {
        "answer": "لأنَّه أرادَ أن يُهَيِّجَ الناسَ عليهِم فَيقتُلوهُم",
        "t": 0
      },
      {
        "answer": "لأنَّه رَآهم مُتأوِّلينَ ولم يرضَ بذلك",
        "t": 1
      },
      {
        "answer": "لأنَّه عَلِمَ أنَّهم يَكيدُون لهُ",
        "t": 0
      }
    ]
  },
  {
    "id": 3216,
    "q": "لماذا أعلَن رافعُ بنُ هَرْثَمةَ العِصيانَ على الخليفةِ المُعتضِدِ؟",
    "level": 3,
    "link": "https://www.dorar.net/history/?page=48",
    "section": "abasi",
    "answers": [
      {
        "answer": "لأنَّه بعَث إليه مَن يَقتُلُه",
        "t": 0
      },
      {
        "answer": "لأنَّه رأَى أنَّ مُلكَ بني العَباسِ يَتهاوَى",
        "t": 0
      },
      {
        "answer": "لأنَّه عزَلَه من ولايةِ خُراسانَ وأعْطاها لعَمرِو بنِ اللَّيثِ",
        "t": 1
      }
    ]
  },
  {
    "id": 3218,
    "q": "لماذا قتَل الحُسينُ بنُ منصورٍ الحلَّاجَ؟",
    "level": 3,
    "link": "https://www.dorar.net/history/?page=54",
    "section": "abasi",
    "answers": [
      {
        "answer": "لنَقضِه البَيعةَ",
        "t": 0
      },
      {
        "answer": "لمُقارَفتِه الزِّنا وشُربِه الخَمرَ",
        "t": 0
      },
      {
        "answer": "لزَندَقَتِه",
        "t": 1
      }
    ]
  },
  {
    "id": 3223,
    "q": "لماذا كتَمَ رِفاقُ عضُدِ الدولةِ خبرَ وَفاتِه؟",
    "level": 3,
    "link": "https://www.dorar.net/history/?page=65",
    "section": "abasi",
    "answers": [
      {
        "answer": "لئلَّا ينقلِبَ عليهمُ الطائعُ للهِ الخليفةُ",
        "t": 0
      },
      {
        "answer": "لئلَّا يَتجرَّأَ عليهمُ الفاطميونَ",
        "t": 0
      },
      {
        "answer": "حتى يأتيَ ولدُه صِمصامُ الدولةِ",
        "t": 1
      }
    ]
  },
  {
    "id": 3219,
    "q": "عظُم أمرُ الحنابلةِ ببغدادَ، وقَوِيَت شَوْكتُهم، وصاروا يَكبِسونَ دُورَ القوَّادِ والعامةِ، وإنْ وجَدوا نَبيذًا أراقوهُ، وإنْ وَجَدوا مُغنيةً ضَرَبوها وكَسَروا آلةَ الغناءِ، وسُمِّيَ ذلك بـ:",
    "level": 3,
    "link": "https://www.dorar.net/history/?page=57",
    "section": "abasi",
    "answers": [
      {
        "answer": "فِتنَة العبَّاسِيِّين",
        "t": 0
      },
      {
        "answer": "فِتنَة بغداد",
        "t": 0
      },
      {
        "answer": "فِتنَة الحَنابِلَة",
        "t": 1
      }
    ]
  },
  {
    "id": 3220,
    "q": "ما الذي أغْرى المُعزَّ الفاطميَّ بالهجومِ على مصرَ؟",
    "level": 3,
    "link": "https://www.dorar.net/history/?page=62",
    "section": "abasi",
    "answers": [
      {
        "answer": "دعوةُ أهلِ مصرَ له بالقُدومِ",
        "t": 0
      },
      {
        "answer": "انشغِال والِيها باللَّهْوِ والغِناءِ والمُجونِ",
        "t": 0
      },
      {
        "answer": "اضطِرابُ الدوْلةِ الإخْشيديةِ بعدَ موتِ كافورَ",
        "t": 1
      }
    ]
  },
  {
    "id": 3207,
    "q": "لماذا ثارَ عبدُ اللهِ بنُ عليٍّ على ابنِ أخيه المَنصورِ؟",
    "level": 3,
    "link": "https://www.dorar.net/history/?page=25\n",
    "section": "abasi",
    "answers": [
      {
        "answer": "لاتِّفاقِه معَ الطالِبِيِّينَ على خَلعِ أبي جَعفرٍ المنصورِ",
        "t": 0
      },
      {
        "answer": "لأنَّ المنصورَ غدَر به، وأمَر أبا مُسلمٍ بقَتلِه",
        "t": 0
      },
      {
        "answer": "لأنَّ السفَّاحَ لَمَّا أرادَ قَتْلَ مَرْوانَ انتدَب الناسُ مَن يقتُلُه من أهلِ بيتِه؛ فإنَّه يكونُ وَليَّ عَهدِه، فانتُدِب لذلك عبدُ اللهِ، فهو الأحقُّ بالأمرِ من المنصورِ",
        "t": 1
      }
    ]
  },
  {
    "id": 3209,
    "q": "لماذا قرَّر المنصورُ بناءَ بغدادَ؟",
    "level": 3,
    "link": "https://www.dorar.net/history/?page=26",
    "section": "abasi",
    "answers": [
      {
        "answer": "أرادَ اتِّخاذَ عاصمةٍ جديدةٍ للدولةِ العباسيةِ",
        "t": 0
      },
      {
        "answer": "لأنه وجَدَها مَوضعًا مُتميزًا تِجاريًّا، وأنَّ الريحَ تهُبُّ عليها من كلِّ مكانٍ دونَ إزعاجٍ",
        "t": 1
      },
      {
        "answer": "لفسادِ هواءِ الكوفةِ",
        "t": 0
      }
    ]
  },
  {
    "id": 3217,
    "q": "لماذا لم يَستطِعِ العُبَيديُّونَ (الفاطميُّونَ) الاستيلاءَ على مصرَ في حَملتِهمُ الأُولى سنةَ 301 هـ ؟",
    "level": 3,
    "link": "https://www.dorar.net/history/?page=52",
    "section": "abasi",
    "answers": [
      {
        "answer": "لقلَّةِ عددِ جَيشِهم وعَتادِهم",
        "t": 0
      },
      {
        "answer": "لمواجَهةِ الخَلَنجيِّ الطُّولونيِّ لهم",
        "t": 0
      },
      {
        "answer": "لأنَّ الخَليفةَ المُقتدِرَ باللهِ سيَّرَ إليها خادمَه مؤنِسًا في جيشٍ كثيفٍ،\nفحارَبهم وأجْلاهم عن مصرَ",
        "t": 1
      }
    ]
  },
  {
    "id": 3215,
    "q": "لماذا هدَم المُعتضِدُ دارَ النَّدوةِ بمكةَ، وأقامَ مكانَها مسجِدًا؟",
    "level": 3,
    "link": "https://www.dorar.net/history/?page=48",
    "section": "abasi",
    "answers": [
      {
        "answer": "لأنَّه أُهمِلَ أمْرُها في مُنتصَفِ القرنِ الثالثِ الهجريِّ، فأخَذ يتهدَّمُ بناؤُها",
        "t": 1
      },
      {
        "answer": "لأنَّها ضيَّقَتِ الحرمَ على أهلِه",
        "t": 0
      },
      {
        "answer": "لأنَّها من شِعارِ الجاهليَّةِ",
        "t": 0
      }
    ]
  }
]