[
  {
    "id": 3191,
    "q": "بَنى إبْراهيمُ بنُ الأغلَبِ مدينةً بقُربِ القَيْروانِ وسمَّاها (العباسيَّةَ)، لماذا؟",
    "level": 2,
    "link": "https://www.dorar.net/history/?page=31",
    "section": "abasi",
    "answers": [
      {
        "answer": "نسبةً إلى أبي العباسِ السفَّاحِ",
        "t": 0
      },
      {
        "answer": "نسبةً إلى ابنِه أبي العباسِ عبدِ اللهِ",
        "t": 0
      },
      {
        "answer": "تَعبيرًا عن ولائِه للعباسيِّينَ",
        "t": 1
      }
    ]
  },
  {
    "id": 3202,
    "q": "لماذا اختلَفَ الخوارجُ على مُساوِرٍ الخارجيِّ؟",
    "level": 2,
    "link": "https://www.dorar.net/history/?page=43",
    "section": "abasi",
    "answers": [
      {
        "answer": "لاخْتِلافِهم في قَبولِ توبةِ المُخطئِ",
        "t": 1
      },
      {
        "answer": "لمَنعِه أرزاقَهم وقوتَهم",
        "t": 0
      },
      {
        "answer": "لاخْتِلافِهم على الإمارةِ",
        "t": 0
      }
    ]
  },
  {
    "id": 3196,
    "q": "ما أولُ بِدعةٍ أظهَرَها المأْمونُ؟",
    "level": 2,
    "link": "https://www.dorar.net/history/?page=35",
    "section": "abasi",
    "answers": [
      {
        "answer": "القولُ بأفضَليَّةِ عليٍّ بعدَ النبيِّ ﷺ والتَّبرُّؤ من مُعاويةَ",
        "t": 1
      },
      {
        "answer": "القولُ بخَلقِ القرآنِ",
        "t": 0
      },
      {
        "answer": "مَقالةُ تَعْطيلِ صفاتِ اللهِ عزَّ وجلَّ",
        "t": 0
      }
    ]
  },
  {
    "id": 3193,
    "q": "ما سببُ الشِّقاقِ بينَ الأمينِ والمأْمونِ؟",
    "level": 2,
    "link": "https://www.dorar.net/history/?page=32",
    "section": "abasi",
    "answers": [
      {
        "answer": "نساءُ  العباسيَّينِ",
        "t": 0
      },
      {
        "answer": "الخلافُ على ولايةِ العهدِ من بعدِ الأمينِ",
        "t": 1
      },
      {
        "answer": "انفِرادُ المأمونِ بخُراسانَ",
        "t": 0
      }
    ]
  },
  {
    "id": 3186,
    "q": "ماذا فعَل قُسطَنطينُ في مَلَطِيَّةَ بعدَ أن خرَج منها المُسلِمون؟",
    "level": 2,
    "link": "https://www.dorar.net/history/?page=25",
    "section": "abasi",
    "answers": [
      {
        "answer": "خرَّبها وتركَها عائدًا",
        "t": 1
      },
      {
        "answer": "اتَّخذَها مقرًّا له",
        "t": 0
      },
      {
        "answer": "تركَها ولم يُفسِدْ فيها",
        "t": 0
      }
    ]
  },
  {
    "id": 3187,
    "q": "لماذا لُقِّبَ محمدُ بنُ أبي جعفرٍ عبدِ اللهِ بالمَهديِّ؟",
    "level": 2,
    "link": "https://www.dorar.net/history/?page=27",
    "section": "abasi",
    "answers": [
      {
        "answer": "لاهْتدائِه بعدَ فُجورِه",
        "t": 0
      },
      {
        "answer": "لسماحَتِه وكَرمِه ورَدِّه للمظالِمِ",
        "t": 1
      },
      {
        "answer": "لادِّعائِه أنَّه المَهديُّ المُنتظَر",
        "t": 0
      }
    ]
  },
  {
    "id": 3194,
    "q": "ما سببُ ثورةِ ابنِ طَباطَبا على العباسيِّينَ؟",
    "level": 2,
    "link": "https://www.dorar.net/history/?page=33",
    "section": "abasi",
    "answers": [
      {
        "answer": "حبُّ الإمارةِ",
        "t": 0
      },
      {
        "answer": "غَدرُ المأْمونِ ببعضِ العَلَويِّينَ",
        "t": 0
      },
      {
        "answer": "استِبْدادُ الفَضلِ بنِ سَهلٍ بالأمورِ دونَ المأْمونِ",
        "t": 1
      }
    ]
  },
  {
    "id": 3200,
    "q": "تَكادُ تُجمِعُ الدراساتُ التاريخيةُ على أن مسجِدَ القَرويِّين بفاسَ",
    "level": 2,
    "link": "https://www.dorar.net/history/?page=40",
    "section": "abasi",
    "answers": [
      {
        "answer": "بنَتْه فاطمةُ الفِهريَّةُ (أمُّ البَنينَ) في عهدِ دولةِ الأدارِسةِ",
        "t": 1
      },
      {
        "answer": "بَناه موسى بنُ نُصيرٍ",
        "t": 0
      },
      {
        "answer": "بَناه داودُ بنُ إدْريسَ",
        "t": 0
      }
    ]
  },
  {
    "id": 3205,
    "q": "بماذا أمَر محمَّدٌ القاهرُ بعدَما تولَّى الخلافةَ؟",
    "level": 2,
    "link": "https://www.dorar.net/history/?page=56",
    "section": "abasi",
    "answers": [
      {
        "answer": "بزيادةِ الضرائبِ والخَراجِ",
        "t": 0
      },
      {
        "answer": "بمَنعِ بَيعِ الخَمرِ والنَّبيذِ",
        "t": 1
      },
      {
        "answer": "بزيادةِ مَماليكِه منَ التُّركِ والدَّيْلمِ",
        "t": 0
      }
    ]
  },
  {
    "id": 3199,
    "q": "لماذا حاوَلَ العباسُ بنُ المأْمونِ قَتْلَ عمِّه المُعتصِمِ؟",
    "level": 2,
    "link": "https://www.dorar.net/history/?page=37",
    "section": "abasi",
    "answers": [
      {
        "answer": "لِمَا رَأى من فُجورِ المُعتصِمِ وانْتِهاكِه للحُرُماتِ",
        "t": 0
      },
      {
        "answer": "لأنَّ عُجيفَ بنَ عَنبَسةَ قد ندَّمه إذ لم يأخُذِ الخلافةَ بعدَ أبيهِ المأْمونِ",
        "t": 1
      },
      {
        "answer": "لأنَّ المُعتصِمَ أساءَ مُعامَلَتَه وأزْرى به أمامَ بقيَّةِ الأُمراءِ",
        "t": 0
      }
    ]
  },
  {
    "id": 3197,
    "q": "لماذا خرَج المأْمونُ بنفْسِه لغزوِ الرومِ؟",
    "level": 2,
    "link": "https://www.dorar.net/history/?page=36",
    "section": "abasi",
    "answers": [
      {
        "answer": "لأنَّه شعَر أنَّ النَّاسَ قد ركنَت للرَّفاهيةِ وضَعُفَت عندَهم رُوحُ الجهادِ",
        "t": 1
      },
      {
        "answer": "لأنَّه شعَر بفُتورٍ في نفْسِه فأرادَ أنْ يُنشِّطَ نفْسَه",
        "t": 0
      },
      {
        "answer": "لأنَّه شعَر بالانشِغالِ ببَيتِ الحِكْمةِ عنِ الجهادِ",
        "t": 0
      }
    ]
  },
  {
    "id": 3188,
    "q": "لماذا قتَل عبدُ الرحمنِ الداخلُ الحُسينَ بنَ يَحْيى الأنصاريَّ أقبَحَ قِتْلةٍ؟",
    "level": 2,
    "link": "https://www.dorar.net/history/?page=28",
    "section": "abasi",
    "answers": [
      {
        "answer": "لأنَّه غدَر ونقَض العَهدَ",
        "t": 1
      },
      {
        "answer": "لظُلمِه وتجَبُّرِه في سَرَقُسطةَ",
        "t": 0
      },
      {
        "answer": "لأنه هُزِم أمامَ جيشِ شارْلِمانَ",
        "t": 0
      }
    ]
  },
  {
    "id": 3190,
    "q": "كيف وسَّع عبدُ الرحمنِ الداخلُ جامعَ قُرطُبةَ؟",
    "level": 2,
    "link": "https://www.dorar.net/history/?page=29",
    "section": "abasi",
    "answers": [
      {
        "answer": "استَوْلى على الكَنيسةِ التي بجانِبِه ",
        "t": 0
      },
      {
        "answer": "بحثَ عن مكانٍ أوسَعَ لبناءِ الجامِعِ",
        "t": 0
      },
      {
        "answer": "اشتَرى الكَنيسةَ التي بجانِبِه منَ النَّصارى بعدَ أنْ دفَع لهم ما أرادوه منَ المالِ",
        "t": 1
      }
    ]
  },
  {
    "id": 3201,
    "q": "لِمَ خلَع المُنتصِرُ أخوَيْه المُعتزَّ والمؤيَّدَ عن وِلايةِ العهدِ؟",
    "level": 2,
    "link": "https://www.dorar.net/history/?page=41",
    "section": "abasi",
    "answers": [
      {
        "answer": "لخَشيتِه أن يَنقلِبا عليه",
        "t": 0
      },
      {
        "answer": "لإلحاحِ التُّركِ عليه لخَشيَتِهم إنْ مات المُنتصِرُ أنْ يُنكِّلَ بهمُ المُعتزُّ",
        "t": 1
      },
      {
        "answer": "لأنَّه أرادَ أن يأخُذَ البَيعةَ بوِلايةِ العهدِ لابنِه عبدِ الوهَّابِ",
        "t": 0
      }
    ]
  },
  {
    "id": 3204,
    "q": "مَن أولُ مَن لقَّب نفْسَه (أميرَ المؤمِنينَ) من أُمراءِ بَني أُميةَ في الأندلُسِ؟",
    "level": 2,
    "link": "https://www.dorar.net/history/?page=56",
    "section": "abasi",
    "answers": [
      {
        "answer": "هشامٌ المؤيَّدُ",
        "t": 0
      },
      {
        "answer": "عبدُ الرحمنِ الناصرُ",
        "t": 1
      },
      {
        "answer": "الحَكمُ المُستنصِرُ",
        "t": 0
      }
    ]
  },
  {
    "id": 3192,
    "q": "كيف ردَّ الرشيدُ على نِقْفورَ؟",
    "level": 2,
    "link": "https://www.dorar.net/history/?page=31",
    "section": "abasi",
    "answers": [
      {
        "answer": "قولًا وفعلًا",
        "t": 1
      },
      {
        "answer": "قولًا فقط",
        "t": 0
      },
      {
        "answer": "فعلًا فقط",
        "t": 0
      }
    ]
  },
  {
    "id": 3203,
    "q": "مَن أولُ مَن بَنى دارَ الخِلافةِ في بَغدادَ؟",
    "level": 2,
    "link": "https://www.dorar.net/history/?page=48",
    "section": "abasi",
    "answers": [
      {
        "answer": "الموفَّقُ",
        "t": 0
      },
      {
        "answer": "المُعتمِدُ",
        "t": 0
      },
      {
        "answer": "المُعتضِدُ",
        "t": 1
      }
    ]
  },
  {
    "id": 3195,
    "q": "ما السببُ الأساسُ في قيامِ ثورةِ الرَّبَضِ؟",
    "level": 2,
    "link": "https://www.dorar.net/history/?page=34",
    "section": "abasi",
    "answers": [
      {
        "answer": "ما عُرِف عنِ الحَكَمِ بنِ هشامٍ من مُعاقَرةِ الخمرِ وتَشاغُلِه باللَّهوِ والصيدِ، ولقَتلِه جماعةً من أعْيانِ قُرطُبةَ",
        "t": 1
      },
      {
        "answer": "خرابُ الأسْواقِ وتكالُبُ العدوِّ",
        "t": 0
      },
      {
        "answer": "استِئثارُه بالإمارةِ عَنوةً منِ ابنِ عمِّه أحمدَ بنِ المُنذِرِ",
        "t": 0
      }
    ]
  },
  {
    "id": 3198,
    "q": "لماذا اعتُقِل الإمامُ أحمدُ ومحمَّدُ بنُ نوحٍ وسِيقا إلى المأْمونِ؟",
    "level": 2,
    "link": "https://www.dorar.net/history/?page=36",
    "section": "abasi",
    "answers": [
      {
        "answer": "لأنَّهما لم يُجيبا في مِحنةِ خَلقِ القرآنِ",
        "t": 1
      },
      {
        "answer": "لأنَّهما تأوَّلا في مِحنةِ خَلقِ القرآنِ",
        "t": 0
      },
      {
        "answer": "لأنَّهما قامَا بالخروجِ على المأْمونِ",
        "t": 0
      }
    ]
  },
  {
    "id": 3189,
    "q": "ما عمَلُ ديوانِ الأزِمَّةِ أيامَ المَهديِّ؟",
    "level": 2,
    "link": "https://www.dorar.net/history/?page=29",
    "section": "abasi",
    "answers": [
      {
        "answer": "حلُّ الأزماتِ الماليةِ التي تمُرُّ بها البلادُ",
        "t": 0
      },
      {
        "answer": "حسابُ الضرائبِ",
        "t": 1
      },
      {
        "answer": "حلُّ النزاعاتِ القَبليَّةِ",
        "t": 0
      }
    ]
  }
]