[
  {
    "id": 6316,
    "q": "في قَولِه تعالى: {وَكَذَلِكَ حَقَّتْ كَلِمَةُ رَبِّكَ عَلَى الَّذِينَ كَفَرُوا} \"حَقَّتْ\" أي: ",
    "level": 3,
    "link": "https://dorar.net/tafseer/40/2",
    "section": "Ghafir",
    "answers": [
      {
        "answer": "سَبَقَتْ ومَضَتْ",
        "t": 0
      },
      {
        "answer": "وجَبَتْ ولَزِمَتْ",
        "t": 1
      },
      {
        "answer": "اقْتَضَتْ",
        "t": 0
      }
    ]
  },
  {
    "id": 6319,
    "q": "في قَولِه تعالى: {كَذَّبَتْ قَبْلَهُمْ قَوْمُ نُوحٍ وَالْأَحْزَابُ مِنْ بَعْدِهِمْ} الَمقصُودُ بالأَحزَاب:",
    "level": 3,
    "link": "https://dorar.net/tafseer/40/2",
    "section": "Ghafir",
    "answers": [
      {
        "answer": "مُشرِكُو قُريشٍ خاصَّة",
        "t": 0
      },
      {
        "answer": "الذين تَجمَّعُوا في غَزوَةِ الأَحزابِ لمُحارَبَةِ النبيِّ صلَّى الله عليه وسلَّم",
        "t": 0
      },
      {
        "answer": "الأُممُ الَّذين تحزَّبوا وتجمَّعوا على رُسلِهم بالتَّكذيبِ",
        "t": 1
      }
    ]
  },
  {
    "id": 6312,
    "q": "في قَولِه تعالى: {إِذِ الْقُلُوبُ لَدَى الْحَنَاجِرِ كَاظِمِينَ} \"الْحَنَاجِرِ\" أي: ",
    "level": 3,
    "link": "https://dorar.net/tafseer/40/6",
    "section": "Ghafir",
    "answers": [
      {
        "answer": "الخَوفِ والفَزعِ",
        "t": 0
      },
      {
        "answer": "جَمعُ حاجِر؛ وهو الصَّدرُ",
        "t": 0
      },
      {
        "answer": "الحُلُوقِ، جَمع حَنْجَرةٍ",
        "t": 1
      }
    ]
  },
  {
    "id": 6310,
    "q": " قولُه تعالى: {وَمَا كَيْدُ الْكَافِرِينَ إِلَّا فِي ضَلَالٍ} فيه: ",
    "level": 3,
    "link": "https://dorar.net/tafseer/40/8",
    "section": "Ghafir",
    "answers": [
      {
        "answer": "تَحذِيرٌ للمُنافِقينَ مِن مُخالَفةِ الرَّسولِ صلَّى الله عليه وسلَّم",
        "t": 0
      },
      {
        "answer": "استِنفارٌ لجُمُوعِ المُؤمِنينَ بإعدادِ العُدَّةِ للكافِرينَ والمُشرِكينَ",
        "t": 0
      },
      {
        "answer": "البُشرى التَّامَّةُ للمُؤمِنينَ",
        "t": 1
      }
    ]
  },
  {
    "id": 6303,
    "q": "قَولُه تعالى:{النَّارُ يُعْرَضُونَ عَلَيْهَا غُدُوًّا وَعَشِيًّا} قِيلَ: \"غُدُوًّا وَعَشِيًّا\" كِنايةٌ عن:",
    "level": 3,
    "link": "https://dorar.net/tafseer/40/12",
    "section": "Ghafir",
    "answers": [
      {
        "answer": "شِدَّةِ العَذابِ",
        "t": 0
      },
      {
        "answer": "الشُّروقِ والغُروبِ",
        "t": 0
      },
      {
        "answer": "الدَّوامِ",
        "t": 1
      }
    ]
  },
  {
    "id": 6302,
    "q": "قَولُه تعالى: {وَأَوْرَثْنَا بَنِي إِسْرَائِيلَ الْكِتَابَ} الكِتابُ المُرادُ هُنا هو:",
    "level": 3,
    "link": "https://dorar.net/tafseer/40/14",
    "section": "Ghafir",
    "answers": [
      {
        "answer": "الزَّبُورُ",
        "t": 0
      },
      {
        "answer": "التَّوراةُ",
        "t": 1
      },
      {
        "answer": "الإِنجِيلُ",
        "t": 0
      }
    ]
  },
  {
    "id": 6304,
    "q": "قَولُه تعالى: {هُدًى وَذِكْرَى لِأُولِي الْأَلْبَابِ} أُولُو الألبابِ هُم: ",
    "level": 3,
    "link": "https://dorar.net/tafseer/40/14",
    "section": "Ghafir",
    "answers": [
      {
        "answer": "أَهلُ التَّقوَى",
        "t": 0
      },
      {
        "answer": "أَصحابُ العُقولِ الزَّكيَّةِ",
        "t": 1
      },
      {
        "answer": "عامَّةُ المُؤمِنينَ",
        "t": 0
      }
    ]
  },
  {
    "id": 6306,
    "q": "مَعنَى \"دَارُ القَرَار\" في قَولِه تعالى: {وَإِنَّ الْآَخِرَةَ هِيَ دَارُ الْقَرَارِ}:",
    "level": 3,
    "link": "https://dorar.net/tafseer/40/11",
    "section": "Ghafir",
    "answers": [
      {
        "answer": "دارُ النَّعيمِ",
        "t": 0
      },
      {
        "answer": "دارُ الفَوزِ والنَّجاةِ",
        "t": 0
      },
      {
        "answer": "دارُ الاستِقرارِ والخُلودِ",
        "t": 1
      }
    ]
  },
  {
    "id": 6311,
    "q": "المَقصُودُ مِن قَولِ مُؤمِنِ آل فِرعَون: {يَا قَوْمِ لَكُمُ الْمُلْكُ الْيَوْمَ ظَاهِرِينَ فِي الْأَرْضِ فَمَنْ يَنْصُرُنَا مِنْ بَأْسِ اللَّهِ إِنْ جَاءَنَا} هو: ",
    "level": 3,
    "link": "https://dorar.net/tafseer/40/9",
    "section": "Ghafir",
    "answers": [
      {
        "answer": "تخويفُ فِرعَونَ مِن زَوالِ مُلكِه",
        "t": 1
      },
      {
        "answer": "إِرشادُ مُوسى عليهِ السَّلامُ إلى تَآمُرِ قَومِ فِرعَونَ عليهِ لقَتلِه",
        "t": 0
      },
      {
        "answer": "تَرغِيبُ السَّحَرَةُ في مُلكِ فِرعَونَ",
        "t": 0
      }
    ]
  },
  {
    "id": 6315,
    "q": "في قَولِه تعالى: {وَهَمَّتْ كُلُّ أُمَّةٍ بِرَسُولِهِمْ لِيَأْخُذُوهُ}  الهمُّ المَذكُورُ في الآيَةِ هو: ",
    "level": 3,
    "link": "https://dorar.net/tafseer/40/2",
    "section": "Ghafir",
    "answers": [
      {
        "answer": "الخَوفُ مِن ضَرَرٍ مُستَقبَلٍ",
        "t": 0
      },
      {
        "answer": "الإِسراعُ في الشَّيْءِ",
        "t": 0
      },
      {
        "answer": "جَرَيانُ الشَّيءِ في القلبِ",
        "t": 1
      }
    ]
  },
  {
    "id": 6305,
    "q": "المَقصُودُ بيَومِ الأحزاب في  قولِه: {إِنِّي أَخَافُ عَلَيْكُمْ مِثْلَ يَوْمِ الْأَحْزَابِ}:",
    "level": 3,
    "link": "https://dorar.net/tafseer/40/10",
    "section": "Ghafir",
    "answers": [
      {
        "answer": "يَومُ غَزوَةِ الأَحزابِ ",
        "t": 0
      },
      {
        "answer": "يَومُ هَلاكِ فِرعونَ وجُنودِه",
        "t": 0
      },
      {
        "answer": "مُرادٌ به الجِنسُ لا يومٌ مُعيَّنٌ",
        "t": 1
      }
    ]
  },
  {
    "id": 6308,
    "q": "في قَولِه تعالى: {يَوْمَ تُوَلُّونَ مُدْبِرِينَ} \"تُوَلُّونَ\" أي: ",
    "level": 3,
    "link": "https://dorar.net/tafseer/40/10",
    "section": "Ghafir",
    "answers": [
      {
        "answer": "تَفْزَعُونَ",
        "t": 0
      },
      {
        "answer": "تَستَغِيثُونَ",
        "t": 0
      },
      {
        "answer": "تَهرُبونَ",
        "t": 1
      }
    ]
  },
  {
    "id": 6317,
    "q": "قولُه تعالى: {يُسَبِّحُونَ بِحَمْدِ رَبِّهِمْ وَيُؤْمِنُونَ بِهِ} فيه وصْفُ حَمَلةِ العرشِ بالإيمانِ -مع أنَّ إيمانَهم به مَعلومٌ لكلِّ أحَدٍ:",
    "level": 3,
    "link": "https://dorar.net/tafseer/40/3",
    "section": "Ghafir",
    "answers": [
      {
        "answer": "لإظهارِ شَرَفِ الإيمانِ وفَضلِه",
        "t": 1
      },
      {
        "answer": "لأنَّ المَلائِكَةَ مِثلُ الجِنِّ؛ مِنهُم مُؤمِنٌ ومِنهُم كافِرٌ",
        "t": 0
      },
      {
        "answer": "للإِشارَةِ إلى أنَّ التَّسبِيحَ لا يَصدُرُ إلَّا عن إِيمانٍ",
        "t": 0
      }
    ]
  },
  {
    "id": 6309,
    "q": "في قَولِه تعالى: {قَالُوا اقْتُلُوا أَبْنَاءَ الَّذِينَ آَمَنُوا مَعَهُ وَاسْتَحْيُوا نِسَاءَهُمْ} مَعنَى \"وَاسْتَحْيُوا نِسَاءَهُمْ\":",
    "level": 3,
    "link": "https://dorar.net/tafseer/40/8",
    "section": "Ghafir",
    "answers": [
      {
        "answer": "اجعَلُوهُنَّ مِن جُملَةِ إِمائِكُم وخَدَمِكُم",
        "t": 0
      },
      {
        "answer": "استَبقُوهنَّ أحياءً",
        "t": 1
      },
      {
        "answer": "اعتَدُوا عليهِنَّ بالزِّنا",
        "t": 0
      }
    ]
  },
  {
    "id": 6313,
    "q": "ما المَقصُودُ بقَولِه تعالى: {خَائِنَةَ الْأَعْيُنِ}: ",
    "level": 3,
    "link": "https://dorar.net/tafseer/40/6",
    "section": "Ghafir",
    "answers": [
      {
        "answer": "مُسارَقةُ النَّظَرِ إلى ما لا يَحِلُّ",
        "t": 1
      },
      {
        "answer": "طَرْفَةُ العَيْنِ",
        "t": 0
      },
      {
        "answer": "البُكاءُ رِياءً وسُمعَةً",
        "t": 0
      }
    ]
  },
  {
    "id": 6314,
    "q": "في قَولِه تعالى: {رَبَّنَا وَسِعْتَ كُلَّ شَيْءٍ رَحْمَةً وَعِلْمًا} تقديمُ الرَّحمةِ على العِلمِ:",
    "level": 3,
    "link": "https://dorar.net/tafseer/40/3",
    "section": "Ghafir",
    "answers": [
      {
        "answer": "لأنَّ الرَّحمَةَ مِن أَسبابِ العِلمِ وثَمراتِه",
        "t": 0
      },
      {
        "answer": "لأنَّ بها  يَتَوسَّلُ إلى حُصولِ المَطلوبِ مِن سؤالِ المَغفرةِ",
        "t": 1
      },
      {
        "answer": "للإِشارَةِ إلى أنَّ لا أَحَدَ يَدخُلُ الجنَّةَ بعَمَلِهِ ولكن برَحمَةِ الله عزَّ وجلَّ",
        "t": 0
      }
    ]
  },
  {
    "id": 6320,
    "q": "قولُه تعالى: {تَنْزِيلُ الْكِتَابِ مِنَ اللَّهِ الْعَزِيزِ الْعَلِيمِ} وصْفُ اللهِ تعالَى بوَصفَيِ \"الْعَزِيزِ الْعَلِيمِ\" هنا فيه: ",
    "level": 3,
    "link": "https://dorar.net/tafseer/40/1",
    "section": "Ghafir",
    "answers": [
      {
        "answer": "رَدٌّ على المُعتَزِلَةِ في نَفْيِهِم الصِّفاتِ الخَبريَّةِ",
        "t": 0
      },
      {
        "answer": "تَرغِيبٌ في التَّوسُّلِ إلى الله تعالى بأَسمائِه الحُسنَى",
        "t": 0
      },
      {
        "answer": "تَعريضٌ بأنَّ مُنكِري تَنزيلِ الكِتابِ منه مَغلوبونَ مَقهورونَ",
        "t": 1
      }
    ]
  },
  {
    "id": 6307,
    "q": "في قَولِ الله تعالى: {ادْعُونِي أَسْتَجِبْ لَكُمْ} الدُّعاءُ المُرادُ هُنا:",
    "level": 3,
    "link": "https://dorar.net/tafseer/40/16",
    "section": "Ghafir",
    "answers": [
      {
        "answer": "كِلاهُما",
        "t": 1
      },
      {
        "answer": "دُعاءُ المَسأَلةِ",
        "t": 0
      },
      {
        "answer": "دُعاءُ العِبادَةِ",
        "t": 0
      }
    ]
  },
  {
    "id": 6318,
    "q": "سورةُ غافِرٍ:",
    "level": 3,
    "link": "https://dorar.net/tafseer/40",
    "section": "Ghafir",
    "answers": [
      {
        "answer": "مَكِّيَّةٌ",
        "t": 1
      },
      {
        "answer": "مَدنِيَّةٌ",
        "t": 0
      },
      {
        "answer": "مُختَلَفٌ فِيها",
        "t": 0
      }
    ]
  },
  {
    "id": 6299,
    "q": "قوله تعالى: {لِتَبْلُغُوا أَشُدَّكُمْ} بُلوغُ الأشُدِّ هو، أي: ",
    "level": 3,
    "link": "https://dorar.net/tafseer/40/17",
    "section": "Ghafir",
    "answers": [
      {
        "answer": "بُلوغُ مُنتهَى الشَّبابِ والقُوَّةِ",
        "t": 1
      },
      {
        "answer": "بُلوغُ أَرْذَلِ العُمُرِ والشَّيخُوخَةِ",
        "t": 0
      },
      {
        "answer": "بُلوغُ التَّكلِيفِ الشَّرعِي",
        "t": 0
      }
    ]
  }
]