[
  {
    "id": 6337,
    "q": "المَقصُودُ بقَولِه تعالى: {تَقَلُّبُهُمْ فِي الْبِلَادِ}: ",
    "level": 2,
    "link": "https://dorar.net/tafseer/40/2",
    "section": "Ghafir",
    "answers": [
      {
        "answer": "تَصَرُّفُهم في البِلادِ، وتَردُّدُهم في أسفارِهم سالِمينَ",
        "t": 1
      },
      {
        "answer": "كَثرَةُ أَحزابِهِم في البِلادِ وأَعوانِهِم على الكُفرِ",
        "t": 0
      },
      {
        "answer": "انتِصاراتِهِم في حُروبِهِم ودَفْعِهِم لأَعدائِهِم",
        "t": 0
      }
    ]
  },
  {
    "id": 6334,
    "q": "في قوله تعالى: {وَمَا يَتَذَكَّرُ إِلَّا مَنْ يُنِيبُ} \"يُنِيبُ\" أي: ",
    "level": 2,
    "link": "https://dorar.net/tafseer/40/4",
    "section": "Ghafir",
    "answers": [
      {
        "answer": "يَصدُقُ النِّيَّةَ",
        "t": 0
      },
      {
        "answer": "يَجتَهِدُ في عِبادَةِ رَبَّهِ",
        "t": 0
      },
      {
        "answer": "يَرجِعُ ويَتوبُ",
        "t": 1
      }
    ]
  },
  {
    "id": 6322,
    "q": "قَولُه تعالى: {النَّارُ يُعْرَضُونَ عَلَيْهَا غُدُوًّا وَعَشِيًّا} فيه: ",
    "level": 2,
    "link": "https://dorar.net/tafseer/40/12",
    "section": "Ghafir",
    "answers": [
      {
        "answer": "عَدمُ فَناءِ الشَّمسِ في الآخِرَة ",
        "t": 0
      },
      {
        "answer": "كَراهَةُ الصَّلاةِ وَقتَ الشُّروقِ ووَقتَ الغُروبِ",
        "t": 0
      },
      {
        "answer": "إثباتُ عذابِ القَبرِ",
        "t": 1
      }
    ]
  },
  {
    "id": 6340,
    "q": "مِن أَهمِّ مَوضُوعاتِ سُورَةِ غافِر:",
    "level": 2,
    "link": "https://dorar.net/tafseer/40",
    "section": "Ghafir",
    "answers": [
      {
        "answer": "دَعوةُ العِبادِ إلى إخلاصِ الطَّاعةِ له، وتَذكيرُهم بأهوالِ يومِ القيامةِ",
        "t": 1
      },
      {
        "answer": "بيانُ أنَّ اللَّهَ سُبحانَه مُطَلِّعٌ على سَرائرِ الخَلقِ وضَمائرِهم",
        "t": 0
      },
      {
        "answer": "إثباتُ البَعثِ والجزاءِ",
        "t": 0
      }
    ]
  },
  {
    "id": 6321,
    "q": "جاء قَولُه تعالى: {مِثْلَ يَوْمِ الْأَحْزَابِ} بالإِفرادِ؛ فلم يقُل: (مِثلَ أيَّامِ الأحزابِ):",
    "level": 2,
    "link": "https://dorar.net/tafseer/40/10",
    "section": "Ghafir",
    "answers": [
      {
        "answer": "للإِشارَةِ إلى أنَّ هَلاكَهُم جميعًا كان بعَذابٍ واحِدٍ",
        "t": 0
      },
      {
        "answer": "للإشارةِ إلى أنَّ الله قادِرٌ على إهلاكِهم في أقَلِّ زَمانٍ",
        "t": 1
      },
      {
        "answer": "لتَأكِيدِ مَعنى اتِّحادِهِم في الكُفرِ",
        "t": 0
      }
    ]
  },
  {
    "id": 6324,
    "q": "قَولُه تعالى: {هُوَ الَّذِي خَلَقَكُمْ مِنْ تُرَابٍ ثُمَّ مِنْ نُطْفَةٍ} النُّطفةُ هي: ",
    "level": 2,
    "link": "https://dorar.net/tafseer/40/17",
    "section": "Ghafir",
    "answers": [
      {
        "answer": "الماءُ الصَّافي",
        "t": 1
      },
      {
        "answer": "الطِّينُ اليابِسُ",
        "t": 0
      },
      {
        "answer": "قِطعَةُ اللَّحمِ المُتجمِّدَةُ",
        "t": 0
      }
    ]
  },
  {
    "id": 6326,
    "q": "قوله تعالى: {وَإِذْ يَتَحَاجُّونَ فِي النَّارِ} \"يَتَحَاجُّونَ\" أي:",
    "level": 2,
    "link": "https://dorar.net/tafseer/40/13",
    "section": "Ghafir",
    "answers": [
      {
        "answer": "يَتبَرَّأُ بَعضُهُم مِن بَعضٍ",
        "t": 0
      },
      {
        "answer": "يَختَصِمونَ",
        "t": 1
      },
      {
        "answer": "يَتَلاعَنُونَ",
        "t": 0
      }
    ]
  },
  {
    "id": 6333,
    "q": "في قوله تعالى: {وَمَا كَانَ لَهُمْ مِنَ اللَّهِ مِنْ وَاقٍ} \"وَاقٍ\" أي: ",
    "level": 2,
    "link": "https://dorar.net/tafseer/40/7",
    "section": "Ghafir",
    "answers": [
      {
        "answer": "حافِظٍ ونافعٍ",
        "t": 1
      },
      {
        "answer": "شافِعٍ يَشفَعُ لهُم",
        "t": 0
      },
      {
        "answer": "وَلِيٍّ ناصِرٍ",
        "t": 0
      }
    ]
  },
  {
    "id": 6325,
    "q": "قولُه تعالى: {سُنَّةَ اللَّهِ الَّتِي قَدْ خَلَتْ فِي عِبَادِهِ} المَقصُودُ بالسُنَّةِ هنا:",
    "level": 2,
    "link": "https://dorar.net/tafseer/40/17",
    "section": "Ghafir",
    "answers": [
      {
        "answer": "الطَّريقةُ المَسلوكةُ والمِنهاجُ المتَّبَعُ",
        "t": 1
      },
      {
        "answer": "الرَّحمَةُ الواسِعَةُ",
        "t": 0
      },
      {
        "answer": "الدِّينُ والشَرِيعَةُ ",
        "t": 0
      }
    ]
  },
  {
    "id": 6339,
    "q": "مِن أَسماءِ سُورَةِ غافِر:",
    "level": 2,
    "link": "https://dorar.net/tafseer/40",
    "section": "Ghafir",
    "answers": [
      {
        "answer": "سُورَةُ المُهاجِرينَ ",
        "t": 0
      },
      {
        "answer": "سُورَةُ الحَمدِ",
        "t": 0
      },
      {
        "answer": "سُورَةُ المُؤمِنِ",
        "t": 1
      }
    ]
  },
  {
    "id": 6338,
    "q": "في قَولِه تعالى: {تَنْزِيلُ الْكِتَابِ مِنَ اللَّهِ الْعَزِيزِ الْعَلِيمِ} وصْفُ القرآنِ الكريمِ بالكتابِ، بمعنى مَكتوبٍ؛ وهو مَكتوبٌ في:",
    "level": 2,
    "link": "https://dorar.net/tafseer/40/1",
    "section": "Ghafir",
    "answers": [
      {
        "answer": "المصاحفِ، وصُّحُفِ الملائكةِ؛ اللَّوحِ المحفوظِ",
        "t": 1
      },
      {
        "answer": "صُحُفِ الأَنبِياءِ والرُّسُلِ، وكُتُبِ مُؤمِنِي الجِنِّ",
        "t": 0
      },
      {
        "answer": "القُرآنِ، والتَّوراةِ، والإِنجيلِ",
        "t": 0
      }
    ]
  },
  {
    "id": 6327,
    "q": "قَولُه تعالى: {إِنَّا لَنَنْصُرُ رُسُلَنَا وَالَّذِينَ آَمَنُوا} يُستَفادُ منه:",
    "level": 2,
    "link": "https://dorar.net/tafseer/40/14",
    "section": "Ghafir",
    "answers": [
      {
        "answer": "أنَّ النَّصرَ والتَّأييدَ إنَّما هو لأهلِ الإيمانِ الكامِلِ، فمَن نَقَصَ إيمانُه نَقَصَ نصيبُه مِن النَّصرِ والتَّأييدِ",
        "t": 1
      },
      {
        "answer": "أنَّ لكُلِّ عَبدٍ مِن الإِيمانِ بِقَدرِ اتِّباعِه للرُّسُلِ",
        "t": 0
      },
      {
        "answer": "أنَّ الإِيمانَ يَعدِلُ دَرجةَ النُّبُوَّةِ",
        "t": 0
      }
    ]
  },
  {
    "id": 6329,
    "q": "قوله تعالى: {وَمَا كَيْدُ فِرْعَوْنَ إِلَّا فِي تَبَابٍ} \"تَبَابٍ\" أي:",
    "level": 2,
    "link": "https://dorar.net/tafseer/40/11",
    "section": "Ghafir",
    "answers": [
      {
        "answer": "بُطلانٍ وخَسارٍ",
        "t": 1
      },
      {
        "answer": "ظُلمٍ وجَوْرٍ",
        "t": 0
      },
      {
        "answer": "خَفاءٍ وظَلامٍ",
        "t": 0
      }
    ]
  },
  {
    "id": 6336,
    "q": "قَولُه تعالى: {رَبَّنَا وَسِعْتَ كُلَّ شَيْءٍ رَحْمَةً وَعِلْمًا فَاغْفِرْ} يُستَفادُ مِنه: ",
    "level": 2,
    "link": "https://dorar.net/tafseer/40/3",
    "section": "Ghafir",
    "answers": [
      {
        "answer": "استِحبابُ الجَمعِ بين تَوحيدِ الرُّبوبِيَّةِ وتَوحيدِ الأُلُوهِيَّةِ في الدُّعاءِ",
        "t": 0
      },
      {
        "answer": "مَشرُوعِيَّةُ اشتِقاقِ أَسماءِ الله تعالى مِن صِفاتِه: الرَّحِيم والعَلِيم والغَفُور",
        "t": 0
      },
      {
        "answer": "أن التَّوسُّلَ إلى الله تعالى بصِفاتِه مِن أسبابِ إجابةِ الدُّعاءِ",
        "t": 1
      }
    ]
  },
  {
    "id": 6328,
    "q": "قَولُه تعالى: {يَوْمَ تُوَلُّونَ مُدْبِرِينَ} الإدبارُ هو: ",
    "level": 2,
    "link": "https://dorar.net/tafseer/40/10",
    "section": "Ghafir",
    "answers": [
      {
        "answer": "الذَّهابُ إلى جِهةِ الخَلفِ",
        "t": 1
      },
      {
        "answer": "القَهْرُ والغَلَبَةُ",
        "t": 0
      },
      {
        "answer": "الخَوفُ والفَزعُ",
        "t": 0
      }
    ]
  },
  {
    "id": 6330,
    "q": "قولُه تعالى: {إِنَّ اللَّهَ لَا يَهْدِي مَنْ هُوَ مُسْرِفٌ كَذَّابٌ} وقولُه تعالى: {كَذَلِكَ يُضِلُّ اللَّهُ مَنْ هُوَ مُسْرِفٌ مُرْتَابٌ} فيه إشارةٌ إلى:",
    "level": 2,
    "link": "https://dorar.net/tafseer/40/9",
    "section": "Ghafir",
    "answers": [
      {
        "answer": "أنَّ الكَذِبَ على الله تعالى كُفرٌ مُخرِجٌ مِن المِلَّةِ",
        "t": 0
      },
      {
        "answer": "أنَّ الضَّلالَ سَببٌ للإِسرافِ",
        "t": 0
      },
      {
        "answer": "أنَّ الإصرارَ على المعاصي قدْ يكونُ سببًا لسَدِّ أبوابِ الهِدايةِ عن العَبدِ",
        "t": 1
      }
    ]
  },
  {
    "id": 6335,
    "q": "في قَولِه تعالى: {إِذِ الْقُلُوبُ لَدَى الْحَنَاجِرِ كَاظِمِينَ} \"كَاظِمِينَ\" أي: ",
    "level": 2,
    "link": "https://dorar.net/tafseer/40/6",
    "section": "Ghafir",
    "answers": [
      {
        "answer": "مَكروبينَ مُمتَلِئينَ خَوفًا وحُزنًا",
        "t": 1
      },
      {
        "answer": "مُرتَقِبِينَ للحِسابِ",
        "t": 0
      },
      {
        "answer": "خاشِعِينَ صامِتِينَ",
        "t": 0
      }
    ]
  },
  {
    "id": 6331,
    "q": "قولُه تَعالى: {لَا جَرَمَ أَنَّمَا تَدْعُونَنِي إِلَيْهِ لَيْسَ لَهُ دَعْوَةٌ} مَعنَى \"لا جَرَمَ\":",
    "level": 2,
    "link": "https://dorar.net/tafseer/40/12",
    "section": "Ghafir",
    "answers": [
      {
        "answer": "أَشهَدُ",
        "t": 0
      },
      {
        "answer": "حَقًّا",
        "t": 1
      },
      {
        "answer": "لا فائِدَةَ",
        "t": 0
      }
    ]
  },
  {
    "id": 6332,
    "q": "قَولُه تعالَى: {قَالُوا اقْتُلُوا أَبْنَاءَ الَّذِينَ آَمَنُوا مَعَهُ} يُستَفادُ مِنه:",
    "level": 2,
    "link": "https://dorar.net/tafseer/40/8",
    "section": "Ghafir",
    "answers": [
      {
        "answer": "أنَّ اللهَ تعالَى قدْ يُسَلِّطُ أعداءَه على المؤمِنينَ امتِحانًا وابتِلاءً",
        "t": 1
      },
      {
        "answer": "وُجوبُ الصَّبرِ عند نُزولِ المِحَنِ والبَلايا",
        "t": 0
      },
      {
        "answer": "خوْفُ الكفَّارِ مِن أَبناءِ المؤمنينَ",
        "t": 0
      }
    ]
  },
  {
    "id": 6323,
    "q": "قَولُه تعالى: {فَأَنَّى تُؤْفَكُونَ} \"تُؤْفَكُونَ\" أي: ",
    "level": 2,
    "link": "https://dorar.net/tafseer/40/16",
    "section": "Ghafir",
    "answers": [
      {
        "answer": "تُنكِرُونَ نِعَمَ رَبِّكُم عَليكُم",
        "t": 0
      },
      {
        "answer": "تُشرِكُونَ",
        "t": 0
      },
      {
        "answer": "تُصرَفونَ عن الحَقِّ",
        "t": 1
      }
    ]
  }
]