[
  {
    "id": 6352,
    "q": "في قَولِه تعالى: {إِنَّ الَّذِينَ كَفَرُوا يُنَادَوْنَ لَمَقْتُ اللَّهِ أَكْبَرُ مِنْ مَقْتِكُمْ أَنْفُسَكُمْ}  المَقتُ هو: ",
    "level": 1,
    "link": "https://dorar.net/tafseer/40/4",
    "section": "Ghafir",
    "answers": [
      {
        "answer": "القَهْرُ والغَلَبَةُ",
        "t": 0
      },
      {
        "answer": "العَذابُ الأَليمُ",
        "t": 0
      },
      {
        "answer": "البُغضُ الشَّديدُ",
        "t": 1
      }
    ]
  },
  {
    "id": 6355,
    "q": "قولُه تعالى: {غَافِرِ الذَّنْبِ وَقَابِلِ التَّوْبِ شَدِيدِ الْعِقَابِ} يُقرَنُ هذان الوصْفانِ كثيرًا في مواضعَ متعدِّدةٍ مِن القرآنِ:",
    "level": 1,
    "link": "https://dorar.net/tafseer/40/1",
    "section": "Ghafir",
    "answers": [
      {
        "answer": "ليبقَى العبدُ بيْنَ الرَّجاءِ والخَوفِ",
        "t": 1
      },
      {
        "answer": "لنَصْبِ مِيزانِ العَدلِ بين مَغفِرَةِ الذُّنوبِ وشِدَّةِ العِقابِ",
        "t": 0
      },
      {
        "answer": "لأنَّ فيه رَدًّا على المُرجِئَةِ الذين يقُولونَ: إنَّ صِفاتِ الله كلُّها مَجازِيَّهٌ",
        "t": 0
      }
    ]
  },
  {
    "id": 6353,
    "q": "المَقصُودُ بالرُّوحِ في قَولِه تعالى: {يُلْقِي الرُّوحَ مِنْ أَمْرِهِ عَلَى مَنْ يَشَاءُ مِنْ عِبَادِهِ}:",
    "level": 1,
    "link": "https://dorar.net/tafseer/40/5",
    "section": "Ghafir",
    "answers": [
      {
        "answer": "الوَحْيُ",
        "t": 1
      },
      {
        "answer": "جِبريلُ عليهِ السَّلامُ",
        "t": 0
      },
      {
        "answer": "المَطَرُ",
        "t": 0
      }
    ]
  },
  {
    "id": 6358,
    "q": "سُمِّيَت سُورةُ غافِر بهذا الاسمِ:",
    "level": 1,
    "link": "https://dorar.net/tafseer/40",
    "section": "Ghafir",
    "answers": [
      {
        "answer": "لذِكْرِه في أوَّلِها",
        "t": 1
      },
      {
        "answer": "لذِكْرِها قِصَّة العَبدِ الصَّالحِ \"غافِر\"",
        "t": 0
      },
      {
        "answer": "لأنَّه تَكرَّرَ فيها إِحدَى عَشرةَ مرَّةً",
        "t": 0
      }
    ]
  },
  {
    "id": 6357,
    "q": "في قَولِه تعالى: {ذِي الطَّوْلِ لَا إِلَهَ إِلَّا هُوَ إِلَيْهِ الْمَصِيرُ} المَقصُودُ بـ\"الطَّوْل\": ",
    "level": 1,
    "link": "https://dorar.net/tafseer/40/1",
    "section": "Ghafir",
    "answers": [
      {
        "answer": "البَطْشُ والشِّدَّةُ",
        "t": 0
      },
      {
        "answer": "الرَّحمَةُ والرَّأفَةُ",
        "t": 0
      },
      {
        "answer": "الغِنى والفَضلُ",
        "t": 1
      }
    ]
  },
  {
    "id": 6341,
    "q": "المَقصُودُ بالعَشِيِّ في قَولِه تعالى: {وَسَبِّحْ بِحَمْدِ رَبِّكَ بِالْعَشِيِّ وَالْإِبْكَارِ}:",
    "level": 1,
    "link": "https://dorar.net/tafseer/40/14",
    "section": "Ghafir",
    "answers": [
      {
        "answer": "بعدَ صَلاةِ العِشاءِ",
        "t": 0
      },
      {
        "answer": "أَوَّلُ اللَّيلِ",
        "t": 0
      },
      {
        "answer": "آخِرُ النَّهارِ",
        "t": 1
      }
    ]
  },
  {
    "id": 6345,
    "q": "في قَولِه تعالى: {وَقَالَ فِرْعَوْنُ يَا هَامَانُ ابْنِ لِي صَرْحًا} \"صَرْحًا\" أي: ",
    "level": 1,
    "link": "https://dorar.net/tafseer/40/11",
    "section": "Ghafir",
    "answers": [
      {
        "answer": "سُورًا عَظِيمًا ضَخمًا",
        "t": 0
      },
      {
        "answer": "بِناءً عظيمًا مُرتَفِعًا",
        "t": 1
      },
      {
        "answer": "جَيشًا عَظِيمًا شَدِيدًا",
        "t": 0
      }
    ]
  },
  {
    "id": 6351,
    "q": "قَولُه تعالى: {وَأَنْذِرْهُمْ يَوْمَ الْآَزِفَةِ} \"الْآَزِفَة\" أي: القيامةِ، وأصلُ (أزف): يدُلُّ على:",
    "level": 1,
    "link": "https://dorar.net/tafseer/40/6",
    "section": "Ghafir",
    "answers": [
      {
        "answer": "الدُّنُوِّ والمُقارَبةِ",
        "t": 1
      },
      {
        "answer": "الخَوفِ والفَزَعِ",
        "t": 0
      },
      {
        "answer": "العَدلِ والقِسْطِ",
        "t": 0
      }
    ]
  },
  {
    "id": 6348,
    "q": "قَولُ مُؤمنِ آلِ فِرعَونَ لقَومِه: {يَاقَوْمِ إِنِّي أَخَافُ عَلَيْكُمْ مِثْلَ يَوْمِ الْأَحْزَابِ * مِثْلَ دَأْبِ قَوْمِ نُوحٍ وَعَادٍ وَثَمُودَ} يُستَفادُ منه:",
    "level": 1,
    "link": "https://dorar.net/tafseer/40/10",
    "section": "Ghafir",
    "answers": [
      {
        "answer": "أنَّ دِينَ جَميعِ الأَنبِياءِ هو الإِسلامُ",
        "t": 0
      },
      {
        "answer": "أنَّ أخبارَ الأنبياءِ مِن عَجائبَ وآياتٍ كانتْ مُنتَشِرةً مُتواتِرةً في العالَمِ",
        "t": 1
      },
      {
        "answer": "أنَّ كَلِمةَ الأَحزابِ تُطلَقُ على الكُفَّارِ خاصَّةً",
        "t": 0
      }
    ]
  },
  {
    "id": 6359,
    "q": "سورةُ غافِرٍ هي أوَّلُ سُوَرِ:",
    "level": 1,
    "link": "https://dorar.net/tafseer/40",
    "section": "Ghafir",
    "answers": [
      {
        "answer": "الحَوامِيمِ",
        "t": 1
      },
      {
        "answer": "المُفَصَّلِ",
        "t": 0
      },
      {
        "answer": "أَخواتِ هُودٍ",
        "t": 0
      }
    ]
  },
  {
    "id": 6344,
    "q": "قَولُه تعالى: {وَأُفَوِّضُ أَمْرِي إِلَى اللَّهِ إِنَّ اللَّهَ بَصِيرٌ بِالْعِبَادِ * فَوَقَاهُ اللَّهُ سَيِّئَاتِ مَا مَكَرُوا} يُستَفادُ مِنه:",
    "level": 1,
    "link": "https://dorar.net/tafseer/40/12",
    "section": "Ghafir",
    "answers": [
      {
        "answer": "مَشرُوعِيَّةُ المَكرِ للأَعداءِ شَريطَةَ ألَّا يَحِلَّ حَرامًا أو يُحرِّمَ حَلالًا",
        "t": 0
      },
      {
        "answer": "أنَّ تَفويضَ الأَمرِ إلى الله يكونُ بفِعلِ الطَّاعاتِ وتَركِ المَنهِيَّاتِ",
        "t": 0
      },
      {
        "answer": "أنَّ صدق التَّوَكُّلَ على الله سَبَبٌ للوقايةِ مِن كُلِّ سُوءٍ",
        "t": 1
      }
    ]
  },
  {
    "id": 6356,
    "q": "في قَولِه تعالى: {فَلَا يَغْرُرْكَ تَقَلُّبُهُمْ فِي الْبِلَادِ} \"يَغْرُرْكَ\" أي: يَخدَعْك، والغِرَّةُ هي: ",
    "level": 1,
    "link": "https://dorar.net/tafseer/40/2",
    "section": "Ghafir",
    "answers": [
      {
        "answer": "التَّمادِي في اللَّهْوِ",
        "t": 0
      },
      {
        "answer": "الأَخْذُ بِسُرعَةٍ",
        "t": 0
      },
      {
        "answer": "غفلةٌ في اليقظةِ",
        "t": 1
      }
    ]
  },
  {
    "id": 6346,
    "q": "في قوله تعالى: {مِثْلَ دَأْبِ قَوْمِ نُوحٍ } \"دَأْبِ\" أي: ",
    "level": 1,
    "link": "https://dorar.net/tafseer/40/10",
    "section": "Ghafir",
    "answers": [
      {
        "answer": "فِعْلِ وعَمَلِ",
        "t": 0
      },
      {
        "answer": "عادةِ وشَأنِ",
        "t": 1
      },
      {
        "answer": "كُفْرِ وعِنادِ",
        "t": 0
      }
    ]
  },
  {
    "id": 6343,
    "q": "ما المَقصُودُ بالضَّلالِ في قَولِه تعالى: {وَمَا دُعَاءُ الْكَافِرِينَ إِلَّا فِي ضَلَالٍ}:",
    "level": 1,
    "link": "https://dorar.net/tafseer/40/13",
    "section": "Ghafir",
    "answers": [
      {
        "answer": "الضَّياعُ والخُسرانُ",
        "t": 1
      },
      {
        "answer": "انحِرافٌ عن الحَقِّ",
        "t": 0
      },
      {
        "answer": "الزَّيْغُ والغَوايَةُ",
        "t": 0
      }
    ]
  },
  {
    "id": 6347,
    "q": "في قوله تعالى: {إِنَّ اللَّهَ لَا يَهْدِي مَنْ هُوَ مُسْرِفٌ كَذَّابٌ} السَّرَفُ هو: ",
    "level": 1,
    "link": "https://dorar.net/tafseer/40/9",
    "section": "Ghafir",
    "answers": [
      {
        "answer": "صَرفُ المَالِ في غير مَحِلِّهِ",
        "t": 0
      },
      {
        "answer": "تجاوزُ الحدِّ في كلِّ فِعلٍ يَفعَلُه الإنسانُ",
        "t": 1
      },
      {
        "answer": "الرُّكونُ إلى النِّعَمِ والتَّفاخُرُ بها",
        "t": 0
      }
    ]
  },
  {
    "id": 6360,
    "q": "مِن أَهمِّ مَقاصِدِ سُورَةِ غافِر:",
    "level": 1,
    "link": "https://dorar.net/tafseer/40",
    "section": "Ghafir",
    "answers": [
      {
        "answer": "بيانُ جوانبَ من التَّشريع الإسلاميِّ في العِباداتِ والأَحوالِ والمُعامَلاتِ",
        "t": 0
      },
      {
        "answer": "إبطالُ جَدَلِ الَّذينَ يُجادِلونَ في آياتِ الله",
        "t": 1
      },
      {
        "answer": "الإرشادُ إلى ما  يُوجِبُ السَّعادةَ؛ كالاستقامةِ على الدِّينِ، وعَدَمِ الرُّكونِ إلى الظَّالمينَ",
        "t": 0
      }
    ]
  },
  {
    "id": 6349,
    "q": "في قَولِه تعالى: {وَقَالَ مُوسَى إِنِّي عُذْتُ بِرَبِّي وَرَبِّكُمْ} فيه إِشارَةٌ إلى: ",
    "level": 1,
    "link": "https://dorar.net/tafseer/40/8",
    "section": "Ghafir",
    "answers": [
      {
        "answer": "استِحبابُ أسلُوبِ التَّرغيبِ في الدَّعوَةِ إلى الله",
        "t": 0
      },
      {
        "answer": "أنَّ تَحقِيقَ تَوحِيدِ الرُّبوبِيةِ يَكفِي في النَّجاةِ مِن الشِّركِ",
        "t": 0
      },
      {
        "answer": "أنَّ الاجتماعَ على الدُّعاءِ واتِّفاقَ الأرواحِ على التَّوجُّهِ والطَّلبِ؛ أبلَغُ في إنجاحِ الحاجاتِ",
        "t": 1
      }
    ]
  },
  {
    "id": 6342,
    "q": "المُرادُ بالعَقلِ في قَولِه تعالى: {هُدًى وَذِكْرَى لِأُولِي الْأَلْبَابِ}:",
    "level": 1,
    "link": "https://dorar.net/tafseer/40/14",
    "section": "Ghafir",
    "answers": [
      {
        "answer": "عَقلُ الرُّشدِ",
        "t": 1
      },
      {
        "answer": "عَقلُ الإِدراكِ",
        "t": 0
      },
      {
        "answer": "مُطلَقُ العَقلِ",
        "t": 0
      }
    ]
  },
  {
    "id": 6354,
    "q": "قَولُه تعالى: {رَبَّنَا وَسِعْتَ كُلَّ شَيْءٍ رَحْمَةً وَعِلْمًا فَاغْفِرْ لِلَّذِينَ تَابُوا} يُستَفادُ مِنه: ",
    "level": 1,
    "link": "https://dorar.net/tafseer/40/3",
    "section": "Ghafir",
    "answers": [
      {
        "answer": "أنَّ للتَّوبَةِ سِتَّةَ شُروطٍ حتَّى تُقبَل",
        "t": 0
      },
      {
        "answer": "أنَّ الدُّعاءَ مِن أَسبابِ تَوحِيدِ الألُوهِيَّةِ",
        "t": 0
      },
      {
        "answer": "أنَّ السُّنَّةَ في الدُّعاءِ أن يُبدَأَ فيه بالثَّناءِ على الله تعالى",
        "t": 1
      }
    ]
  },
  {
    "id": 6350,
    "q": "المَقصُودُ بالآثَارِ في قَولِه تعالى: {كَانُوا هُمْ أَشَدَّ مِنْهُمْ قُوَّةً وَآَثَارًا}: ",
    "level": 1,
    "link": "https://dorar.net/tafseer/40/7",
    "section": "Ghafir",
    "answers": [
      {
        "answer": "ما تُرِكَ في الأرضِ مِنَ البِناياتِ والمَعالِمِ والحُصونِ",
        "t": 1
      },
      {
        "answer": "البَأسُ والشِّدِّةُ في المَعارِك خاصَّة",
        "t": 0
      },
      {
        "answer": "العِلمُ والمَعرِفَةُ",
        "t": 0
      }
    ]
  }
]