[
  {
    "id": 4032,
    "q": "معنى \"عِفْرِيت\":",
    "level": 1,
    "link": "https://www.dorar.net/tafseer/27/6",
    "section": "an-naml",
    "answers": [
      {
        "answer": "شَيطانٌ من الشَّيَاطين",
        "t": 0
      },
      {
        "answer": "إبليس",
        "t": 0
      },
      {
        "answer": "المارِدُ الشَّديدُ، النَّافِذُ في الأمرِ، المبالِغُ فيه مع خُبثٍ ودَهاءٍ",
        "t": 1
      }
    ]
  },
  {
    "id": 4021,
    "q": "سورة النَّملِ",
    "level": 1,
    "link": "https://dorar.net/tafseer/27",
    "section": "an-naml",
    "answers": [
      {
        "answer": "مكِّيَّة",
        "t": 1
      },
      {
        "answer": "مُخْتَلَف فيها",
        "t": 0
      },
      {
        "answer": "مدَنيَّة",
        "t": 0
      }
    ]
  },
  {
    "id": 4037,
    "q": "قوله تعالى: {أَمَّنْ جَعَلَ الْأَرْضَ قَرَارًا} معنى: \"قَرَارًا\":",
    "level": 1,
    "link": "https://www.dorar.net/tafseer/27/9",
    "section": "an-naml",
    "answers": [
      {
        "answer": "طَبَقاتٍ بَعضُها تحتَ بَعضٍ",
        "t": 0
      },
      {
        "answer": "مَمدُودَةً واسِعَةً",
        "t": 0
      },
      {
        "answer": "مستقَرًّا وسكنًا",
        "t": 1
      }
    ]
  },
  {
    "id": 4031,
    "q": "في قَولِه تَعالَى: {فَلَنَأْتِيَنَّهُمْ بِجُنُودٍ لَا قِبَلَ لَهُمْ بِهَا} إشارةٌ إلى:",
    "level": 1,
    "link": "https://www.dorar.net/tafseer/27/5",
    "section": "an-naml",
    "answers": [
      {
        "answer": "إشارةٌ إلى تَواضُع سُليمانَ عليه السَّلامُ",
        "t": 0
      },
      {
        "answer": "ضَعْفِ جُنودِ مَمْلَكَةِ سَبَأ آنذاك",
        "t": 0
      },
      {
        "answer": "كثرةِ جنودِ سُلَيمانَ",
        "t": 1
      }
    ]
  },
  {
    "id": 4024,
    "q": "المُرادُ بقَولِه تَعالَى: {آَنَسْتُ}:",
    "level": 1,
    "link": "https://dorar.net/tafseer/27/2",
    "section": "an-naml",
    "answers": [
      {
        "answer": "لمَستُ وعايَنتُ",
        "t": 0
      },
      {
        "answer": "أَحْسَسْتُ ",
        "t": 0
      },
      {
        "answer": "أبصَرتُ مِن بعيدٍ",
        "t": 1
      }
    ]
  },
  {
    "id": 4039,
    "q": "المُرادُ بقَولِه تَعالَى: {الصُّمَّ}:",
    "level": 1,
    "link": "https://www.dorar.net/tafseer/27/12",
    "section": "an-naml",
    "answers": [
      {
        "answer": "مَن بِه عَمًى",
        "t": 0
      },
      {
        "answer": "الَّذي لا يسمَعُ",
        "t": 1
      },
      {
        "answer": "السُّفَهاءُ",
        "t": 0
      }
    ]
  },
  {
    "id": 4030,
    "q": "مَعنَى قَولِه تَعالَى: {صَاغِرُونَ}:",
    "level": 1,
    "link": "https://www.dorar.net/tafseer/27/5",
    "section": "an-naml",
    "answers": [
      {
        "answer": "حَجْمُهُم ضَئيلٌ",
        "t": 0
      },
      {
        "answer": "عاجِزون أذِلَّاءُ",
        "t": 1
      },
      {
        "answer": "ذَوُو بُكاءٍ ونَحِيبٍ",
        "t": 0
      }
    ]
  },
  {
    "id": 4040,
    "q": "مَعنَى قَولِه تَعالَى: {دَاخِرِينَ}:",
    "level": 1,
    "link": "https://www.dorar.net/tafseer/27/14",
    "section": "an-naml",
    "answers": [
      {
        "answer": "مَطرُودُونَ مَبعُودُونَ",
        "t": 0
      },
      {
        "answer": "هالِكُون",
        "t": 0
      },
      {
        "answer": "صاغرون أذلَّاءُ",
        "t": 1
      }
    ]
  },
  {
    "id": 4025,
    "q": "مَعنَى قَولِه تَعالَى: {تَصْطَلُونَ}:",
    "level": 1,
    "link": "https://dorar.net/tafseer/27/2",
    "section": "an-naml",
    "answers": [
      {
        "answer": "تتطَّهرون",
        "t": 0
      },
      {
        "answer": "تَستشفون",
        "t": 0
      },
      {
        "answer": "تَستَدفِئون",
        "t": 1
      }
    ]
  },
  {
    "id": 4036,
    "q": "في قَولِه تَعالَى: {أَمَّنْ يُجِيبُ الْمُضْطَرَّ إِذَا دَعَاهُ} إِشارَةٌ إلى:",
    "level": 1,
    "link": "https://www.dorar.net/tafseer/27/9",
    "section": "an-naml",
    "answers": [
      {
        "answer": "حَصرِ إجابَة الدَّعوةِ في حالِ الاضطرارِ",
        "t": 0
      },
      {
        "answer": "شِدَّةِ ضَعفِ الإنسانِ وتَعالِيه عن عِبادَةِ رَبِّه سُبحانه",
        "t": 0
      },
      {
        "answer": "أنَّه يجِبُ على المرءِ ألَّا يَلتفِتَ في كشْفِ السوءِ إلَّا إلى اللهِ؛ وألَّا يَتعلَّقَ بأحدٍ سِواه",
        "t": 1
      }
    ]
  },
  {
    "id": 4035,
    "q": "المُرادُ بقَولِه تَعالَى: {رَوَاسِيَ}:",
    "level": 1,
    "link": "https://www.dorar.net/tafseer/27/9",
    "section": "an-naml",
    "answers": [
      {
        "answer": "جِبَال ثَوابِت",
        "t": 1
      },
      {
        "answer": "عُرُوش",
        "t": 0
      },
      {
        "answer": "ظِلال",
        "t": 0
      }
    ]
  },
  {
    "id": 4027,
    "q": "في قَولِه تَعالَى: {وَأَدْخِلْنِي بِرَحْمَتِكَ فِي عِبَادِكَ الصَّالِحِينَ} إِشَارَةٌ إلى:",
    "level": 1,
    "link": "https://dorar.net/tafseer/27/3",
    "section": "an-naml",
    "answers": [
      {
        "answer": "أنَّ العُصاةَ لا حَظَّ لهم في رَحمَةِ الله",
        "t": 0
      },
      {
        "answer": "أنَّ الأنبياءَ والصَّالِحين يَدخلون الجنَّة استحقاقًا",
        "t": 0
      },
      {
        "answer": "أنَّ دخولَ الجنةِ هو برحمتِه وفضْلِه سُبحانَه، لا باستِحقاقٍ مِن جانبِ العبدِ",
        "t": 1
      }
    ]
  },
  {
    "id": 4023,
    "q": "في قَولِه تَعالَى: {الَّذِينَ يُقِيمُونَ الصَّلَاةَ وَيُؤْتُونَ الزَّكَاةَ} دليلٌ على:",
    "level": 1,
    "link": "https://dorar.net/tafseer/27/1",
    "section": "an-naml",
    "answers": [
      {
        "answer": "اقتِرانِ الصَّلاةِ بالزَّكاةِ على جَميعِ المُكلَّفِينَ",
        "t": 0
      },
      {
        "answer": "مُنافاةِ الأعمالِ لكَمالِ الإيمانِ",
        "t": 0
      },
      {
        "answer": "أنَّ الأعمالَ مِن الإيمانِ، وأنَّ تضييعَ الصَّلاةِ والبُخلَ بالزَّكاةِ يُنافي الإيمانَ",
        "t": 1
      }
    ]
  },
  {
    "id": 4034,
    "q": "معنى قوله: {تَقَاسَمُوا}:",
    "level": 1,
    "link": "https://www.dorar.net/tafseer/27/7",
    "section": "an-naml",
    "answers": [
      {
        "answer": "تحالَفُوا باللهِ",
        "t": 1
      },
      {
        "answer": "اسْتَهَمُوا",
        "t": 0
      },
      {
        "answer": "افْتَرَقُوا",
        "t": 0
      }
    ]
  },
  {
    "id": 4028,
    "q": "مَعنَى قَولِه تَعالَى: {وَتَفَقَّدَ}:",
    "level": 1,
    "link": "https://dorar.net/tafseer/27/4",
    "section": "an-naml",
    "answers": [
      {
        "answer": "طلبَ المَفقودَ",
        "t": 1
      },
      {
        "answer": "نادَى بصَوتٍ عالٍ",
        "t": 0
      },
      {
        "answer": "اشْتاقَ",
        "t": 0
      }
    ]
  },
  {
    "id": 4033,
    "q": "معنى قوله: {لُجَّةً}:",
    "level": 1,
    "link": "https://www.dorar.net/tafseer/27/6",
    "section": "an-naml",
    "answers": [
      {
        "answer": "غَمْرة عَظيمة مِن ماءٍ",
        "t": 1
      },
      {
        "answer": "بِئْرُ ماءٍ صافٍ",
        "t": 0
      },
      {
        "answer": "الماءُ الرَّاكِد",
        "t": 0
      }
    ]
  },
  {
    "id": 4026,
    "q": "المُرادُ بقَولِه تَعالَى: {يُوزَعُونَ}:",
    "level": 1,
    "link": "https://dorar.net/tafseer/27/3",
    "section": "an-naml",
    "answers": [
      {
        "answer": "يَعمَلُون عَملًا شاقًّا",
        "t": 0
      },
      {
        "answer": "يُدفَعونَ، ويُحبَسُ أوَّلُهم على آخِرِهم",
        "t": 1
      },
      {
        "answer": "يُؤمَرُونَ فَيُطِيعُونَ",
        "t": 0
      }
    ]
  },
  {
    "id": 4029,
    "q": "في قَولِه تَعالَى: {وَزَيَّنَ لَهُمُ الشَّيْطَانُ أَعْمَالَهُمْ فَصَدَّهُمْ عَنِ السَّبِيلِ} إشارةٌ إلى:",
    "level": 1,
    "link": "https://www.dorar.net/tafseer/27/4",
    "section": "an-naml",
    "answers": [
      {
        "answer": "قُوَّةِ كيْد الشَّيْطَانِ ",
        "t": 0
      },
      {
        "answer": "ضَعْفِ عُقولِ الكافرينَ ",
        "t": 0
      },
      {
        "answer": "أنَّ استحسانَ المرءِ لأعمالِه هو أصلُ ضلالِه",
        "t": 1
      }
    ]
  },
  {
    "id": 4038,
    "q": "المُرادُ بقَولِه تَعالَى: {رَدِفَ لَكُمْ}:",
    "level": 1,
    "link": "https://www.dorar.net/tafseer/27/11",
    "section": "an-naml",
    "answers": [
      {
        "answer": "أُعِدَّ لَكُم",
        "t": 0
      },
      {
        "answer": "ظَهَرَ لَكُم",
        "t": 0
      },
      {
        "answer": "اقتَرَب لكم",
        "t": 1
      }
    ]
  },
  {
    "id": 4022,
    "q": "مَعنَى قَولِه تَعالَى: {لَتُلَقَّى}:",
    "level": 1,
    "link": "https://dorar.net/tafseer/27/1",
    "section": "an-naml",
    "answers": [
      {
        "answer": "تَستَقي",
        "t": 0
      },
      {
        "answer": "تَسمَع وتُنصِت",
        "t": 0
      },
      {
        "answer": "تأخُذ وتَتلقَّن",
        "t": 1
      }
    ]
  }
]