[
  {
    "id": 4053,
    "q": "المُرادُ بالرَّهْطِ:",
    "level": 2,
    "link": "https://www.dorar.net/tafseer/27/7",
    "section": "an-naml",
    "answers": [
      {
        "answer": "الجماعةُ والعِصابةُ دُونَ العَشَرةِ",
        "t": 1
      },
      {
        "answer": "القَومُ والعَشيرَةُ",
        "t": 0
      },
      {
        "answer": "اسْمُ مَكَانٍ",
        "t": 0
      }
    ]
  },
  {
    "id": 4052,
    "q": "قوله تعالى: {قَالَ نَكِّرُوا لَهَا عَرْشَهَا} معنى \"نَكِّرُوا\": ",
    "level": 2,
    "link": "https://www.dorar.net/tafseer/27/6",
    "section": "an-naml",
    "answers": [
      {
        "answer": "اهْدِمُوه ودَمِّرُوه",
        "t": 0
      },
      {
        "answer": "اسْتَولوا عَليهِ",
        "t": 0
      },
      {
        "answer": "غيِّروه بحيثُ لا يُعرَفُ",
        "t": 1
      }
    ]
  },
  {
    "id": 4051,
    "q": "المُرادُ من قوله: {مُمَرَّدٌ}:",
    "level": 2,
    "link": "https://www.dorar.net/tafseer/27/6",
    "section": "an-naml",
    "answers": [
      {
        "answer": "مُمَلَّسٌ",
        "t": 1
      },
      {
        "answer": "صَنَعَتهُ المَرَدَةُ",
        "t": 0
      },
      {
        "answer": "بِهِ مَارِدٌ",
        "t": 0
      }
    ]
  },
  {
    "id": 4060,
    "q": "التَّعبيرُ عنِ الوُقوعِ بصيغةِ الماضي في قَولِه تَعالَى: {وَإِذَا وَقَعَ الْقَوْلُ عَلَيْهِمْ} للدَّلالةِ على:",
    "level": 2,
    "link": "https://www.dorar.net/tafseer/27/12",
    "section": "an-naml",
    "answers": [
      {
        "answer": "تَقريبِ زَمنِ الحالِ مِن المُضِيِّ",
        "t": 1
      },
      {
        "answer": "فِعلِيَّةِ الجُملَةِ؛ وإِفادَةِ تَجدُّدِ الوُقوعِ واستِمرارِه",
        "t": 0
      },
      {
        "answer": "تَأكيدِ الخِطابِ بالطَّريقِ البُرهانيِّ",
        "t": 0
      }
    ]
  },
  {
    "id": 4045,
    "q": "في قَولِه تَعالَى: {فَلَمَّا جَاءَهَا نُودِيَ أَنْ بُورِكَ مَنْ فِي النَّارِ} دليلٌ على:",
    "level": 2,
    "link": "https://dorar.net/tafseer/27/2",
    "section": "an-naml",
    "answers": [
      {
        "answer": "أن اللهَ تَعالَى أَوحَى ما ذَكَر منَ الكَلامِ لمُوسَى عَليهِ السَّلامُ ولَم يتكلَّمْ بِهِ ",
        "t": 0
      },
      {
        "answer": "تَكليمِه سُبحانَه لمُوسَى بصَوتٍ مَسموعٍ",
        "t": 1
      },
      {
        "answer": "أنَّ كلامَ اللهِ تَعَالَى بِلا حَرْفٍ ولَا صَوْتٍ",
        "t": 0
      }
    ]
  },
  {
    "id": 4048,
    "q": "مَعنَى قَولِه تَعالَى: {الْخَبْءَ}:",
    "level": 2,
    "link": "https://dorar.net/tafseer/27/4",
    "section": "an-naml",
    "answers": [
      {
        "answer": "الغائبُ المستورُ",
        "t": 1
      },
      {
        "answer": "الزَّرْعُ في باطِن الأَرضِ",
        "t": 0
      },
      {
        "answer": "عُيونُ الماءِ",
        "t": 0
      }
    ]
  },
  {
    "id": 4050,
    "q": "في قَولِه تَعالَى: {قَالَ سَنَنْظُرُ أَصَدَقْتَ أَمْ كُنْتَ مِنَ الْكَاذِبِينَ} دليلٌ على:",
    "level": 2,
    "link": "https://www.dorar.net/tafseer/27/4",
    "section": "an-naml",
    "answers": [
      {
        "answer": "أنَّ الأَصْلَ فِي حاملِ الخَبَرِ الكَذِبُ حتى يَتَبَيَّنَ صِدْقُهُ",
        "t": 0
      },
      {
        "answer": "وُجوبِ تَصديقِ الرَّسُولِ بما جاءَ بِه",
        "t": 0
      },
      {
        "answer": "أنَّه ينبغي التثبُّتُ في الخبرِ، لا سِيَّمَا عندَ قيامِ الشُّبهاتِ",
        "t": 1
      }
    ]
  },
  {
    "id": 4041,
    "q": "سببُ تسميةِ سُورةِ النَّمْل؛ بهذا الاسمِ:",
    "level": 2,
    "link": "https://dorar.net/tafseer/27",
    "section": "an-naml",
    "answers": [
      {
        "answer": "فضلِ النَّمْلِ ودقَّة صَنْعَتِه",
        "t": 0
      },
      {
        "answer": "التَّنبيهِ على عِظمِ خلْقِ اللهِ تعالى وقدرتِه في هذا المخلوقِ",
        "t": 0
      },
      {
        "answer": "أنَّ لفظَ النَّمْلِ لم يُذكَر في سورةٍ من سُوَرِ القرآنِ غيرها ",
        "t": 1
      }
    ]
  },
  {
    "id": 4055,
    "q": "في قَولِه تَعالَى: {آَللَّهُ خَيْرٌ أَمَّا يُشْرِكُونَ} دليلٌ عَلَى:",
    "level": 2,
    "link": "https://www.dorar.net/tafseer/27/9",
    "section": "an-naml",
    "answers": [
      {
        "answer": "أنَّ الشِّركَ نَوعانِ؛ شِركٌ أَكبَر، وشِركٌ أَصغَر",
        "t": 0
      },
      {
        "answer": "إثباتُ اسمِ الله: الخَيِّر",
        "t": 0
      },
      {
        "answer": "أنَّ للهِ سبحانه وتعالى الخيريَّةَ المطْلَقةَ في كلِّ شَيءٍ؛ في صِفاتِه وأفعالِه",
        "t": 1
      }
    ]
  },
  {
    "id": 4059,
    "q": "المُرادُ من قَولِه تَعالَى: {الصُّورِ}:",
    "level": 2,
    "link": "https://www.dorar.net/tafseer/27/14",
    "section": "an-naml",
    "answers": [
      {
        "answer": "القَرن الَّذي يَنفخُ فيه إسرافيلُ",
        "t": 1
      },
      {
        "answer": "الجِبَال الرَّواسِي",
        "t": 0
      },
      {
        "answer": "التَّمَاثِيل والأَصنامُ التي كانت تُعبَدُ مِن دُونِ اللهِ",
        "t": 0
      }
    ]
  },
  {
    "id": 4058,
    "q": "في قَولِه تَعالَى: {نَحْشُرُ مِنْ كُلِّ أُمَّةٍ فَوْجًا} دليلٌ على:",
    "level": 2,
    "link": "https://www.dorar.net/tafseer/27/13",
    "section": "an-naml",
    "answers": [
      {
        "answer": "أنَّ الحَشرَ يومَ القِيامَة يكونُ أَفواجًا وجَماعاتٍ لا حَشرًا عامًّا",
        "t": 0
      },
      {
        "answer": "حَسرَةِ الأَتباعِ والمَتبُوعِينَ في الشَّرِّ",
        "t": 0
      },
      {
        "answer": "عِظَمِ الإمامةِ في السُّوءِ، كما أنَّها أيضًا عَظيمةٌ في الخيرِ",
        "t": 1
      }
    ]
  },
  {
    "id": 4056,
    "q": "في قَولِه تَعالَى: {قُلْ عَسَى أَنْ يَكُونَ رَدِفَ لَكُمْ بَعْضُ الَّذِي تَسْتَعْجِلُونَ} إشارةٌ إلى:",
    "level": 2,
    "link": "https://www.dorar.net/tafseer/27/11",
    "section": "an-naml",
    "answers": [
      {
        "answer": "شِدَّةِ عاقِبةِ الكافِرين",
        "t": 0
      },
      {
        "answer": "أنَّ الاستِعجالَ شَرٌّ مُطلقًا",
        "t": 0
      },
      {
        "answer": "أنَّ البلاءَ مُوكَّلٌ بالمنطقِ، وأنَّ الإنسانَ إذا استعجلَ الشَّرَّ وَقَعَ فيه",
        "t": 1
      }
    ]
  },
  {
    "id": 4054,
    "q": "المُرادُ بقَولِه تَعالَى: {الْغَابِرِينَ}:",
    "level": 2,
    "link": "https://www.dorar.net/tafseer/27/8",
    "section": "an-naml",
    "answers": [
      {
        "answer": "المنعَّمُونَ المُترَفُونَ",
        "t": 0
      },
      {
        "answer": "المُعْتَدون على حُدودِ الله",
        "t": 0
      },
      {
        "answer": "الباقون في عذابِ اللهِ",
        "t": 1
      }
    ]
  },
  {
    "id": 4057,
    "q": "في قَولِه تَعالَى: {فَتَوَكَّلْ عَلَى اللَّهِ إِنَّكَ عَلَى الْحَقِّ الْمُبِينِ} إشارة إلى:",
    "level": 2,
    "link": "https://www.dorar.net/tafseer/27/12",
    "section": "an-naml",
    "answers": [
      {
        "answer": "أنَّ المُحِقَّ حقيقٌ بنُصرةِ اللهِ تعالى، وأنَّه لا يُخذَلُ",
        "t": 1
      },
      {
        "answer": "أنَّ التَّوكُّلَ على الله لا يُنافِي الأَخذَ بالأَسبابِ",
        "t": 0
      },
      {
        "answer": "اسمِ اللهِ تعالى: \"الحَقّ المُبِين\"",
        "t": 0
      }
    ]
  },
  {
    "id": 4047,
    "q": "يَدُلُّ قَولُه تَعالَى: {مَنْطِقَ الطَّيْرِ} على أنَّ:",
    "level": 2,
    "link": "https://dorar.net/tafseer/27/3",
    "section": "an-naml",
    "answers": [
      {
        "answer": "الطُّيُورَ تَنْطِقُ بلغةِ البَشَرِ",
        "t": 0
      },
      {
        "answer": "البهائمَ لها لغةٌ معروفةٌ فيما بيْنَها مِن جنْسِها",
        "t": 1
      },
      {
        "answer": "البهائمَ لا تَتَكَلَّمُ",
        "t": 0
      }
    ]
  },
  {
    "id": 4046,
    "q": "في قَولِه تَعالَى: {وَلَقَدْ آَتَيْنَا دَاوُودَ وَسُلَيْمَانَ عِلْمًا وَقَالَا الْحَمْدُ لِلَّهِ الَّذِي فَضَّلَنَا عَلَى كَثِيرٍ مِنْ عِبَادِهِ الْمُؤْمِنِينَ} إشارةٌ إلى:",
    "level": 2,
    "link": "https://dorar.net/tafseer/27/3",
    "section": "an-naml",
    "answers": [
      {
        "answer": "التَّذكيرِ بالتَّواضُعِ",
        "t": 1
      },
      {
        "answer": "الفَرَحِ بنِعمَةِ الله",
        "t": 0
      },
      {
        "answer": "حَمْدِ اللهِ في السَّرَّاءِ والضَّراءِ",
        "t": 0
      }
    ]
  },
  {
    "id": 4042,
    "q": "في قَولِه تَعالَى: {هُدًى وَبُشْرَى لِلْمُؤْمِنِينَ} إشارةٌ إلى:",
    "level": 2,
    "link": "https://dorar.net/tafseer/27/1",
    "section": "an-naml",
    "answers": [
      {
        "answer": "أنَّ الجنَّة حُفَّت بالمَكارِه، وأنَّ النارَ حُفَّت بالشَّهواتِ",
        "t": 0
      },
      {
        "answer": "أنَّه كلَّما كَمَل الإيمانُ في العبدِ كَمَلَ اهتِداؤه بالقُرآنِ",
        "t": 1
      },
      {
        "answer": "أنَّ الإيمانَ يَزيدُ ويَنقُص",
        "t": 0
      }
    ]
  },
  {
    "id": 4049,
    "q": "في قولِه تعالى: {وَزَيَّنَ لَهُمُ الشَّيْطَانُ أَعْمَالَهُمْ فَصَدَّهُمْ عَنِ السَّبِيلِ}:",
    "level": 2,
    "link": "https://dorar.net/tafseer/27/4",
    "section": "an-naml",
    "answers": [
      {
        "answer": "بَيانُ أنَّ الأَعمالَ بالخَواتِيمِ",
        "t": 0
      },
      {
        "answer": "أنَّ كلَّ مَن يَصُدًّ عن السَّبيلِ فهو شَيطان",
        "t": 0
      },
      {
        "answer": "النَّهيُ عن استِحسانِ القبائحِ",
        "t": 1
      }
    ]
  },
  {
    "id": 4043,
    "q": "في قَولِه تَعالَى: {لَعَلِّي آَتِيكُمْ مِنْهَا بِقَبَسٍ}:",
    "level": 2,
    "link": "https://dorar.net/tafseer/27/2",
    "section": "an-naml",
    "answers": [
      {
        "answer": "إشارةٌ لَطيفَةٌ إلى أنَّ في النارِ مَنافِعَ عِدَّةٌ غير الضَّوءِ والحَرارةِ",
        "t": 0
      },
      {
        "answer": "تَعرِيضٌ بالمَجُوسِ عَبَدَةِ النارِ وتَسْفِيهٌ لِعُقولِهم",
        "t": 0
      },
      {
        "answer": "تنبيهٌ على خدمةِ الرجل أهْلَه",
        "t": 1
      }
    ]
  },
  {
    "id": 4044,
    "q": "في قَولِه تَعالَى: {وَجَحَدُوا بِهَا وَاسْتَيْقَنَتْهَا أَنْفُسُهُمْ ظُلْمًا وَعُلُوًّا}:",
    "level": 2,
    "link": "https://dorar.net/tafseer/27/2",
    "section": "an-naml",
    "answers": [
      {
        "answer": "التَّنبِيهُ على أنَّ طَلبَ العُلُوِّ في الأَرضِ مِن صِفاتِ الظَّالِمينَ ",
        "t": 0
      },
      {
        "answer": "ذَمُّ التَّرَفُّعِ عن الحقِّ",
        "t": 1
      },
      {
        "answer": "أن الجُحودَ مِن الظُّلمِ",
        "t": 0
      }
    ]
  }
]