[
  {
    "id": 4072,
    "q": "في قَولِه تَعالَى: {أَيُّكُمْ يَأْتِينِي بِعَرْشِهَا قَبْلَ أَنْ يَأْتُونِي مُسْلِمِينَ} دليلٌ على:",
    "level": 3,
    "link": "https://www.dorar.net/tafseer/27/6",
    "section": "an-naml",
    "answers": [
      {
        "answer": "جَوازِ التَّبشِيرِ بالبُشرَى قبلَ وُقوعِها",
        "t": 0
      },
      {
        "answer": "كَراهَةِ اتِّخاذِ العُرُوشِ للفَخرِ والخُيَلاءِ",
        "t": 0
      },
      {
        "answer": "أنَّه يجوزُ للإنسانِ أمامَ عدوِّه أنْ يُظهِرَ العَظَمةَ",
        "t": 1
      }
    ]
  },
  {
    "id": 4067,
    "q": "قَولُه تَعالَى: {وَأُوتِينَا مِنْ كُلِّ شَيْءٍ}:",
    "level": 3,
    "link": "https://dorar.net/tafseer/27/3",
    "section": "an-naml",
    "answers": [
      {
        "answer": "إشارةٌ إلى وُجوبِ شُكرِ النِّعَمِ فَوْرَ حُدوثِها",
        "t": 0
      },
      {
        "answer": "ظاهرُه العُمومُ، ويرادُ به الخُصوصُ",
        "t": 1
      },
      {
        "answer": "تَأكِيدٌ لجَوابِ الشَّرطِ باللَّامِ المُوطِّئَةِ للقَسَمِ",
        "t": 0
      }
    ]
  },
  {
    "id": 4069,
    "q": "الفاءُ في قَولِه تَعالَى: {فَصَدَّهُمْ عَنِ السَّبِيلِ}:",
    "level": 3,
    "link": "https://www.dorar.net/tafseer/27/4",
    "section": "an-naml",
    "answers": [
      {
        "answer": "لِلسَّبَبِيَّةِ",
        "t": 1
      },
      {
        "answer": "للاستِئنَافِ",
        "t": 0
      },
      {
        "answer": "للتَّعقيبِ",
        "t": 0
      }
    ]
  },
  {
    "id": 4070,
    "q": "في قَولِ بِلْقِيسَ: {حَتَّى تَشْهَدُونِ}:",
    "level": 3,
    "link": "https://www.dorar.net/tafseer/27/5",
    "section": "an-naml",
    "answers": [
      {
        "answer": "تَشبيهٌ للجوابِ بالشَّهادةِ",
        "t": 0
      },
      {
        "answer": "كِنايةٌ عنِ المُشاورةِ",
        "t": 1
      },
      {
        "answer": "مجازٌ مُرسَل",
        "t": 0
      }
    ]
  },
  {
    "id": 4079,
    "q": "المقصودُ مِن استفهامِ الكُفَّار المَحْكِيِّ في قَولِه تَعالَى: {مَتَى هَذَا الْوَعْدُ إِنْ كُنْتُمْ صَادِقِينَ}:",
    "level": 3,
    "link": "https://www.dorar.net/tafseer/27/11",
    "section": "an-naml",
    "answers": [
      {
        "answer": "استفهامٌ تَقْرِيريٌّ",
        "t": 0
      },
      {
        "answer": "استفهامٌ حقيقيٌّ",
        "t": 0
      },
      {
        "answer": "استفهامُ تَهَكُّمٍ",
        "t": 1
      }
    ]
  },
  {
    "id": 4074,
    "q": "في قَولِه تَعالَى: {وَكَشَفَتْ عَنْ سَاقَيْهَا} دليلٌ على:",
    "level": 3,
    "link": "https://www.dorar.net/tafseer/27/6",
    "section": "an-naml",
    "answers": [
      {
        "answer": "أنَّ المرأةَ مِن قَديمِ الزَّمانِ شِيمَتُها التستُّرُ",
        "t": 1
      },
      {
        "answer": "أنَّ جَميعَ شَرائعِ الأَنبياءِ قَبلَنا كانت تَحُثُّ على الحِشمَة",
        "t": 0
      },
      {
        "answer": "أنَّ قَومَ سَبَأٍ كانوا أَصحابَ عادِاتٍ جاهِليَّة",
        "t": 0
      }
    ]
  },
  {
    "id": 4063,
    "q": "في قَولِه تَعالَى: {زَيَّنَّا لَهُمْ أَعْمَالَهُمْ} رَدٌّ على:",
    "level": 3,
    "link": "https://dorar.net/tafseer/27/1",
    "section": "an-naml",
    "answers": [
      {
        "answer": "الجَبْرِيَّةِ الذين لا يَنسُبون العملَ للإنسانِ إلَّا على سبيلِ المَجازِ، ويَرَون أنَّ الإنسانَ مُجبَرٌ على العَمَلِ ",
        "t": 1
      },
      {
        "answer": "البَاطِنِيَّةِ الذين يُأَلِّهُون عَلِيًّا",
        "t": 0
      },
      {
        "answer": "الظَّاهريَّةِ الذين يَنْفُونَ القِيَاسَ ",
        "t": 0
      }
    ]
  },
  {
    "id": 4061,
    "q": "من أهمِّ مَقاصِدِ سُورةِ النَّملِ:",
    "level": 3,
    "link": "https://dorar.net/tafseer/27",
    "section": "an-naml",
    "answers": [
      {
        "answer": "الحديثُ عن أدلَّةِ وحدانيَّةِ الله تَعالَى وقدرتِه",
        "t": 1
      },
      {
        "answer": "ذِكرُ أحكامِ الجِهَادِ",
        "t": 0
      },
      {
        "answer": "وصفُ الجنَّةِ والنَّارِ وأحوالِ أَهْلِهِمَا",
        "t": 0
      }
    ]
  },
  {
    "id": 4080,
    "q": "في قَولِه تَعالَى: {وَمَا أَنْتَ بِهَادِي الْعُمْيِ عَنْ ضَلَالَتِهِمْ}:",
    "level": 3,
    "link": "https://www.dorar.net/tafseer/27/12",
    "section": "an-naml",
    "answers": [
      {
        "answer": "تشبيهٌ للكفارِ بالعُمْيِ حيثُ يَضِلُّون الطَّريقَ",
        "t": 1
      },
      {
        "answer": "مجازٌ مُرْسَل يُفيدُ الحَصرَ والقَصرَ",
        "t": 0
      },
      {
        "answer": "كنايةٌ عَنِ الشِّركِ وضَلالَةِ المُشرِكينَ",
        "t": 0
      }
    ]
  },
  {
    "id": 4064,
    "q": "في قَولِه تَعالَى: {وَلَّى مُدْبِرًا وَلَمْ يُعَقِّبْ} دليلٌ على:",
    "level": 3,
    "link": "https://dorar.net/tafseer/27/2",
    "section": "an-naml",
    "answers": [
      {
        "answer": "أنَّ تَقوَى الله عزَّ وجلَّ مَنجَاةٌ مِن المَهالِك",
        "t": 0
      },
      {
        "answer": "جوازِ أنْ يعتريَ الأنبياءَ الخَوفُ وأنَّ ذلك لا يُعَدُّ نقصًا فيهم؛ لأنَّه مِن مقتضى الطبيعةِ البشريَّةِ",
        "t": 1
      },
      {
        "answer": "عِظَمِ اخْتِبارِ اللهِ تَعالَى لشَجاعةِ مُوسَى",
        "t": 0
      }
    ]
  },
  {
    "id": 4078,
    "q": "الفاعِلُ في قَولِه تَعالَى: {قُلْ لَا يَعْلَمُ مَنْ فِي السَّمَاوَاتِ وَالْأَرْضِ الْغَيْبَ إِلَّا اللَّهُ}:",
    "level": 3,
    "link": "https://www.dorar.net/tafseer/27/10",
    "section": "an-naml",
    "answers": [
      {
        "answer": "مَنْ",
        "t": 1
      },
      {
        "answer": "السَّماواتُ",
        "t": 0
      },
      {
        "answer": "الغَيبُ",
        "t": 0
      }
    ]
  },
  {
    "id": 4077,
    "q": "المُرادُ بقَولِه تَعالَى: {ادَّارَكَ}:",
    "level": 3,
    "link": "https://www.dorar.net/tafseer/27/10",
    "section": "an-naml",
    "answers": [
      {
        "answer": "تكامَلَ واستحكَمَ",
        "t": 1
      },
      {
        "answer": "ظَهَرَ واستَبانَ",
        "t": 0
      },
      {
        "answer": "خَفِيَ وانْمَحَى",
        "t": 0
      }
    ]
  },
  {
    "id": 4062,
    "q": "في قَولِه تَعالَى: {إِنَّ الَّذِينَ لَا يُؤْمِنُونَ بِالْآَخِرَةِ زَيَّنَّا لَهُمْ أَعْمَالَهُمْ فَهُمْ يَعْمَهُونَ} حُجَّةٌ قَاطِعَةٌ على:",
    "level": 3,
    "link": "https://dorar.net/tafseer/27/1",
    "section": "an-naml",
    "answers": [
      {
        "answer": "استِقلالِ الشَّيطانِ بِتَزْيِينِ الأعمالِ للكافِرين",
        "t": 0
      },
      {
        "answer": "أنَّ العَمَّى الحَقيقِي هو عَمَى القُلوبِ عن رُؤيَةِ الحقِّ",
        "t": 0
      },
      {
        "answer": "دحضِ شُبَهِ المعتزلةِ والقدَريَّةِ؛ إِذْ قد أخبرَ عن نَفسِه جلَّ جلالُه أنَّه مُزيِّنٌ أعمالَ الكُفَّارِ -نصًّا بِلا تأويلٍ-",
        "t": 1
      }
    ]
  },
  {
    "id": 4075,
    "q": "في قَولِه تَعالَى: {وَأَنْجَيْنَا الَّذِينَ آَمَنُوا}:",
    "level": 3,
    "link": "https://www.dorar.net/tafseer/27/7",
    "section": "an-naml",
    "answers": [
      {
        "answer": "تَوكيدٌ على فِعلِ الإِنجاءِ",
        "t": 0
      },
      {
        "answer": "حُكمٌ مُعلَّقٌ بوَصفٍ",
        "t": 1
      },
      {
        "answer": "كِنايةٌ عن النَّصرِ الإِلهِي",
        "t": 0
      }
    ]
  },
  {
    "id": 4071,
    "q": "الفاءُ في قَولِه تَعالَى: {فَمَا آَتَانِيَ اللَّهُ خَيْرٌ مِمَّا آَتَاكُمْ}:",
    "level": 3,
    "link": "https://www.dorar.net/tafseer/27/5",
    "section": "an-naml",
    "answers": [
      {
        "answer": "لتَفريعِ الكلامِ الَّذي بعْدَها على الإنكارِ السَّابقِ",
        "t": 1
      },
      {
        "answer": "للسَّببيةِ",
        "t": 0
      },
      {
        "answer": "للاسْتئنافِ",
        "t": 0
      }
    ]
  },
  {
    "id": 4068,
    "q": "في قَولِه تَعالَى: {أَحَطتُ بِمَا لَمْ تُحِطْ بِهِ} دليلٌ عَلَى:",
    "level": 3,
    "link": "https://www.dorar.net/tafseer/27/4",
    "section": "an-naml",
    "answers": [
      {
        "answer": "أنَّ الإحاطَة تُطلَق على العِلم الخَفِي",
        "t": 0
      },
      {
        "answer": "سَعَةِ عِلمِ الهُدهُدِ",
        "t": 0
      },
      {
        "answer": "ضَعفِ إدراكِ الإنسانِ مَهمَا بلَغَ مِن المُلكِ ومِنَ القوةِ",
        "t": 1
      }
    ]
  },
  {
    "id": 4073,
    "q": "في قَولِه تَعالَى: {لِيَبْلُوَنِي أَأَشْكُرُ أَمْ أَكْفُرُ} دليلٌ عَلَى:",
    "level": 3,
    "link": "https://www.dorar.net/tafseer/27/6",
    "section": "an-naml",
    "answers": [
      {
        "answer": "إثباتِ التَّعليلِ لأحكامِ اللهِ سُبحانَه وتَعالَى الكَونيَّةِ، كما ثَبَتَ ذلك في الأحكامِ الشَّرعيَّةِ",
        "t": 1
      },
      {
        "answer": "تَعليلِ الأحكامِ الشَّرعيَّةِ ",
        "t": 0
      },
      {
        "answer": "أنَّ أحكامَ اللهِ تعالى غَيرُ مُعَلَّلَةٍ",
        "t": 0
      }
    ]
  },
  {
    "id": 4076,
    "q": "الفاءُ في قَولِه تَعالَى: {فَأَنْبَتْنَا بِهِ}:",
    "level": 3,
    "link": "https://www.dorar.net/tafseer/27/9",
    "section": "an-naml",
    "answers": [
      {
        "answer": "لِلتَّعقيبِ",
        "t": 0
      },
      {
        "answer": "للاستِئنافِ",
        "t": 0
      },
      {
        "answer": "لِلسَّبَبيَّةِ",
        "t": 1
      }
    ]
  },
  {
    "id": 4065,
    "q": "في قَولِه تَعالَى وَهُوَ يَصِفُ حالَ قَوْمِ فِرْعَوْنَ: {إِنَّهُمْ كَانُوا قَوْمًا فَاسِقِينَ} دليلٌ عَلَى:",
    "level": 3,
    "link": "https://dorar.net/tafseer/27/2",
    "section": "an-naml",
    "answers": [
      {
        "answer": "أنَّ قومَ فِرعَونَ خَرَجوا عن طَوعِه",
        "t": 0
      },
      {
        "answer": "أنَّ الفِسقَ يُطلَقُ على الكُفرِ",
        "t": 1
      },
      {
        "answer": "أنَّ قومَ فِرعَونَ كانوا مِن العُصاةِ الفاسِقِينَ ولم يَكفُروا",
        "t": 0
      }
    ]
  },
  {
    "id": 4066,
    "q": "في قَولِه تَعالَى: {وَقَالَا الْحَمْدُ لِلَّهِ الَّذِي فَضَّلَنَا عَلَى كَثِيرٍ مِنْ عِبَادِهِ الْمُؤْمِنِينَ} دليلٌ عَلَى:",
    "level": 3,
    "link": "https://dorar.net/tafseer/27/3",
    "section": "an-naml",
    "answers": [
      {
        "answer": "أنَّ دَاوُدَ وسُلَيْمَانَ عَلَيهِما السَّلامُ أفضلُ الخَلْقِ",
        "t": 0
      },
      {
        "answer": "مَشروعِيَّةُ تَفاخُرِ الإنسانِ بنِعمةِ اللهِ عَليهِ عندَ الحاجَةِ أو الضَّرورَةِ",
        "t": 0
      },
      {
        "answer": "مَشروعِيَّةُ التَّحَدُّثِ بنعمةِ اللهِ، لكنْ لا على سبيلِ الافتِخارِ والعلوِّ على الغَيرِ",
        "t": 1
      }
    ]
  }
]