[
  {
    "id": 5607,
    "q": "مَن نَوَى بقَلبِه التَّوحيدَ ولم يتلَفَّظْ به، وهو قادِرٌ على الكَلامِ:",
    "level": 2,
    "link": "https://www.dorar.net/aqeeda/299",
    "section": "t-olhia",
    "answers": [
      {
        "answer": "لا بُدَّ منَ اللَّفظِ معَ النِّيةِ",
        "t": 1
      },
      {
        "answer": "دَخَل في الإسلامِ بالنِّيَّةِ",
        "t": 0
      },
      {
        "answer": "لا عِبرةَ بالنِّيَّةِ وإنَّما باللَّفظِ وَحْدَه",
        "t": 0
      }
    ]
  },
  {
    "id": 5615,
    "q": "أمْرُ العِبادِ بالواجِباتِ وتَركِ المَنهيَّاتِ",
    "level": 2,
    "link": "https://www.dorar.net/aqeeda/330",
    "section": "t-olhia",
    "answers": [
      {
        "answer": "مِن عَلاماتِ القَبُول",
        "t": 0
      },
      {
        "answer": "مُستقِلٌّ عنِ الشَّهادةِ",
        "t": 0
      },
      {
        "answer": "تَضمَّنَتْه شَهادةُ التَّوحيدِ، وهو من مُقتَضَياتِها",
        "t": 1
      }
    ]
  },
  {
    "id": 5603,
    "q": "الظُّلمُ في قَولِه: {‌الَّذِينَ ‌آمَنُوا ‌وَلَمْ ‌يَلْبِسُوا ‌إِيمَانَهُمْ ‌بِظُلْمٍ} هو:",
    "level": 2,
    "link": "https://www.dorar.net/aqeeda/283",
    "section": "t-olhia",
    "answers": [
      {
        "answer": "البِدعةُ",
        "t": 0
      },
      {
        "answer": "الشِّركُ",
        "t": 1
      },
      {
        "answer": "ظُلمُ النَّفسِ",
        "t": 0
      }
    ]
  },
  {
    "id": 5620,
    "q": "رُكنا العِبادةِ",
    "level": 2,
    "link": "https://www.dorar.net/aqeeda/372",
    "section": "t-olhia",
    "answers": [
      {
        "answer": "الخَوفُ والرَّجاءُ",
        "t": 0
      },
      {
        "answer": "السَّمعُ والطَّاعةُ",
        "t": 0
      },
      {
        "answer": "كَمالُ الخُضوعِ وكَمالُ المَحبَّةِ",
        "t": 1
      }
    ]
  },
  {
    "id": 5605,
    "q": "{وَيَعْبُدُونَ ‌مِنْ ‌دُونِ ‌اللَّهِ ‌مَا ‌لَمْ ‌يُنَزِّلْ ‌بِهِ ‌سُلْطَانًا}، مَعْنى السُّلطانِ:",
    "level": 2,
    "link": "https://www.dorar.net/aqeeda/292",
    "section": "t-olhia",
    "answers": [
      {
        "answer": "الحُجَّةُ",
        "t": 1
      },
      {
        "answer": "القوَّةُ",
        "t": 0
      },
      {
        "answer": "المُلكُ",
        "t": 0
      }
    ]
  },
  {
    "id": 5602,
    "q": "التَوحيدُ الذي يَتضمَّنُ نَوعَيِ التَّوحيدِ الآخَرَينِ:",
    "level": 2,
    "link": "https://www.dorar.net/aqeeda/283",
    "section": "t-olhia",
    "answers": [
      {
        "answer": "الأُلوهيَّةِ",
        "t": 1
      },
      {
        "answer": "الأسماءِ والصِّفاتِ",
        "t": 0
      },
      {
        "answer": "الرُّبوبيَّةِ",
        "t": 0
      }
    ]
  },
  {
    "id": 5613,
    "q": "قال الله تعالى: {سَتُكْتَبُ شَهَادُتُهُمْ وَيُسْأَلُونَ} إِشارةٌ إلى المَرتبةِ الثَّانِيةِ من مَراتبِ الشَّهادةِ وهي:",
    "level": 2,
    "link": "https://www.dorar.net/aqeeda/326",
    "section": "t-olhia",
    "answers": [
      {
        "answer": "السُّؤالُ",
        "t": 0
      },
      {
        "answer": "الإخبارُ",
        "t": 0
      },
      {
        "answer": "النُّطقُ والتلفُّظُ",
        "t": 1
      }
    ]
  },
  {
    "id": 5609,
    "q": "قال الله تعالى: {‌إِلَّا ‌مَنِ ‌اتَّخَذَ ‌عِنْدَ ‌الرَّحْمَنِ ‌عَهْدًا} العَهدُ المَقصُود هو:",
    "level": 2,
    "link": "https://www.dorar.net/aqeeda/309",
    "section": "t-olhia",
    "answers": [
      {
        "answer": "نُصرةُ دِينِ الله",
        "t": 0
      },
      {
        "answer": "التَّوحيدُ",
        "t": 1
      },
      {
        "answer": "إِقامةُ الصَّلاةِ",
        "t": 0
      }
    ]
  },
  {
    "id": 5619,
    "q": "النَّاسُ في مَحبَّةِ النَّبيِّ صلَّى اللهُ عليهِ وسلَّمَ:",
    "level": 2,
    "link": "https://www.dorar.net/aqeeda/352",
    "section": "t-olhia",
    "answers": [
      {
        "answer": "أهلُ إفراطٍ وأهلُ تَفريطٍ ومُعتَدِلونَ",
        "t": 1
      },
      {
        "answer": "أهلُ إفراطٍ ومُعتَدِلونَ",
        "t": 0
      },
      {
        "answer": "أهلُ إفراطٍ وأهلُ تَفريطٍ",
        "t": 0
      }
    ]
  },
  {
    "id": 5611,
    "q": "قال الحَسَنُ البَصريُّ: \"هذا العَمودُ فأَينَ الطُّنُبُ؟\" المُرادُ بالطُّنُبِ:",
    "level": 2,
    "link": "https://www.dorar.net/aqeeda/317",
    "section": "t-olhia",
    "answers": [
      {
        "answer": "فِعلُ الواجِباتِ وتَركُ المُحرَّماتِ",
        "t": 1
      },
      {
        "answer": "أركانُ الإسلامِ",
        "t": 0
      },
      {
        "answer": "مَحاسِنُ الأخلاقِ",
        "t": 0
      }
    ]
  },
  {
    "id": 5612,
    "q": "مَن ماتَ من أهلِ التَّوحيدِ على مَعصِيةٍ:",
    "level": 2,
    "link": "https://www.dorar.net/aqeeda/283",
    "section": "t-olhia",
    "answers": [
      {
        "answer": "تَنزِلُ دَرَجَتُه في الجنَّةِ ولا يَدخُلُ النَّارَ بالإجماعِ",
        "t": 0
      },
      {
        "answer": "يُخلَّدُ في النَّارِ",
        "t": 0
      },
      {
        "answer": "أمْرُه إلى اللهِ إنْ شاءَ عَذَّبَه، ثمَّ خَرَج، وإنْ شاءَ غَفَر له",
        "t": 1
      }
    ]
  },
  {
    "id": 5608,
    "q": "مَعْنى \"لا إلَهَ إلَّا اللهُ\"",
    "level": 2,
    "link": "https://www.dorar.net/aqeeda/302",
    "section": "t-olhia",
    "answers": [
      {
        "answer": "لا إلَهَ يُعبَدُ غَيرُ اللهِ",
        "t": 0
      },
      {
        "answer": "لا مَعبودَ بحَقٍّ إلَّا اللهُ",
        "t": 1
      },
      {
        "answer": "لا خالِقَ إلَّا اللهُ",
        "t": 0
      }
    ]
  },
  {
    "id": 5616,
    "q": "تَدبُّرُ أسماءِ اللهِ وصِفاتِه:",
    "level": 2,
    "link": "https://www.dorar.net/aqeeda/333",
    "section": "t-olhia",
    "answers": [
      {
        "answer": "أوَّل طَريقِ الفَهمِ عن الله",
        "t": 0
      },
      {
        "answer": "شَرطٌ مِن شُروطِ تَوحيدِ الأُلوهِيَّة",
        "t": 0
      },
      {
        "answer": "مِمَّا يُعينُ على العِلمِ بكَلِمةِ التَّوحيدِ",
        "t": 1
      }
    ]
  },
  {
    "id": 5618,
    "q": "النِّفاقُ المُخرِجُ منَ المِلَّةِ",
    "level": 2,
    "link": "https://www.dorar.net/aqeeda/341",
    "section": "t-olhia",
    "answers": [
      {
        "answer": "النِّفاقُ الِاعتِقاديُّ",
        "t": 1
      },
      {
        "answer": "النِّفاقُ العَمَليُّ",
        "t": 0
      },
      {
        "answer": "النِّفاقُ النَّظَريُّ",
        "t": 0
      }
    ]
  },
  {
    "id": 5614,
    "q": "الإخبارُ الفِعليُّ في مَراتِبِ الشَّهادةِ هو:",
    "level": 2,
    "link": "https://www.dorar.net/aqeeda/328",
    "section": "t-olhia",
    "answers": [
      {
        "answer": "الأدِلَّةُ الدَّالَّةُ على وَحدانِيَّتِه، والَّتي تُعلَمُ بالعَقلِ والفِطرةِ",
        "t": 1
      },
      {
        "answer": "فِعلُ المَأموراتِ وتَركُ المَنهيَّاتِ",
        "t": 0
      },
      {
        "answer": "مُراقبةُ اللهِ في السِّرِّ والعَلَنِ",
        "t": 0
      }
    ]
  },
  {
    "id": 5617,
    "q": "\"العِلمُ الرَّاسِخُ في القَلبِ، الثَّابتُ فيه\"",
    "level": 2,
    "link": "https://www.dorar.net/aqeeda/335",
    "section": "t-olhia",
    "answers": [
      {
        "answer": "اليَقينُ",
        "t": 1
      },
      {
        "answer": "القَبولُ",
        "t": 0
      },
      {
        "answer": "الإيمانُ",
        "t": 0
      }
    ]
  },
  {
    "id": 5610,
    "q": "جُمهورُ المُفسِّرينَ على أنَّ الكَلِمةَ الطَّيِّبةَ الَّتي شبَّهَها اللهُ بالشجَرةِ الطَيِّبةِ؛ هي:",
    "level": 2,
    "link": "https://www.dorar.net/aqeeda/313",
    "section": "t-olhia",
    "answers": [
      {
        "answer": "كلُّ قَولٍ صالِحٍ؛ مثل ذِكر الله، والأمرِ بالمعرُوفِ والنَّهيِ عن المُنكرِ",
        "t": 0
      },
      {
        "answer": "كلمة: لا إلَهَ إلَّا اللهُ",
        "t": 1
      },
      {
        "answer": "كل كَلمةٍ أُرِيدَ بها وَجه الله",
        "t": 0
      }
    ]
  },
  {
    "id": 5601,
    "q": "شَرطَا العِبادةِ الصَّحيحةِ؛ هما:",
    "level": 2,
    "link": "https://www.dorar.net/aqeeda/283",
    "section": "t-olhia",
    "answers": [
      {
        "answer": "المَحبَّةُ والصِّدقُ",
        "t": 0
      },
      {
        "answer": "القَبُولُ والإِتقانُ",
        "t": 0
      },
      {
        "answer": "الإخلاصُ والمُتابَعةُ",
        "t": 1
      }
    ]
  },
  {
    "id": 5606,
    "q": "عَناصِرُ الإيمانِ هي:",
    "level": 2,
    "link": "https://www.dorar.net/aqeeda/299",
    "section": "t-olhia",
    "answers": [
      {
        "answer": "الإقرارُ والتَّصديقُ والِانقِيادُ",
        "t": 1
      },
      {
        "answer": "الرِّضا والإيجابُ والقَبولُ",
        "t": 0
      },
      {
        "answer": "الصِّدقُ واليَقينُ والمَحبَّة",
        "t": 0
      }
    ]
  },
  {
    "id": 5604,
    "q": "تَذكيرُ المُشرِكينَ بما يَكمُنُ في نُفوسِهِم منَ التَّوحيدِ وتَقبيحِ الشِّركِ:",
    "level": 2,
    "link": "https://www.dorar.net/aqeeda/292",
    "section": "t-olhia",
    "answers": [
      {
        "answer": "من أدلَّةِ تَوحيدِ الأسماءِ والصِّفاتِ",
        "t": 0
      },
      {
        "answer": "من أدِلَّةِ تَوحيدِ الرُّبوبيَّةِ",
        "t": 0
      },
      {
        "answer": "من أدلَّةِ تَوحيدِ الأُلوهيَّةِ",
        "t": 1
      }
    ]
  }
]