[
  {
    "id": 5596,
    "q": "من شُروطِ لا إلَهَ إلَّا اللهُ",
    "level": 1,
    "link": "https://www.dorar.net/aqeeda/332",
    "section": "t-olhia",
    "answers": [
      {
        "answer": "الرُّشدُ",
        "t": 0
      },
      {
        "answer": "العِلمُ",
        "t": 1
      },
      {
        "answer": "الطَّهارةُ",
        "t": 0
      }
    ]
  },
  {
    "id": 5593,
    "q": "السِّجِلَّاتُ الَّتي طاشَتْ بها بِطاقةُ التَّوحيدِ",
    "level": 1,
    "link": "https://www.dorar.net/aqeeda/319",
    "section": "t-olhia",
    "answers": [
      {
        "answer": "ألفُ سِجِلٍّ",
        "t": 0
      },
      {
        "answer": "سَبعونَ سِجِلًّا",
        "t": 0
      },
      {
        "answer": "تِسعةٌ وتِسعونَ سِجِلًّا",
        "t": 1
      }
    ]
  },
  {
    "id": 5589,
    "q": "رأسُ العِبادةِ وأساسُها",
    "level": 1,
    "link": "https://www.dorar.net/aqeeda/302",
    "section": "t-olhia",
    "answers": [
      {
        "answer": "الصَّلاةُ",
        "t": 0
      },
      {
        "answer": "الزَّكاةُ",
        "t": 0
      },
      {
        "answer": "التَّوحيدُ",
        "t": 1
      }
    ]
  },
  {
    "id": 5583,
    "q": "تَوحيدُ القَصدِ والطَّلَبِ وتَوحيدُ الإرادةِ يُطلَقانِ على",
    "level": 1,
    "link": "https://www.dorar.net/aqeeda/281",
    "section": "t-olhia",
    "answers": [
      {
        "answer": "تَوحيدِ الأُلوهيَّةِ",
        "t": 1
      },
      {
        "answer": "تَوحيدِ الرُّبوبيَّةِ",
        "t": 0
      },
      {
        "answer": "تَوحيدِ الأسماءِ والصِّفاتِ",
        "t": 0
      }
    ]
  },
  {
    "id": 5599,
    "q": "الصِّدقُ والقَبولُ واليَقينُ",
    "level": 1,
    "link": "https://www.dorar.net/aqeeda/332",
    "section": "t-olhia",
    "answers": [
      {
        "answer": "من شُروطِ كَلِمةِ التَّوحيدِ",
        "t": 1
      },
      {
        "answer": "من ثَمَراتِ كَلِمةِ التَّوحيدِ",
        "t": 0
      },
      {
        "answer": "من تَوابِعِ كَلِمةِ التَّوحيدِ",
        "t": 0
      }
    ]
  },
  {
    "id": 5597,
    "q": "مَعرِفةُ مَعْنى لا إلَهَ إلَّا اللهُ",
    "level": 1,
    "link": "https://www.dorar.net/aqeeda/333",
    "section": "t-olhia",
    "answers": [
      {
        "answer": "لا يَتِمُّ الإسلامُ إلَّا بِها",
        "t": 1
      },
      {
        "answer": "مَندوبٌ",
        "t": 0
      },
      {
        "answer": "شَرطُ كَمالٍ",
        "t": 0
      }
    ]
  },
  {
    "id": 5591,
    "q": "أكثَرُ المُفسِّرينَ على أنَّ القَولَ الثَّابِتَ",
    "level": 1,
    "link": "https://www.dorar.net/aqeeda/311",
    "section": "t-olhia",
    "answers": [
      {
        "answer": "اللهُ أكبَرُ كَبيرًا",
        "t": 0
      },
      {
        "answer": "سُبحانَ اللهِ وبحَمدِه",
        "t": 0
      },
      {
        "answer": "لا إلَهَ إلَّا اللهُ",
        "t": 1
      }
    ]
  },
  {
    "id": 5590,
    "q": "من فَضائلِ شَهادةِ أن لا إلَهَ إلَّا اللهُ",
    "level": 1,
    "link": "https://www.dorar.net/aqeeda/307",
    "section": "t-olhia",
    "answers": [
      {
        "answer": "أنَّها سَببٌ في مَغفِرةِ الصَّغائرِ والكَبائرِ",
        "t": 0
      },
      {
        "answer": "أنَّها أعْلى شُعَبِ الإيمانِ",
        "t": 1
      },
      {
        "answer": "أنَّ مَن قالَها مُخلِصًا مِن قَلبِه فله أَجرُ مِئة شَهيدٍ",
        "t": 0
      }
    ]
  },
  {
    "id": 5598,
    "q": "الشَّكُّ في كَلِمةِ التَّوحيدِ",
    "level": 1,
    "link": "https://www.dorar.net/aqeeda/335",
    "section": "t-olhia",
    "answers": [
      {
        "answer": "تَشبُّهٌ باليَهودِ والنَّصارَى",
        "t": 0
      },
      {
        "answer": "يَنقُصُ منَ الإيمانِ",
        "t": 0
      },
      {
        "answer": "لا يُقبَلُ به التَّوحيدُ",
        "t": 1
      }
    ]
  },
  {
    "id": 5592,
    "q": "أفضَلُ الذِّكرِ",
    "level": 1,
    "link": "https://www.dorar.net/aqeeda/319",
    "section": "t-olhia",
    "answers": [
      {
        "answer": "سُبحانَ اللهِ العَظيمِ وبحَمدِه",
        "t": 0
      },
      {
        "answer": "لا حَولَ ولا قُوَّةَ إلَّا بِاللهِ",
        "t": 0
      },
      {
        "answer": "لا إلَهَ إلَّا اللهُ",
        "t": 1
      }
    ]
  },
  {
    "id": 5588,
    "q": "أركانُ الإسلامِ",
    "level": 1,
    "link": "https://www.dorar.net/aqeeda/299",
    "section": "t-olhia",
    "answers": [
      {
        "answer": "ثَلاثةٌ",
        "t": 0
      },
      {
        "answer": "خَمسةٌ",
        "t": 1
      },
      {
        "answer": "أربَعةٌ",
        "t": 0
      }
    ]
  },
  {
    "id": 5585,
    "q": "إجماعُ الكُتُبِ السَّماوِيَّةِ على استِحقاقِ اللهِ للعِبادةِ من أدلَّةِ",
    "level": 1,
    "link": "https://www.dorar.net/aqeeda/296",
    "section": "t-olhia",
    "answers": [
      {
        "answer": "تَوحيدِ الرُّبوبيَّةِ",
        "t": 0
      },
      {
        "answer": "تَوحيدِ الأُلوهيَّةِ",
        "t": 1
      },
      {
        "answer": "تَوحيدِ الأسماءِ والصِّفاتِ",
        "t": 0
      }
    ]
  },
  {
    "id": 5586,
    "q": "الشَّهادةُ للهِ بالتَّوحيدِ تَعني",
    "level": 1,
    "link": "https://www.dorar.net/aqeeda/299",
    "section": "t-olhia",
    "answers": [
      {
        "answer": "البَراءةَ المُطلَقةَ من الشِّركِ",
        "t": 0
      },
      {
        "answer": "الإقرارَ المُجمَلَ بالتَّوحيدِ",
        "t": 0
      },
      {
        "answer": "جَميعَ ما سَبَق",
        "t": 1
      }
    ]
  },
  {
    "id": 5587,
    "q": "بَعَثه النَّبيُّ صلَّى اللهُ عليه وسلَّم إلى اليمَنِ:",
    "level": 1,
    "link": "https://www.dorar.net/aqeeda/299",
    "section": "t-olhia",
    "answers": [
      {
        "answer": "مُعاذَ بنَ جَبلٍ",
        "t": 1
      },
      {
        "answer": "طَلْحةَ بنَ عُبَيدِ اللهِ",
        "t": 0
      },
      {
        "answer": "عُمَرَ بنَ الخطَّابِ",
        "t": 0
      }
    ]
  },
  {
    "id": 5595,
    "q": "مَرتَبةُ الإخبارِ من مَراتِبِ الشَّهادةِ، وهي:",
    "level": 1,
    "link": "https://www.dorar.net/aqeeda/328",
    "section": "t-olhia",
    "answers": [
      {
        "answer": "الإعلامُ بالقَولِ والفِعلِ",
        "t": 1
      },
      {
        "answer": "الإعلامُ بالفِعلِ",
        "t": 0
      },
      {
        "answer": "الإعلامُ بالقَولِ",
        "t": 0
      }
    ]
  },
  {
    "id": 5594,
    "q": "البَغِيُّ الَّتي سَقَت كَلبًا؛  غُفِرَ لها بسَبب؛",
    "level": 1,
    "link": "https://www.dorar.net/aqeeda/319",
    "section": "t-olhia",
    "answers": [
      {
        "answer": "الإخلاصِ والتَّوحيدِ",
        "t": 1
      },
      {
        "answer": "أنَّ أَفضلَ الصَّدقَةِ سُقْيَا الماءِ",
        "t": 0
      },
      {
        "answer": "أنَّها أَحْيَتْ نَفْسًا أَشرفَت على الهَلاكِ",
        "t": 0
      }
    ]
  },
  {
    "id": 5584,
    "q": "أوَّلُ ما يُؤمَرُ به العَبدُ",
    "level": 1,
    "link": "https://www.dorar.net/aqeeda/283",
    "section": "t-olhia",
    "answers": [
      {
        "answer": "الجِهادُ",
        "t": 0
      },
      {
        "answer": "الصَّلاةُ",
        "t": 0
      },
      {
        "answer": "الشَّهادَتانِ",
        "t": 1
      }
    ]
  },
  {
    "id": 5581,
    "q": "التَّوحيدُ",
    "level": 1,
    "link": "https://www.dorar.net/aqeeda/236",
    "section": "t-olhia",
    "answers": [
      {
        "answer": "أربَعةُ أقسامٍ",
        "t": 0
      },
      {
        "answer": "قِسْمانِ",
        "t": 0
      },
      {
        "answer": "ثَلاثةُ أقسامٍ",
        "t": 1
      }
    ]
  },
  {
    "id": 5600,
    "q": "مَعنى شَهادةِ أنَّ مُحمَّدًا رَسولُ اللهِ",
    "level": 1,
    "link": "https://www.dorar.net/aqeeda/348",
    "section": "t-olhia",
    "answers": [
      {
        "answer": "طَاعتُه فيما أمَرَ، وألَّا يُعبَدَ اللهُ إلَّا بما شَرَع",
        "t": 0
      },
      {
        "answer": "جَميعُ ما سَبَق",
        "t": 1
      },
      {
        "answer": "تَصديقُه فيما أخبَرَ به",
        "t": 0
      }
    ]
  },
  {
    "id": 5582,
    "q": "إفرادُ اللهِ بالعِبادةِ",
    "level": 1,
    "link": "https://www.dorar.net/aqeeda/281",
    "section": "t-olhia",
    "answers": [
      {
        "answer": "تَوحيدُ الأسماءِ والصِّفاتِ",
        "t": 0
      },
      {
        "answer": "تَوحيدُ الأُلوهيَّةِ",
        "t": 1
      },
      {
        "answer": "تَوحيدُ الرُّبوبيَّةِ",
        "t": 0
      }
    ]
  }
]