[
  {
    "id": 5634,
    "q": "العِبادةُ بحَسَبِ تَعَلُّقِها بالخَلقِ:",
    "level": 3,
    "link": "https://www.dorar.net/aqeeda/363",
    "section": "t-olhia",
    "answers": [
      {
        "answer": "عِبادةٌ وشِركٌ",
        "t": 0
      },
      {
        "answer": "عِبادةٌ كَونيَّةٌ عامَّةٌ، وعِبادةٌ شَّرعيَّةٌ خاصَّةٌ",
        "t": 1
      },
      {
        "answer": "عِبادةٌ ومُتعبَّدٌ به",
        "t": 0
      }
    ]
  },
  {
    "id": 5632,
    "q": "قول الله تعالى: {إِلَّا مَنْ شَهِدَ بِالْحَقِّ وَهُمْ يَعْلَمُونَ} إشارةٌ إلى المَرتَبةِ الأُولى منَ الشَّهادةِ وهي:",
    "level": 3,
    "link": "https://www.dorar.net/aqeeda/324",
    "section": "t-olhia",
    "answers": [
      {
        "answer": "الإخبارُ",
        "t": 0
      },
      {
        "answer": "العِلمُ",
        "t": 1
      },
      {
        "answer": "القَولُ",
        "t": 0
      }
    ]
  },
  {
    "id": 5638,
    "q": "المُسلِمُ الَّذي خَلَط عَمَلًا صالِحًا بسَيِّئٍ",
    "level": 3,
    "link": "https://www.dorar.net/aqeeda/394",
    "section": "t-olhia",
    "answers": [
      {
        "answer": "يُعادَى مطلقًا",
        "t": 0
      },
      {
        "answer": "يُحَبُّ من وَجْهٍ، ويُبغَضُ من وَجْهٍ",
        "t": 1
      },
      {
        "answer": "يُوالَى مُطلقًا",
        "t": 0
      }
    ]
  },
  {
    "id": 5636,
    "q": "هو أنَّ المُؤمِنَ مَحبوبٌ للهِ، والمُنافِقَ والكافِرَ والمُشرِكَ مَبغوضُ",
    "level": 3,
    "link": "https://www.dorar.net/aqeeda/390",
    "section": "t-olhia",
    "answers": [
      {
        "answer": "الحُبُّ في الله والبُغضُ في الله",
        "t": 0
      },
      {
        "answer": "صَرفُ أَعمالِ القُلوبِ إلى مَرضاةِ الله",
        "t": 0
      },
      {
        "answer": "الوَلاءُ والبَراءُ في الذَّواتِ",
        "t": 1
      }
    ]
  },
  {
    "id": 5635,
    "q": "عِبادةُ الطَّاعةِ والخُضوعِ والمَحبَّةِ",
    "level": 3,
    "link": "https://www.dorar.net/aqeeda/363",
    "section": "t-olhia",
    "answers": [
      {
        "answer": "عِبادةٌ شَرعيَّةٌ خاصَّةٌ",
        "t": 1
      },
      {
        "answer": "عِبادةُ التَّوحيدِ",
        "t": 0
      },
      {
        "answer": "عِبادةٌ عامَّةٌ",
        "t": 0
      }
    ]
  },
  {
    "id": 5639,
    "q": "مُعاداةُ العُصاةِ والتَّبرُّؤُ منهم",
    "level": 3,
    "link": "https://www.dorar.net/aqeeda/394",
    "section": "t-olhia",
    "answers": [
      {
        "answer": "مَذهَبُ الخَوارِجِ والمُعتَزِلةِ",
        "t": 1
      },
      {
        "answer": "مَذهبُ أهلِ السُّنَّةِ",
        "t": 0
      },
      {
        "answer": "مَذهبُ الأشاعِرةِ",
        "t": 0
      }
    ]
  },
  {
    "id": 5628,
    "q": "تَثبيتُ اللهِ لأوْلِيائهِ في الدَّارَينِ منَ الحُكمِ",
    "level": 3,
    "link": "https://www.dorar.net/aqeeda/294",
    "section": "t-olhia",
    "answers": [
      {
        "answer": "الشَّرعيِّ",
        "t": 0
      },
      {
        "answer": "الأزَليِّ",
        "t": 0
      },
      {
        "answer": "الجَزائيِّ",
        "t": 1
      }
    ]
  },
  {
    "id": 5633,
    "q": "\"وضوحُ أمرٍ ما وانكِشافُه على غايَتِه؛ بحَيثُ لا يَبقَى له بَعدُ غايةٌ في الوُضوحِ\"",
    "level": 3,
    "link": "https://www.dorar.net/aqeeda/333",
    "section": "t-olhia",
    "answers": [
      {
        "answer": "حَقيقةُ العِلمِ",
        "t": 1
      },
      {
        "answer": "حَقيقةُ القَبولِ",
        "t": 0
      },
      {
        "answer": "حَقيقةُ التَّوحيدِ",
        "t": 0
      }
    ]
  },
  {
    "id": 5630,
    "q": "وَجَبَ على المُؤمِنِ المُوحِّد مِن أَعمالِ القَلبِ والجَوارحِ ما يُحقِّق به:",
    "level": 3,
    "link": "https://www.dorar.net/aqeeda/236",
    "section": "t-olhia",
    "answers": [
      {
        "answer": "حَقيقةَ التَّوحيدِ لله عزَّ وجلَّ",
        "t": 1
      },
      {
        "answer": "صِدقَ الاتِّباعِ للنبيِّ ﷺ",
        "t": 0
      },
      {
        "answer": "مَراتِبَ الإيمانِ",
        "t": 0
      }
    ]
  },
  {
    "id": 5626,
    "q": "التَّعجيزُ منَ اللهِ للمُشرِكينَ",
    "level": 3,
    "link": "https://www.dorar.net/aqeeda/290",
    "section": "t-olhia",
    "answers": [
      {
        "answer": "يقَعُ في الدُّنيا فحسبُ",
        "t": 0
      },
      {
        "answer": "يقَعُ في الآخِرةِ فحَسبُ",
        "t": 0
      },
      {
        "answer": "يقَعُ في الدُّنيا والآخِرةِ",
        "t": 1
      }
    ]
  },
  {
    "id": 5625,
    "q": "في أوَّلِ سورةِ الجاثيةِ دلَّلَ اللهُ تَعالى على استِحقاقِه التَّوحيدَ بـ:",
    "level": 3,
    "link": "https://www.dorar.net/aqeeda/288",
    "section": "t-olhia",
    "answers": [
      {
        "answer": "سِتَّةِ بَراهينَ",
        "t": 1
      },
      {
        "answer": "أربَعةِ بَراهينَ",
        "t": 0
      },
      {
        "answer": "سَبعةِ بَراهينَ",
        "t": 0
      }
    ]
  },
  {
    "id": 5623,
    "q": "تَحقيقُ التَّوحيدِ يَكونُ بثَلاثةِ أُمورٍ",
    "level": 3,
    "link": "https://www.dorar.net/aqeeda/283",
    "section": "t-olhia",
    "answers": [
      {
        "answer": "العِلمِ والِانقِيادِ والِاعتِقادِ",
        "t": 1
      },
      {
        "answer": "العِلمِ والإخلاصِ والصِّدقِ",
        "t": 0
      },
      {
        "answer": "الإخلاصِ والِانقِيادِ والِاعتِقادِ",
        "t": 0
      }
    ]
  },
  {
    "id": 5622,
    "q": "تَوحيدُ الرُّبوبيَّةِ",
    "level": 3,
    "link": "https://www.dorar.net/aqeeda/283",
    "section": "t-olhia",
    "answers": [
      {
        "answer": "يَستَلزِمُ تَوحيدَ الأُلوهيَّةِ",
        "t": 1
      },
      {
        "answer": "تَوحيدٌ مُستقِلٌّ بذَاتِه",
        "t": 0
      },
      {
        "answer": "يَستَلزِمُ تَوحيدَ الأسماءِ والصِّفاتِ",
        "t": 0
      }
    ]
  },
  {
    "id": 5631,
    "q": "شَهادةُ اللهِ لنَفسِه بالتَّوحيدِ تَتضمَّنُ",
    "level": 3,
    "link": "https://www.dorar.net/aqeeda/322",
    "section": "t-olhia",
    "answers": [
      {
        "answer": "العِلمَ والفَخرَ والكَلامَ",
        "t": 0
      },
      {
        "answer": "الكَلامَ والإخْبارَ والأمْرَ",
        "t": 0
      },
      {
        "answer": "العِلمَ والكَلامَ والإخْبارَ والإلْزامَ",
        "t": 1
      }
    ]
  },
  {
    "id": 5627,
    "q": "\"اللَّهُمَّ إنَّ لَكَ عَلَيَّ عَهدًا إنْ عَافَيتَني مِمَّا أنا فِيهِ أنْ آتِيَ مُحمَّدًا، حتَّى أضَعَ يَدي في يَدِه؛ فلَأَجِدَنَّهُ عَفُوًّا كَريمًا\" هذا قَولُ:",
    "level": 3,
    "link": "https://www.dorar.net/aqeeda/292",
    "section": "t-olhia",
    "answers": [
      {
        "answer": "عَبدِ اللهِ بنِ سَعدٍ",
        "t": 0
      },
      {
        "answer": "عِكرِمةَ بنِ أبي جَهلٍ",
        "t": 1
      },
      {
        "answer": "عَبدِ اللهِ بنِ خَطَلٍ",
        "t": 0
      }
    ]
  },
  {
    "id": 5624,
    "q": "الأدِلَّةُ على تَوحيدِ الأُلوهيَّةِ تَنحصِرُ في",
    "level": 3,
    "link": "https://www.dorar.net/aqeeda/286",
    "section": "t-olhia",
    "answers": [
      {
        "answer": "تِسعةِ أنواعٍ",
        "t": 0
      },
      {
        "answer": "خَمسةِ أنواعٍ",
        "t": 1
      },
      {
        "answer": "أربعةِ أنواعٍ",
        "t": 0
      }
    ]
  },
  {
    "id": 5621,
    "q": "الواجِبُ الأوَّلُ عِندَ أهلِ الكَلامِ والمُعتزِلةِ",
    "level": 3,
    "link": "https://www.dorar.net/aqeeda/299",
    "section": "t-olhia",
    "answers": [
      {
        "answer": "الجِهادُ",
        "t": 0
      },
      {
        "answer": "الشَّهادَتانِ",
        "t": 0
      },
      {
        "answer": "النَّظَرُ",
        "t": 1
      }
    ]
  },
  {
    "id": 5640,
    "q": "البَراءةُ منَ المُبتَدِعةِ",
    "level": 3,
    "link": "https://www.dorar.net/aqeeda/394",
    "section": "t-olhia",
    "answers": [
      {
        "answer": "مِثلُ البَراءةِ منَ العُصاةِ",
        "t": 0
      },
      {
        "answer": "تَختلِفُ بحسَبِ البِدعةِ المُكفِّرةِ وغَيرِ المُكفِّرةِ",
        "t": 1
      },
      {
        "answer": "مِثلُ البَراءةِ منَ الكُفَّارِ",
        "t": 0
      }
    ]
  },
  {
    "id": 5629,
    "q": "أخبَرَ مُعاذٌ قبلَ مَوتِه بحَديثِ النَّبيِّ صلَّى اللهُ عليه وسلَّمَ معَ نَهيِه له عن قَولِه:",
    "level": 3,
    "link": "https://www.dorar.net/aqeeda/315",
    "section": "t-olhia",
    "answers": [
      {
        "answer": "تَأثُّمًا من كِتمانِ حَديثِ رَسولِ اللهِ ﷺ",
        "t": 1
      },
      {
        "answer": "نِسيانًا منه غَفرَ اللهُ له ورَضِيَ عنه",
        "t": 0
      },
      {
        "answer": "لأنَّ النَّهيَ كان مُؤقتًا",
        "t": 0
      }
    ]
  },
  {
    "id": 5637,
    "q": "الوَلاءُ والبَراءُ",
    "level": 3,
    "link": "https://www.dorar.net/aqeeda/392",
    "section": "t-olhia",
    "answers": [
      {
        "answer": "شَرطٌ في الإيمانِ",
        "t": 1
      },
      {
        "answer": "رُكنٌ في الإيمانِ",
        "t": 0
      },
      {
        "answer": "مُقتَضى الإيمانِ",
        "t": 0
      }
    ]
  }
]