[
  {
    "id": 2374,
    "q": "هِبةُ الوَديعةِ لِمَن هي عِندَه",
    "level": 2,
    "link": "https://www.dorar.net/feqhia/6634",
    "section": "hibat",
    "answers": [
      {
        "answer": "لا تَجوزُ",
        "t": 0
      },
      {
        "answer": "تُكرَهُ",
        "t": 0
      },
      {
        "answer": "تَجوزُ",
        "t": 1
      }
    ]
  },
  {
    "id": 2367,
    "q": "هِبةُ الصَّبِيِّ",
    "level": 2,
    "link": "https://www.dorar.net/feqhia/6582",
    "section": "hibat",
    "answers": [
      {
        "answer": "تَصِحُّ",
        "t": 0
      },
      {
        "answer": "تَتوقَّفُ عَلى إجازةِ الوَصيِّ",
        "t": 0
      },
      {
        "answer": "لا تَصِحُّ",
        "t": 1
      }
    ]
  },
  {
    "id": 2385,
    "q": "مَن أعطى بَعضَ أولادِه دونَ الآخَرِين لغَيرِ سَبَبٍ",
    "level": 2,
    "link": "https://www.dorar.net/feqhia/6682",
    "section": "hibat",
    "answers": [
      {
        "answer": "تَبطُلُ الهِبةُ",
        "t": 0
      },
      {
        "answer": "يَصِحُّ ذلك",
        "t": 0
      },
      {
        "answer": "يُخيَّرُ بين إبطالِ الهِبةِ أوِ المُساواةِ بالبَقِيَّةِ",
        "t": 1
      }
    ]
  },
  {
    "id": 2365,
    "q": "الإيجابُ والقَبولُ في الهِبةِ",
    "level": 2,
    "link": "https://www.dorar.net/feqhia/6577",
    "section": "hibat",
    "answers": [
      {
        "answer": "رُكنانِ",
        "t": 1
      },
      {
        "answer": "مُستحَبَّانِ",
        "t": 0
      },
      {
        "answer": "لا عِبرةَ بِهِما",
        "t": 0
      }
    ]
  },
  {
    "id": 2383,
    "q": "هِبةُ السُّلطانِ",
    "level": 2,
    "link": "https://www.dorar.net/feqhia/6748",
    "section": "hibat",
    "answers": [
      {
        "answer": "يَجوزُ أخْذُها",
        "t": 1
      },
      {
        "answer": "يَجوزُ أخْذُها للفُقَراءِ فَقَط",
        "t": 0
      },
      {
        "answer": "لا يَجوزُ أخْذُها",
        "t": 0
      }
    ]
  },
  {
    "id": 2376,
    "q": "تَعليقُ الهِبةِ عَلى الشَّرطِ",
    "level": 2,
    "link": "https://www.dorar.net/feqhia/6638",
    "section": "hibat",
    "answers": [
      {
        "answer": "تَصِحُّ ويَبطُلُ الشَّرطُ",
        "t": 0
      },
      {
        "answer": "تَصِحُّ",
        "t": 1
      },
      {
        "answer": "لا يَصِحُّ",
        "t": 0
      }
    ]
  },
  {
    "id": 2369,
    "q": "هِبةُ السَّفيهِ",
    "level": 2,
    "link": "https://www.dorar.net/feqhia/6591",
    "section": "hibat",
    "answers": [
      {
        "answer": "لا تَصِحُّ",
        "t": 1
      },
      {
        "answer": "تَصِحُّ",
        "t": 0
      },
      {
        "answer": "تَتوقَّفُ عَلى الرُّشدِ",
        "t": 0
      }
    ]
  },
  {
    "id": 2371,
    "q": "هِبةُ المَدينِ بعدَ الحَجرِ عَليهِ",
    "level": 2,
    "link": "https://www.dorar.net/feqhia/6598",
    "section": "hibat",
    "answers": [
      {
        "answer": "لا تَصِحُّ",
        "t": 1
      },
      {
        "answer": "تَصِحُّ",
        "t": 0
      },
      {
        "answer": "تَتوقَّفُ عَلى إجازةِ الدَّائنين",
        "t": 0
      }
    ]
  },
  {
    "id": 2381,
    "q": "النَّفَقةُ الواجِبةُ",
    "level": 2,
    "link": "https://www.dorar.net/feqhia/6665",
    "section": "hibat",
    "answers": [
      {
        "answer": "تَكونُ هِبةً مَكروهةٌ",
        "t": 0
      },
      {
        "answer": "تَكونُ هِبةً",
        "t": 0
      },
      {
        "answer": "لا تَكونُ هِبةً",
        "t": 1
      }
    ]
  },
  {
    "id": 2382,
    "q": "إذا اشتَرَط في العُمْرَى رُجوعَها إليه بعدَ مَوتِ المَوهوبِ له",
    "level": 2,
    "link": "https://www.dorar.net/feqhia/6741",
    "section": "hibat",
    "answers": [
      {
        "answer": "لم يَصِحَّ الشَّرطُ",
        "t": 0
      },
      {
        "answer": "صَحَّ الشَّرطُ",
        "t": 1
      },
      {
        "answer": "بَطَلَتِ الهِبةُ",
        "t": 0
      }
    ]
  },
  {
    "id": 2386,
    "q": "مَن أعطى أولادَه ثم وُلِدَ له بَعدَ ذلك",
    "level": 2,
    "link": "https://www.dorar.net/feqhia/6684",
    "section": "hibat",
    "answers": [
      {
        "answer": "يُستحَبُّ إعطاؤه",
        "t": 0
      },
      {
        "answer": "يَجِبُ إعطاؤه ومُساواتُه بِهِم",
        "t": 1
      },
      {
        "answer": "لا يَجِبُ إعطاؤه",
        "t": 0
      }
    ]
  },
  {
    "id": 2373,
    "q": "هِبةُ المَدينِ المُفلِسِ قبْلَ الحَجرِ عَليهِ",
    "level": 2,
    "link": "https://www.dorar.net/feqhia/6600",
    "section": "hibat",
    "answers": [
      {
        "answer": "عَلى قَولَينِ لأهلِ العِلمِ",
        "t": 1
      },
      {
        "answer": "تَصِحُّ قَولًا واحِدًا",
        "t": 0
      },
      {
        "answer": "لا تَصِحُّ قَولًا واحِدًا",
        "t": 0
      }
    ]
  },
  {
    "id": 2366,
    "q": "الفَورُ والتَّراخي في الإيجابِ والقَبولِ في الهِبةِ",
    "level": 2,
    "link": "https://www.dorar.net/feqhia/6579",
    "section": "hibat",
    "answers": [
      {
        "answer": "يَجوزُ التَّراخي وإنِ انتَهَى المَجلِسُ",
        "t": 0
      },
      {
        "answer": "يَجِبُ الفَورِيَّةِ في الإيجابِ والقَبولِ",
        "t": 0
      },
      {
        "answer": "يَجوزُ التَّراخي ما دامَا في المَجلِسِ",
        "t": 1
      }
    ]
  },
  {
    "id": 2379,
    "q": "هِبةُ المَجهولِ",
    "level": 2,
    "link": "https://www.dorar.net/feqhia/6648",
    "section": "hibat",
    "answers": [
      {
        "answer": "لا تَصِحُّ",
        "t": 0
      },
      {
        "answer": "تُكرَهُ",
        "t": 0
      },
      {
        "answer": "تَصِحُّ",
        "t": 1
      }
    ]
  },
  {
    "id": 2377,
    "q": "القُدرةُ عَلى تَسليمِ المَوهوبِ",
    "level": 2,
    "link": "https://www.dorar.net/feqhia/6646",
    "section": "hibat",
    "answers": [
      {
        "answer": "لا تُشتَرَطُ",
        "t": 1
      },
      {
        "answer": "تُكرَهُ",
        "t": 0
      },
      {
        "answer": "تُشترَطُ",
        "t": 0
      }
    ]
  },
  {
    "id": 2375,
    "q": "هِبةُ العَينِ المَرهونةِ",
    "level": 2,
    "link": "https://www.dorar.net/feqhia/6636",
    "section": "hibat",
    "answers": [
      {
        "answer": "تَجوزُ مُطلَقًا",
        "t": 0
      },
      {
        "answer": "تَجوزُ بإذنِ المُرتَهِنِ",
        "t": 1
      },
      {
        "answer": "لا تَجوزُ مُطلَقًا",
        "t": 0
      }
    ]
  },
  {
    "id": 2380,
    "q": "قَبولُ الهِبةِ إنْ جاء بها رَسولُ الواهِبِ",
    "level": 2,
    "link": "https://www.dorar.net/feqhia/6652",
    "section": "hibat",
    "answers": [
      {
        "answer": "يَصِحُّ إنْ كان الرَّسولُ رَجُلًا",
        "t": 0
      },
      {
        "answer": "يَصِحُّ",
        "t": 1
      },
      {
        "answer": "لا يَصِحُّ",
        "t": 0
      }
    ]
  },
  {
    "id": 2370,
    "q": "هِبةُ الهازِلِ",
    "level": 2,
    "link": "https://www.dorar.net/feqhia/6595",
    "section": "hibat",
    "answers": [
      {
        "answer": "لا تَصِحُّ",
        "t": 1
      },
      {
        "answer": "تَجِبُ",
        "t": 0
      },
      {
        "answer": "تَصِحُّ",
        "t": 0
      }
    ]
  },
  {
    "id": 2384,
    "q": "القَبضُ المُعتبَرُ في الهِبةِ",
    "level": 2,
    "link": "https://www.dorar.net/feqhia/6752",
    "section": "hibat",
    "answers": [
      {
        "answer": "في كلِّ شيءٍ بحَسَبِه",
        "t": 1
      },
      {
        "answer": "المُناوَلةُ",
        "t": 0
      },
      {
        "answer": "الإمساكُ",
        "t": 0
      }
    ]
  },
  {
    "id": 2368,
    "q": "هِبةُ السَّكرانِ المَعذورِ بسُكْرِه",
    "level": 2,
    "link": "https://www.dorar.net/feqhia/6587",
    "section": "hibat",
    "answers": [
      {
        "answer": "تَتوقَّفُ عَلى إفاقَتِه",
        "t": 0
      },
      {
        "answer": "تَصِحُّ",
        "t": 0
      },
      {
        "answer": "لا تَصِحُّ",
        "t": 1
      }
    ]
  }
]