[
  {
    "id": 2361,
    "q": "تَفضيلُ بَعضِ الأولادِ في الهِبةِ لبِرِّهِ بأبيه",
    "level": 1,
    "link": "https://www.dorar.net/feqhia/6680",
    "section": "hibat",
    "answers": [
      {
        "answer": "يُستحَبُّ",
        "t": 0
      },
      {
        "answer": "يَجوزُ",
        "t": 0
      },
      {
        "answer": "لا يَجوزُ",
        "t": 1
      }
    ]
  },
  {
    "id": 2349,
    "q": "الهِبةُ للسَّفيهِ",
    "level": 1,
    "link": "https://www.dorar.net/feqhia/6621",
    "section": "hibat",
    "answers": [
      {
        "answer": "لا تَصِحُّ",
        "t": 0
      },
      {
        "answer": "تَصِحُّ ويَقبِضُها الوَليُّ",
        "t": 1
      },
      {
        "answer": "تَصِحُّ ويَقبِضُها",
        "t": 0
      }
    ]
  },
  {
    "id": 2364,
    "q": "هِبةُ الزَّوجةِ لغَيرِ زَوجِها",
    "level": 1,
    "link": "https://www.dorar.net/feqhia/6693",
    "section": "hibat",
    "answers": [
      {
        "answer": "لا يَجوزُ",
        "t": 0
      },
      {
        "answer": "يَجوزُ",
        "t": 1
      },
      {
        "answer": "للزَّوجِ الخِيارُ في الإجازةِ والمَنعِ",
        "t": 0
      }
    ]
  },
  {
    "id": 2343,
    "q": "حُكمُ الهِبةِ",
    "level": 1,
    "link": "https://www.dorar.net/feqhia/6571",
    "section": "hibat",
    "answers": [
      {
        "answer": "مُستحبَّةٌ",
        "t": 1
      },
      {
        "answer": "مَكروهةٌ",
        "t": 0
      },
      {
        "answer": "واجِبةٌ",
        "t": 0
      }
    ]
  },
  {
    "id": 2352,
    "q": "هِبةُ المُصحَفِ لكافِرٍ",
    "level": 1,
    "link": "https://www.dorar.net/feqhia/6654",
    "section": "hibat",
    "answers": [
      {
        "answer": "لا تَصِحُّ",
        "t": 1
      },
      {
        "answer": "تَصِحُّ",
        "t": 0
      },
      {
        "answer": "تُكرَهُ",
        "t": 0
      }
    ]
  },
  {
    "id": 2356,
    "q": "الهِبةُ للأولادِ",
    "level": 1,
    "link": "https://www.dorar.net/feqhia/6671",
    "section": "hibat",
    "answers": [
      {
        "answer": "تُكرَهُ",
        "t": 0
      },
      {
        "answer": "تَجوزُ",
        "t": 1
      },
      {
        "answer": "لا تَجوزُ",
        "t": 0
      }
    ]
  },
  {
    "id": 2360,
    "q": "تَفضيلُ بَعضِ الأولادِ في الهِبةِ لمُسَوِّغٍ شَرعيٍّ",
    "level": 1,
    "link": "https://www.dorar.net/feqhia/6678",
    "section": "hibat",
    "answers": [
      {
        "answer": "يَجوزُ",
        "t": 1
      },
      {
        "answer": "لا يَجوزُ",
        "t": 0
      },
      {
        "answer": "يُكرَهُ",
        "t": 0
      }
    ]
  },
  {
    "id": 2347,
    "q": "الهِبةُ للصَّبيِّ",
    "level": 1,
    "link": "https://www.dorar.net/feqhia/6617",
    "section": "hibat",
    "answers": [
      {
        "answer": "تَصِحُّ ويَقبِضُها الصَّبِيُّ",
        "t": 0
      },
      {
        "answer": "لا تَصِحُّ",
        "t": 0
      },
      {
        "answer": "تَصِحُّ ويَقبِضُها وَلِيُّه",
        "t": 1
      }
    ]
  },
  {
    "id": 2346,
    "q": "هِبةُ المُكرَهِ",
    "level": 1,
    "link": "https://www.dorar.net/feqhia/6593",
    "section": "hibat",
    "answers": [
      {
        "answer": "تُكرَهُ",
        "t": 0
      },
      {
        "answer": "لا تَصِحُّ",
        "t": 1
      },
      {
        "answer": "تَصِحُّ",
        "t": 0
      }
    ]
  },
  {
    "id": 2345,
    "q": "هِبةُ المَجنونِ",
    "level": 1,
    "link": "https://www.dorar.net/feqhia/6584",
    "section": "hibat",
    "answers": [
      {
        "answer": "تَصِحُّ",
        "t": 0
      },
      {
        "answer": "تَتوقَّفُ عَلى إفاقَتِه",
        "t": 0
      },
      {
        "answer": "لا تَصِحُّ",
        "t": 1
      }
    ]
  },
  {
    "id": 2348,
    "q": "الهِبةُ للمَجنونِ",
    "level": 1,
    "link": "https://www.dorar.net/feqhia/6619",
    "section": "hibat",
    "answers": [
      {
        "answer": "لا تَصِحُّ",
        "t": 0
      },
      {
        "answer": "تَصِحُّ ويَقبِضُها بنَفسِه",
        "t": 0
      },
      {
        "answer": "تَصِحُّ ويَقبِضُها وَلِيُّه",
        "t": 1
      }
    ]
  },
  {
    "id": 2357,
    "q": "العَدلُ في الهِبةِ بين الأولادِ",
    "level": 1,
    "link": "https://www.dorar.net/feqhia/6674",
    "section": "hibat",
    "answers": [
      {
        "answer": "يَجِبُ",
        "t": 1
      },
      {
        "answer": "يُستحَبُّ",
        "t": 0
      },
      {
        "answer": "لا يَجِبُ",
        "t": 0
      }
    ]
  },
  {
    "id": 2344,
    "q": "المُكافَأةُ عَلى الهِبةِ",
    "level": 1,
    "link": "https://www.dorar.net/feqhia/6573",
    "section": "hibat",
    "answers": [
      {
        "answer": "مُحرَّمةٌ",
        "t": 0
      },
      {
        "answer": "مَشروعةٌ",
        "t": 1
      },
      {
        "answer": "مَكروهةٌ",
        "t": 0
      }
    ]
  },
  {
    "id": 2363,
    "q": "العَدلُ في الهِبةِ بين الزَّوجاتِ",
    "level": 1,
    "link": "https://www.dorar.net/feqhia/6691",
    "section": "hibat",
    "answers": [
      {
        "answer": "واجِبٌ بالإجماعِ",
        "t": 0
      },
      {
        "answer": "عَلى قَولَينِ لأهلِ العِلمِ بين الِاستِحبابِ والوُجوبِ",
        "t": 1
      },
      {
        "answer": "مُستحَبٌّ بالإجماعِ",
        "t": 0
      }
    ]
  },
  {
    "id": 2362,
    "q": "الهِبةُ بين الزَّوجَينِ",
    "level": 1,
    "link": "https://www.dorar.net/feqhia/6689",
    "section": "hibat",
    "answers": [
      {
        "answer": "جائزةٌ",
        "t": 1
      },
      {
        "answer": "مَكروهةٌ",
        "t": 0
      },
      {
        "answer": "واجِبةٌ",
        "t": 0
      }
    ]
  },
  {
    "id": 2354,
    "q": "العُمْرَى المُطلَقةُ",
    "level": 1,
    "link": "https://www.dorar.net/feqhia/6739",
    "section": "hibat",
    "answers": [
      {
        "answer": "تَرجِعُ إلى الواهِبِ متى شاء",
        "t": 0
      },
      {
        "answer": "تَرجِعُ إلى الواهِبِ بعدَ مَوتِ المَوهوبِ له",
        "t": 0
      },
      {
        "answer": "لا تَرجِعُ أبدًا",
        "t": 1
      }
    ]
  },
  {
    "id": 2353,
    "q": "حُكمُ العُمْرَى",
    "level": 1,
    "link": "https://www.dorar.net/feqhia/6736",
    "section": "hibat",
    "answers": [
      {
        "answer": "مَكروهةٌ",
        "t": 0
      },
      {
        "answer": "جائزةٌ",
        "t": 1
      },
      {
        "answer": "واجِبةٌ",
        "t": 0
      }
    ]
  },
  {
    "id": 2350,
    "q": "الهِبةُ للحَملِ",
    "level": 1,
    "link": "https://www.dorar.net/feqhia/6623",
    "section": "hibat",
    "answers": [
      {
        "answer": "اختَلَف العُلَماءُ في صِحَّتِها وعَدَمِها",
        "t": 1
      },
      {
        "answer": "لا تَصِحُّ بالإجماعِ",
        "t": 0
      },
      {
        "answer": "تَصِحُّ باتِّفاقِ المَذاهِبِ الأربعةِ",
        "t": 0
      }
    ]
  },
  {
    "id": 2355,
    "q": "هِبةُ الأولادِ للآباءِ",
    "level": 1,
    "link": "https://www.dorar.net/feqhia/6669",
    "section": "hibat",
    "answers": [
      {
        "answer": "لا تَجوزُ",
        "t": 0
      },
      {
        "answer": "تَجوزُ إنْ رَضِيَ بَقِيَّةُ الأَبناءِ",
        "t": 0
      },
      {
        "answer": "تَجوزُ",
        "t": 1
      }
    ]
  },
  {
    "id": 2358,
    "q": "العَدلُ في الهِبةِ بين الأولادِ يَكونُ",
    "level": 1,
    "link": "https://www.dorar.net/feqhia/6676",
    "section": "hibat",
    "answers": [
      {
        "answer": "بالتَّساوي",
        "t": 0
      },
      {
        "answer": "بالتَفضيلِ",
        "t": 0
      },
      {
        "answer": "بقَدرِ الأنصِبةِ في الميراثِ",
        "t": 1
      }
    ]
  }
]