[
  {
    "id": 2393,
    "q": "لو تَصرَّفَتِ الزَّوجةُ بأكثَرَ من ثُلُثِ مالِها بالهِبةِ",
    "level": 3,
    "link": "https://www.dorar.net/feqhia/6614",
    "section": "hibat",
    "answers": [
      {
        "answer": "صَحَّ تَصَرُّفُها",
        "t": 1
      },
      {
        "answer": "بَطَلَتِ الهِبةُ",
        "t": 0
      },
      {
        "answer": "للزَّوجِ مَنْعُ الكُلِّ أو إجازَتُه",
        "t": 0
      }
    ]
  },
  {
    "id": 2409,
    "q": "لو وَهَب لرَجُلٍ شَيئًا فباعَه لغَيرِه ثمَّ أرادَ الواهِبُ أن يَشتَرِيَه منَ ذلك المُشتَرِي",
    "level": 3,
    "link": "https://www.dorar.net/feqhia/6713",
    "section": "hibat",
    "answers": [
      {
        "answer": "يُكرَهُ",
        "t": 0
      },
      {
        "answer": "لا يَجوزُ",
        "t": 0
      },
      {
        "answer": "يَجوزُ",
        "t": 1
      }
    ]
  },
  {
    "id": 2389,
    "q": "هِبةُ المَريضِ مَرَضًا مَخُوفًا",
    "level": 3,
    "link": "https://www.dorar.net/feqhia/6608",
    "section": "hibat",
    "answers": [
      {
        "answer": "تَصِحُّ منَ الثُّلُثِ",
        "t": 1
      },
      {
        "answer": "لا تَصِحُّ مُطلقًا",
        "t": 0
      },
      {
        "answer": "تَصِحُّ مُطلقًا",
        "t": 0
      }
    ]
  },
  {
    "id": 2395,
    "q": "الهِبةُ للذِّمِّيِّ",
    "level": 3,
    "link": "https://www.dorar.net/feqhia/6629",
    "section": "hibat",
    "answers": [
      {
        "answer": "لا تَجوزُ",
        "t": 0
      },
      {
        "answer": "تَجوزُ",
        "t": 1
      },
      {
        "answer": "تَجوزُ للنَّصارى دونَ اليَهودِ",
        "t": 0
      }
    ]
  },
  {
    "id": 2391,
    "q": "هِبةُ المَريضِ مَرضًا مُزمِنًا",
    "level": 3,
    "link": "https://www.dorar.net/feqhia/6610",
    "section": "hibat",
    "answers": [
      {
        "answer": "لا تَصِحُّ",
        "t": 0
      },
      {
        "answer": "تَصِحُّ منَ الثُّلُثِ فقط",
        "t": 0
      },
      {
        "answer": "تَصِحُّ",
        "t": 1
      }
    ]
  },
  {
    "id": 2400,
    "q": "الهِبةُ لمُقرِضٍ إن كانت مَشروطةً",
    "level": 3,
    "link": "https://www.dorar.net/feqhia/6657",
    "section": "hibat",
    "answers": [
      {
        "answer": "لا تَصِحُّ إنْ كانت مَشروطةً",
        "t": 1
      },
      {
        "answer": "تَصِحُّ مَشروطةً أو غَيرَها",
        "t": 0
      },
      {
        "answer": "لا تَصِحُّ مَشروطةً أو غَيرَ مَشروطةٍ",
        "t": 0
      }
    ]
  },
  {
    "id": 2388,
    "q": "لو وَهَب ثمَّ مات قبْلَ القَبضِ وأجاز الوَرَثةُ",
    "level": 3,
    "link": "https://www.dorar.net/feqhia/6605",
    "section": "hibat",
    "answers": [
      {
        "answer": "استَحقَّها المَوهوبُ",
        "t": 1
      },
      {
        "answer": "تَخرُجُ منَ الثُّلُثِ وُجوبًا",
        "t": 0
      },
      {
        "answer": "لم يَستَحِقَّها المَوهوبُ",
        "t": 0
      }
    ]
  },
  {
    "id": 2404,
    "q": "الهِبةُ لبَنِي هاشِمٍ",
    "level": 3,
    "link": "https://www.dorar.net/feqhia/6754",
    "section": "hibat",
    "answers": [
      {
        "answer": "تُكرَهُ",
        "t": 0
      },
      {
        "answer": "تَجوزُ",
        "t": 1
      },
      {
        "answer": "لا تَجوزُ",
        "t": 0
      }
    ]
  },
  {
    "id": 2392,
    "q": "وَهَب في مَرَضِ مَوتِه فقَتَلَه المَوهوبُ له",
    "level": 3,
    "link": "https://www.dorar.net/feqhia/6612",
    "section": "hibat",
    "answers": [
      {
        "answer": "عَلى قَولَينِ لأهلِ العِلمِ",
        "t": 1
      },
      {
        "answer": "بَطَلَتِ الهِبةُ بالإجماعِ",
        "t": 0
      },
      {
        "answer": "لم تَبطُلِ الهِبةُ باتِّفاقِ المَذاهِبِ الأربعةِ",
        "t": 0
      }
    ]
  },
  {
    "id": 2398,
    "q": "هِبةُ الفُضولِيِّ مالَ غَيرِه",
    "level": 3,
    "link": "https://www.dorar.net/feqhia/6642",
    "section": "hibat",
    "answers": [
      {
        "answer": "تَتوقَّفُ عَلى إجازةِ المالِكِ",
        "t": 1
      },
      {
        "answer": "لا تَصِحُّ أبدًا",
        "t": 0
      },
      {
        "answer": "تَصِحُّ مُطلَقًا",
        "t": 0
      }
    ]
  },
  {
    "id": 2401,
    "q": "هِبةُ المُقتَرِضِ للمُقرِضِ قبْلَ الوَفاءِ",
    "level": 3,
    "link": "https://www.dorar.net/feqhia/6659",
    "section": "hibat",
    "answers": [
      {
        "answer": "تَجوزُ مُطلَقًا",
        "t": 0
      },
      {
        "answer": "لا تَجوزُ إلا إنْ كانتِ العادةُ جارِيةً بَينَهُما",
        "t": 1
      },
      {
        "answer": "لا تَجوزُ مُطلَقًا",
        "t": 0
      }
    ]
  },
  {
    "id": 2399,
    "q": "هِبةُ المَعدومِ",
    "level": 3,
    "link": "https://www.dorar.net/feqhia/6644",
    "section": "hibat",
    "answers": [
      {
        "answer": "لا تَصِحُّ أبدًا",
        "t": 0
      },
      {
        "answer": "تَصِحُّ مُطلَقًا",
        "t": 0
      },
      {
        "answer": "تَصِحُّ إن كان وُجودُه مُتوقَّعًا",
        "t": 1
      }
    ]
  },
  {
    "id": 2407,
    "q": "شِراءُ الهِبةِ منَ المَوهوبِ له",
    "level": 3,
    "link": "https://www.dorar.net/feqhia/6711",
    "section": "hibat",
    "answers": [
      {
        "answer": "يُكرَهُ",
        "t": 0
      },
      {
        "answer": "لا يَجوزُ",
        "t": 1
      },
      {
        "answer": "يَجوزُ",
        "t": 0
      }
    ]
  },
  {
    "id": 2406,
    "q": "لو وَهَب المَوهوبُ له الشَّيءَ المَوهوبَ للواهِبِ",
    "level": 3,
    "link": "https://www.dorar.net/feqhia/6708",
    "section": "hibat",
    "answers": [
      {
        "answer": "يُكرَهُ أخْذُه",
        "t": 0
      },
      {
        "answer": "يُباحُ أخْذُه",
        "t": 1
      },
      {
        "answer": "لم يَجُزْ أخْذُه",
        "t": 0
      }
    ]
  },
  {
    "id": 2402,
    "q": "الهِبةُ للعُمَّالِ والمُوَظَّفين في الدَّولةِ",
    "level": 3,
    "link": "https://www.dorar.net/feqhia/6661",
    "section": "hibat",
    "answers": [
      {
        "answer": "لا تَجوزُ إلَّا لِمَن له عادةٌ في الهِبةِ قبْلَ تَوَلِّيه",
        "t": 1
      },
      {
        "answer": "تَجوزُ مطلقًا",
        "t": 0
      },
      {
        "answer": "لا تَجوزُ مطلقًا",
        "t": 0
      }
    ]
  },
  {
    "id": 2403,
    "q": "الهِبةُ المُؤقَّتةُ",
    "level": 3,
    "link": "https://www.dorar.net/feqhia/6663",
    "section": "hibat",
    "answers": [
      {
        "answer": "لا تَصِحُّ",
        "t": 1
      },
      {
        "answer": "تَصِحُّ مع الكَراهَة",
        "t": 0
      },
      {
        "answer": "تَصِحُّ",
        "t": 0
      }
    ]
  },
  {
    "id": 2387,
    "q": "وَهَب هبةً ثمَّ مات ولم يَقبِضْها المَوهوبُ، ولم يُجِزْها الوَرَثةُ",
    "level": 3,
    "link": "https://www.dorar.net/feqhia/6603",
    "section": "hibat",
    "answers": [
      {
        "answer": "لا يَستَحِقُّها المَوهوبُ",
        "t": 1
      },
      {
        "answer": "تَخرُجُ منَ الثُّلُثِ",
        "t": 0
      },
      {
        "answer": "استَحَقَّها المَوهوبُ له",
        "t": 0
      }
    ]
  },
  {
    "id": 2405,
    "q": "الرُّجوع ُفي الهِبةِ",
    "level": 3,
    "link": "https://www.dorar.net/feqhia/6701",
    "section": "hibat",
    "answers": [
      {
        "answer": "يَجوزُ لغَيرِ الوالِدَينِ",
        "t": 1
      },
      {
        "answer": "لا يَجوزُ الرُّجوعُ",
        "t": 0
      },
      {
        "answer": "يَجوزُ مُطلَقًا",
        "t": 0
      }
    ]
  },
  {
    "id": 2394,
    "q": "مات المَوهوبُ له بعدَ القَبولِ وقبْلَ القَبضِ",
    "level": 3,
    "link": "https://www.dorar.net/feqhia/6625",
    "section": "hibat",
    "answers": [
      {
        "answer": "أعاد الواهِبُ الهِبةَ للوَرَثةِ",
        "t": 0
      },
      {
        "answer": "لم تَبطُلِ الهِبةُ",
        "t": 1
      },
      {
        "answer": "بَطَلَتِ الهِبةُ",
        "t": 0
      }
    ]
  },
  {
    "id": 2397,
    "q": "اشتِراطُ المالِ في المَوهوبِ",
    "level": 3,
    "link": "https://www.dorar.net/feqhia/6640",
    "section": "hibat",
    "answers": [
      {
        "answer": "يُشترَطُ أن يَكونَ المَوهوبُ مالًا",
        "t": 1
      },
      {
        "answer": "لا يُشترَطُ أن يَكونَ المَوهوبُ مالًا",
        "t": 0
      },
      {
        "answer": "يُستحَبُّ أن يَكونَ المَوهوب مالًا",
        "t": 0
      }
    ]
  }
]