[
  {
    "id": 3583,
    "q": "ما المُرادُ بكَفتِ الشَّعرِ الوارِدِ في حَديثِ عَبدِ اللهِ بنِ عبَّاسٍ رَضِيَ اللهُ عَنهُما: «ولَا نَكْفِتَ الثِّيَابَ والشَّعَرَ»",
    "level": 3,
    "link": "https://dorar.net/hadith/sharh/23285",
    "section": "hadith05",
    "answers": [
      {
        "answer": "قَصُّه وتَقصيرُه",
        "t": 0
      },
      {
        "answer": "سَدْلُه وإرسالُه مِن غير رَبطٍ",
        "t": 0
      },
      {
        "answer": "رَبْطُه بحيثُ لا يَستَرْسِلُ ويَنسابُ",
        "t": 1
      }
    ]
  },
  {
    "id": 3570,
    "q": "الرُّكنانِ اللَّذانِ تَرَك النَّبيُّ ﷺ استِلامَهُما؛ هما:",
    "level": 3,
    "link": "https://dorar.net/hadith/sharh/9535",
    "section": "hadith05",
    "answers": [
      {
        "answer": "رُكنُ الحَجَرِ الأسوَدِ، والرُّكنُ الشَّامِيُّ",
        "t": 0
      },
      {
        "answer": "الرُّكنُ الشَّاميُّ والعِراقيُّ اللَّذانِ يَلِيانِ الحِجْرَ",
        "t": 1
      },
      {
        "answer": "الرُّكنُ اليَمانِيُّ والرُّكنُ  العِراقيُّ",
        "t": 0
      }
    ]
  },
  {
    "id": 3584,
    "q": "إذا شَرِبَ شَخصٌ اللَّبَنَ، أو أكَلَ طَعامًا فيه دَسَمٌ، فإنَّه:",
    "level": 3,
    "link": "https://dorar.net/hadith/sharh/151320",
    "section": "hadith05",
    "answers": [
      {
        "answer": "يُستحَبُّ أن يُنظِّفَ فَمَه منه قبلَ أن يُصلِّيَ",
        "t": 1
      },
      {
        "answer": "لا يَجوزُ له أن يَتمَضمَضَ لأنَّ في ذلك إِهدارًا للنِّعمَة",
        "t": 0
      },
      {
        "answer": "تَحرُمُ عَليهِ الصَّلاةُ حتَّى يَتوَضَّأَ",
        "t": 0
      }
    ]
  },
  {
    "id": 3568,
    "q": "ما المقَصودُ بقَولِ المَرأةِ \"فَامَّرَقَ شَعرُها\":",
    "level": 3,
    "link": "https://dorar.net/hadith/sharh/151098",
    "section": "hadith05",
    "answers": [
      {
        "answer": "تَغيَّر لَونُه إثْرَ مَرَضٍ",
        "t": 0
      },
      {
        "answer": "تَشابَك وكَثُر فيه القَملُ",
        "t": 0
      },
      {
        "answer": "خَرَجَ شَعَرُها مِن مَوضعِه فتَمزَّق وتَقطَّعَ",
        "t": 1
      }
    ]
  },
  {
    "id": 3585,
    "q": "معنى (لَا يَفْرَكْ) في قولِه ﷺ: «لَا يَفْرَكْ مُؤْمِنٌ مُؤْمِنَةً، إنْ كَرِهَ منها خُلُقًا رَضِيَ منها آخَرَ».",
    "level": 3,
    "link": "https://dorar.net/hadith/sharh/23532",
    "section": "hadith05",
    "answers": [
      {
        "answer": "لا يُبْغِض",
        "t": 1
      },
      {
        "answer": "لا يُقبِّح",
        "t": 0
      },
      {
        "answer": "لا يَضرِب",
        "t": 0
      }
    ]
  },
  {
    "id": 3579,
    "q": "«ليسَ المُؤمِنُ بالطَّعَّانِ ولا اللَّعَّانِ ولا الفاحِشِ ولا البَذيءِ» مَعنَى «الفاحِشِ»",
    "level": 3,
    "link": "https://dorar.net/hadith/sharh/35492",
    "section": "hadith05",
    "answers": [
      {
        "answer": "جَميعُ ما سَبَق",
        "t": 1
      },
      {
        "answer": "فاحِشِ القوْلِ وبذِيءِ اللِّسانِ",
        "t": 0
      },
      {
        "answer": "السَّليطِ الَّذي لا حَياءَ له",
        "t": 0
      }
    ]
  },
  {
    "id": 3566,
    "q": "كلُّ ثَوبٍ مَخيطٍ مُستمسِكٍ على الجَسَدِ بدونِ شَدٍّ لا يَلبَسُه",
    "level": 3,
    "link": "https://dorar.net/hadith/sharh/6255",
    "section": "hadith05",
    "answers": [
      {
        "answer": "الرَّجُلُ حالَ صَلاتِه",
        "t": 0
      },
      {
        "answer": "الصَّبيُّ المُميِّزُ",
        "t": 0
      },
      {
        "answer": "المُحرِمُ",
        "t": 1
      }
    ]
  },
  {
    "id": 3580,
    "q": "في الحَديثِ: «أنَّ عَبْدَ المَلِكِ بنَ مَرْوَانَ بَعَثَ إلى أُمِّ الدَّرْدَاءِ بأَنْجَادٍ مِن عِندِهِ» معنى «بأَنْجَادٍ»",
    "level": 3,
    "link": "https://dorar.net/hadith/sharh/17471",
    "section": "hadith05",
    "answers": [
      {
        "answer": "ما يُزيَّنُ بهِ البَيتُ مِن الأَمتعَةِ",
        "t": 1
      },
      {
        "answer": "الأواني الواسِعَة التي كانت تُصنَع في هَجَر",
        "t": 0
      },
      {
        "answer": "جمعُ نِجاد؛ نَوعٌ مِن الخُيولِ العَرَبِيَّةِ",
        "t": 0
      }
    ]
  },
  {
    "id": 3575,
    "q": "نَهَى رَسولُ اللَّهِ ﷺ عن بَيْعَتَيْنِ المُنَابَذَةِ، والمُلَامَسَةِ. مَعنَى «المُنابذةِ»:",
    "level": 3,
    "link": "https://dorar.net/hadith/sharh/7710",
    "section": "hadith05",
    "answers": [
      {
        "answer": "أن يَجعَلَ إلْقاءَ السِّلعةِ إيجابًا للبَيعِ؛ فمتى أَلْقى إليه ثوبًا أو غيرَه التَزَمَ المُشترِي بشِرائِه",
        "t": 1
      },
      {
        "answer": "أن يَتنابَذَ البائعُ والشَّاري بالألقابِ والسِّبابِ",
        "t": 0
      },
      {
        "answer": "أن يَضَع كلُّ واحِدٍ منَ البائعِ والشَّاري ما يُريدُ في قَدَحِ نَبيذٍ ثم يَنبِذَه لصاحِبِه",
        "t": 0
      }
    ]
  },
  {
    "id": 3572,
    "q": "قال رَسولُ الله ﷺ: اعْتدلُوا في السُّجودِ، ولا يَبسُطنَّ أحَدَكُم:",
    "level": 3,
    "link": "https://dorar.net/hadith/sharh/22388",
    "section": "hadith05",
    "answers": [
      {
        "answer": "جَناحَيْهِ ولا يُجافيهما",
        "t": 0
      },
      {
        "answer": "ذِراعَيه انبِساطَ الكَلبِ",
        "t": 1
      },
      {
        "answer": "ثَوبَه على فَخِذِه كأنَّه التُّرْس",
        "t": 0
      }
    ]
  },
  {
    "id": 3569,
    "q": "حُكمُ الهِجرةِ واجِبةٌ في حَقِّ:",
    "level": 3,
    "link": "https://dorar.net/hadith/sharh/41166",
    "section": "hadith05",
    "answers": [
      {
        "answer": "الرِّجالِ دُونَ النِّساء والأطفالِ",
        "t": 0
      },
      {
        "answer": "كلِّ مُسلِمٍ مُكلَّفٍ حُرٍّ مُقيمٍ",
        "t": 0
      },
      {
        "answer": "في حقِّ مَن أسلَمَ في دارِ الكفْرِ، ولم يَأمَنْ على دِينِه، وقدَرَ على الخُروجِ منها",
        "t": 1
      }
    ]
  },
  {
    "id": 3574,
    "q": "اسمُ اليَهودِيِّ الَّذي سَحَر النَّبيَّ ﷺ؛ هو:",
    "level": 3,
    "link": "https://dorar.net/hadith/sharh/151015",
    "section": "hadith05",
    "answers": [
      {
        "answer": "فِنحاصُ",
        "t": 0
      },
      {
        "answer": "كَعبُ بن الأشَرفِ",
        "t": 0
      },
      {
        "answer": "لَبيدُ بنُ الأعصَمِ",
        "t": 1
      }
    ]
  },
  {
    "id": 3576,
    "q": "نَهَى رَسولُ اللَّهِ ﷺ عن بَيْعَتَيْنِ المُنَابَذَةِ، والمُلَامَسَةِ. معنى «المُلامَسةِ» هي:",
    "level": 3,
    "link": "https://dorar.net/hadith/sharh/7710",
    "section": "hadith05",
    "answers": [
      {
        "answer": "أنْ يَبِيعَ البائعُ شيئًا إلى المُشترِي على أنَّه متى لَمَسَه؛ فقد تَمَّ البَيعُ",
        "t": 1
      },
      {
        "answer": "أن يَلمَسَ البائعُ الثَّمَنَ ويَلمَسَ المُشتَري البِضاعةَ أثناءَ التَّبادُلِ",
        "t": 0
      },
      {
        "answer": "أن يَلمَسَ كلٌّ منَ البائعِ والمُشتَري بَعضَهمُ البَعضَ أثناءَ عَمليَّةِ البَيعِ إيجابًا وقَبولًا",
        "t": 0
      }
    ]
  },
  {
    "id": 3577,
    "q": "كانَ النبيُّ ﷺ يُعْجِبُهُ التَّيَمُّنُ، في تَنَعُّلِهِ، وتَرَجُّلِهِ، وطُهُورِهِ، وفي شَأْنِهِ كُلِّهِ. مَعنَى «وتَرَجُّلِه»:",
    "level": 3,
    "link": "https://dorar.net/hadith/sharh/11696",
    "section": "hadith05",
    "answers": [
      {
        "answer": "مَشْيُه على رِجْلِه",
        "t": 0
      },
      {
        "answer": "تَسريحُ شَعرِ رَأسِه بالمُشطِ",
        "t": 1
      },
      {
        "answer": "نُزولُه من على ظَهرِ فَرَسِه",
        "t": 0
      }
    ]
  },
  {
    "id": 3573,
    "q": "ما المُرادُ بكَفتِ الثِّيابِ الوارِدِ في حَديثِ عبدِ اللهِ بنِ عَبَّاسٍ رَضِيَ اللهُ عَنهُما: «ولَا نَكْفِتَ الثِّيَابَ والشَّعَرَ»:",
    "level": 3,
    "link": "https://dorar.net/hadith/sharh/23285",
    "section": "hadith05",
    "answers": [
      {
        "answer": "قَطْعُها وتَمزيقُها",
        "t": 0
      },
      {
        "answer": "ضَمُّ بَعضِها فوقَ بَعضٍ بحيثُ لا تَنْسدِلُ",
        "t": 1
      },
      {
        "answer": "سَدْلُها وإرسالُها",
        "t": 0
      }
    ]
  },
  {
    "id": 3578,
    "q": "ما المُرادُ بالشِّكالِ في الحَديثِ: «أنَّ رَسولَ اللهِ ﷺ كان يَكرَهُ الشِّكالَ منَ الخَيلِ»",
    "level": 3,
    "link": "https://dorar.net/hadith/sharh/17816",
    "section": "hadith05",
    "answers": [
      {
        "answer": "الخَيلُ الذي نَزَا عليها البَغلُ",
        "t": 0
      },
      {
        "answer": "أنْ يَكونَ الفَرَسُ في رِجْلِه اليُمنَى وفي يَدِه اليُسرَى بَيَاضٌ، أو في يَدِه اليُمنَى ورِجْلِه اليُسرَى",
        "t": 1
      },
      {
        "answer": "أن يَكونَ الفَرَسُ أدهَمَ",
        "t": 0
      }
    ]
  },
  {
    "id": 3567,
    "q": "نَهَى النَّبِيُّ ﷺ أَنْ يَلْبَسَ المُحْرِمُ ثَوْبًا مَصْبُوغًا:",
    "level": 3,
    "link": "https://dorar.net/hadith/sharh/6255",
    "section": "hadith05",
    "answers": [
      {
        "answer": "بِوَرْسٍ أَوْ بِزَعْفَرَانٍ",
        "t": 1
      },
      {
        "answer": "بالحِنَّاءِ",
        "t": 0
      },
      {
        "answer": "بالكَتَمِ",
        "t": 0
      }
    ]
  },
  {
    "id": 3582,
    "q": "المُرادُ بنَهيِ النَّبيِّ ﷺ الوارِدِ في حَديثِ أَنَسٍ، قَالَ: كُنَّا عِنْدَ عُمَرَ فَقَالَ: «نُهِينَا عَنِ التَّكَلُّفِ»",
    "level": 3,
    "link": "https://dorar.net/hadith/sharh/10391",
    "section": "hadith05",
    "answers": [
      {
        "answer": "المُبالَغةُ في إكرامِ الضِّيفانِ",
        "t": 0
      },
      {
        "answer": "أن يَتكَلَّفَ الإنسانُ ما لا عِلمَ له به",
        "t": 1
      },
      {
        "answer": "التَّكلُّف في مُجاهَدةُ النَّفسِ والهَوى والشَّيطانِ",
        "t": 0
      }
    ]
  },
  {
    "id": 3571,
    "q": "المُرادُ بقَولِه ﷺ: «لا جَلَبَ»",
    "level": 3,
    "link": "https://dorar.net/hadith/sharh/30567",
    "section": "hadith05",
    "answers": [
      {
        "answer": "لا تَحصدُوا الثَّمرَ مِن الشَّجرِ قبلَ نُضوجِه واستِوائِه",
        "t": 0
      },
      {
        "answer": "لا تَجلِبوا البِضاعةَ إلى الأسْواقِ قبل أَوانِ بَيْعِها",
        "t": 0
      },
      {
        "answer": "لا يَطلُبُ العامِلُ على الصَّدقَةِ من أربابِ الأموالِ جَلْبَها إليه من أماكِنِ رَعْيِها",
        "t": 1
      }
    ]
  },
  {
    "id": 3581,
    "q": "قَالَ رَسُولُ اللَّهِ ﷺ: لَا سَبَقَ إِلَّا فِي:",
    "level": 3,
    "link": "https://dorar.net/hadith/sharh/30305",
    "section": "hadith05",
    "answers": [
      {
        "answer": "خُفٍّ أَوْ فِي حَافِرٍ أَوْ نَصْلٍ",
        "t": 1
      },
      {
        "answer": "الدُّبَّاءِ والحَنْتَمِ والْمُزَفَّتِ والنَّقِيرِ",
        "t": 0
      },
      {
        "answer": "سُقْيَا الماءِ",
        "t": 0
      }
    ]
  }
]