[
  {
    "id": 3537,
    "q": "كان المُصَدِّقُ -عامِلُ الصَّدَقةِ- يَأتي ليَجمَعَ صَدَقاتِ الماشِيةِ من أربابِها، عِندَ:",
    "level": 1,
    "link": "https://dorar.net/hadith/sharh/30317",
    "section": "hadith05",
    "answers": [
      {
        "answer": "أَسواقِهِم",
        "t": 0
      },
      {
        "answer": "مَبارِكها التي تبيتُ فيها",
        "t": 0
      },
      {
        "answer": "أماكنِ الشُّربِ حيثُ تُجمَعُ الحيَواناتُ للسَّقيِ",
        "t": 1
      }
    ]
  },
  {
    "id": 3526,
    "q": "قَالَ رَسُولُ اللَّهِ ﷺ: الرَّاحِمُونَ يَرْحَمُهُمُ الرَّحْمَنُ:",
    "level": 1,
    "link": "https://dorar.net/hadith/sharh/35115",
    "section": "hadith05",
    "answers": [
      {
        "answer": "إنَّ رَحمةَ الله سَبقَت غَضَبَهُ",
        "t": 0
      },
      {
        "answer": "وكلُّ بَني آدَمَ خَطَّاءٌ، وخيرُ الخطَّائين التَّوابُون",
        "t": 0
      },
      {
        "answer": "ارْحَمُوا مَنْ فِي الأَرْضِ يَرْحَمْكُمْ مَنْ فِي السَّمَاءِ",
        "t": 1
      }
    ]
  },
  {
    "id": 3531,
    "q": "نَهَى النَّبِيُّ ﷺ عَنْ نَتْفِ الشَّيْبِ، وَقَالَ:",
    "level": 1,
    "link": "https://dorar.net/hadith/sharh/30800",
    "section": "hadith05",
    "answers": [
      {
        "answer": "إنَّه شَرَفُ المُؤمِنِ",
        "t": 0
      },
      {
        "answer": "إِنَّهُ نُورُ المُسلِمِ",
        "t": 1
      },
      {
        "answer": "إنَّه يُنِيرُ للمُؤمنِ الصِّراطَ يَومَ القِيامةِ",
        "t": 0
      }
    ]
  },
  {
    "id": 3538,
    "q": "عن عائشةَ رَضِيَ اللهُ عَنها قالت: «لقَدْ كانَ رَسولُ اللَّهِ ﷺ يُصَلِّي الفَجْرَ، فَيَشْهَدُ معهُ نِسَاءٌ مِنَ المُؤْمِنَاتِ مُتَلَفِّعَاتٍ في مُرُوطِهِنَّ» مَعنَى «مُرُوطِهِنَّ»:",
    "level": 1,
    "link": "https://dorar.net/hadith/sharh/1748",
    "section": "hadith05",
    "answers": [
      {
        "answer": "ثَوبٌ يَستُرُ أسفَلَ المَرأةِ يُشبِهُ الإزارَ",
        "t": 0
      },
      {
        "answer": "الثَّوبُ مِنَ الصُّوفِ أو غيرِه، وهو يُشبِهُ المِلحَفةَ",
        "t": 1
      },
      {
        "answer": "أثَواب كانت تُصنَع مِن الحَريرِ تُغطِّي سائِرَ الجَسَدِ",
        "t": 0
      }
    ]
  },
  {
    "id": 3540,
    "q": "قَالَ رَسُولُ اللَّهِ ﷺ: أَسْفِرُوا بِالفَجْرِ، فَإِنَّهُ:",
    "level": 1,
    "link": "https://dorar.net/hadith/sharh/29946",
    "section": "hadith05",
    "answers": [
      {
        "answer": "أعظَمُ للأجرِ",
        "t": 1
      },
      {
        "answer": "أنسَأُ للأجَلِ",
        "t": 0
      },
      {
        "answer": "أتْقَى للنَّفسِ",
        "t": 0
      }
    ]
  },
  {
    "id": 3535,
    "q": "عَنِ ابْنِ عَبَّاسٍ، أَنَّ رَسُولَ اللهِ ﷺ قَالَ: أَهْوَنُ أَهْلِ النَّارِ عَذَابًا أَبُو طَالِبٍ، وَهُوَ:",
    "level": 1,
    "link": "https://dorar.net/hadith/sharh/5107",
    "section": "hadith05",
    "answers": [
      {
        "answer": "في الدَّركِ الأسفَلِ منها",
        "t": 0
      },
      {
        "answer": "مُنْتَعِلٌ بِنَعلَيْنِ يَغْلي مِنهُمَا دِمَاغُه",
        "t": 1
      },
      {
        "answer": "في لِحافٍ مِن نارٍ ظَانًّا أنَّه أَشدُّ أَهلِ النارِ عَذابًا",
        "t": 0
      }
    ]
  },
  {
    "id": 3528,
    "q": "أعظَمُ آيةٍ في كِتابِ اللهِ عزَّ وجلَّ؛ هي:",
    "level": 1,
    "link": "https://dorar.net/hadith/sharh/23630",
    "section": "hadith05",
    "answers": [
      {
        "answer": "آيةُ الدَّينِ",
        "t": 0
      },
      {
        "answer": "آيةُ الكُرسِيِّ",
        "t": 1
      },
      {
        "answer": "آيَةُ الميزانِ",
        "t": 0
      }
    ]
  },
  {
    "id": 3529,
    "q": "سورةُ \"قُلْ هُوَ اللهُ أَحَدٌ\" تَعدِلُ:",
    "level": 1,
    "link": "https://dorar.net/hadith/sharh/151292",
    "section": "hadith05",
    "answers": [
      {
        "answer": "ثُلُثَ القُرآنِ",
        "t": 1
      },
      {
        "answer": "رُبُعَ القُرآنِ",
        "t": 0
      },
      {
        "answer": "نِصفَ القُرآنِ",
        "t": 0
      }
    ]
  },
  {
    "id": 3544,
    "q": "نَهَى رَسولُ اللهِ ﷺ عن بَيْعِ الغَرَرِ. ما معنى (بَيْع الغَرَرِ):",
    "level": 1,
    "link": "https://dorar.net/hadith/sharh/23500",
    "section": "hadith05",
    "answers": [
      {
        "answer": "كلُّ بَيعٍ اشتَمَل على أيِّ نَوعٍ من أنواعِ الخِداعِ، أو كان مَجهولًا أو مَعجوزًا عنه",
        "t": 1
      },
      {
        "answer": "بَيعُ ما يُستعمَلُ في المُحَرَّماتِ كالعِنَبِ إذا عُصِرَ خَمرًا",
        "t": 0
      },
      {
        "answer": "بَيعُ الثَّمَرِ بالتَّمرِ",
        "t": 0
      }
    ]
  },
  {
    "id": 3545,
    "q": "جُملةُ: \"ألَا إنَّ القوَّةَ الرَّميُ\"، تَعني:",
    "level": 1,
    "link": "https://dorar.net/hadith/sharh/32625",
    "section": "hadith05",
    "answers": [
      {
        "answer": "أنَّ رَمْيَ الجَمَراتِ بقُوَّةٍ تُظهِرُ شَجاعةَ المُسلِمِ",
        "t": 0
      },
      {
        "answer": "أنَّ الرَّميَ هو منَ القُوَّةِ الحَقيقيَّةِ في الحَربِ",
        "t": 1
      },
      {
        "answer": "أنَّ ضَرْبَ الأعداءِ بالأحجارِ يُقَوِّي عَزيمةَ المُحارِبين",
        "t": 0
      }
    ]
  },
  {
    "id": 3532,
    "q": "قَالَ رَسُولُ اللَّهِ ﷺ: انْهَكُوا الشَّوَارِبَ:",
    "level": 1,
    "link": "https://dorar.net/hadith/sharh/151032",
    "section": "hadith05",
    "answers": [
      {
        "answer": "وَأَعْفُوا اللِّحَى",
        "t": 1
      },
      {
        "answer": "واذكُرُوا اسمَ الله",
        "t": 0
      },
      {
        "answer": "ولا تَحِفُّوا",
        "t": 0
      }
    ]
  },
  {
    "id": 3543,
    "q": "المَغافيرُ: هو",
    "level": 1,
    "link": "https://dorar.net/hadith/sharh/6705",
    "section": "hadith05",
    "answers": [
      {
        "answer": "نَوعٌ من الحَلْواءِ طَيِّبةُ الرَّائحةِ",
        "t": 0
      },
      {
        "answer": "صَمغٌ حُلوٌ له رائحةٌ كَريهةٌ",
        "t": 1
      },
      {
        "answer": "شَجَرٌ من شَجَرِ البادِيةِ له ثِمارٌ طَيِّبةُ الطَّعمِ",
        "t": 0
      }
    ]
  },
  {
    "id": 3533,
    "q": "يقَولُ النَّبيُّ ﷺ: وجُعِلَ قُرَّةُ عَينِي:",
    "level": 1,
    "link": "https://dorar.net/hadith/sharh/32267",
    "section": "hadith05",
    "answers": [
      {
        "answer": "أن أَكونَ عَبدًا شَكُورًا",
        "t": 0
      },
      {
        "answer": "في الصَّلاةِ",
        "t": 1
      },
      {
        "answer": "حُبُّ الأَنصارِ",
        "t": 0
      }
    ]
  },
  {
    "id": 3539,
    "q": "يُؤخَذُ من حَديثِ عائشةَ رَضِيَ اللهُ عَنها: «لقَدْ كانَ رَسولُ اللَّهِ ﷺ يُصَلِّي الفَجْرَ، فَيَشهَدُ معهُ نِسَاءٌ مِنَ المُؤْمِنَاتِ...»",
    "level": 1,
    "link": "https://dorar.net/hadith/sharh/1748",
    "section": "hadith05",
    "answers": [
      {
        "answer": "وُجوبُ شُهودِ النِّساءِ للصَّلاةِ في جَماعةٍ",
        "t": 0
      },
      {
        "answer": "مَشروعيَّةُ خُروجِ النِّساءِ للصَّلاةِ في المَساجِدِ باللَّيلِ",
        "t": 1
      },
      {
        "answer": "إِباحَةُ خُروجِ المَرأةِ للصَّلاةِ دُونَ إِذنِ زَوجِها",
        "t": 0
      }
    ]
  },
  {
    "id": 3534,
    "q": "يُوزَنُ العَبدُ عِندَ اللهِ تَعالَى بمِعيارِ:",
    "level": 1,
    "link": "https://dorar.net/hadith/sharh/151309",
    "section": "hadith05",
    "answers": [
      {
        "answer": "التَّقوَى",
        "t": 1
      },
      {
        "answer": "الوَرعِ",
        "t": 0
      },
      {
        "answer": "الصَّلاةِ",
        "t": 0
      }
    ]
  },
  {
    "id": 3541,
    "q": "قال رَسُولُ اللَّهِ ﷺ: لاَ صَلَاةَ بَعْدَ الصُّبْحِ حَتَّى تَرْتَفِعَ الشَّمْسُ، وَلَا صَلَاةَ بَعْدَ:",
    "level": 1,
    "link": "https://dorar.net/hadith/sharh/8387",
    "section": "hadith05",
    "answers": [
      {
        "answer": "العَصْرِ حَتَّى تَغِيبَ الشَّمْسُ",
        "t": 1
      },
      {
        "answer": "المَغرِبِ حتَّى يَسقُطَ الشَّفَقُ",
        "t": 0
      },
      {
        "answer": "الظُّهرِ حتَّى يَصيرَ ظِلُّ كُلِّ شَيءٍ مِثلَه",
        "t": 0
      }
    ]
  },
  {
    "id": 3542,
    "q": "عن خَبَّابِ بنِ الأرَتِّ رَضِيَ اللهُ عَنهُ، قال: شَكَوْنا إِلَى رَسولِ اللهِ ﷺ الصَّلاةَ في الرَّمْضاءِ:",
    "level": 1,
    "link": "https://dorar.net/hadith/sharh/23458",
    "section": "hadith05",
    "answers": [
      {
        "answer": "فقال: أَبرِدُوا بالصَّلاةِ",
        "t": 0
      },
      {
        "answer": "فلم يُشْكِنا",
        "t": 1
      },
      {
        "answer": "فأمَرَنا بالسُّجودِ على ثِيابِنا",
        "t": 0
      }
    ]
  },
  {
    "id": 3536,
    "q": "قَالَ رَسُولُ اللَّهِ ﷺ: إِذَا دَخَلَ رَمَضَانُ:",
    "level": 1,
    "link": "https://dorar.net/hadith/sharh/150704",
    "section": "hadith05",
    "answers": [
      {
        "answer": "فُتِّحَتْ أَبْوَابُ الجَنَّةِ، وَغُلِّقَتْ أَبْوَابُ جَهَنَّمَ وَسُلْسِلَتِ الشَّيَاطِينُ",
        "t": 1
      },
      {
        "answer": "فاجتَهِدُوا في الدُّعاءِ",
        "t": 0
      },
      {
        "answer": "لا يَزالُ عليكُم مِن الله رَقيبٌ",
        "t": 0
      }
    ]
  },
  {
    "id": 3527,
    "q": "عَنِ النَّبِيِّ ﷺ قَالَ: دَخَلَتِ امْرَأَةٌ النَّارَ فِي هِرَّةٍ:",
    "level": 1,
    "link": "https://dorar.net/hadith/sharh/3255",
    "section": "hadith05",
    "answers": [
      {
        "answer": "أَحرَقَتها بالنَّارِ؛ فهي تَتقَلَّبُ في نارِ جَهنَّم بُكرةً وعَشِيَّة",
        "t": 0
      },
      {
        "answer": "رَبَطَتْهَا، فَلَمْ تُطْعِمْهَا، وَلَمْ تَدَعْهَا تَأْكُلُ مِنْ خَشَاشِ الأَرْضِ",
        "t": 1
      },
      {
        "answer": "ضَرَبَتْها حتَّى المَوتِ",
        "t": 0
      }
    ]
  },
  {
    "id": 3530,
    "q": "عَنِ النَّبِيِّ ﷺ قَالَ: «مَثَلُ الَّذِي يَقْرَأُ القُرْآنَ، وَهُوَ حَافِظٌ لَهُ مَعَ السَّفَرَةِ الكِرَامِ البَرَرَةِ، وَمَثَلُ الَّذِي يَقْرَأُ، وَهُوَ يَتَعَاهَدُهُ، وَهُوَ عَلَيْهِ شَدِيدٌ:",
    "level": 1,
    "link": "https://dorar.net/hadith/sharh/151130",
    "section": "hadith05",
    "answers": [
      {
        "answer": "مع النَّبِيِّينَ والصِّدِّيقِينَ والشُّهداء",
        "t": 0
      },
      {
        "answer": "فنِعمَ ما يَلقَى الله به غَدًا",
        "t": 0
      },
      {
        "answer": "له أجْرانِ",
        "t": 1
      }
    ]
  }
]