[
  {
    "id": 3548,
    "q": "نَهَى رَسولُ اللهِ ﷺ يَومَ خَيْبَرَ عن لُحُومِ الحُمُرِ الأهْلِيَّةِ، وَأَذِنَ في لُحُومِ:",
    "level": 2,
    "link": "https://dorar.net/hadith/sharh/23508",
    "section": "hadith05",
    "answers": [
      {
        "answer": "البِغالِ",
        "t": 0
      },
      {
        "answer": "الخَيْلِ",
        "t": 1
      },
      {
        "answer": "الحُمُرِ الإنْسِيَّة",
        "t": 0
      }
    ]
  },
  {
    "id": 3561,
    "q": "في الحَديثِ: أَيُّما رَجُلٍ قالَ لأخِيهِ: يا كافِرُ، فقَدْ باءَ بها:",
    "level": 2,
    "link": "https://dorar.net/hadith/sharh/151123",
    "section": "hadith05",
    "answers": [
      {
        "answer": "أحَدُهُما",
        "t": 1
      },
      {
        "answer": "هُو",
        "t": 0
      },
      {
        "answer": "آثِمًا",
        "t": 0
      }
    ]
  },
  {
    "id": 3556,
    "q": "قام بشِراءِ صُهَيبٍ وأعتَقَه:",
    "level": 2,
    "link": "https://dorar.net/hadith/sharh/8567",
    "section": "hadith05",
    "answers": [
      {
        "answer": "زَيدُ بنُ عَمرِو بنِ نُفَيلٍ",
        "t": 0
      },
      {
        "answer": "عَبدُ المُطَّلِبِ",
        "t": 0
      },
      {
        "answer": "ابنُ جُدْعانَ",
        "t": 1
      }
    ]
  },
  {
    "id": 3564,
    "q": "عن عَائِشَةَ قالَت: «لقَدْ رَأَيْتُ رَسولَ اللَّهِ ﷺ يَوْمًا علَى بَابِ حُجْرَتي والحَبَشَةُ يَلْعَبُونَ في المَسْجِدِ، ورَسولُ اللَّهِ ﷺ يَسْتُرُنِي برِدَائِهِ، أنْظُرُ إلى لَعِبِهِمْ» يُستَفادُ منَ الحَديثِ:",
    "level": 2,
    "link": "https://dorar.net/hadith/sharh/501",
    "section": "hadith05",
    "answers": [
      {
        "answer": "مَشرُوعِيَّة اللَّعِب للزَّوجةِ إذا كانت صَغيرة",
        "t": 0
      },
      {
        "answer": "إِباحَة اللَّعِب ولكن في غيرِ المَسجِد",
        "t": 0
      },
      {
        "answer": "حُسنُ خُلُقِه الكَريمِ، وجَميلُ مُعاشَرتِه لِأهلِه",
        "t": 1
      }
    ]
  },
  {
    "id": 3551,
    "q": "عَنْ عَائِشَةَ رَضِيَ اللَّهُ عَنْهَا قالَتْ: يَرْحَمُ اللَّهُ نِسَاءَ المُهَاجِرَاتِ الأُوَلَ؛ لَمَّا أنْزَلَ اللَّهُ: {وَلْيَضْرِبْنَ بِخُمُرِهِنَّ عَلَى جُيُوبِهِنَّ}:",
    "level": 2,
    "link": "https://dorar.net/hadith/sharh/150984",
    "section": "hadith05",
    "answers": [
      {
        "answer": "بادَرْنَ بالحِجابِ حتَّى كأنَّهُنَّ الغِربانِ",
        "t": 0
      },
      {
        "answer": "شَقَقْنَ مُرُوطَهُنَّ فَاخْتَمَرْنَ بهَا",
        "t": 1
      },
      {
        "answer": "ضَربَت كلُّ امرأَةٍ مِنهُنَّ خِمارِها على جَيْبِها",
        "t": 0
      }
    ]
  },
  {
    "id": 3553,
    "q": "في الحَديثِ: «إنَّ رَسولَ اللَّهِ ﷺ دَخَلَ عَلَيَّ مَسْرُورًا تَبْرُقُ أسارِيرُ وجْهِهِ» معنى «أسارِيرُ وجْهِهِ»:",
    "level": 2,
    "link": "https://dorar.net/hadith/sharh/1316",
    "section": "hadith05",
    "answers": [
      {
        "answer": "لمَعانُ العَيْنِ الذي يكونُ عندما يُسَرُّ الإنسانُ",
        "t": 0
      },
      {
        "answer": "التَّكاسيرُ التي تَكونُ في الذَّقَنِ",
        "t": 0
      },
      {
        "answer": "الخُطوطُ الَّتي في الجَبْهةِ",
        "t": 1
      }
    ]
  },
  {
    "id": 3558,
    "q": "عنِ المُغيرةِ رَضِيَ اللهُ عَنهُ قال: كُنْتُ مع النبيِّ ﷺ في سَفَرٍ، فَقالَ: يا مُغِيرَةُ:",
    "level": 2,
    "link": "https://dorar.net/hadith/sharh/5497",
    "section": "hadith05",
    "answers": [
      {
        "answer": "خُذِ الإدَاوَةَ",
        "t": 1
      },
      {
        "answer": "لا يَزالُ لِسانُك رَطبًا بذِكرِ الله",
        "t": 0
      },
      {
        "answer": "اتَّقِ اللهَ يَجعَل لكَ مَخرجًا",
        "t": 0
      }
    ]
  },
  {
    "id": 3549,
    "q": "عن عائشةَ رَضِيَ اللهُ عنها قالت: كانَ رَسولُ اللَّهِ ﷺ يُحِبُّ:",
    "level": 2,
    "link": "https://dorar.net/hadith/sharh/6705",
    "section": "hadith05",
    "answers": [
      {
        "answer": "تَمرَ المَدينَةِ",
        "t": 0
      },
      {
        "answer": "الحَلْوَاءَ والعَسَلَ",
        "t": 1
      },
      {
        "answer": "الخُبزَ المُرَقَّقَ",
        "t": 0
      }
    ]
  },
  {
    "id": 3562,
    "q": "كان الحَبَشَةُ يَلْعَبُونَ عِنْدَ النبيِّ ﷺ بحِرَابِهِمْ.. مَن هُم الحَبَشَةُ:",
    "level": 2,
    "link": "https://dorar.net/hadith/sharh/5226",
    "section": "hadith05",
    "answers": [
      {
        "answer": "هُم جِنسٌ منَ السُّودانِ",
        "t": 1
      },
      {
        "answer": "اسمٌ يُطلَق على العَبيدِ",
        "t": 0
      },
      {
        "answer": "الغِلمانُ الصِّغارُ الذين قارَبُوا الحُلُمَ",
        "t": 0
      }
    ]
  },
  {
    "id": 3546,
    "q": "قَالَ رَسُولُ اللَّهِ ﷺ: لَوْ كَانَتِ الدُّنْيَا تَعْدِلُ عِنْدَ اللَّهِ جَنَاحَ بَعُوضَةٍ:",
    "level": 2,
    "link": "https://dorar.net/hadith/sharh/35566",
    "section": "hadith05",
    "answers": [
      {
        "answer": "مَا سَقَى كَافِرًا مِنْهَا شَرْبَةَ مَاءٍ",
        "t": 1
      },
      {
        "answer": "ما أَخرجَ آدمَ مِن الجنَّة",
        "t": 0
      },
      {
        "answer": "لَعَجَّلَ العَذابَ على أَهلِ الدُّنيا",
        "t": 0
      }
    ]
  },
  {
    "id": 3557,
    "q": "في الحديث: «دَخَلْتُ علَى عَائِشَةَ رَضِيَ اللَّهُ عَنْهَا وعَلَيْهَا دِرْعُ قِطْرٍ، ثَمَنُ خَمْسَةِ دَرَاهِمَ، فَقالَتْ: ارْفَعْ بَصَرَكَ إلى جَارِيَتي انْظُرْ إلَيْهَا؛ فإنَّهَا تُزْهَى أنْ تَلْبَسَهُ في البَيْتِ» معنى «تُزْهَى»:",
    "level": 2,
    "link": "https://dorar.net/hadith/sharh/8714",
    "section": "hadith05",
    "answers": [
      {
        "answer": "تَتكبَّرُ وتَأنَفُ",
        "t": 1
      },
      {
        "answer": "تُزَيَّنُ لعُرْسِها",
        "t": 0
      },
      {
        "answer": "تَصفَرُّ به حَياءً",
        "t": 0
      }
    ]
  },
  {
    "id": 3550,
    "q": "عن قُرَّةَ بنِ إياسٍ رَضِيَ اللهُ عَنهُ قال: «أتيتُ رَسولَ اللَّهِ ﷺ في رَهْطٍ مِن مُزَيْنةَ، فَبايَعْناهُ، وإنَّ قَميصَهُ لمُطلَقُ الأزرارِ قالَ: فبايعتُهُ، ثمَّ أدخَلتُ يَدَيَّ في جَيبِ قَميصِهِ فمَسِسْتُ الخاتمَ» مَعنَى «الخاتَم» هو",
    "level": 2,
    "link": "https://dorar.net/hadith/sharh/28159",
    "section": "hadith05",
    "answers": [
      {
        "answer": "خاتَمُ النُّبُوَّةِ الَّذي كان في مُؤخَّرِ كَتِفِ النَّبيِّ ﷺ",
        "t": 1
      },
      {
        "answer": "الخاتَمُ الَّذي أعَدَّه النَّبيُّ ﷺ مَهرًا لامرأةٍ من مُزَينةَ",
        "t": 0
      },
      {
        "answer": "الخاتَمُ الَّذي كان يَختِمُ به النَّبيُّ ﷺ كُتُبَه ورَسائلَه",
        "t": 0
      }
    ]
  },
  {
    "id": 3555,
    "q": "أسَرَ الرُّومُ صُهَيبًا، ثُمَّ اشتَراهُ رَجُلٌ من قَبيلةِ:",
    "level": 2,
    "link": "https://dorar.net/hadith/sharh/8567",
    "section": "hadith05",
    "answers": [
      {
        "answer": "قُضاعةَ",
        "t": 0
      },
      {
        "answer": "كَلبٍ",
        "t": 1
      },
      {
        "answer": "هُزيل",
        "t": 0
      }
    ]
  },
  {
    "id": 3552,
    "q": "«كانَ النبيُّ ﷺ يُعْجِبُهُ التَّيَمُّنُ، في تَنَعُّلِهِ، وتَرَجُّلِهِ، وطُهُورِهِ، وفي شَأْنِهِ كُلِّهِ» معنى (التَّيَمُّن):",
    "level": 2,
    "link": "https://dorar.net/hadith/sharh/11696",
    "section": "hadith05",
    "answers": [
      {
        "answer": "البِدءُ باليَمينِ",
        "t": 1
      },
      {
        "answer": "الفَألُ الحَسَن",
        "t": 0
      },
      {
        "answer": "اليُمْنُ والبِشارَة",
        "t": 0
      }
    ]
  },
  {
    "id": 3554,
    "q": "في حَديثِ عائِشةَ أنَّ النبيَّ ﷺ قال: «إنَّ هذِه الأقْدامَ بَعْضُها مِن بَعْضٍ». مَن يَقصِدُ النبيُّ ﷺ:",
    "level": 2,
    "link": "https://dorar.net/hadith/sharh/1316",
    "section": "hadith05",
    "answers": [
      {
        "answer": "العبَّاسَ بنَ عبدِ المُطَّلِب وابنَه عبدَالله رضي الله عنهما",
        "t": 0
      },
      {
        "answer": "عُمرَ بنَ الخطَّابِ وعبدَالله بنَ عُمرَ رضي الله عنهما",
        "t": 0
      },
      {
        "answer": "زَيدَ بنَ حارِثَةَ وأُسامَةَ بن زَيدٍ رضي الله عنهما",
        "t": 1
      }
    ]
  },
  {
    "id": 3559,
    "q": "ما معنى الإدَاوَةَ:",
    "level": 2,
    "link": "https://dorar.net/hadith/sharh/5497",
    "section": "hadith05",
    "answers": [
      {
        "answer": "سِكِّينٌ صَغيرٌ تُذبَحُ به الغَنَمُ",
        "t": 0
      },
      {
        "answer": "وِعاءٌ صَغيرٌ يوضَعُ فيه الماءُ لِلوُضوءِ ونحوِه",
        "t": 1
      },
      {
        "answer": "المَحْبَرةُ التي يكونُ فيها المِدادُ الذي يُكتَب بِه",
        "t": 0
      }
    ]
  },
  {
    "id": 3560,
    "q": "دِحيةُ الكَلبِيُّ هو أحَدُ أصحابِ النَّبيِّ؛ وكان:",
    "level": 2,
    "link": "https://dorar.net/hadith/sharh/35477",
    "section": "hadith05",
    "answers": [
      {
        "answer": "يُضحِكُ النبيَّ ﷺ فيَقولُ له النبيُّ ﷺ: والله إنِّي لأُحِبُّك",
        "t": 0
      },
      {
        "answer": "مَريضًا مُزمِنًا فشَكَا إلى النبيِّ ﷺ وسَألَهُ أن يَدعُو الله له",
        "t": 0
      },
      {
        "answer": "جَميلًا فكان جِبريلُ يأْتِي إلى رَسولِ اللهِ ﷺ على صورَةِ دِحْيَةَ غالِبًا",
        "t": 1
      }
    ]
  },
  {
    "id": 3563,
    "q": "بيْنَا الحَبَشَةُ يَلْعَبُونَ عِنْدَ النبيِّ ﷺ بحِرَابِهِمْ، دَخَلَ عُمَرُ فأهْوَى إلى الحَصَى فَحَصَبَهُمْ بهَا، فَقالَ له النبي ﷺ:",
    "level": 2,
    "link": "https://dorar.net/hadith/sharh/5226",
    "section": "hadith05",
    "answers": [
      {
        "answer": "أَبَيْنَ يَدَيْ رَسولِ الله ذلكَ يا عُمر",
        "t": 0
      },
      {
        "answer": "أَحسَنتَ يا عُمر",
        "t": 0
      },
      {
        "answer": "دَعْهُمْ يا عُمَرُ",
        "t": 1
      }
    ]
  },
  {
    "id": 3547,
    "q": "عَنِ النَّبِيِّ ﷺ قَالَ: لَمَّا خَلَقَ اللَّهُ الخَلْقَ كَتَبَ فِي كِتَابِهِ وَهُوَ يَكْتُبُ عَلَى نَفْسِهِ وَهُوَ وَضْعٌ عِنْدَهُ عَلَى العَرْشِ إِنَّ:",
    "level": 2,
    "link": "https://dorar.net/hadith/sharh/13397",
    "section": "hadith05",
    "answers": [
      {
        "answer": "عَذابي هو العَذابُ الأليمُ",
        "t": 0
      },
      {
        "answer": "رَحْمَتِي تَغْلِبُ  غَضَبِي",
        "t": 1
      },
      {
        "answer": "الجَنَّةَ لا يَدخُلُها إلَّا المُتَّقونَ",
        "t": 0
      }
    ]
  },
  {
    "id": 3565,
    "q": "قال رَسولُ اللهِ ﷺ: «السَّاعِي على الأَرمَلَةِ، والمِسكِينِ، كَالمُجاهِدِ في سَبيلِ اللهِ» مَعنَى السَّاعِي على الأرمَلَةِ، والمِسكينِ:",
    "level": 2,
    "link": "https://dorar.net/hadith/sharh/151176",
    "section": "hadith05",
    "answers": [
      {
        "answer": "عائِلهُم الذي يَعولُهم وتجبُ عليه نَفقَتُهم",
        "t": 0
      },
      {
        "answer": "الَّذي يَقضي لهم حَوائجَهُم ويُحسِنُ إليهم",
        "t": 1
      },
      {
        "answer": "الوالي الذي يَعيشُون في وِلايَتِه فيَتكفَّلُهم مِن بَيتِ مَالِ المُسلمِينَ",
        "t": 0
      }
    ]
  }
]