[
  {
    "id": 7018,
    "q": "تُوفِّيَ ابنُ هِشامٍ الأنصاريُّ سَنَةَ:",
    "level": 3,
    "link": "https://dorar.net/arabia/5601",
    "section": "trajm",
    "answers": [
      {
        "answer": "761هـ",
        "t": 1
      },
      {
        "answer": "942هـ",
        "t": 0
      },
      {
        "answer": "835هـ",
        "t": 0
      }
    ]
  },
  {
    "id": 7019,
    "q": "أحَدُ كِبارِ رِجالِ النَّهضة العَربيَّة، وباحِثٌ في اللُّغة والأدَبِ والتَّاريخِ، ويُعَدُّ صاحِبَ أكبَرِ مَكتَبةٍ خاصَّةٍ في العَصرِ الحَديثِ:",
    "level": 3,
    "link": "https://dorar.net/arabia/5703",
    "section": "trajm",
    "answers": [
      {
        "answer": "أبو البقاءِ العُكْبَرِيُّ",
        "t": 0
      },
      {
        "answer": "زكيُّ الدينِ عبدُ العظيمِ المُنذِريُّ.",
        "t": 0
      },
      {
        "answer": "أحمد تَيْمُور",
        "t": 1
      }
    ]
  },
  {
    "id": 7003,
    "q": "لُقِّب بأميرِ المؤمنين في النَّحْو؛ لعِظَم مَكَانَتِه ومَنْزِلَتِه بيْن عُلَمَاء اللُّغَة:",
    "level": 3,
    "link": "https://dorar.net/arabia/5268",
    "section": "trajm",
    "answers": [
      {
        "answer": "أبو نَصْرٍ البَاهِلِي",
        "t": 0
      },
      {
        "answer": "ابنُ الأعرابيِّ",
        "t": 0
      },
      {
        "answer": "أبو زَكَرِيَّا الفَرَّاء",
        "t": 1
      }
    ]
  },
  {
    "id": 7009,
    "q": "مِن أَعلامِ اللُّغوِيِّينَ في القَرنِ الرَّابِعَ عَشَرَ الهِجْريِّ، عُيِّن شَيخًا لِلأزهَرِ:",
    "level": 3,
    "link": "https://dorar.net/arabia/5715",
    "section": "trajm",
    "answers": [
      {
        "answer": "خالِد عَبد الكَريمِ الميعان",
        "t": 0
      },
      {
        "answer": "مُحَمَّد الخِضْر حُسَين",
        "t": 1
      },
      {
        "answer": "رِفاعَة الطَّهطاوِي",
        "t": 0
      }
    ]
  },
  {
    "id": 7008,
    "q": "يُعُدُّ أوَّلَ كتابٍ مَنهجيٍّ يُنَسِّقُ قواعِدَ اللُّغةِ العَرَبيَّة ويُدَوِّنُها:",
    "level": 3,
    "link": "https://dorar.net/arabia/5235",
    "section": "trajm",
    "answers": [
      {
        "answer": "\"الكتابِ\" لسِيبَوَيْه ",
        "t": 1
      },
      {
        "answer": "\"فِقه اللُّغة\" للثَّعالبيِّ",
        "t": 0
      },
      {
        "answer": "\"الذَّخائر\" لابنِ عَساكِر",
        "t": 0
      }
    ]
  },
  {
    "id": 7001,
    "q": "أفهَمَ النَّاس بالنَّحْو وكان رحمه الله في لِسانِه حُبْسَةٌ، وَفِي قَلَمِهِ انْطِلاقٌ وَبَرَاعَةٌ:",
    "level": 3,
    "link": "https://dorar.net/arabia/5235",
    "section": "trajm",
    "answers": [
      {
        "answer": "خَلَفٌ القاضي",
        "t": 0
      },
      {
        "answer": "الحَسَنُ بنُ مُكْرَم",
        "t": 0
      },
      {
        "answer": "سِيبَوَيْه",
        "t": 1
      }
    ]
  },
  {
    "id": 7020,
    "q": "مِن رِجالِ التَّعليمِ، وكان مِن أعضاءِ المَجْمَعِ اللُّغَويِّ، مِن أَشهرِ مُصنَّفاتِه (النَّحْو الواضِح):",
    "level": 3,
    "link": "https://dorar.net/arabia/5713",
    "section": "trajm",
    "answers": [
      {
        "answer": "أَبُو الحَجَّاج يُوسُفُ بنُ مَعْزُوز",
        "t": 0
      },
      {
        "answer": "ضِياءُ الدِّينِ الخَزْرجِيُّ",
        "t": 0
      },
      {
        "answer": "علي الجارِم",
        "t": 1
      }
    ]
  },
  {
    "id": 7015,
    "q": "كان من كِبَار النُّحَاة، إِمَامًا في اللُّغَة والعَرَبيَّة والعُلُوم الأَدَبِيَّة؛ مِن مُصَنَّفَاتِه: كتاب (ليس):",
    "level": 3,
    "link": "https://dorar.net/arabia/5423",
    "section": "trajm",
    "answers": [
      {
        "answer": "مَرْوَان الباجي",
        "t": 0
      },
      {
        "answer": "ابنُ خَالَوَيْه",
        "t": 1
      },
      {
        "answer": "عَبَّادُ بن سَرحانٍ",
        "t": 0
      }
    ]
  },
  {
    "id": 7016,
    "q": "كان ابنُ جِنِّي مِن أَحْذَق أَهْلِ الأَدَب، ومِن أعْلَمِهم بالنَّحْوِ والتَّصْرِيف؛ مِن مُصَنَّفَاتِه كتاب: ",
    "level": 3,
    "link": "https://dorar.net/arabia/5437",
    "section": "trajm",
    "answers": [
      {
        "answer": "تَصارِيفُ الشِّعرِ والنَّثْرِ",
        "t": 0
      },
      {
        "answer": "سِرُّ الصِّنَاعَةِ",
        "t": 1
      },
      {
        "answer": "إِحياءُ مَواتِ الأَدَبِ واللُّغَةِ",
        "t": 0
      }
    ]
  },
  {
    "id": 7014,
    "q": "قال أبو حيان: ما تَحتَ أديمِ السَّماءِ أنحَى مِنِ: ",
    "level": 3,
    "link": "https://dorar.net/arabia/5603",
    "section": "trajm",
    "answers": [
      {
        "answer": "ابنِ عَقيلٍ",
        "t": 1
      },
      {
        "answer": "ابنِ ملْكون",
        "t": 0
      },
      {
        "answer": "السُّهَيليِّ",
        "t": 0
      }
    ]
  },
  {
    "id": 7012,
    "q": "مِن أقواله المَشْهُورَة: (أموت وفي نفسي شيءٌ من «حتَّى» لأنَّها تخفِضُ وتنصِبُ وترفَعُ):",
    "level": 3,
    "link": "https://dorar.net/arabia/5268",
    "section": "trajm",
    "answers": [
      {
        "answer": "أبو زَكَرِيَّا الفَرَّاء",
        "t": 1
      },
      {
        "answer": "ابنُ مَنْظُور",
        "t": 0
      },
      {
        "answer": "الأَخفَش",
        "t": 0
      }
    ]
  },
  {
    "id": 7017,
    "q": "كان يُلَقَّبُ بجاحِظِ أوانِه وكان رأسًا في النَّظْمِ والنَّثرِ:",
    "level": 3,
    "link": "https://dorar.net/arabia/5452",
    "section": "trajm",
    "answers": [
      {
        "answer": "ابنُ الأثيرِ",
        "t": 0
      },
      {
        "answer": "أَبُو جَعْفَر الجُذَامِي",
        "t": 0
      },
      {
        "answer": "أبو منصورٍ الثَّعالبيُّ",
        "t": 1
      }
    ]
  },
  {
    "id": 7007,
    "q": "تُوفِّيَ \"نِفْطَوَيْه\" سَنَةَ:",
    "level": 3,
    "link": "https://dorar.net/arabia/5377",
    "section": "trajm",
    "answers": [
      {
        "answer": "375هـ",
        "t": 0
      },
      {
        "answer": "323هـ",
        "t": 1
      },
      {
        "answer": "337هـ",
        "t": 0
      }
    ]
  },
  {
    "id": 7011,
    "q": "باحِثٌ لُغوِيٌّ مُعاصِر، لُقِّبَ بشَيخِ المُحَقِّقينَ:",
    "level": 3,
    "link": "https://dorar.net/arabia/5736",
    "section": "trajm",
    "answers": [
      {
        "answer": "شَوقي ضِيف",
        "t": 0
      },
      {
        "answer": "الطَّناحيُّ",
        "t": 0
      },
      {
        "answer": "عَبدُ السَّلامِ هارون",
        "t": 1
      }
    ]
  },
  {
    "id": 7013,
    "q": "نَّحْويُّ، لغويُّ، مُفسِّر، أحدُ الأئمَّةِ الأعلامِ؛ مِن مُصَنَّفَاتِه:  (غريب الحديث):",
    "level": 3,
    "link": "https://dorar.net/arabia/5336",
    "section": "trajm",
    "answers": [
      {
        "answer": "أبو علي النَّقَّاد",
        "t": 0
      },
      {
        "answer": "أبو عَلِيٍّ القالي",
        "t": 0
      },
      {
        "answer": "إبْرَاهِيمُ الحَرْبِيُّ",
        "t": 1
      }
    ]
  },
  {
    "id": 7006,
    "q": "مِن مُصَنَّفَاتِه كتاب: (إصلاح المَنطِقِ):",
    "level": 3,
    "link": "https://dorar.net/arabia/5302",
    "section": "trajm",
    "answers": [
      {
        "answer": "ابنُ السِّكِّيت",
        "t": 1
      },
      {
        "answer": "سِراجُ الدِّينِ البلقينيُّ",
        "t": 0
      },
      {
        "answer": "الفَيُّوميُّ",
        "t": 0
      }
    ]
  },
  {
    "id": 7010,
    "q": "كان فَقِيهًا مِن فُقَهاءِ التَّابِعين، عَالِمًا بالعربيَّةِ، ويُعَدُّ مِن أنْبَلِ النَّاسِ الذين أخَذوا عن أبي الأَسْوَد الدُّؤَلِيّ:",
    "level": 3,
    "link": "https://dorar.net/arabia/5202",
    "section": "trajm",
    "answers": [
      {
        "answer": "أبو بَشيرٍ بنُ الدُّرَّة",
        "t": 0
      },
      {
        "answer": "تَمَّام المَدِينيُّ",
        "t": 0
      },
      {
        "answer": "نَصْرُ بنُ عاصِمٍ اللَّيْثِيُّ",
        "t": 1
      }
    ]
  },
  {
    "id": 7002,
    "q": "قُطْرُب سُمِّي قُطْرُبًا؛ لأنه كان يُبكِّر إلى سِيبَوَيْه للأَخْذ عنه؛ والقُطْرُب هو: ",
    "level": 3,
    "link": "https://dorar.net/arabia/5264",
    "section": "trajm",
    "answers": [
      {
        "answer": "النَّجمُ القُطبِيُّ",
        "t": 0
      },
      {
        "answer": "الجَبلُ الشَّامِخُ الذي لا يَصعَدهُ أَحدٌ مِن فَرطِ عُلُوِّهِ",
        "t": 0
      },
      {
        "answer": "دُوَيبَّةٌ تَدُبُّ ولا تَفْتُرُ",
        "t": 1
      }
    ]
  },
  {
    "id": 7005,
    "q": "باحث عراقي عُرِفَ بعِنايَتِه بالتَّصحيحِ اللُّغَويِّ ودِراساتِ اللُّغةِ واستِنباطِ القاعِدةِ النَّحْويَّةِ:",
    "level": 3,
    "link": "https://dorar.net/arabia/5786",
    "section": "trajm",
    "answers": [
      {
        "answer": "سامِر السَّامرائيُّ",
        "t": 0
      },
      {
        "answer": "مُحَمَّد ضاري الحمادي",
        "t": 1
      },
      {
        "answer": "عبدُ السَّلامِ هارُون",
        "t": 0
      }
    ]
  },
  {
    "id": 7004,
    "q": "أعظَمُ نُحاةِ القَرنِ السَّابِعِ الهِجْريِّ، وكان إمامًا في القِراءاتِ وعِلَلِها، وكان أكثَرَ ما يَستَشهِدُ بالقُرآنِ:",
    "level": 3,
    "link": "https://dorar.net/arabia/5556",
    "section": "trajm",
    "answers": [
      {
        "answer": "أبو إِسحاقَ الفاتِحُ",
        "t": 0
      },
      {
        "answer": "ابنُ الأنبارِيِّ",
        "t": 0
      },
      {
        "answer": "ابنُ مالكٍ",
        "t": 1
      }
    ]
  }
]