[
  {
    "id": 6978,
    "q": "مُحقِّقٌ لُغَويٌّ سُوريٌّ، عُضوُ مجمَعِ اللُّغةِ العَرَبيَّةِ بدِمَشْقَ، وعُضوُ اتحادِ الكُتَّابِ العَرَب:",
    "level": 1,
    "link": "https://dorar.net/arabia/5788",
    "section": "trajm",
    "answers": [
      {
        "answer": "جبران خليل جبران",
        "t": 0
      },
      {
        "answer": "صِدِّيق الشامي",
        "t": 0
      },
      {
        "answer": "عبد الإله أحمد نبهان",
        "t": 1
      }
    ]
  },
  {
    "id": 6972,
    "q": "عَلمٌ مِن أَعلامِ اللُّغةِ، كُنيتُه أشهَرُ مِن اسمِه:",
    "level": 1,
    "link": "https://dorar.net/arabia/5443",
    "section": "trajm",
    "answers": [
      {
        "answer": "أبو هِلالٍ العَسْكريُّ",
        "t": 1
      },
      {
        "answer": "ابنُ سَلَّام الجُمَحِيُّ",
        "t": 0
      },
      {
        "answer": "عليٌّ الأَثْرَمُ",
        "t": 0
      }
    ]
  },
  {
    "id": 6979,
    "q": "لُقِّب ابْنُ خَالَوَيْه بـ:",
    "level": 1,
    "link": "https://dorar.net/arabia/5423",
    "section": "trajm",
    "answers": [
      {
        "answer": "صاحِبِ الكِتابِ",
        "t": 0
      },
      {
        "answer": "أَبِي اللُّغوِيِّينَ",
        "t": 0
      },
      {
        "answer": "ذِي النُّونَيْن",
        "t": 1
      }
    ]
  },
  {
    "id": 6976,
    "q": "ماهِرٌ في اللُّغةِ وغَيرِها مِنَ الفُنونِ، لَيسَ له نَظيرٌ في زَمانِه نَظمًا ونَثرًا بالفارِسيِّ والعَرَبيِّ:",
    "level": 1,
    "link": "https://dorar.net/arabia/5624",
    "section": "trajm",
    "answers": [
      {
        "answer": "أبو العَلاءِ القُرطُبِيُّ",
        "t": 0
      },
      {
        "answer": "الفَيْرُوزابادي",
        "t": 1
      },
      {
        "answer": "ابنُ كَثيرٍ",
        "t": 0
      }
    ]
  },
  {
    "id": 6962,
    "q": "مِن أَشهَرِ مُصَنَّفَاتِ ابنِ آجُرُّوم:",
    "level": 1,
    "link": "https://dorar.net/arabia/5589",
    "section": "trajm",
    "answers": [
      {
        "answer": "البُرهانُ في تَرتيبِ سُورِ القُرآنِ",
        "t": 0
      },
      {
        "answer": "تَفسيرُ البَيانِ اللُّغويِّ",
        "t": 0
      },
      {
        "answer": "المقَدِّمة الآجُرُّوميَّة في علم العَرَبيَّة",
        "t": 1
      }
    ]
  },
  {
    "id": 6969,
    "q": "كان مِن أعْيَانِ النُّحَاةِ، وكان يُلَقَّبُ بشَيْخِ النَّحْوِ:",
    "level": 1,
    "link": "https://dorar.net/arabia/5243",
    "section": "trajm",
    "answers": [
      {
        "answer": "أبو مُسْلِمٍ الهَرَّاءُ",
        "t": 1
      },
      {
        "answer": "مُعَاذُ بن مُسلمٍ",
        "t": 0
      },
      {
        "answer": "عبدُ الرَّحْمَن المُحَارِبِيُّ",
        "t": 0
      }
    ]
  },
  {
    "id": 6965,
    "q": "مِن أعلَمِ النَّاسِ بالأدَبِ والعَرَبيَّةِ والقُرآنِ والشِّعْرِ وكان رأسًا في العِلْمِ في أيَّامِ الحَسَنِ البَصْريِّ:",
    "level": 1,
    "link": "https://dorar.net/arabia/5221",
    "section": "trajm",
    "answers": [
      {
        "answer": "أبو عَمْرِو بنُ العَلَاءِ",
        "t": 1
      },
      {
        "answer": "مَيمونُ بنُ مِهرانَ",
        "t": 0
      },
      {
        "answer": "مُرتَضَى الزَّبيديُّ",
        "t": 0
      }
    ]
  },
  {
    "id": 6963,
    "q": "سُمِّي الإمام الكِسَائِيُّ بذلك:",
    "level": 1,
    "link": "https://dorar.net/arabia/5601",
    "section": "trajm",
    "answers": [
      {
        "answer": "لكِسَاءٍ أَحْرَم فيهِ",
        "t": 1
      },
      {
        "answer": "لأنَّه كانَ تاجِرَ أَكْسِيَةٍ",
        "t": 0
      },
      {
        "answer": "لأنَّ أَباهُ كان يَحِيكُ كِسوَةَ الكَعبَةِ",
        "t": 0
      }
    ]
  },
  {
    "id": 6968,
    "q": "يُعَدُّ إمامَ اللُّغَة، وحُجَّةَ العَرَب، وأفهَمَ النَّاس بالنَّحْو:",
    "level": 1,
    "link": "https://dorar.net/arabia/5235",
    "section": "trajm",
    "answers": [
      {
        "answer": "سِيبَوَيْهِ",
        "t": 1
      },
      {
        "answer": "يُونُس بن حَبِيب",
        "t": 0
      },
      {
        "answer": "عِيسَى بن عُمَر",
        "t": 0
      }
    ]
  },
  {
    "id": 6967,
    "q": "ضَبَط اللُّغَة، وحَصَر أشعارَ العَرَب بها؛ فاسْتَخْرَج خمسةَ عَشَر بَحْرًا من بحور الشعر:",
    "level": 1,
    "link": "https://dorar.net/arabia/5227",
    "section": "trajm",
    "answers": [
      {
        "answer": "أبو الأَسوَدِ الدُّؤَلِيُّ",
        "t": 0
      },
      {
        "answer": "الخَلِيلُ بن أحمدَ الفَرَاهِيديُّ",
        "t": 1
      },
      {
        "answer": "قُطْرُب",
        "t": 0
      }
    ]
  },
  {
    "id": 6973,
    "q": "سُمِّي أبو مُسْلِمٍ الهَرَّاءُ؛ بالهَرَّاء:",
    "level": 1,
    "link": "https://dorar.net/arabia/5243",
    "section": "trajm",
    "answers": [
      {
        "answer": "لأنَّه كان يُربِّي هِرَّةً صَغيرَةً لا تُفارِقُه",
        "t": 0
      },
      {
        "answer": "لأنَّه كان يَبِيعُ الثِّيَابَ الهَرَويَّة",
        "t": 1
      },
      {
        "answer": "لأنَّه كان يُهَروِلُ في مِشيَتِه ولا يَتأنَّى",
        "t": 0
      }
    ]
  },
  {
    "id": 6974,
    "q": "نَحويٌّ، لُّغَويٌّ، مِن أَحفادِ المُهَلَّب بن أبي صُفْرةَ:",
    "level": 1,
    "link": "https://dorar.net/arabia/5377",
    "section": "trajm",
    "answers": [
      {
        "answer": "ابنُ آجرُّوم",
        "t": 0
      },
      {
        "answer": "أَبُو عَبْد الله نِفْطَوَيْه",
        "t": 1
      },
      {
        "answer": "يَزيدُ بنُ ثَعلَب",
        "t": 0
      }
    ]
  },
  {
    "id": 6961,
    "q": "يُعَدُّ مِن أئمَّةِ اللُّغةِ العَرَبيَّةِ:",
    "level": 1,
    "link": "https://dorar.net/arabia/5245",
    "section": "trajm",
    "answers": [
      {
        "answer": "ابنُ هِشامٍ الأنصاريُّ",
        "t": 1
      },
      {
        "answer": "ابنُ عبدِ البَرِّ",
        "t": 0
      },
      {
        "answer": "ابنُ رَجَبٍ الحَنْبليُّ",
        "t": 0
      }
    ]
  },
  {
    "id": 6970,
    "q": "كان إمامًا في النَّحْوِ واللُّغَةِ والقراءاتِ؛ وهو أحدُ أئمَّة القُرَّاءِ",
    "level": 1,
    "link": "https://dorar.net/arabia/5245",
    "section": "trajm",
    "answers": [
      {
        "answer": "عبدُ الله بن عُثْمَان",
        "t": 0
      },
      {
        "answer": "عليُّ بنُ الحَسنِ",
        "t": 0
      },
      {
        "answer": "الكِسَائِيُّ ",
        "t": 1
      }
    ]
  },
  {
    "id": 6980,
    "q": "نَبَغ في آدابِ اللُّغةِ ومُفرداتِها، وكان ضريرًا:",
    "level": 1,
    "link": "https://dorar.net/arabia/5462",
    "section": "trajm",
    "answers": [
      {
        "answer": "ابنُ عبَّادٍ",
        "t": 0
      },
      {
        "answer": "بُرهانُ الدِّينِ الحَلبيُّ",
        "t": 0
      },
      {
        "answer": "ابنُ سِيدَه",
        "t": 1
      }
    ]
  },
  {
    "id": 6975,
    "q": "مِن أشهر مُصَنَّفَاتِه: كتاب: (شرح ألفيَّة ابن مالك):",
    "level": 1,
    "link": "https://dorar.net/arabia/5603",
    "section": "trajm",
    "answers": [
      {
        "answer": "ابنُ عَقِيلٍ",
        "t": 1
      },
      {
        "answer": "تَقِيُّ الدِّينِ الصَّائغُ",
        "t": 0
      },
      {
        "answer": "العَلاءُ القُونويُّ",
        "t": 0
      }
    ]
  },
  {
    "id": 6971,
    "q": "انْتَهَت إليه رئاسةُ مَدرسةِ البَصْرةِ في عَصْرِه، وشاع بين النَّاسِ أنَّه لَمْ يَكُنْ أَحَدٌ بَعْدَ سِيبَوَيْه أعْلَمَ بالنَّحْوِ مِنه:",
    "level": 1,
    "link": "https://dorar.net/arabia/5306",
    "section": "trajm",
    "answers": [
      {
        "answer": "أبو عُثْمَان المَازِنِيُّ",
        "t": 1
      },
      {
        "answer": "الأَخفَشُ",
        "t": 0
      },
      {
        "answer": "الحَسنُ البَصرِيُّ",
        "t": 0
      }
    ]
  },
  {
    "id": 6966,
    "q": "شيخُ أهلِ البَصْرةِ في الحَدِيثِ والعَرَبِيَّةِ والفِقْهِ في زَمانِه:",
    "level": 1,
    "link": "https://dorar.net/arabia/5225",
    "section": "trajm",
    "answers": [
      {
        "answer": "أبو بَكرٍ الثَّعالِبيُّ",
        "t": 0
      },
      {
        "answer": "حَمَّادُ بن سَلَمَةَ",
        "t": 1
      },
      {
        "answer": "الإمامُ النَّووِيُّ",
        "t": 0
      }
    ]
  },
  {
    "id": 6964,
    "q": "مُؤَرِّخٌ وأديبٌ مُعاصِر، دافَعَ عَنِ العَرَبيَّة في مواجَهةِ التَّغريبِيِّينَ:",
    "level": 1,
    "link": "https://dorar.net/arabia/5750",
    "section": "trajm",
    "answers": [
      {
        "answer": "محمود شاكر",
        "t": 1
      },
      {
        "answer": "أحمد شوقي",
        "t": 0
      },
      {
        "answer": "محمد عاشور",
        "t": 0
      }
    ]
  },
  {
    "id": 6977,
    "q": "مِن عُلماءِ النحوِ المُعاصِرين في مِصرَ، مِن مُصَنَّفَاتِه:  (التُّحفة السَّنِيَّة بشرح المقَدِّمة الآجُرُّومية):",
    "level": 1,
    "link": "https://dorar.net/arabia/5721",
    "section": "trajm",
    "answers": [
      {
        "answer": "محمد فؤاد عبد الباقي",
        "t": 0
      },
      {
        "answer": "محمد محيي الدين عبد الحميد",
        "t": 1
      },
      {
        "answer": "محمود شاكر",
        "t": 0
      }
    ]
  }
]