[
  {
    "id": 6986,
    "q": "مِن أشهر مُصَنَّفَاتِه: كِتابُ: (الأمالي):",
    "level": 2,
    "link": "https://dorar.net/arabia/5413",
    "section": "trajm",
    "answers": [
      {
        "answer": "الشِّيرازِيُّ",
        "t": 0
      },
      {
        "answer": "أَحمدُ بنُ حَيَّان",
        "t": 0
      },
      {
        "answer": "أبو عَلِيٍّ القالي",
        "t": 1
      }
    ]
  },
  {
    "id": 6993,
    "q": "أوَّلُ مَن أسَّس العربيَّةَ، ووضَعَ قياسَها، ونَقَط المصاحِفَ:",
    "level": 2,
    "link": "https://dorar.net/arabia/5200",
    "section": "trajm",
    "answers": [
      {
        "answer": "أبو الأَسْوَدِ الدُّؤَلِيُّ",
        "t": 1
      },
      {
        "answer": "مُحَمَّدُ بنُ عِمْرَانَ الضَّبِّي",
        "t": 0
      },
      {
        "answer": "أبو عَاصِم النَّبِيل",
        "t": 0
      }
    ]
  },
  {
    "id": 6999,
    "q": "مِن مُؤلَّفاتِه كتاب (تاج العَرُوس في شرح القاموس):",
    "level": 2,
    "link": "https://dorar.net/arabia/5682",
    "section": "trajm",
    "answers": [
      {
        "answer": "مُرتَضَى الزَّبِيديُّ",
        "t": 1
      },
      {
        "answer": "هِشَامُ بنُ مُعَاوِيَة الضَّرِيرُ",
        "t": 0
      },
      {
        "answer": "أبو الحَسَن الكِسَائِيُّ",
        "t": 0
      }
    ]
  },
  {
    "id": 6987,
    "q": "مِن كِبارِ أئمَّةِ العَرَبيَّةِ والبَيانِ؛ وهو أوَّلُ من دوَّن عِلمَ المعاني:",
    "level": 2,
    "link": "https://dorar.net/arabia/5468",
    "section": "trajm",
    "answers": [
      {
        "answer": "الخَطِيبُ البَغدادِيُّ",
        "t": 0
      },
      {
        "answer": "عَبدُ القاهِرِ الجُرْجانيُّ",
        "t": 1
      },
      {
        "answer": "ياقُوتُ الحَمَوِيُّ",
        "t": 0
      }
    ]
  },
  {
    "id": 6983,
    "q": "أحدُ أئمَّةِ القُرَّاءِ، كان إمامًا في النَّحْوِ واللُّغَةِ والقراءاتِ، وقراءتُه هي إحدى القراءاتِ السَّبْعِ المتواترةِ:",
    "level": 2,
    "link": "https://dorar.net/arabia/5245",
    "section": "trajm",
    "answers": [
      {
        "answer": "الأَخْفَشُ الأَوْسَطُ",
        "t": 0
      },
      {
        "answer": "أَبو عُمَرَ الجرْمِيُّ",
        "t": 0
      },
      {
        "answer": "الكِسائيَّ",
        "t": 1
      }
    ]
  },
  {
    "id": 6992,
    "q": "مِن مُصَنَّفَاتِ ابن الأثيرِ، كتاب:",
    "level": 2,
    "link": "https://dorar.net/arabia/5520",
    "section": "trajm",
    "answers": [
      {
        "answer": " النِّهايةُ في غَريبِ الحَديثِ والأَثَر",
        "t": 1
      },
      {
        "answer": "الأَمْثَال",
        "t": 0
      },
      {
        "answer": "ما تَلْحَنُ فيه العَامَّة",
        "t": 0
      }
    ]
  },
  {
    "id": 6991,
    "q": "مُؤَلِّفُ كِتابِ \"العَيْن\" وهو أوَّلُ مُعْجَم للُّغة العَرَبيَّة:",
    "level": 2,
    "link": "https://dorar.net/arabia/5227",
    "section": "trajm",
    "answers": [
      {
        "answer": "الأصْمَعِيُّ",
        "t": 0
      },
      {
        "answer": "الخَلِيلُ بنُ أحمدَ الفَرَاهِيديُّ",
        "t": 1
      },
      {
        "answer": "وَهْبُ بن جَرِير",
        "t": 0
      }
    ]
  },
  {
    "id": 6995,
    "q": "مِن أشهر مُصَنَّفَاتِ عَبدُ القاهِرِ الجُرْجاني:",
    "level": 2,
    "link": "https://dorar.net/arabia/5468",
    "section": "trajm",
    "answers": [
      {
        "answer": "البَحرُ المُحِيطُ",
        "t": 0
      },
      {
        "answer": "(أدَب الكاتِب) و (المعارف)",
        "t": 0
      },
      {
        "answer": "(أسرار البلاغة) و (دلائل الإعجاز)",
        "t": 1
      }
    ]
  },
  {
    "id": 6990,
    "q": "تُوفِّيَ أبو عَمْرِو بنُ العَلَاءِ سَنةَ:",
    "level": 2,
    "link": "https://dorar.net/arabia/5221",
    "section": "trajm",
    "answers": [
      {
        "answer": "154هـ",
        "t": 1
      },
      {
        "answer": "137هـ",
        "t": 0
      },
      {
        "answer": "122هـ",
        "t": 0
      }
    ]
  },
  {
    "id": 6994,
    "q": "تُوفِّيَ أبو عُثمانَ الجاحِظُ سَنَةَ:",
    "level": 2,
    "link": "https://dorar.net/arabia/5322",
    "section": "trajm",
    "answers": [
      {
        "answer": "241هـ",
        "t": 0
      },
      {
        "answer": "255هـ",
        "t": 1
      },
      {
        "answer": "276هـ",
        "t": 0
      }
    ]
  },
  {
    "id": 6985,
    "q": "أَبُو الحَسَنِ الهَمَذَانِي، اللُّغَويُّ الأَدِيبُ، مِن مُصَنَّفَاتِه: كِتابُ:",
    "level": 2,
    "link": "https://dorar.net/arabia/5373",
    "section": "trajm",
    "answers": [
      {
        "answer": "تَفسِير مَعانِي القُرآنِ",
        "t": 0
      },
      {
        "answer": "المَقصُور والمَمدُود",
        "t": 0
      },
      {
        "answer": " الأَلفَاظ الكِتابِيَّة",
        "t": 1
      }
    ]
  },
  {
    "id": 6982,
    "q": "كان كَثِير الأَمَالِي حَسَن النَّوَادِر، وبَحْرًا في العَرَبِيَّة وفُنُونِها:",
    "level": 2,
    "link": "https://dorar.net/arabia/5338",
    "section": "trajm",
    "answers": [
      {
        "answer": "أبو العَبَّاسِ المُبَرِّد",
        "t": 1
      },
      {
        "answer": "ابن خَلدُون",
        "t": 0
      },
      {
        "answer": "زكريَّا النَّهْرَوَانِي",
        "t": 0
      }
    ]
  },
  {
    "id": 6996,
    "q": "رائِدُ لُغةِ الضَّادِ في العَصرِ الحَديثِ و أحَدُ أقطابِ اللِّسانيَّات العَرَبيَّة، لُقِّب بـ\"أبو اللِّسانيَّات\":",
    "level": 2,
    "link": "https://dorar.net/arabia/5782",
    "section": "trajm",
    "answers": [
      {
        "answer": "عبد الرَّحمنِ الحاج صالح الجزائريُّ",
        "t": 1
      },
      {
        "answer": "صالِح الشَّامِيُّ",
        "t": 0
      },
      {
        "answer": "مُحمَّدُ مَحمُود التِّبريزِيُّ",
        "t": 0
      }
    ]
  },
  {
    "id": 6989,
    "q": "مُصَنَّفَاته كثيرة؛ مِن أشهَرِها: كتاب: (الألفيَّة)، وكتاب: (الكافية الشَّافية):",
    "level": 2,
    "link": "https://dorar.net/arabia/5556",
    "section": "trajm",
    "answers": [
      {
        "answer": "أبو العبَّاسِ المُبَرِّد",
        "t": 0
      },
      {
        "answer": "ابنُ مالكٍ",
        "t": 1
      },
      {
        "answer": "أَبُو سَعِيدٍ السُّكَّرِي",
        "t": 0
      }
    ]
  },
  {
    "id": 6981,
    "q": "الذي استَنبطَ عِلمَ العَرُوض:",
    "level": 2,
    "link": "https://dorar.net/arabia/5227",
    "section": "trajm",
    "answers": [
      {
        "answer": "الخَلِيلُ بنُ أحمدَ الفَرَاهِيديُّ",
        "t": 1
      },
      {
        "answer": "أبو عَمرِو بنُ العَلَاءِ البَصْريُّ",
        "t": 0
      },
      {
        "answer": "أَبُو الطَّيِّب اللُّغَويُّ",
        "t": 0
      }
    ]
  },
  {
    "id": 7000,
    "q": "تُوفِّيَ أبو عَلِيٍّ القالي سَنَةَ:",
    "level": 2,
    "link": "https://dorar.net/arabia/5413",
    "section": "trajm",
    "answers": [
      {
        "answer": "301هـ",
        "t": 0
      },
      {
        "answer": "356هـ",
        "t": 1
      },
      {
        "answer": "398هـ",
        "t": 0
      }
    ]
  },
  {
    "id": 6988,
    "q": "مِن مُصَنَّفَاتِه: كتاب: (المقامات)",
    "level": 2,
    "link": "https://dorar.net/arabia/5481",
    "section": "trajm",
    "answers": [
      {
        "answer": "الحَريريُّ",
        "t": 1
      },
      {
        "answer": "أبو حَبِيبٍ البِستِيُّ",
        "t": 0
      },
      {
        "answer": "ابنُ السِّكِّيت",
        "t": 0
      }
    ]
  },
  {
    "id": 6984,
    "q": "مِن مُصَنَّفَاتِه: كتاب: (البيان والتبيين):",
    "level": 2,
    "link": "https://dorar.net/arabia/5322",
    "section": "trajm",
    "answers": [
      {
        "answer": "عليُّ بنُ سُلَيمانَ بنِ الفَضلِ",
        "t": 0
      },
      {
        "answer": "أبو حاتِمٍ السِّجِسْتانيُّ",
        "t": 0
      },
      {
        "answer": "أبو عُثمانَ الجاحِظُ",
        "t": 1
      }
    ]
  },
  {
    "id": 6997,
    "q": "مِن أَشهرِ كُتُبِ ابنِ مَنظُورٍ:",
    "level": 2,
    "link": "https://dorar.net/arabia/5579",
    "section": "trajm",
    "answers": [
      {
        "answer": "اختِلافُ النَّحْويِّينَ",
        "t": 0
      },
      {
        "answer": "الوَقْفُ والابْتِداءُ",
        "t": 0
      },
      {
        "answer": "لِسانُ العَرَبِ",
        "t": 1
      }
    ]
  },
  {
    "id": 6998,
    "q": "صاحِبُ كِتابِ (القاموس المحيط):",
    "level": 2,
    "link": "https://dorar.net/arabia/5624",
    "section": "trajm",
    "answers": [
      {
        "answer": "قاسِمٌ السَّرَقُسطيُّ",
        "t": 0
      },
      {
        "answer": "الفَيْرُوزابادي",
        "t": 1
      },
      {
        "answer": "أبو اليُسْر الرِّيَاضيُّ",
        "t": 0
      }
    ]
  }
]