[
  {
    "id": 4238,
    "q": "مَعنى \"الظُّلَلِ\" في قولِه تَعالَى: {وَإِذَا غَشِيَهُم مَّوْجٌ كَالظُّلَلِ}:",
    "level": 2,
    "link": "https://www.dorar.net/tafseer/31/10",
    "section": "luqman",
    "answers": [
      {
        "answer": "الغِطاءِ",
        "t": 0
      },
      {
        "answer": "الطُّوفانِ ",
        "t": 0
      },
      {
        "answer": "قِطَعِ السحابِ ",
        "t": 1
      }
    ]
  },
  {
    "id": 4221,
    "q": "إحكامُ الآياتِ في قولِه تَعالَى: {تِلْكَ آيَاتُ الْكِتَابِ الْحَكِيمِ}",
    "level": 2,
    "link": "https://www.dorar.net/tafseer/31/1",
    "section": "luqman",
    "answers": [
      {
        "answer": "أنها نَزلَت بلِسانِ قُريشٍ",
        "t": 0
      },
      {
        "answer": "إنْزالُها على النبيِّ صلَّى اللهُ عَليهِ وسلَّم ",
        "t": 0
      },
      {
        "answer": "أنَّها جاءَت بأجَلِّ الألفاظِ وأفصَحِها وأبْيَنِها الدالَّةِ على أجَلِّ المعاني وأحسَنِها ",
        "t": 1
      }
    ]
  },
  {
    "id": 4235,
    "q": "أفادَ قولُه تَعالَى: {وَإِذَا قِيلَ لَهُمُ اتَّبِعُوا مَا أَنزَلَ اللَّهُ قَالُوا بَلْ نَتَّبِعُ مَا وَجَدْنَا عَلَيْهِ آبَاءنَا}:",
    "level": 2,
    "link": "https://www.dorar.net/tafseer/31/7",
    "section": "luqman",
    "answers": [
      {
        "answer": "كَراهَةَ القِيلِ والقَالِ فيمَا لا مَنفعَةَ مِنه",
        "t": 0
      },
      {
        "answer": "العَفوَ عن التَّكلِيفِ بِبِرِّ الوالِدَيْنِ إنْ كانَا كافِرَيْنِ",
        "t": 0
      },
      {
        "answer": "تَحريمَ التقليدِ معَ ظُهورِ الحجَّةِ أيًّا كان المقلَّدُ",
        "t": 1
      }
    ]
  },
  {
    "id": 4232,
    "q": "مَعنى \"الخَردلِ\" في قولِه تَعالَى: {إِن تَكُ مِثْقَالَ حَبَّةٍ مِّنْ خَرْدَلٍ}:",
    "level": 2,
    "link": "https://www.dorar.net/tafseer/31/6",
    "section": "luqman",
    "answers": [
      {
        "answer": "حُبوبٌ دَقيقةٌ كحَبِّ السِّمسِمِ  ",
        "t": 1
      },
      {
        "answer": "الغُبارُ الدَّقيقُ المُتَطايِرُ في الأُفُقِ",
        "t": 0
      },
      {
        "answer": "القِشرَةُ الرَّقيقَةُ التي تكونُ على حَبَّةِ القَمحِ",
        "t": 0
      }
    ]
  },
  {
    "id": 4223,
    "q": "في قَولِه تَعالَى: {هُدًى وَرَحْمَةً لِلْمُحْسِنِينَ * الَّذِينَ يُقِيمُونَ الصَّلَاةَ} دليلٌ على أنَّ إقامةَ الصَّلاةِ تُعدُّ من:",
    "level": 2,
    "link": "https://dorar.net/tafseer/31/1",
    "section": "luqman",
    "answers": [
      {
        "answer": "الصَّبرِ",
        "t": 0
      },
      {
        "answer": "كَمالِ الإيمانِ",
        "t": 0
      },
      {
        "answer": "الإحسانِ",
        "t": 1
      }
    ]
  },
  {
    "id": 4234,
    "q": "مَعنى \"أسبَغَ\" في قولِه تَعالَى: {وَأَسْبَغَ عَلَيْكُمْ نِعَمَهُ ظَاهِرَةً وَبَاطِنَةً}:",
    "level": 2,
    "link": "https://www.dorar.net/tafseer/31/7",
    "section": "luqman",
    "answers": [
      {
        "answer": "كَتَبَ وقَدَّرَ",
        "t": 0
      },
      {
        "answer": "أتمَّ وأوسَعَ",
        "t": 1
      },
      {
        "answer": "رزَقَ ",
        "t": 0
      }
    ]
  },
  {
    "id": 4231,
    "q": "مَعنى قولِه تَعالَى: {إِلَيَّ الْمَصِيرُ}:",
    "level": 2,
    "link": "https://www.dorar.net/tafseer/31/5",
    "section": "luqman",
    "answers": [
      {
        "answer": "إلى اللهِ عزَّ وجلَّ المَرجِع لا إلى غَيره ",
        "t": 1
      },
      {
        "answer": "لا تَكونُ التوبةُ إلَّا إلى اللهِ عزَّ وجلَّ ",
        "t": 0
      },
      {
        "answer": "أي: إنَّ المَوتَ بِيَدِ الله عزَّ وجلَّ يُسَلِّطُه على مَن يَشاءُ",
        "t": 0
      }
    ]
  },
  {
    "id": 4227,
    "q": "أفادَ قولُه تَعالَى: {هَذَا خَلْقُ اللَّهِ فَأَرُونِي مَاذَا خَلَقَ الَّذِينَ مِن دُونِهِ}",
    "level": 2,
    "link": "https://www.dorar.net/tafseer/31/3",
    "section": "luqman",
    "answers": [
      {
        "answer": "جوازَ التحَدِّي في المناظَرةِ",
        "t": 1
      },
      {
        "answer": "إثباتَ اسمِ الله: الخالِق",
        "t": 0
      },
      {
        "answer": "أنَّ الله كَتَبَ مَقادِيرَ الخَلائقِ قبلَ أن يَخلُقَهُم",
        "t": 0
      }
    ]
  },
  {
    "id": 4236,
    "q": "نَفى اللهُ تَعالَى العِلمَ عنِ الكافِرين في قولِه تَعالَى: {بَلْ أَكْثَرُهُمْ لَا يَعْلَمُونَ}:",
    "level": 2,
    "link": "https://www.dorar.net/tafseer/31/8",
    "section": "luqman",
    "answers": [
      {
        "answer": "لعَدمِ انتِفاعِهِم بِه",
        "t": 1
      },
      {
        "answer": "لأنَّهم ضَلُّوا بعدَ عِلمٍ",
        "t": 0
      },
      {
        "answer": "لبلادةِ عُقولِهم ",
        "t": 0
      }
    ]
  },
  {
    "id": 4224,
    "q": "استَدلَّ بعضُ العلماءِ بقولِه تَعالَى: {وَمِنَ النَّاسِ مَن يَشْتَرِي لَهْوَ الْحَدِيثِ لِيُضِلَّ عَن سَبِيلِ اللَّهِ بِغَيْرِ عِلْمٍ وَيَتَّخِذَهَا هُزُوًا أُولَئِكَ لَهُمْ عَذَابٌ مُّهِينٌ} على:",
    "level": 2,
    "link": "https://www.dorar.net/tafseer/31/2",
    "section": "luqman",
    "answers": [
      {
        "answer": "جَوازِ الاستِماعِ إلى القَصَص والقَصَّاصِينَ",
        "t": 0
      },
      {
        "answer": "حُرمةِ الاستِماعِ إلى الشِّعرِ ",
        "t": 0
      },
      {
        "answer": "تحريمِ الغِناءِ وما أخَذَ أخْذَه ممَّا يُضِلُّ عن سَبيلِ اللهِ ",
        "t": 1
      }
    ]
  },
  {
    "id": 4240,
    "q": "مَعنى \"تَغُرَّنَّكُمُ\" في قولِه تَعالَى: {فَلَا تَغُرَّنَّكُمُ الْحَيَاةُ الدُّنْيَا}:",
    "level": 2,
    "link": "https://www.dorar.net/tafseer/31/11",
    "section": "luqman",
    "answers": [
      {
        "answer": "تُهلِكَنَّكم",
        "t": 0
      },
      {
        "answer": "تُعَذِّبَنَّكم",
        "t": 0
      },
      {
        "answer": "تَخدَعَنَّكم ",
        "t": 1
      }
    ]
  },
  {
    "id": 4222,
    "q": "المقصود بـ \"الْكِتَابِ الْحَكِيمِ\" في قولِه تَعالَى: {تِلْكَ آيَاتُ الْكِتَابِ الْحَكِيمِ}",
    "level": 2,
    "link": "https://www.dorar.net/tafseer/31/1",
    "section": "luqman",
    "answers": [
      {
        "answer": "الكتابِ المُشتَمِلِ على الحِكمةِ، المحكَمِ في ألفاظِه ومعانيه",
        "t": 1
      },
      {
        "answer": "الكتابُ الحَكَمُ الذي يَفرِق بين الحَقِّ والباطِل",
        "t": 0
      },
      {
        "answer": "الكتابُ الحاكِمُ الذي خَضعَت له مُلوكُ الأرضِ",
        "t": 0
      }
    ]
  },
  {
    "id": 4225,
    "q": "أفادَ قولُه تَعالَى: {فَبَشِّرْهُ بِعَذَابٍ أَلِيمٍ}",
    "level": 2,
    "link": "https://www.dorar.net/tafseer/31/2",
    "section": "luqman",
    "answers": [
      {
        "answer": "أنَّ البِشارةَ تُطلَقُ على ما يَسوءُ، وهي تُطلَقُ غالبًا على الإخبارِ بما يسُرُّ ",
        "t": 1
      },
      {
        "answer": "أنَّ البِشارةَ لا تُطلَقُ إلَّا على ما يسُرُّ",
        "t": 0
      },
      {
        "answer": "أنَّ البِشارةَ لا تُطلَقُ إلَّا على ما يَسوءُ ",
        "t": 0
      }
    ]
  },
  {
    "id": 4228,
    "q": "أشارَ قولُه تَعالَى: {وَلَقَدْ آتَيْنَا لُقْمَانَ الْحِكْمَةَ أَنِ اشْكُرْ لِلَّهِ} إلى: ",
    "level": 2,
    "link": "https://www.dorar.net/tafseer/31/4",
    "section": "luqman",
    "answers": [
      {
        "answer": "أنَّ الحِكمةَ الأصليَّةَ والعِلْمَ الحقيقيَّ هو عِبادةُ اللهِ والشُّكرُ له",
        "t": 1
      },
      {
        "answer": "أنَّ الحِكمَة لا تأتي بالتَّعلُّم إنَّما هي مَحضُ تَفضُّلٍ مِن الله",
        "t": 0
      },
      {
        "answer": "وُجوبِ شُكرِ الله عزَّ وجلَّ في السَّرَّاءِ والضَّرَّاءِ",
        "t": 0
      }
    ]
  },
  {
    "id": 4230,
    "q": "قولُه تعالى: {وَفِصَالُهُ فِي عَامَيْنِ}. معنى \"وفِصالُه\":",
    "level": 2,
    "link": "https://www.dorar.net/tafseer/31/5",
    "section": "luqman",
    "answers": [
      {
        "answer": "بُلوغُه",
        "t": 0
      },
      {
        "answer": "عَلامَةُ تَميِيزِه",
        "t": 0
      },
      {
        "answer": "فِطامُه",
        "t": 1
      }
    ]
  },
  {
    "id": 4233,
    "q": "أفادَ قولُه تَعالَى: {يَا بُنَيَّ أَقِمِ الصَّلَاةَ}:",
    "level": 2,
    "link": "https://www.dorar.net/tafseer/31/6",
    "section": "luqman",
    "answers": [
      {
        "answer": "أنَّ لُقمانَ كان نَبِيًّا مُرسَلًا",
        "t": 0
      },
      {
        "answer": "أنَّ الصلاةَ كانت في سائرِ المِللِ ",
        "t": 1
      },
      {
        "answer": "أنَّ قِيامَ اللَّيلِ كانَ واجِبًا في شَريعَةِ لُقمان",
        "t": 0
      }
    ]
  },
  {
    "id": 4237,
    "q": "أفادَ قولُه تَعالَى: {ذَلِكَ بِأَنَّ اللَّهَ هُوَ الْحَقُّ}:",
    "level": 2,
    "link": "https://www.dorar.net/tafseer/31/9",
    "section": "luqman",
    "answers": [
      {
        "answer": "جَوازَ اشتِقاقِ أَسماءِ اللهِ تعالى مِن صِفاتِه الفِعليَّة",
        "t": 0
      },
      {
        "answer": "أنَّ الحقَّ صفةٌ مِن صِفاتِ الله تعالى",
        "t": 0
      },
      {
        "answer": "أنَّ الحقَّ من أسماءِ اللهِ عزَّ وجلَّ",
        "t": 1
      }
    ]
  },
  {
    "id": 4229,
    "q": "أفادَ قولُه تَعالَى: {وَوَصَّيْنَا الإِنْسَانَ بِوَالِدَيْهِ}:",
    "level": 2,
    "link": "https://www.dorar.net/tafseer/31/5",
    "section": "luqman",
    "answers": [
      {
        "answer": "أنَّ لَفظَ أَوصَى في القُرآنِ يُفيدُ الاستِحبابَ والنَّدبَ",
        "t": 0
      },
      {
        "answer": "أنَّ اللهَ أرحَمُ بالوالِدَينِ من أولادِهما؛ لأنَّه أوصى الأولادَ بالوالِدَينِ ",
        "t": 1
      },
      {
        "answer": "مَشرُوعِيَّةَ الوَصِيَّة لمَن مَلَكَ مَالًا أو مَتاعًا",
        "t": 0
      }
    ]
  },
  {
    "id": 4226,
    "q": " مَعنى: بَثَّ، في قولِه تَعالَى: {وَبَثَّ فِيهَا مِن كُلِّ دَابَّةٍ}",
    "level": 2,
    "link": "https://www.dorar.net/tafseer/31/3",
    "section": "luqman",
    "answers": [
      {
        "answer": "سخَّرَ ",
        "t": 0
      },
      {
        "answer": "فرَّقَ ونشَرَ ",
        "t": 1
      },
      {
        "answer": "خلَقَ وأَنْشَأَ",
        "t": 0
      }
    ]
  },
  {
    "id": 4239,
    "q": "أفادَ قولُه تَعالَى: {دَعَوُا اللَّهَ مُخْلِصِينَ لَهُ الدِّينَ}:",
    "level": 2,
    "link": "https://www.dorar.net/tafseer/31/10",
    "section": "luqman",
    "answers": [
      {
        "answer": "التَّحذِيرَ مِن الغَفلَة فهي دَأبُ الكافِرينَ",
        "t": 0
      },
      {
        "answer": "أنَّ المُشرِكينَ يُقرُّونَ بالرُّبوبيَّةِ ",
        "t": 1
      },
      {
        "answer": "أنَّ الدُّعاءَ المَقبُولَ لا يكونُ إلَّا حالَ الاضطِرارِ",
        "t": 0
      }
    ]
  }
]