[
  {
    "id": 4250,
    "q": "في قولِه تَعالَى: {هَذَا خَلْقُ اللَّهِ فَأَرُونِي مَاذَا خَلَقَ الَّذِينَ مِن دُونِهِ} من أوجُهِ البلاغةِ:",
    "level": 3,
    "link": "https://www.dorar.net/tafseer/31/3",
    "section": "luqman",
    "answers": [
      {
        "answer": "الْتِفاتٌ ",
        "t": 1
      },
      {
        "answer": "تشبيهٌ ",
        "t": 0
      },
      {
        "answer": "مجازٌ ",
        "t": 0
      }
    ]
  },
  {
    "id": 4248,
    "q": "أفادَ قولُه تَعالَى: {إِنَّ الَّذِينَ آمَنُوا وَعَمِلُوا الصَّالِحَاتِ لَهُمْ جَنَّاتُ النَّعِيمِ}:",
    "level": 3,
    "link": "https://www.dorar.net/tafseer/31/2",
    "section": "luqman",
    "answers": [
      {
        "answer": "أنَّ الجنَّةَ لا مرضَ فيها ",
        "t": 1
      },
      {
        "answer": "أنَّ الإيمانَ يَزيدُ ويَنقُص",
        "t": 0
      },
      {
        "answer": "أنَّ النَّعيمَ لم يُذكَر في القُرآنِ إلَّا مَقرُونًا بالجنَّة",
        "t": 0
      }
    ]
  },
  {
    "id": 4241,
    "q": "كُرِّرت الإشارةُ في قولِه تَعالَى: {أُوْلَئِكَ عَلَى هُدًى مِّن رَّبِّهِمْ وَأُوْلَئِكَ هُمُ الْمُفْلِحُونَ}:",
    "level": 3,
    "link": "https://www.dorar.net/tafseer/31/1",
    "section": "luqman",
    "answers": [
      {
        "answer": "تَنبيهًا على عظيمِ قَدرِهم ",
        "t": 1
      },
      {
        "answer": "إِمعانًا في التَّعريفِ بِهِم",
        "t": 0
      },
      {
        "answer": "للحَصرِ والقَصرِ",
        "t": 0
      }
    ]
  },
  {
    "id": 4249,
    "q": "جيءَ بحرفِ الجرِّ (في) في قولِه تَعالَى: {بَلِ الظَّالِمُونَ فِي ضَلَالٍ مُّبِينٍ}",
    "level": 3,
    "link": "https://www.dorar.net/tafseer/31/3",
    "section": "luqman",
    "answers": [
      {
        "answer": "لإفادةِ اكتِنافِ الضلالِ بهم في سائرِ أحْوالِهم ",
        "t": 1
      },
      {
        "answer": "لبَيانِ حَصرِ الضَّلالِ فِيهِم فلا ضَالٌ إلَّا هُم",
        "t": 0
      },
      {
        "answer": "لتَحقِيقِ العلاقَةِ بين الظُّلمِ والضَّلالِ",
        "t": 0
      }
    ]
  },
  {
    "id": 4242,
    "q": "قُدِّمت الصلاةُ على الزكاةِ في قولِه تَعالَى: {الَّذِينَ يُقِيمُونَ الصَّلَاةَ وَيُؤْتُونَ الزَّكَاةَ}:",
    "level": 3,
    "link": "https://www.dorar.net/tafseer/31/1",
    "section": "luqman",
    "answers": [
      {
        "answer": "لأنَّها أوَّلُ ما فُرِضَ مِن فَرائضِ الإسلامِ",
        "t": 0
      },
      {
        "answer": "لأنَّ الصَّلاةَ نَفعُها لازِمٌ، والزَّكاةَ نفعُها مُتعَدٍّ للغيرِ",
        "t": 0
      },
      {
        "answer": "لأنَّها أحبُّ الأعْمالِ إلى اللهِ تَعالَى ",
        "t": 1
      }
    ]
  },
  {
    "id": 4259,
    "q": "في وَصفِهم بالمخلِصينَ في قولِه تَعالَى: {دَعَوُا اللَّهَ مُخْلِصِينَ لَهُ الدِّينَ}:",
    "level": 3,
    "link": "https://www.dorar.net/tafseer/31/10",
    "section": "luqman",
    "answers": [
      {
        "answer": "استِحسانٌ للإخلاصِ ولو كان مِن كافِرٍ",
        "t": 0
      },
      {
        "answer": "ضربٌ منَ التهَكُّمِ ",
        "t": 1
      },
      {
        "answer": "بيانٌ لشدَّةِ يَقينِهم في الإِجابَةِ",
        "t": 0
      }
    ]
  },
  {
    "id": 4258,
    "q": "ابتَدأَ بالليلِ في قولِه تَعالَى: {يُولِجُ اللَّيْلَ فِي النَّهَارِ}",
    "level": 3,
    "link": "https://www.dorar.net/tafseer/31/9",
    "section": "luqman",
    "answers": [
      {
        "answer": "لأنَّ آيةَ النَّهارِ مُبصِرَةً وآيَةَ اللَّيلِ خَفِيَّةٌ غائِبةٌ",
        "t": 0
      },
      {
        "answer": "لأنَّ العادةَ جَرَت بأنَّ الليلَ يأْتي أولًا ",
        "t": 0
      },
      {
        "answer": "لأنَّ أمرَه أعجَبُ كيف تَغْشى ظُلمتُه تلك الأنوارَ النهاريَّةَ ",
        "t": 1
      }
    ]
  },
  {
    "id": 4255,
    "q": "قُدِّمَ الأمرُ بالمعروفِ في قولِه تَعالَى: {وَأْمُرْ بِالْمَعْرُوفِ وَانْهَ عَنِ الْمُنكَرِ}:",
    "level": 3,
    "link": "https://www.dorar.net/tafseer/31/6",
    "section": "luqman",
    "answers": [
      {
        "answer": "لكَونِ الأمرِ بالمَعروفِ أكثَرَ مشقَّةً وأَشَدَّ أَثَرًا",
        "t": 0
      },
      {
        "answer": "لأنَّ الأمرَ بالمَعروفِ يَستلزمُ تَركَ المنكَرِ بخلافِ تَركِ المنكَرِ؛ فإنَّه لا يستلزِمُ الأمرَ بالمَعروفِ ",
        "t": 1
      },
      {
        "answer": "لأنَّ الأمرَ بالمَعروفِ أعظَمُ ثوابًا منَ النَّهيِ عن المُنكَرِ ",
        "t": 0
      }
    ]
  },
  {
    "id": 4251,
    "q": "غلَبَ الخطابُ على الغَيبةِ في قولِه تَعالَى: {ثُمَّ إِلَيَّ مَرْجِعُكُمْ فَأُنَبِّئُكُم بِمَا كُنتُمْ تَعْمَلُونَ}",
    "level": 3,
    "link": "https://www.dorar.net/tafseer/31/5",
    "section": "luqman",
    "answers": [
      {
        "answer": "أنَّ الخطابَ أعرَفُ ",
        "t": 1
      },
      {
        "answer": "لتَنبِيهِ المُخاطَبِينَ",
        "t": 0
      },
      {
        "answer": "لكونِه أكثرَ إبهامًا وغُموضًا ",
        "t": 0
      }
    ]
  },
  {
    "id": 4257,
    "q": "أفادَ قولُه تَعالَى: {فَنُنَبِّئُهُم بِمَا عَمِلُوا}",
    "level": 3,
    "link": "https://www.dorar.net/tafseer/31/7",
    "section": "luqman",
    "answers": [
      {
        "answer": "أنَّ كلامَ اللهِ وَحْيٌ بِلا صَوتٍ",
        "t": 0
      },
      {
        "answer": "إثباتَ صِفَةِ الإِنباءِ للهِ تعالى",
        "t": 0
      },
      {
        "answer": "أنَّ كلامَ اللهِ بصَوتٍ مَسموعٍ",
        "t": 1
      }
    ]
  },
  {
    "id": 4243,
    "q": "وُصِفَ الكِتابُ بالرحمةِ بعدَ وَصفِه بالهُدى في قولِه تَعالَى: {هُدًى وَرَحْمَةً لِّلْمُحْسِنِينَ}: ",
    "level": 3,
    "link": "https://www.dorar.net/tafseer/31/1",
    "section": "luqman",
    "answers": [
      {
        "answer": "لأنَّ الهُدى أعمُّ منَ الرحمةِ ",
        "t": 0
      },
      {
        "answer": "لأنَّه لمَّا كان المَقصِدُ في هذه السورةِ قصةَ لقمانَ نبَّهَ على أنَّ ذِكرَ القصةِ رحمةٌ لما تتضمَّنَته منَ الآدابِ والحكمةِ ",
        "t": 1
      },
      {
        "answer": "للتَّأكِيدِ على تَعدُّدِ مَنافِع الكِتابِ الكَريمِ",
        "t": 0
      }
    ]
  },
  {
    "id": 4244,
    "q": "من إحكامِ القُرآنِ في قولِه تَعالَى: {تِلْكَ آيَاتُ الْكِتَابِ الْحَكِيمِ}:",
    "level": 3,
    "link": "https://www.dorar.net/tafseer/31/1",
    "section": "luqman",
    "answers": [
      {
        "answer": "أنَّه لم تَتَكرَّر فيه آيةٌ واحِدَةٌ ولا كَلِمَةٌ واحِدَةٌ فهو مُحكَمٌ مُتقَن",
        "t": 0
      },
      {
        "answer": "أنَّه جمَعَ بينَ التَّرغيبِ والَّترهيبِ والوَعظِ البَليغِ الذي تَعتدِلُ به النُّفوسُ الخيِّرةُ",
        "t": 1
      },
      {
        "answer": "أنَّ كلَّ آيةٍ مِنه مُنفَرِدَة تَجرِي مَجرَى المَثَلِ",
        "t": 0
      }
    ]
  },
  {
    "id": 4246,
    "q": "استُخدِمتِ الإشارةُ للبَعيدِ في قولِه تَعالَى: {أُولَئِكَ لَهُمْ عَذَابٌ مُّهِينٌ}",
    "level": 3,
    "link": "https://www.dorar.net/tafseer/31/2",
    "section": "luqman",
    "answers": [
      {
        "answer": "لتَأكِيدِ الخِطابِ بالطَّريقِ البُرهانيِّ",
        "t": 0
      },
      {
        "answer": "للإيذانِ ببُعدِ مَنزلتِهم في الشَّرارةِ ",
        "t": 1
      },
      {
        "answer": "لتَنزيلِ بُعدِ المكانةِ مَنزلةَ بُعدِ المكانِ ",
        "t": 0
      }
    ]
  },
  {
    "id": 4253,
    "q": "وحَّدَ صوتَ الحميرِ في قولِه تَعالَى: {إِنَّ أَنكَرَ الأَصْوَاتِ لَصَوْتُ الْحَمِيرِ}: ",
    "level": 3,
    "link": "https://www.dorar.net/tafseer/31/6",
    "section": "luqman",
    "answers": [
      {
        "answer": "لأنَّ المرادَ أنَّ كلَّ جنسٍ من الحيوانِ النَّاطِقِ له صوتٌ، وأنكَرَ أصواتِ هذه الأجناسِ صوتُ هذا الجنسِ ",
        "t": 1
      },
      {
        "answer": "لأنَّه لو قالَ \"أَصوات\" بلَفظِ الجَمعِ ربَّما ظَنَّ السامِعُ أنَّها أَجناسٌ كثيرةٌ",
        "t": 0
      },
      {
        "answer": "لتَبشِيعِ صُورتِه في أَعيُنِ النَّاظِرينَ",
        "t": 0
      }
    ]
  },
  {
    "id": 4247,
    "q": "عبَّرَ عن الاخْتيارِ بالشِّراءِ في قولِه تَعالَى: {وَمِنَ النَّاسِ مَن يَشْتَرِي لَهْوَ الْحَدِيثِ}:",
    "level": 3,
    "link": "https://www.dorar.net/tafseer/31/2",
    "section": "luqman",
    "answers": [
      {
        "answer": "لحِرصِهم على الأمرِ ",
        "t": 1
      },
      {
        "answer": "للإمعانِ في التَوبيخِ",
        "t": 0
      },
      {
        "answer": "لِمَا بينَ الاختِيارِ والشِّراءِ مِن تَرادُف في اللَّفظِ والمَعنَى",
        "t": 0
      }
    ]
  },
  {
    "id": 4254,
    "q": "استُعمِلَ الماضي في قولِه تَعالَى: {وَاصْبِرْ عَلَى مَا أَصَابَكَ}:",
    "level": 3,
    "link": "https://www.dorar.net/tafseer/31/6",
    "section": "luqman",
    "answers": [
      {
        "answer": "لأنَّه لا بدَّ من المُصيبةِ؛ ليكونَ الإنسانُ على بصيرةٍ ",
        "t": 1
      },
      {
        "answer": "لأنَّ الصَّبرَ يكونُ على ما كانَ؛ لا ما سَيكُونُ",
        "t": 0
      },
      {
        "answer": "للتَّبشِيرِ بأَجرِ الصَّابِرينَ",
        "t": 0
      }
    ]
  },
  {
    "id": 4245,
    "q": "ذُكِرتِ البِشارةُ في قولِه تَعالَى: {فَبَشِّرْهُ بِعَذَابٍ أَلِيمٍ}:",
    "level": 3,
    "link": "https://www.dorar.net/tafseer/31/2",
    "section": "luqman",
    "answers": [
      {
        "answer": "للتهَكُّم بهم ",
        "t": 1
      },
      {
        "answer": "لمُباغَتَتِهِم بالعَذابِ ",
        "t": 0
      },
      {
        "answer": "للتَّهويلِ",
        "t": 0
      }
    ]
  },
  {
    "id": 4256,
    "q": "في قولِه تَعالَى: {أَوَلَوْ كَانَ الشَّيْطَانُ يَدْعُوهُمْ إِلَى عَذَابِ السَّعِيرِ}:",
    "level": 3,
    "link": "https://www.dorar.net/tafseer/31/7",
    "section": "luqman",
    "answers": [
      {
        "answer": "إِثباتُ إِمامَةِ الشَّيطانِ لأَهلِ النارِ",
        "t": 0
      },
      {
        "answer": "رَدٌّ على المُرجِئَةِ الذين يَقولُونَ: إنَّ الشَّيطانَ مُؤمِنٌ كامِلُ الإيمانِ",
        "t": 0
      },
      {
        "answer": "إنكارٌ وتَعجُّبٌ من فَظاعةِ ضَلالِهم وعَماهم ",
        "t": 1
      }
    ]
  },
  {
    "id": 4252,
    "q": "مَعنى: \"اقصِدْ\" في قولِه تَعالَى: {وَاقْصِدْ فِي مَشْيِكَ}",
    "level": 3,
    "link": "https://www.dorar.net/tafseer/31/6",
    "section": "luqman",
    "answers": [
      {
        "answer": "أسْرِعْ ",
        "t": 0
      },
      {
        "answer": "توجَّهْ بهُدوءٍ",
        "t": 0
      },
      {
        "answer": "تواضَعْ واعتدِلْ ",
        "t": 1
      }
    ]
  },
  {
    "id": 4260,
    "q": "أفادَ قولُه تَعالَى: {إِنَّ اللَّهَ عِندَهُ عِلْمُ السَّاعَةِ وَيُنَزِّلُ الْغَيْثَ وَيَعْلَمُ مَا فِي الأَرْحَامِ وَمَا تَدْرِي نَفْسٌ مَّاذَا تَكْسِبُ غَدًا وَمَا تَدْرِي نَفْسٌ بِأَيِّ أَرْضٍ تَمُوتُ إِنَّ اللَّهَ عَلِيمٌ خَبِيرٌ}:",
    "level": 3,
    "link": "https://www.dorar.net/tafseer/31/11",
    "section": "luqman",
    "answers": [
      {
        "answer": "التَّحذيرَ مِن اقتِرابِ السَّاعةِ حيثُ بدأَ بِها",
        "t": 0
      },
      {
        "answer": "حَصرَ الغَيْبِ في خَمسةِ أَمورٍ",
        "t": 0
      },
      {
        "answer": "أنَّ مَنِ ادَّعى أنَّه يعلَمُ شيئًا من هذه؛ فقد كفَرَ بالقرآنِ؛ لأنَّه قد خالَفَه ",
        "t": 1
      }
    ]
  }
]