[
  {
    "id": 4220,
    "q": "أفادَ قولُه تَعالَى: {دَعَوُا اللَّهَ مُخْلِصِينَ لَهُ الدِّينَ فَلَمَّا نَجَّاهُمْ إِلَى الْبَرِّ}",
    "level": 1,
    "link": "https://www.dorar.net/tafseer/31/10",
    "section": "luqman",
    "answers": [
      {
        "answer": "أنَّه تَعالَى يُجيبُ دعوةَ المضطَرِّ ولو كان كافرًا ",
        "t": 1
      },
      {
        "answer": "أنَّ اللهَ لا يُجيبُ دعوةَ الكافرِ ",
        "t": 0
      },
      {
        "answer": "أنَّ مَن لا يَدعُو اللهَ في الرَّخاءِ لا يَستجِيب الله له في الشِّدَّة",
        "t": 0
      }
    ]
  },
  {
    "id": 4215,
    "q": "أفادَ قولُه تَعالَى: {وَإِن جَاهَدَاكَ عَلى أَن تُشْرِكَ بِي مَا لَيْسَ لَكَ بِهِ عِلْمٌ فَلَا تُطِعْهُمَا}",
    "level": 1,
    "link": "https://www.dorar.net/tafseer/31/5",
    "section": "luqman",
    "answers": [
      {
        "answer": "تحريمَ طاعةِ الوالِدَينِ إذا أمَرَا بالشِّركِ",
        "t": 1
      },
      {
        "answer": "أنَّ تَرْكَ الشِّركِ يَحتاجُ إلى مُجاهَدةٍ",
        "t": 0
      },
      {
        "answer": "كَراهَةَ خَوضِ الإنسانِ ما لا عِلمَ له بِه",
        "t": 0
      }
    ]
  },
  {
    "id": 4213,
    "q": "مَعنى: \"وَهْنًا\" في قولِه تَعالَى: {حَمَلَتْهُ أُمُّهُ وَهْنًا عَلَى وَهْنٍ}",
    "level": 1,
    "link": "https://www.dorar.net/tafseer/31/5",
    "section": "luqman",
    "answers": [
      {
        "answer": "عَزمٌ",
        "t": 0
      },
      {
        "answer": "شَفَقَة",
        "t": 0
      },
      {
        "answer": "ضَعْف",
        "t": 1
      }
    ]
  },
  {
    "id": 4210,
    "q": "أفادَ قولُه تَعالَى: {فَأَنبَتْنَا فِيهَا مِن كُلِّ زَوْجٍ كَرِيمٍ}",
    "level": 1,
    "link": "https://www.dorar.net/tafseer/31/3",
    "section": "luqman",
    "answers": [
      {
        "answer": "إظهارَ تَعَدُّدِ نِعَمِ الله على بني آدمَ في البَرِّ والبَحرِ",
        "t": 0
      },
      {
        "answer": "أنَّ كلَّ نَوعٍ مِن النَّباتِ له صِنفَانِ ",
        "t": 0
      },
      {
        "answer": "بيانَ قُدرةِ اللهِ عزَّ وجلَّ على تَصنيفِ هذا النباتِ معَ أنَّ أرضَه واحدةٌ وماءَه واحدٌ ",
        "t": 1
      }
    ]
  },
  {
    "id": 4217,
    "q": "مَعنى: \"مِثْقَالَ\" في قولِه تَعالَى: {إِن تَكُ مِثْقَالَ حَبَّةٍ} ",
    "level": 1,
    "link": "https://www.dorar.net/tafseer/31/6",
    "section": "luqman",
    "answers": [
      {
        "answer": "زِنةٌ ",
        "t": 1
      },
      {
        "answer": "ثمنٌ",
        "t": 0
      },
      {
        "answer": "بدَلٌ ",
        "t": 0
      }
    ]
  },
  {
    "id": 4214,
    "q": "مَعنى: \"أَنَابَ\" في قولِه تَعالَى: {وَاتَّبِعْ سَبِيلَ مَنْ أَنَابَ إِلَيَّ}",
    "level": 1,
    "link": "https://www.dorar.net/tafseer/31/5",
    "section": "luqman",
    "answers": [
      {
        "answer": "رجَعَ وتابَ ",
        "t": 1
      },
      {
        "answer": "دَعَا ",
        "t": 0
      },
      {
        "answer": "خَضَعَ وذَلَّ",
        "t": 0
      }
    ]
  },
  {
    "id": 4208,
    "q": "مناسَبةُ قَولِه تَعالَى: {خَلَقَ السَّمَاوَاتِ بِغَيْرِ عَمَدٍ تَرَوْنَهَا وَأَلْقَى فِي الأَرْضِ رَوَاسِيَ}",
    "level": 1,
    "link": "https://www.dorar.net/tafseer/31/3",
    "section": "luqman",
    "answers": [
      {
        "answer": "لما أنكَرَ المشرِكونَ قُدرةَ اللهِ عزَّ وجلَّ أراهُمُ اللهُ هنا بعضَ مَظاهِرِ قُدرتِه ",
        "t": 0
      },
      {
        "answer": "لما اختتَمَ اللهُ تَعالَى الآيةَ السابقةَ بصِفَتَيِ العزَّةِ وهي غايةُ القُدرةِ والحكمةِ، وهي ثمرةُ العلمِ دلَّ عَليهِا بإتقانِ أفْعالِه وإحْكامِها ",
        "t": 1
      },
      {
        "answer": "لما تساءلَ الناسُ عن خَلقِ السمَواتِ والأرضِ أنزَلَ اللهُ هذه الآيةَ ",
        "t": 0
      }
    ]
  },
  {
    "id": 4207,
    "q": "مَعنى رَواسيَ في قولِه تَعالَى: {وَأَلْقَى فِي الأَرْضِ رَوَاسِيَ}",
    "level": 1,
    "link": "https://www.dorar.net/tafseer/31/3",
    "section": "luqman",
    "answers": [
      {
        "answer": "صخورٌ صَلبَة",
        "t": 0
      },
      {
        "answer": "هِضابٌ عالِيَة",
        "t": 0
      },
      {
        "answer": "جبالٌ ثوابِتُ ",
        "t": 1
      }
    ]
  },
  {
    "id": 4219,
    "q": "أفادَ قولُه تَعالَى: {إِنَّ فِي ذَلِكَ لآيَاتٍ لِّكُلِّ صَبَّارٍ شَكُورٍ} أنَّ الإيمانَ نِصفَانِ:",
    "level": 1,
    "link": "https://www.dorar.net/tafseer/31/10",
    "section": "luqman",
    "answers": [
      {
        "answer": "علمٌ وعملٌ ",
        "t": 0
      },
      {
        "answer": "صبرٌ وشكرٌ ",
        "t": 1
      },
      {
        "answer": "استِسلامٌ وانقِيادٌ",
        "t": 0
      }
    ]
  },
  {
    "id": 4205,
    "q": "مناسَبةُ قولِه تَعالَى: {وَمِنَ النَّاسِ مَن يَشْتَرِي لَهْوَ الْحَدِيثِ لِيُضِلَّ عَن سَبِيلِ اللَّهِ بِغَيْرِ عِلْمٍ وَيَتَّخِذَهَا هُزُوًا أُولَئِكَ لَهُمْ عَذَابٌ مُّهِينٌ}",
    "level": 1,
    "link": "https://www.dorar.net/tafseer/31/2",
    "section": "luqman",
    "answers": [
      {
        "answer": "لما ذكَرَ اللهُ تَعالَى حالَ المُؤمِنين معَ القُرآنِ أعقَبَه بذِكرِ حالِ الكافِرينَ ",
        "t": 0
      },
      {
        "answer": "لما بيَّنَ اللهُ تَعالَى أنَّ القرآنَ كتابٌ حكيمٌ يشمَلُ آياتٍ حكيمةً، بيَّنَ من حالِ الكفَّارِ أنَّهم يَترُكونَ ذلك ويَشتغِلونَ بغيرِه ",
        "t": 1
      },
      {
        "answer": "لمَّا ذكَرَ اللهُ تَعالَى صَنيعَ المُشرِكين معَ النبيِّ ﷺ وإخراجَه من مَكَّةَ ذكَرَ هنا حالَهم معَ القرآنِ ",
        "t": 0
      }
    ]
  },
  {
    "id": 4201,
    "q": "سورةُ لُقمانَ ",
    "level": 1,
    "link": "https://www.dorar.net/tafseer/31",
    "section": "luqman",
    "answers": [
      {
        "answer": "كلُّها مَكِّيَّةٌ إلَّا خمسَ آياتٍ ",
        "t": 0
      },
      {
        "answer": "مَدنِيَّةٌ ",
        "t": 0
      },
      {
        "answer": "مَكِّيَّةٌ",
        "t": 1
      }
    ]
  },
  {
    "id": 4204,
    "q": "مَعنى: {لَهْوَ الْحَدِيثِ}:",
    "level": 1,
    "link": "https://www.dorar.net/tafseer/31/2",
    "section": "luqman",
    "answers": [
      {
        "answer": "باطلُ الكلامِ وما يَشغَلُ عنِ الخَيرِ ",
        "t": 1
      },
      {
        "answer": "تَعاوِيذُ السَّحَرَةِ والمُشَعوِذِينَ ",
        "t": 0
      },
      {
        "answer": "ما يُقالُ كَذِبًا لإِضحاكِ النَّاسِ",
        "t": 0
      }
    ]
  },
  {
    "id": 4209,
    "q": "تضمَّنَ قولُه تَعالَى: {وَبَثَّ فِيهَا مِن كُلِّ دَابَّةٍ}:",
    "level": 1,
    "link": "https://www.dorar.net/tafseer/31/3",
    "section": "luqman",
    "answers": [
      {
        "answer": "حَصرًا لأَنواعِ الدَّوابِّ التي تَملأُ الكَونَ",
        "t": 0
      },
      {
        "answer": "بيانَ قُدرةِ اللهِ عزَّ وجلَّ ببَثِّ هذه الدوابِّ في الأرضِ ",
        "t": 1
      },
      {
        "answer": "إظهارَ عَجْزِ الكافِرينَ عن الإتيانِ بمِثلِ القُرآنِ",
        "t": 0
      }
    ]
  },
  {
    "id": 4203,
    "q": "أفادَ قولُه تَعالَى: {هُدًى وَرَحْمَةً لِّلْمُحْسِنِينَ}",
    "level": 1,
    "link": "https://www.dorar.net/tafseer/31/1",
    "section": "luqman",
    "answers": [
      {
        "answer": "أنَّ المُحسِنين لا حظَّ لهم في الدُّنيا، إنَّما يُجازيهمُ اللهُ يومَ القيامةِ ",
        "t": 0
      },
      {
        "answer": "أنَّه لا يَنالُ الهُدَى والرَّحمَة إلَّا المُحسِنُونَ",
        "t": 0
      },
      {
        "answer": "أنَّ الإحْسانَ سببٌ لنَيلِ العِلمِ والعَملِ الصالحِ ",
        "t": 1
      }
    ]
  },
  {
    "id": 4216,
    "q": "أرشَدَ قولُه تَعالَى: {وَأْمُرْ بِالْمَعْرُوفِ وَانْهَ عَنِ الْمُنكَرِ وَاصْبِرْ عَلَى مَا أَصَابَكَ} إلى:",
    "level": 1,
    "link": "https://www.dorar.net/tafseer/31/6",
    "section": "luqman",
    "answers": [
      {
        "answer": "وُجوبِ تَركِ الأمرِ بالمعروفِ والنَّهيِ عنِ المنكَرِ حالَ وُقوعِ الأذَى",
        "t": 0
      },
      {
        "answer": "الصَّبرِ على أذى الخَلقِ عندَ الأمرِ بالمَعروفِ والنَّهيِ عنِ المُنكَرِ ",
        "t": 1
      },
      {
        "answer": "أنَّ الأَمرَ بالمَعرُوفِ والنَّهيَ عن المُنكَرِ مِن ثَمراتِ الصَّبرِ",
        "t": 0
      }
    ]
  },
  {
    "id": 4206,
    "q": "تضمَّنَ قولُه تَعالَى: {وَمِنَ النَّاسِ مَن يَشْتَرِي لَهْوَ الْحَدِيثِ}",
    "level": 1,
    "link": "https://www.dorar.net/tafseer/31/2",
    "section": "luqman",
    "answers": [
      {
        "answer": "تَحذيرًا مِن التَّمادِي في المُباحاتِ المُفضِي إلى الغَفلَة",
        "t": 0
      },
      {
        "answer": "إشارةً إلى مَن يَصُدُّ عن سَبيلِ الله بأَموالِه وسُلطانِه",
        "t": 0
      },
      {
        "answer": "ذمًّا لمَن يركَنُ إلى لَهْوِ الحديثِ وهو ما لا خيرَ فيه ",
        "t": 1
      }
    ]
  },
  {
    "id": 4202,
    "q": "من أهَمِّ مَوضوعاتِ سورةِ لُقمانَ",
    "level": 1,
    "link": "https://www.dorar.net/tafseer/31",
    "section": "luqman",
    "answers": [
      {
        "answer": "الثناءُ على القُرآنِ وأنَّه هِدايةٌ ورحمةٌ للمؤمِنينَ",
        "t": 1
      },
      {
        "answer": "بيانُ كمالِ عِلمِ الله سبحانه وإحاطتِه بكلِّ شَيءٍ",
        "t": 0
      },
      {
        "answer": "تذكيرُ النَّاسِ بِنِعمةِ خَلقِ الأرضِ، وتمكينِ النَّوعِ الإنسانيِّ مِن خَيراتِ الأرضِ",
        "t": 0
      }
    ]
  },
  {
    "id": 4218,
    "q": "مَعنى: \"يُولِجُ\" في قولِه تَعالَى: {أَلَمْ تَرَ أَنَّ اللَّهَ يُولِجُ اللَّيْلَ فِي النَّهَارِ}",
    "level": 1,
    "link": "https://www.dorar.net/tafseer/31/9",
    "section": "luqman",
    "answers": [
      {
        "answer": "يخلُقُ ",
        "t": 0
      },
      {
        "answer": "يُدخِلُ ",
        "t": 1
      },
      {
        "answer": "يُكَرِّر",
        "t": 0
      }
    ]
  },
  {
    "id": 4211,
    "q": "تَفسيرُ قولِه تَعالَى: {وَمَن يَشْكُرْ فَإِنَّمَا يَشْكُرُ لِنَفْسِهِ}:",
    "level": 1,
    "link": "https://www.dorar.net/tafseer/31/4",
    "section": "luqman",
    "answers": [
      {
        "answer": "أنَّ مَن يَستَزيدُ مِن مَتاعِ الدُّنيا فإنَّما يَستَزيدُ لنَفسِه وليس بنافِعٍ اللهَ بشَيءٍ ",
        "t": 0
      },
      {
        "answer": "أنَّ مَن يشكُرُ اللهَ على نِعمِه؛ فإنَّما يعودُ نفعُ ذلك وثوابُه إليه، لا إلى اللهِ ",
        "t": 1
      },
      {
        "answer": "أنَّه لا يَستَحِقُّ الشُّكرَ التامَّ والحَمدَ التامَّ إلا الله جلَّ وعَلَا",
        "t": 0
      }
    ]
  },
  {
    "id": 4212,
    "q": "أولُ ما أوْصى به لُقمانُ وَلدَه:",
    "level": 1,
    "link": "https://www.dorar.net/tafseer/31/4",
    "section": "luqman",
    "answers": [
      {
        "answer": "عدمُ الإفْسادِ في الأرضِ ",
        "t": 0
      },
      {
        "answer": "عبادةُ اللهِ وَحدَه",
        "t": 1
      },
      {
        "answer": "رعايةُ حقِّ الوالِدَينِ ",
        "t": 0
      }
    ]
  }
]