[
  {
    "id": 2491,
    "q": "الوَقفُ على الحَملِ",
    "level": 1,
    "link": "https://www.dorar.net/feqhia/6050\n",
    "section": "wagf",
    "answers": [
      {
        "answer": "يُكرَهُ",
        "t": 0
      },
      {
        "answer": "لا يَصِحُّ",
        "t": 0
      },
      {
        "answer": "يجوزُ",
        "t": 1
      }
    ]
  },
  {
    "id": 2482,
    "q": "حُكمُ الوَقفِ",
    "level": 1,
    "link": "https://www.dorar.net/feqhia/5939\n",
    "section": "wagf",
    "answers": [
      {
        "answer": "واجِبٌ",
        "t": 0
      },
      {
        "answer": "مُستحَبٌّ",
        "t": 1
      },
      {
        "answer": "جائزٌ",
        "t": 0
      }
    ]
  },
  {
    "id": 2490,
    "q": "إذا وَقَف عَلى أولادِه",
    "level": 1,
    "link": "https://www.dorar.net/feqhia/6040\n",
    "section": "wagf",
    "answers": [
      {
        "answer": "دَخَل الذُّكورُ والإناثُ دونَ الخُنثَى",
        "t": 0
      },
      {
        "answer": "دَخَل فيه الذُّكورُ",
        "t": 0
      },
      {
        "answer": "دَخَل الذَّكَرُ والأُنثى والخُنثَى",
        "t": 1
      }
    ]
  },
  {
    "id": 2485,
    "q": "الوَقفُ على غَيرِ الوارِثِ في المَرَضِ المَخُوفِ",
    "level": 1,
    "link": "https://www.dorar.net/feqhia/6018",
    "section": "wagf",
    "answers": [
      {
        "answer": "يَصِحُّ مُطلَقًا",
        "t": 0
      },
      {
        "answer": "لا يَصِحُّ مُطلَقًا",
        "t": 0
      },
      {
        "answer": "يَصِحُّ في حُدودِ الثُّلُثِ",
        "t": 1
      }
    ]
  },
  {
    "id": 2479,
    "q": "مَعنَى الإيصاءِ في الاصطِلاحِ",
    "level": 1,
    "link": "https://www.dorar.net/feqhia/5916\n",
    "section": "wagf",
    "answers": [
      {
        "answer": "أن يُوصِيَ لغَيرِه بمالٍ",
        "t": 0
      },
      {
        "answer": "أن يَعهَدَ لغَيرِه بالقِيامِ مَقامَه في التَّصرُّفِ بعدَ المَوتِ",
        "t": 1
      },
      {
        "answer": "أن يُوصِيَ لغَيرِه بكُلِّ مالِه",
        "t": 0
      }
    ]
  },
  {
    "id": 2487,
    "q": "تَنفيذُ شَرطِ الواقِفِ",
    "level": 1,
    "link": "https://www.dorar.net/feqhia/6026\n",
    "section": "wagf",
    "answers": [
      {
        "answer": "يَجِبُ ما أمكَنَ",
        "t": 1
      },
      {
        "answer": "لا يَجِبُ",
        "t": 0
      },
      {
        "answer": "يُستحَبُّ",
        "t": 0
      }
    ]
  },
  {
    "id": 2495,
    "q": "الوَقفُ عَلى المَعصِيةِ",
    "level": 1,
    "link": "https://www.dorar.net/feqhia/6087",
    "section": "wagf",
    "answers": [
      {
        "answer": "لا يَصِحُّ",
        "t": 1
      },
      {
        "answer": "يَصِحُّ",
        "t": 0
      },
      {
        "answer": "يُكرَهُ",
        "t": 0
      }
    ]
  },
  {
    "id": 2481,
    "q": "الفَرقُ بين الصَّدَقةِ والهِبَةِ",
    "level": 1,
    "link": "https://www.dorar.net/feqhia/5927",
    "section": "wagf",
    "answers": [
      {
        "answer": "كلتاهما بمعنى واحِدٌ",
        "t": 0
      },
      {
        "answer": "الهِبةُ أعمُّ منَ الصَّدقةِ في الفَضلِ",
        "t": 0
      },
      {
        "answer": "الصَّدَقةُ يُقصَدُ بها ثَوابُ الآخِرةِ، أمَّا الهِبةُ فيُقصَدُ بها النَّفعُ، ولا يُقصَدُ بها الثَّوابُ قَصدًا أولِيًّا",
        "t": 1
      }
    ]
  },
  {
    "id": 2483,
    "q": "إذا وقَفَ مَسجِدًا",
    "level": 1,
    "link": "https://www.dorar.net/feqhia/6010\n",
    "section": "wagf",
    "answers": [
      {
        "answer": "لا يجوزُ أن يُصلِّيَ فيه",
        "t": 0
      },
      {
        "answer": "يجوزُ أن يُصلِّيَ فيه",
        "t": 1
      },
      {
        "answer": "يُكرَهُ أن يُصلِّيَ فيه",
        "t": 0
      }
    ]
  },
  {
    "id": 2486,
    "q": "الوَقفُ على جَميعِ الوَرَثةِ في المَرَضِ المَخُوفِ في حُدودِ الثُّلثِ، أو ما يَزيدُ عَليهِ بقَدرِ أنصِبَتِهِم إذا أقرَّ الوَرَثةُ الزِّيادةَ عَلى الثُّلُثِ",
    "level": 1,
    "link": "https://www.dorar.net/feqhia/6021\n",
    "section": "wagf",
    "answers": [
      {
        "answer": "يَصِحُّ",
        "t": 1
      },
      {
        "answer": "لا مَعنَى له، والميراثُ مُغنٍ",
        "t": 0
      },
      {
        "answer": "لا يَصِحُّ",
        "t": 0
      }
    ]
  },
  {
    "id": 2478,
    "q": "مَعنَى الوَقفِ في الاصطِلاحِ",
    "level": 1,
    "link": "https://www.dorar.net/feqhia/5914",
    "section": "wagf",
    "answers": [
      {
        "answer": "حَبْسُ مالٍ للهِ يُمكِنُ الانتِفاعُ به مع بَقاءِ عَينِه",
        "t": 1
      },
      {
        "answer": "التَّوقُّفُ عِندَ حُدودِ اللهِ",
        "t": 0
      },
      {
        "answer": "التَّوقُّفُ في الأمرٍ حتَّى نَعلَمَ الدَّليلَ",
        "t": 0
      }
    ]
  },
  {
    "id": 2489,
    "q": "إذا شَرَط الواقِفُ أنَّ له أن يَرجِعَ في الوَقفِ",
    "level": 1,
    "link": "https://www.dorar.net/feqhia/6030\n",
    "section": "wagf",
    "answers": [
      {
        "answer": "بَطَل الوَقفُ",
        "t": 1
      },
      {
        "answer": "صحَّ الوَقفُ وبَطَل الشَّرطُ",
        "t": 0
      },
      {
        "answer": "صحَّ الوَقفُ والشَّرطُ",
        "t": 0
      }
    ]
  },
  {
    "id": 2488,
    "q": "اشتَرَط في الوَقفِ شَرطًا حَرامًا",
    "level": 1,
    "link": "https://www.dorar.net/feqhia/6028\n",
    "section": "wagf",
    "answers": [
      {
        "answer": "يَبطُلُ الوَقفُ",
        "t": 0
      },
      {
        "answer": "الوَقفُ صَحيحٌ والشَّرطُ باطِلٌ",
        "t": 1
      },
      {
        "answer": "يَجِبُ الوَفاءُ به",
        "t": 0
      }
    ]
  },
  {
    "id": 2497,
    "q": "الوَقفُ على جِهةٍ تَنقَطِعُ في العادةِ",
    "level": 1,
    "link": "https://www.dorar.net/feqhia/6092\n",
    "section": "wagf",
    "answers": [
      {
        "answer": "يُكرَهُ",
        "t": 0
      },
      {
        "answer": "لا يَصِحُّ",
        "t": 0
      },
      {
        "answer": "يَصِحُّ",
        "t": 1
      }
    ]
  },
  {
    "id": 2493,
    "q": "الوَقفُ عَلى الذُّرِّيَّةِ",
    "level": 1,
    "link": "https://www.dorar.net/feqhia/6055\n",
    "section": "wagf",
    "answers": [
      {
        "answer": "يُكرَهُ",
        "t": 0
      },
      {
        "answer": "يجوزُ",
        "t": 1
      },
      {
        "answer": "لا يجوزُ",
        "t": 0
      }
    ]
  },
  {
    "id": 2480,
    "q": "مِنَ الفُروقِ بين الوَقفِ والوَصِيَّةِ",
    "level": 1,
    "link": "https://www.dorar.net/feqhia/5921\n",
    "section": "wagf",
    "answers": [
      {
        "answer": "الوَقفُ يَكونُ للهِ، ويَخرُجُ عن مِلكِ صاحِبِه",
        "t": 0
      },
      {
        "answer": "الوَقفُ حَبْسُ الأصلِ بخِلافِ الوَصيَّةِ",
        "t": 0
      },
      {
        "answer": "جَميعُ ما سَبَق",
        "t": 1
      }
    ]
  },
  {
    "id": 2496,
    "q": "الوَقفُ على جِهةٍ لا تَنقَطِعُ ابتداءً ولا انتِهاءً",
    "level": 1,
    "link": "https://www.dorar.net/feqhia/6090\n",
    "section": "wagf",
    "answers": [
      {
        "answer": "لا يُتَصَوَّر حُدوثُه",
        "t": 0
      },
      {
        "answer": "لا يَصِحُّ",
        "t": 0
      },
      {
        "answer": "يَصِحُّ إجماعًا",
        "t": 1
      }
    ]
  },
  {
    "id": 2494,
    "q": "إذا وَقَف عَلى الذُّرِّيَّةِ",
    "level": 1,
    "link": "https://www.dorar.net/feqhia/6058",
    "section": "wagf",
    "answers": [
      {
        "answer": "دَخَل أولادُ البَناتِ دونَ البَنينَ",
        "t": 0
      },
      {
        "answer": "لم يَدخُلْ غَيرُ أبنائه",
        "t": 0
      },
      {
        "answer": "يَدخلُ أولادُ البَنينَ",
        "t": 1
      }
    ]
  },
  {
    "id": 2492,
    "q": "إذا وَقَف على أولادِه",
    "level": 1,
    "link": "https://www.dorar.net/feqhia/6052\n",
    "section": "wagf",
    "answers": [
      {
        "answer": "دَخَل المَنفِيُّ بلِعانٍ",
        "t": 0
      },
      {
        "answer": "لا يَدخُلُ المَنفيَّ باللِّعانِ",
        "t": 1
      },
      {
        "answer": "يُستحَبُّ إدخالُ المَنفيِّ باللِّعانِ",
        "t": 0
      }
    ]
  },
  {
    "id": 2484,
    "q": "الوَقفُ في المَرَضِ غَيرِ المَخُوفِ",
    "level": 1,
    "link": "https://www.dorar.net/feqhia/6015",
    "section": "wagf",
    "answers": [
      {
        "answer": "يَخرُجُ منَ الثُّلُثِ",
        "t": 0
      },
      {
        "answer": "يَتوقَّفُ على إجازةِ الوَرَثةِ",
        "t": 0
      },
      {
        "answer": "يَصِحُّ",
        "t": 1
      }
    ]
  }
]