[
  {
    "id": 2508,
    "q": "وَقفُ الإنسانِ نَفْسَه؛كأنْ يَقِفَ نَفْسَه لوَجهِ اللهِ تَعالَى في عَمَلٍ منَ الأعمالِ",
    "level": 2,
    "link": "https://www.dorar.net/feqhia/6109",
    "section": "wagf",
    "answers": [
      {
        "answer": "يَجِبُ",
        "t": 0
      },
      {
        "answer": "لا يجوزُ",
        "t": 1
      },
      {
        "answer": "يجوزُ",
        "t": 0
      }
    ]
  },
  {
    "id": 2502,
    "q": "وَقفُ المُفلِسِ بعدَ الحَجرِ عَليهِ",
    "level": 2,
    "link": "https://www.dorar.net/feqhia/5992",
    "section": "wagf",
    "answers": [
      {
        "answer": "يَصِحُّ وَقْفُه",
        "t": 0
      },
      {
        "answer": "يَصِحُّ ويَلزَمُ الوَفاءُ بعدَ فَكِّ الحَجرِ",
        "t": 0
      },
      {
        "answer": "لا يَصِحُّ",
        "t": 1
      }
    ]
  },
  {
    "id": 2514,
    "q": "وَقفُ المُعيَّنِ مَجهولِ القَدرِ والصِّفةِ",
    "level": 2,
    "link": "https://www.dorar.net/feqhia/6112",
    "section": "wagf",
    "answers": [
      {
        "answer": "يَصِحُّ",
        "t": 1
      },
      {
        "answer": "لا يَصِحُّ",
        "t": 0
      },
      {
        "answer": "لا يُتَصَوَّر حُدوثُه",
        "t": 0
      }
    ]
  },
  {
    "id": 2513,
    "q": "إذا أطلَقَ الوَقفَ على العَقِبِ",
    "level": 2,
    "link": "https://www.dorar.net/feqhia/6076",
    "section": "wagf",
    "answers": [
      {
        "answer": "دَخَل أولادُ البَناتِ عَلى الرَّاجِحِ",
        "t": 0
      },
      {
        "answer": "لم يَدخُلْ أولادُ البَناتِ",
        "t": 1
      },
      {
        "answer": "دَخَل أولادُ البَناتِ إجماعًا",
        "t": 0
      }
    ]
  },
  {
    "id": 2503,
    "q": "وَقفُ الكافِرِ",
    "level": 2,
    "link": "https://www.dorar.net/feqhia/5998",
    "section": "wagf",
    "answers": [
      {
        "answer": "يَصِحُّ عَلى الأُمورِ الدُّنيَوِيَّةِ",
        "t": 1
      },
      {
        "answer": "يَصِحُّ مُطلَقًا",
        "t": 0
      },
      {
        "answer": "لا يَصِحُّ مُطلَقًا",
        "t": 0
      }
    ]
  },
  {
    "id": 2517,
    "q": "وَقفُ المَنقولِ",
    "level": 2,
    "link": "https://www.dorar.net/feqhia/6121",
    "section": "wagf",
    "answers": [
      {
        "answer": "لا يَصِحُّ",
        "t": 0
      },
      {
        "answer": "لا مَعنى لوَقفِهَا",
        "t": 0
      },
      {
        "answer": "يَصِحُّ",
        "t": 1
      }
    ]
  },
  {
    "id": 2504,
    "q": "وَقفُ المُكرَهِ",
    "level": 2,
    "link": "https://www.dorar.net/feqhia/6000",
    "section": "wagf",
    "answers": [
      {
        "answer": "يَصِحُّ",
        "t": 0
      },
      {
        "answer": "لا يَصِحُّ",
        "t": 1
      },
      {
        "answer": "يَصِحُّ إذا كان المُكرِهُ رجلًا",
        "t": 0
      }
    ]
  },
  {
    "id": 2515,
    "q": "وَقفُ المُبهَمِ",
    "level": 2,
    "link": "https://www.dorar.net/feqhia/6114",
    "section": "wagf",
    "answers": [
      {
        "answer": "لا يُتَصَوَّر حُدوثُه",
        "t": 0
      },
      {
        "answer": "لا يَصِحُّ",
        "t": 1
      },
      {
        "answer": "يَصِحُّ",
        "t": 0
      }
    ]
  },
  {
    "id": 2511,
    "q": "الوَقفُ على إطعامِ حَيوانٍ",
    "level": 2,
    "link": "https://www.dorar.net/feqhia/6094",
    "section": "wagf",
    "answers": [
      {
        "answer": "لا يَصِحُّ",
        "t": 0
      },
      {
        "answer": "يَصِحُّ",
        "t": 1
      },
      {
        "answer": "لا وَقفَ إلَّا على مَأكُولِ اللَّحمِ فقط",
        "t": 0
      }
    ]
  },
  {
    "id": 2512,
    "q": "الوَقفُ عَلى الذِّمِّيِّ",
    "level": 2,
    "link": "https://www.dorar.net/feqhia/6096",
    "section": "wagf",
    "answers": [
      {
        "answer": "لا يَصِحُّ",
        "t": 0
      },
      {
        "answer": "يَحرُم الوَقفُ عليه",
        "t": 0
      },
      {
        "answer": "يَصِحُّ اتفاقًا",
        "t": 1
      }
    ]
  },
  {
    "id": 2510,
    "q": "الوَقفُ على المَيِّتِ",
    "level": 2,
    "link": "https://www.dorar.net/feqhia/6083",
    "section": "wagf",
    "answers": [
      {
        "answer": "يُكرَهُ",
        "t": 0
      },
      {
        "answer": "لا يجوزُ",
        "t": 1
      },
      {
        "answer": "يجوزُ",
        "t": 0
      }
    ]
  },
  {
    "id": 2498,
    "q": "الوَقفُ على الأهلِ",
    "level": 2,
    "link": "https://www.dorar.net/feqhia/5968",
    "section": "wagf",
    "answers": [
      {
        "answer": "لا يجوزُ",
        "t": 0
      },
      {
        "answer": "يُكرَهُ",
        "t": 0
      },
      {
        "answer": "يجوزُ",
        "t": 1
      }
    ]
  },
  {
    "id": 2507,
    "q": "دُخولُ أولادِ البَنينَ في الوَقفِ عَلَى العَقِبِ",
    "level": 2,
    "link": "https://www.dorar.net/feqhia/6074",
    "section": "wagf",
    "answers": [
      {
        "answer": "لا يَصِحُّ الوَقفُ على العَقِبِ ابتِداءً",
        "t": 0
      },
      {
        "answer": "لا يَدخُلون",
        "t": 0
      },
      {
        "answer": "يَدخُلون بالإجماعِ",
        "t": 1
      }
    ]
  },
  {
    "id": 2500,
    "q": "وَقفُ الصَّبيِّ",
    "level": 2,
    "link": "https://www.dorar.net/feqhia/5978",
    "section": "wagf",
    "answers": [
      {
        "answer": "يجوزُ",
        "t": 0
      },
      {
        "answer": "لا يَصِحُّ",
        "t": 1
      },
      {
        "answer": "يَتوقَّفُ عَلى إجازةِ الوَليِّ",
        "t": 0
      }
    ]
  },
  {
    "id": 2505,
    "q": "وَقفُ الهازِلِ",
    "level": 2,
    "link": "https://www.dorar.net/feqhia/6002",
    "section": "wagf",
    "answers": [
      {
        "answer": "لا يَصِحُّ",
        "t": 1
      },
      {
        "answer": "يَصِحُّ مُعاقبَةً له",
        "t": 0
      },
      {
        "answer": "يَصِحُّ",
        "t": 0
      }
    ]
  },
  {
    "id": 2499,
    "q": "الوَقفُ على جِهةٍ من جِهاتِ البِرِّ",
    "level": 2,
    "link": "https://www.dorar.net/feqhia/5970",
    "section": "wagf",
    "answers": [
      {
        "answer": "يجوزُ",
        "t": 1
      },
      {
        "answer": "لا يجوزُ",
        "t": 0
      },
      {
        "answer": "يُكرَهُ",
        "t": 0
      }
    ]
  },
  {
    "id": 2516,
    "q": "وَقفُ ما في الذِّمَّةِ",
    "level": 2,
    "link": "https://www.dorar.net/feqhia/6116",
    "section": "wagf",
    "answers": [
      {
        "answer": "يَصِحُّ",
        "t": 0
      },
      {
        "answer": "لا يَصِحُّ",
        "t": 1
      },
      {
        "answer": "يُكرَه وَقفُه",
        "t": 0
      }
    ]
  },
  {
    "id": 2506,
    "q": "وَقفُ الإنسانِ عَلى نَفسِه",
    "level": 2,
    "link": "https://www.dorar.net/feqhia/6007",
    "section": "wagf",
    "answers": [
      {
        "answer": "يَصِحُّ",
        "t": 1
      },
      {
        "answer": "لا يَصِحُّ",
        "t": 0
      },
      {
        "answer": "لا مَعنَى له",
        "t": 0
      }
    ]
  },
  {
    "id": 2501,
    "q": "وَقفُ السَّفيهِ",
    "level": 2,
    "link": "https://www.dorar.net/feqhia/5987",
    "section": "wagf",
    "answers": [
      {
        "answer": "يَصِحُّ ويَقِفُ على إجازةِ الوَليِّ",
        "t": 0
      },
      {
        "answer": "لا يَصِحُّ",
        "t": 1
      },
      {
        "answer": "يَصِحُّ",
        "t": 0
      }
    ]
  },
  {
    "id": 2509,
    "q": "إذا وَقَف عَلى قَرابَتِه",
    "level": 2,
    "link": "https://www.dorar.net/feqhia/6078",
    "section": "wagf",
    "answers": [
      {
        "answer": "دَخَل قَرابةُ الأبِ فَقَط",
        "t": 0
      },
      {
        "answer": "دَخَل قَرابةُ الأُمِّ فَقَط",
        "t": 0
      },
      {
        "answer": "دَخَل قَرابةُ الأبَوَينِ",
        "t": 1
      }
    ]
  }
]