[
  {
    "id": 2524,
    "q": "وَقفُ السَّكرانِ المَعذورِ بسُكْرِه",
    "level": 3,
    "link": "https://www.dorar.net/feqhia/5983",
    "section": "wagf",
    "answers": [
      {
        "answer": "يَصِحُّ إذا أجازَه بعدَ زَوالِ سُكْرِه",
        "t": 0
      },
      {
        "answer": "يَصِحُّ وَقفُه",
        "t": 0
      },
      {
        "answer": "لا يَصِحُّ",
        "t": 1
      }
    ]
  },
  {
    "id": 2525,
    "q": "إذا شَرَط الواقِفُ الإدخالَ والإخراجَ والزِّيادةَ والنَّقصَ؛ كأن يَشتَرِطَ أن يُدخِلَ مَن ليس مُستَحِقًّا في الوَقفِ، وأن يُخرِجَ منَ الوَقفَ مَن كان مُستَحِقًّا فيه، وأن يَزيدَ أو يَنقُصَ في استِحقاقِ الوَقفِ في حَقِّ مَن يَراهُ",
    "level": 3,
    "link": "https://www.dorar.net/feqhia/6032",
    "section": "wagf",
    "answers": [
      {
        "answer": "لا يَصِحُّ",
        "t": 0
      },
      {
        "answer": "تَصِحُّ الزِّيادةُ دونَ النَّقصِ",
        "t": 0
      },
      {
        "answer": "صحَّ إذا شَرَط ذلك وَقتَ العَقدِ",
        "t": 1
      }
    ]
  },
  {
    "id": 2534,
    "q": "النُّكولُ عنِ اليَمينِ في الوَقفِ",
    "level": 3,
    "link": "https://www.dorar.net/feqhia/6176",
    "section": "wagf",
    "answers": [
      {
        "answer": "يَثبُتُ به الوَقفُ",
        "t": 1
      },
      {
        "answer": "يُكرَهُ إثباتُ الوَقفِ به",
        "t": 0
      },
      {
        "answer": "لا يَثبُتُ به الوَقفُ",
        "t": 0
      }
    ]
  },
  {
    "id": 2532,
    "q": "الوَقفُ عَلى الجِهةِ العامَّةِ",
    "level": 3,
    "link": "https://www.dorar.net/feqhia/6167",
    "section": "wagf",
    "answers": [
      {
        "answer": "تُكرَهُ فيه الزَّكاةُ",
        "t": 0
      },
      {
        "answer": "لا تَجِبُ الزَّكاةُ",
        "t": 1
      },
      {
        "answer": "يَجِبُ فيه الزَّكاةُ",
        "t": 0
      }
    ]
  },
  {
    "id": 2531,
    "q": "إذا كان الوَقفُ على قَومٍ بأعيُنِهِم",
    "level": 3,
    "link": "https://www.dorar.net/feqhia/6165",
    "section": "wagf",
    "answers": [
      {
        "answer": "فيه الزَّكاةُ مُطلَقًا",
        "t": 0
      },
      {
        "answer": "لا زَكاةَ فيه مُطلَقًا",
        "t": 0
      },
      {
        "answer": "فيه الزَّكاةُ إذا بَلَغ نِصابًا",
        "t": 1
      }
    ]
  },
  {
    "id": 2518,
    "q": "إذا كان الوَقفُ لغَيرِ المُعيَّنِ فإنَّ القَبولَ",
    "level": 3,
    "link": "https://www.dorar.net/feqhia/5944",
    "section": "wagf",
    "answers": [
      {
        "answer": "لا يُشترَطُ عندَ الحَنابِلةِ فَقَط",
        "t": 0
      },
      {
        "answer": "لا يُشتَرطُ بالإجماعِ",
        "t": 1
      },
      {
        "answer": "يُشترَطُ، وهو مَذهَبُ جُمهورِ العُلَماءِ",
        "t": 0
      }
    ]
  },
  {
    "id": 2537,
    "q": "تَنفيذُ النَّاظِرِ عَلى الوَقفِ لشَرطِ الواقِفِ",
    "level": 3,
    "link": "https://www.dorar.net/feqhia/6196",
    "section": "wagf",
    "answers": [
      {
        "answer": "يُستحَبُّ",
        "t": 0
      },
      {
        "answer": "يَجِبُ ما أمكَنَ",
        "t": 1
      },
      {
        "answer": "لا يَجِبُ",
        "t": 0
      }
    ]
  },
  {
    "id": 2527,
    "q": "الرُّجوعُ عنِ الوَقفِ غَيرِ المُعلَّقِ",
    "level": 3,
    "link": "https://www.dorar.net/feqhia/6148",
    "section": "wagf",
    "answers": [
      {
        "answer": "لا يجوزُ اتِّفاقًا",
        "t": 1
      },
      {
        "answer": "يجوزُ بالإجماعِ",
        "t": 0
      },
      {
        "answer": "يُكرَهُ اتفاقًا",
        "t": 0
      }
    ]
  },
  {
    "id": 2529,
    "q": "صَرفُ رِيع الوَقفِ على المَصالِحِ العامَّةِ",
    "level": 3,
    "link": "https://www.dorar.net/feqhia/6155",
    "section": "wagf",
    "answers": [
      {
        "answer": "يجوزُ إنْ لم يَكُنِ الوَقفُ على جِهةٍ مُعيَّنةٍ",
        "t": 1
      },
      {
        "answer": "يجوزُ مُطلَقًا",
        "t": 0
      },
      {
        "answer": "لا يجوزُ",
        "t": 0
      }
    ]
  },
  {
    "id": 2523,
    "q": "تَعليقُ الوَقفِ بالمَوتِ",
    "level": 3,
    "link": "https://www.dorar.net/feqhia/5965",
    "section": "wagf",
    "answers": [
      {
        "answer": "لا يَصِحُّ",
        "t": 0
      },
      {
        "answer": "يَصِحُّ",
        "t": 1
      },
      {
        "answer": "يَكونُ وَقفًا فَورًا",
        "t": 0
      }
    ]
  },
  {
    "id": 2520,
    "q": "وَقفُ الأخرسِ بالإشارةِ",
    "level": 3,
    "link": "https://www.dorar.net/feqhia/5953",
    "section": "wagf",
    "answers": [
      {
        "answer": "يَنعَقِدُ بالإشارةِ المُفهِمةِ",
        "t": 1
      },
      {
        "answer": "يُشترَطُ حُضورُ وَلِيُّه",
        "t": 0
      },
      {
        "answer": "لا يَنعَقِدُ",
        "t": 0
      }
    ]
  },
  {
    "id": 2533,
    "q": "الأنعامُ السَّائمةُ المَوقوفةُ",
    "level": 3,
    "link": "https://www.dorar.net/feqhia/6169",
    "section": "wagf",
    "answers": [
      {
        "answer": "فيها الزَّكاةُ",
        "t": 0
      },
      {
        "answer": "في الإبِلِ الزَّكاةُ وحْدَها",
        "t": 0
      },
      {
        "answer": "لا زَكاةَ فيها",
        "t": 1
      }
    ]
  },
  {
    "id": 2536,
    "q": "تَعيِينُ الصَّبِيِّ ناظِرًا عَلى الوَقفِ",
    "level": 3,
    "link": "https://www.dorar.net/feqhia/6189",
    "section": "wagf",
    "answers": [
      {
        "answer": "يُكرَهُ",
        "t": 0
      },
      {
        "answer": "يجوزُ",
        "t": 0
      },
      {
        "answer": "لا يجوزُ",
        "t": 1
      }
    ]
  },
  {
    "id": 2530,
    "q": "إذا انقَرَض المَوقوفُ عَليهِم",
    "level": 3,
    "link": "https://www.dorar.net/feqhia/6162",
    "section": "wagf",
    "answers": [
      {
        "answer": "بِيعَ وتُصُدِّقَ بثَمَنِه",
        "t": 0
      },
      {
        "answer": "عاد الوَقف إلى مِلكِ الواقِفِ",
        "t": 0
      },
      {
        "answer": "يَنتقِلُ وَقفًا على الفُقَراءِ والمَساكينِ",
        "t": 1
      }
    ]
  },
  {
    "id": 2526,
    "q": "إذا أطلَقَ الوَقفَ عَلى أولادِه فإنَّه",
    "level": 3,
    "link": "https://www.dorar.net/feqhia/6044",
    "section": "wagf",
    "answers": [
      {
        "answer": "يَدخُلُ أولادُ البَنينَ والبَناتِ",
        "t": 0
      },
      {
        "answer": "لا يَدخُلُ أولادُ البَناتِ",
        "t": 1
      },
      {
        "answer": "لا يَدخُلُ منَ الأحفادِ أحَدٌ",
        "t": 0
      }
    ]
  },
  {
    "id": 2535,
    "q": "تَعيِينُ ناظِرٍ عَلى الوَقفِ",
    "level": 3,
    "link": "https://www.dorar.net/feqhia/6182",
    "section": "wagf",
    "answers": [
      {
        "answer": "يَجِبُ",
        "t": 1
      },
      {
        "answer": "مُستحَبٌّ",
        "t": 0
      },
      {
        "answer": "لا يجوزُ",
        "t": 0
      }
    ]
  },
  {
    "id": 2522,
    "q": "الوَقفُ الُمعلَّقُ على شَرطٍ",
    "level": 3,
    "link": "https://www.dorar.net/feqhia/5963",
    "section": "wagf",
    "answers": [
      {
        "answer": "يَنعَقِدُ ولا يُشترَطُ التَّنجيزُ",
        "t": 1
      },
      {
        "answer": "يَنعَقِدُ ويُنجَزُ في الحالِ",
        "t": 0
      },
      {
        "answer": "لا يَنعَقِدُ أبدًا",
        "t": 0
      }
    ]
  },
  {
    "id": 2521,
    "q": "التَّأبيدُ في الوَقفِ",
    "level": 3,
    "link": "https://www.dorar.net/feqhia/5960",
    "section": "wagf",
    "answers": [
      {
        "answer": "اختَلَف العُلَماءُ على قَولَينِ بينَ أنَّه شَرطٌ وغَيرُ شَرطٍ",
        "t": 1
      },
      {
        "answer": "يُشترَطُ إجماعًا",
        "t": 0
      },
      {
        "answer": "لا يُشترَطُ إجماعًا",
        "t": 0
      }
    ]
  },
  {
    "id": 2528,
    "q": "الوَقفُ المُعلَّقُ بالمَوتِ",
    "level": 3,
    "link": "https://www.dorar.net/feqhia/6150",
    "section": "wagf",
    "answers": [
      {
        "answer": "لا يَصِحُّ الرُّجوعُ عنه",
        "t": 0
      },
      {
        "answer": "يَصِحُّ الرُّجوعُ عنه",
        "t": 1
      },
      {
        "answer": "يُكرَهُ الرُّجوعُ عنه",
        "t": 0
      }
    ]
  },
  {
    "id": 2519,
    "q": "الوَقفُ بالألفاظِ الكِنائيَّةِ، كالوَقفِ بلَفظِ الصَّدَقةِ ولَفظِ التَّأبيدِ والتَّحريمِ، إذا نَوَى الوَقفَ، أو وُجِدَت قَرينةٌ تَدُلُّ عَليهِ",
    "level": 3,
    "link": "https://www.dorar.net/feqhia/5951",
    "section": "wagf",
    "answers": [
      {
        "answer": "لا يَصِحُّ مُطلَقًا",
        "t": 0
      },
      {
        "answer": "يَنعَقِدُ بالإجماعِ",
        "t": 0
      },
      {
        "answer": "صَحيحٌ",
        "t": 1
      }
    ]
  }
]